profile_id,email,target_role,archetype,year_of_study,n_skills,core_skills_covered,core_skills_total,core_coverage_pct
bd9c66b3-ad3c-2d6d-1a3d-1fa7bc8960a9,student0001@synthetic.example.com,Data Scientist,strong,2,26,9,9,100.0
72d8567d-894a-05e4-30b1-87ef310c0c00,student0002@synthetic.example.com,Software Developer,average,4,14,7,10,70.0
26286bfb-e767-dcea-b0e6-a969e21342b0,student0003@synthetic.example.com,Web Developer,average,2,15,6,9,66.7
cdda24ba-2d06-e8cf-3805-f9076cd66193,student0004@synthetic.example.com,Software Developer,weak,1,8,5,10,50.0
4094dded-6beb-ac31-d4f8-fd72f3821cfd,student0005@synthetic.example.com,Web Developer,average,3,16,6,9,66.7
92f5df7b-0323-d342-df6a-8f931a432f0a,student0006@synthetic.example.com,Data Analyst,weak,4,14,3,9,33.3
ed7bf656-218a-1536-8c99-a894445dcc38,student0007@synthetic.example.com,Data Scientist,average,3,15,8,9,88.9
4c955f6a-966b-1964-fcd6-bdca5876fd09,student0008@synthetic.example.com,Cloud Engineer,average,4,20,4,10,40.0
ddf275eb-e8a3-f341-c881-9065ba2c98ce,student0009@synthetic.example.com,Web Developer,average,2,14,7,9,77.8
2cfa55b0-6e3f-683a-bf3c-51407f54a511,student0010@synthetic.example.com,Cybersecurity Analyst,weak,4,10,3,10,30.0
f6e39356-a814-9562-da00-3f16b9469bcf,student0011@synthetic.example.com,Software Developer,strong,1,21,10,10,100.0
2ea9c542-a1b9-70d0-7a81-04deb20507bb,student0012@synthetic.example.com,Cybersecurity Analyst,strong,1,24,8,10,80.0
8baaf744-a08d-d21b-e395-4cb17f7f6c0a,student0013@synthetic.example.com,Data Scientist,weak,2,5,3,9,33.3
8255da61-9a3b-0319-32f5-751024eeb4a6,student0014@synthetic.example.com,Data Analyst,weak,3,8,2,9,22.2
585abefb-d181-2f77-6500-1423faebcd19,student0015@synthetic.example.com,Data Analyst,strong,1,22,9,9,100.0
f6ba745b-a558-71e3-bab2-b77dfa740cc8,student0016@synthetic.example.com,Software Developer,average,1,16,10,10,100.0
ea11905b-51fa-cefa-d6f8-9f7ac2fa1da8,student0017@synthetic.example.com,Cloud Engineer,average,4,18,6,10,60.0
72e76b51-6e54-ac6d-2ff8-e87e16591c89,student0018@synthetic.example.com,Cloud Engineer,average,3,15,6,10,60.0
592c1107-2444-d301-baeb-286bf0d0270f,student0019@synthetic.example.com,Software Developer,average,2,7,5,10,50.0
7c0f549d-0274-0f73-f3ab-ea0d5be9fdb3,student0020@synthetic.example.com,Software Developer,average,3,17,9,10,90.0
6576a410-0d41-ee47-2a5f-da18a61f0b96,student0021@synthetic.example.com,Software Developer,average,1,13,7,10,70.0
1e93d127-2cf7-2140-bd9b-c648a8761e85,student0022@synthetic.example.com,Software Developer,average,4,14,6,10,60.0
95af6d0c-c528-5425-c7a9-f33c22d839d3,student0023@synthetic.example.com,Data Analyst,average,2,13,6,9,66.7
b4157cea-0738-8ba4-9770-a3dbe9fa97e2,student0024@synthetic.example.com,Software Developer,average,4,21,7,10,70.0
4c819260-79ec-533c-3c53-090ee1b41171,student0025@synthetic.example.com,Data Analyst,average,4,14,7,9,77.8
02472360-aea4-a441-c47f-a57ef796611f,student0026@synthetic.example.com,Software Developer,average,2,12,8,10,80.0
1689e0b8-c79d-db62-c379-44c1c90394ea,student0027@synthetic.example.com,Software Developer,weak,4,13,6,10,60.0
66995af5-1d24-181c-2ed0-87d457bcad3a,student0028@synthetic.example.com,Cloud Engineer,average,4,25,7,10,70.0
88addab1-d765-4a18-e4d4-66ebbf74531c,student0029@synthetic.example.com,Web Developer,average,1,13,7,9,77.8
c5f833cf-f4ce-8477-f8bc-a9ac2ada62ce,student0030@synthetic.example.com,Cloud Engineer,strong,3,20,10,10,100.0
23ef5561-839e-7623-c1d8-41d32a74b90c,student0031@synthetic.example.com,Data Scientist,weak,4,13,5,9,55.6
c4c7aab4-ca20-508d-7b6c-7129cd638ba8,student0032@synthetic.example.com,Data Analyst,strong,1,21,9,9,100.0
5b249c2a-9e5c-5dcd-d61a-080a3fec0a37,student0033@synthetic.example.com,Data Scientist,weak,4,9,1,9,11.1
ac565da6-5339-1df4-5ae8-6d1848dc1e26,student0034@synthetic.example.com,Web Developer,average,2,18,8,9,88.9
4005353d-d76f-1e65-e54c-87393133839e,student0035@synthetic.example.com,Software Developer,weak,2,10,6,10,60.0
08252b39-1947-ea42-310d-c9d17c413a2a,student0036@synthetic.example.com,Cybersecurity Analyst,strong,3,22,7,10,70.0
fd7b1279-d253-5515-9dc0-a8b55987038a,student0037@synthetic.example.com,Data Analyst,average,3,13,4,9,44.4
eedb0ce5-a7fe-cdcd-2528-b516c521ff2e,student0038@synthetic.example.com,Cloud Engineer,weak,2,10,4,10,40.0
400564b8-1716-03b1-7466-1e6fe1eeb1f1,student0039@synthetic.example.com,Software Developer,average,3,21,9,10,90.0
d7a7e7b1-88c6-2063-a063-03ca600fc79c,student0040@synthetic.example.com,Software Developer,strong,1,19,9,10,90.0
d635212d-92fe-00e8-b63f-a809ee4d0dec,student0041@synthetic.example.com,Web Developer,strong,3,16,8,9,88.9
42ac66dc-904f-0df7-c8f7-2c2dba1ad160,student0042@synthetic.example.com,Data Analyst,strong,1,16,7,9,77.8
11c4194a-70c9-8336-2d8c-c97343c1136c,student0043@synthetic.example.com,Data Analyst,average,3,7,4,9,44.4
f0a9b97f-7557-c28c-85eb-2b3faad53fb8,student0044@synthetic.example.com,Cybersecurity Analyst,strong,1,23,9,10,90.0
38efa3bc-9457-f388-6f2a-ec8a53c9aacb,student0045@synthetic.example.com,Data Analyst,average,4,17,8,9,88.9
c50e5194-49c3-f48b-f881-5f185f34fd6c,student0046@synthetic.example.com,Cloud Engineer,average,4,19,8,10,80.0
6b65450b-5c75-352c-45cd-b96b0d8a16f3,student0047@synthetic.example.com,Software Developer,average,3,20,6,10,60.0
ecdfd364-bdce-7f65-1a0a-7680fa42156e,student0048@synthetic.example.com,Data Scientist,strong,2,26,9,9,100.0
d488edff-dc35-2577-5193-412d6906d118,student0049@synthetic.example.com,Data Analyst,average,2,18,8,9,88.9
2f098f4d-a43f-683a-a431-01e40d565923,student0050@synthetic.example.com,Cybersecurity Analyst,average,3,25,4,10,40.0
a0dbfca2-743c-fb6b-7ad7-c891a8d791b6,student0051@synthetic.example.com,Cybersecurity Analyst,strong,1,19,10,10,100.0
c50c71f4-4d08-f416-160a-3a1330dfc50c,student0052@synthetic.example.com,Data Scientist,average,2,15,8,9,88.9
7107514f-b54a-31ba-4ac8-927eba751921,student0053@synthetic.example.com,Software Developer,strong,4,19,8,10,80.0
fdb37e45-4e0f-89b9-5f18-7c021e245a97,student0054@synthetic.example.com,Software Developer,average,1,16,6,10,60.0
403a423a-990d-dc73-45f7-2e6c7b708f15,student0055@synthetic.example.com,Data Analyst,weak,2,9,3,9,33.3
463a5bb6-c841-b6a8-ba99-1da085e89165,student0056@synthetic.example.com,Software Developer,average,3,12,6,10,60.0
835c3541-6f93-be2a-95a3-40d94fc9663f,student0057@synthetic.example.com,Web Developer,strong,3,19,7,9,77.8
7f5efb6b-cdf4-0137-5e15-433b68b1211a,student0058@synthetic.example.com,Web Developer,average,2,16,9,9,100.0
e115d52b-91b8-ff07-e909-965454323b1c,student0059@synthetic.example.com,Web Developer,weak,2,3,1,9,11.1
294f513f-d770-a46e-4775-d7abd2077bc4,student0060@synthetic.example.com,Web Developer,strong,2,19,8,9,88.9
6c8c5d0e-3eb3-66fd-3291-bc95b8bf9cae,student0061@synthetic.example.com,Software Developer,strong,2,22,9,10,90.0
57d3ec63-e3e1-03bb-ae8e-60755eebc618,student0062@synthetic.example.com,Cloud Engineer,average,3,9,5,10,50.0
16d1d768-1c83-90ba-1672-380e4a7d6fa1,student0063@synthetic.example.com,Cloud Engineer,average,2,20,10,10,100.0
ca41e052-d19e-af98-b6b8-432989fab5cc,student0064@synthetic.example.com,Cybersecurity Analyst,average,3,19,7,10,70.0
f6508852-02bc-e2e0-dfd5-988eceefd2c9,student0065@synthetic.example.com,Web Developer,strong,3,25,8,9,88.9
5d13a906-7dc4-f12b-f2c5-a2da40944f95,student0066@synthetic.example.com,Data Analyst,average,3,22,6,9,66.7
624d3473-60bc-6cbc-1987-e6d09a7171aa,student0067@synthetic.example.com,Software Developer,average,3,16,9,10,90.0
980b82cb-d662-48bf-7a11-4e5612e29c2a,student0068@synthetic.example.com,Cloud Engineer,average,2,14,7,10,70.0
240f92a4-a77a-f8cb-ae74-2530ceb6bfdc,student0069@synthetic.example.com,Cloud Engineer,strong,3,25,10,10,100.0
c3dc5b92-f95c-a96d-85ee-751c6d0473e7,student0070@synthetic.example.com,Cloud Engineer,average,2,11,4,10,40.0
e5dd614c-a70b-ba9c-3d5e-69df2fc2147c,student0071@synthetic.example.com,Data Scientist,weak,3,19,8,9,88.9
d775e809-218d-0520-48cc-32c67636ae1c,student0072@synthetic.example.com,Software Developer,weak,4,12,3,10,30.0
75fa0ebe-e4e3-9c20-043f-1b5f3d958061,student0073@synthetic.example.com,Data Scientist,strong,2,24,9,9,100.0
6c2d1b96-62e0-adf7-a315-5bbbadb231a2,student0074@synthetic.example.com,Data Analyst,strong,2,13,9,9,100.0
907001b6-1ec0-9c35-7503-5829488e5bd8,student0075@synthetic.example.com,Cybersecurity Analyst,average,3,17,8,10,80.0
23a86b61-0f34-4fe1-c3c5-bbb5e355ce16,student0076@synthetic.example.com,Data Scientist,strong,1,20,7,9,77.8
c5767c74-3ffb-9577-ffb1-c19215e5be78,student0077@synthetic.example.com,Software Developer,strong,3,22,9,10,90.0
8e93abd2-b269-eb43-66fe-47b320a0c244,student0078@synthetic.example.com,Web Developer,average,3,16,7,9,77.8
bfdbb10b-b929-1d34-db6e-a0ba842ca512,student0079@synthetic.example.com,Web Developer,strong,3,21,8,9,88.9
156912dd-f9cf-2bd2-a142-0851cf473d72,student0080@synthetic.example.com,Data Analyst,average,2,12,5,9,55.6
965a693e-85b6-9e95-cc00-9f08206faddb,student0081@synthetic.example.com,Software Developer,strong,4,22,8,10,80.0
fe66c4fa-35ed-ff38-9197-107c89b702ed,student0082@synthetic.example.com,Cybersecurity Analyst,strong,4,25,9,10,90.0
6cfad76f-4098-7d5c-5e8a-35cbafb719ba,student0083@synthetic.example.com,Software Developer,average,2,18,10,10,100.0
afd50018-e27f-7dc7-aa0b-46ea1b0b249d,student0084@synthetic.example.com,Data Analyst,average,3,17,9,9,100.0
9b81ce24-2582-bca6-20e8-dae1b1f0ed9b,student0085@synthetic.example.com,Web Developer,average,4,14,8,9,88.9
2ec285a6-d293-23e2-89e1-0a5aafdc8a51,student0086@synthetic.example.com,Data Scientist,strong,3,18,8,9,88.9
9341dd73-a5d8-d541-2e82-2ce612b1d17e,student0087@synthetic.example.com,Web Developer,weak,3,11,3,9,33.3
ddc8ca37-35b7-215e-cd68-cb3998a0db61,student0088@synthetic.example.com,Web Developer,strong,2,22,7,9,77.8
8a73483e-26ec-d1dc-b751-68f6c0485d0b,student0089@synthetic.example.com,Software Developer,average,4,14,8,10,80.0
6610ba20-f0b0-c031-098a-ef7285d3f3ee,student0090@synthetic.example.com,Data Analyst,weak,2,11,5,9,55.6
cbfae8d6-b4ed-4d1d-42f1-287bbf2dcfcb,student0091@synthetic.example.com,Web Developer,average,2,14,4,9,44.4
2c21f1ed-f4a9-85b0-11c3-7e19dbfeed4a,student0092@synthetic.example.com,Data Analyst,strong,2,20,9,9,100.0
48e918f9-65f0-bb99-b1ec-c7c2ee3d114e,student0093@synthetic.example.com,Data Analyst,weak,3,5,3,9,33.3
1ea0dd2d-9123-f2c5-c4c9-39496334fca6,student0094@synthetic.example.com,Data Scientist,strong,3,27,8,9,88.9
ff03f1a9-72ed-257b-435b-66254e7fb47f,student0095@synthetic.example.com,Web Developer,weak,1,11,6,9,66.7
1477b569-6e1a-b11a-d155-0475c172494f,student0096@synthetic.example.com,Software Developer,average,3,8,8,10,80.0
47d0e6ee-c96c-2090-79e7-6f99f8f79639,student0097@synthetic.example.com,Software Developer,weak,3,12,5,10,50.0
b1d06d8a-655f-9c8c-ca2b-a8f5a44e3b1c,student0098@synthetic.example.com,Cybersecurity Analyst,average,1,17,6,10,60.0
7acf41f0-902f-e243-b3ef-baa905c66c4d,student0099@synthetic.example.com,Web Developer,weak,3,11,5,9,55.6
a4d6c76c-a3f5-cc8d-39ce-fff31b3ec681,student0100@synthetic.example.com,Software Developer,average,3,19,8,10,80.0
7a5653b3-4354-67e1-8eaf-b35b5f91b1af,student0101@synthetic.example.com,Web Developer,average,3,21,9,9,100.0
a0cbfeca-6d7e-39bc-fb48-ac140d0de136,student0102@synthetic.example.com,Web Developer,average,3,19,8,9,88.9
df301cb5-c8c5-74fa-c879-4a56a7954d2b,student0103@synthetic.example.com,Web Developer,strong,3,22,8,9,88.9
ea83a56b-fd8c-93df-4151-5f1e9174b136,student0104@synthetic.example.com,Software Developer,weak,3,15,6,10,60.0
428e31ed-da36-967d-9b2d-ceee765bb069,student0105@synthetic.example.com,Cybersecurity Analyst,strong,2,27,10,10,100.0
1d05ddbf-2dd1-0250-f713-a7f8452211a8,student0106@synthetic.example.com,Cloud Engineer,strong,1,19,8,10,80.0
ba8f4592-37ea-3bed-7866-9ba9044ffc73,student0107@synthetic.example.com,Data Scientist,average,3,22,6,9,66.7
90ae41e4-1a6a-d169-1386-5151b0921979,student0108@synthetic.example.com,Web Developer,average,4,23,7,9,77.8
528f2346-1569-0641-07c4-d918b91c6d9d,student0109@synthetic.example.com,Cybersecurity Analyst,weak,2,10,4,10,40.0
666bd0ee-b257-4bf7-2439-680010c69c57,student0110@synthetic.example.com,Web Developer,strong,3,20,9,9,100.0
12d0ff7d-25db-9dbd-817f-8e3b9a1a59cf,student0111@synthetic.example.com,Software Developer,weak,1,7,1,10,10.0
049f32c7-b1a7-d537-b0ec-70747397b987,student0112@synthetic.example.com,Data Analyst,average,4,18,6,9,66.7
bcdbe579-db9b-318b-12ba-cc109b45caa9,student0113@synthetic.example.com,Web Developer,average,3,13,6,9,66.7
c8ce14bb-7dc6-3851-d46a-537bbc0b55fe,student0114@synthetic.example.com,Web Developer,weak,2,10,4,9,44.4
322c519f-7a44-167a-63f7-8edf72948c64,student0115@synthetic.example.com,Software Developer,weak,2,7,1,10,10.0
c81c597a-9ba1-cbe2-879d-19c357e4267e,student0116@synthetic.example.com,Software Developer,weak,2,5,3,10,30.0
d5bccd83-bb85-3c91-9ae5-fbbc0f657cc9,student0117@synthetic.example.com,Cloud Engineer,strong,1,23,9,10,90.0
4d9e6b9f-a3ee-785f-134a-fb2395ce2483,student0118@synthetic.example.com,Cloud Engineer,average,2,13,4,10,40.0
17ac720e-0626-d3be-a9fc-73da5926c059,student0119@synthetic.example.com,Web Developer,weak,1,12,2,9,22.2
ee209e85-7b5a-aea7-fd77-319f240e78ce,student0120@synthetic.example.com,Data Analyst,strong,3,22,9,9,100.0
09b3abbf-8078-5391-9bdd-8ac39c4d8e2c,student0121@synthetic.example.com,Cloud Engineer,strong,3,24,9,10,90.0
28e9209e-2470-5fcc-62cc-a6611a2a69d9,student0122@synthetic.example.com,Data Analyst,strong,3,20,8,9,88.9
eba67102-4b16-d8a8-0c05-75ab2dce3207,student0123@synthetic.example.com,Data Analyst,strong,2,21,9,9,100.0
61275e64-89f5-15e0-8e1a-4d7dd52589b9,student0124@synthetic.example.com,Data Scientist,strong,3,22,8,9,88.9
bbbbdbd1-32d4-8c82-00ef-337708ed3047,student0125@synthetic.example.com,Cybersecurity Analyst,average,4,21,8,10,80.0
e32e3ac4-53fe-40e3-9c6c-3c4e8f5b8149,student0126@synthetic.example.com,Cybersecurity Analyst,average,3,24,7,10,70.0
eea28810-eb7f-b03e-d14c-70b750ac2a6d,student0127@synthetic.example.com,Data Scientist,average,3,14,4,9,44.4
492eb70c-2f03-5a0c-6423-421be61aa316,student0128@synthetic.example.com,Software Developer,strong,1,18,8,10,80.0
a998a3ee-22a1-12b5-3a88-0cecfab8cd39,student0129@synthetic.example.com,Software Developer,average,1,16,7,10,70.0
2b3fde5d-d8b4-d672-2125-52fa3094f256,student0130@synthetic.example.com,Data Analyst,average,4,15,5,9,55.6
cf4180b1-b7e8-b0a4-36a7-581e4f171a4e,student0131@synthetic.example.com,Cloud Engineer,weak,3,9,3,10,30.0
9f57dbfc-60ca-13d1-32b7-b4561f22b194,student0132@synthetic.example.com,Data Scientist,average,4,14,6,9,66.7
a73830e8-1f3d-0200-c5ac-f2754e0d4d6f,student0133@synthetic.example.com,Software Developer,average,2,13,7,10,70.0
23e96b81-004e-0721-0cc8-fa21b601e5b2,student0134@synthetic.example.com,Web Developer,average,2,19,8,9,88.9
dbc4ccdd-5554-5bb9-7622-f59add20525e,student0135@synthetic.example.com,Cybersecurity Analyst,strong,2,21,7,10,70.0
d51878a7-c962-8855-9f4e-f5d61b1a5a06,student0136@synthetic.example.com,Data Scientist,average,3,12,4,9,44.4
6a036e2f-5108-4482-bdb7-7a79990501f8,student0137@synthetic.example.com,Data Analyst,average,2,13,7,9,77.8
eac2e8ad-82d6-21dd-f00a-8b857c501ef8,student0138@synthetic.example.com,Data Analyst,strong,3,23,9,9,100.0
6577aba9-9e65-79a5-92f7-d82a70186dce,student0139@synthetic.example.com,Data Analyst,average,3,17,8,9,88.9
df4b4c19-6faa-039b-98ec-5b6a9c7cf745,student0140@synthetic.example.com,Software Developer,weak,4,16,7,10,70.0
2e795ba5-503e-f9cb-1006-37c7af2c65fa,student0141@synthetic.example.com,Software Developer,average,2,14,9,10,90.0
14f872f6-c67e-0a01-1d34-2563894ff117,student0142@synthetic.example.com,Software Developer,average,4,11,5,10,50.0
d69c15b2-224f-6444-a8f7-5fed0ae700f7,student0143@synthetic.example.com,Software Developer,average,3,17,8,10,80.0
d8ee0d81-a7bb-c32d-115c-a8024310357d,student0144@synthetic.example.com,Software Developer,average,3,21,7,10,70.0
9a49192f-7732-c94b-a6cb-b2871432f972,student0145@synthetic.example.com,Data Analyst,strong,4,16,9,9,100.0
e3ebebd7-1e65-ca50-6f3f-753b3fc12984,student0146@synthetic.example.com,Cybersecurity Analyst,weak,3,18,5,10,50.0
ffc9cf29-7dbd-40f0-1544-59026bfebd17,student0147@synthetic.example.com,Web Developer,strong,3,22,8,9,88.9
00e2f562-bea3-2d34-85c8-363f71926dfe,student0148@synthetic.example.com,Web Developer,strong,3,23,6,9,66.7
242f478f-77f3-cc6c-766b-6138c5ee154f,student0149@synthetic.example.com,Cybersecurity Analyst,weak,3,7,2,10,20.0
be010fe7-6b09-ea42-93e4-d5f733342b79,student0150@synthetic.example.com,Data Scientist,weak,4,12,5,9,55.6
fdc642fe-2872-edca-b362-03ce7646c493,student0151@synthetic.example.com,Software Developer,average,4,9,6,10,60.0
9933a462-c058-ec0f-5555-c133c7b30b41,student0152@synthetic.example.com,Cybersecurity Analyst,strong,4,22,9,10,90.0
02ee09bf-9811-cd8b-2ccd-00e792ca30b9,student0153@synthetic.example.com,Cybersecurity Analyst,strong,2,26,8,10,80.0
c148e224-6340-4548-e078-8722adef8e74,student0154@synthetic.example.com,Cybersecurity Analyst,average,2,15,5,10,50.0
f4246a54-afdc-d2a7-891a-9b5b976343b4,student0155@synthetic.example.com,Data Analyst,average,3,10,7,9,77.8
67f91636-78e5-3c5b-ccc0-49ac2be6cd3f,student0156@synthetic.example.com,Software Developer,average,1,15,9,10,90.0
96865cbe-2781-82d4-d234-fb9da84517ee,student0157@synthetic.example.com,Data Analyst,weak,2,8,1,9,11.1
8b9229d8-c6db-92db-d3c8-da2bfa0d454b,student0158@synthetic.example.com,Cloud Engineer,average,4,16,9,10,90.0
64c6a7c7-61f3-50e5-96ac-48c935816cb4,student0159@synthetic.example.com,Web Developer,strong,4,24,8,9,88.9
172f2203-8388-0cf3-39a2-0ed15452185c,student0160@synthetic.example.com,Data Scientist,weak,3,8,2,9,22.2
52803ae5-e190-3719-31de-f4b23c2c5529,student0161@synthetic.example.com,Web Developer,average,4,19,7,9,77.8
cf40268c-cb3a-6d96-d8d1-aef1a2610257,student0162@synthetic.example.com,Data Scientist,strong,3,22,9,9,100.0
0143a281-4bcd-9c1e-eed6-083478e94555,student0163@synthetic.example.com,Cybersecurity Analyst,average,4,22,9,10,90.0
f2228efb-80a9-891e-9fea-9f54734783b0,student0164@synthetic.example.com,Software Developer,average,4,14,9,10,90.0
a87fce58-ce2e-2e2a-d701-597c2bba1b17,student0165@synthetic.example.com,Software Developer,average,2,20,7,10,70.0
d13a785c-4151-37cd-973e-9598b48a2d14,student0166@synthetic.example.com,Cybersecurity Analyst,average,3,14,7,10,70.0
7b7192b0-afc7-7dad-5fb0-ca70156cd780,student0167@synthetic.example.com,Data Analyst,average,1,15,7,9,77.8
36f51698-cbee-70fb-1de2-ea80f90d3083,student0168@synthetic.example.com,Software Developer,strong,3,26,10,10,100.0
070cdacd-923b-6c06-c5fa-bf97c907460e,student0169@synthetic.example.com,Software Developer,strong,3,27,10,10,100.0
020bf53b-dfbc-2770-61fd-f942424d3469,student0170@synthetic.example.com,Data Analyst,weak,4,9,6,9,66.7
553a0159-9cfe-e5c9-13c3-76ce4d20d60f,student0171@synthetic.example.com,Data Scientist,weak,3,6,1,9,11.1
47c534e3-8314-48cb-053f-349fa2908eda,student0172@synthetic.example.com,Data Analyst,weak,3,12,7,9,77.8
058cbf65-a568-9f3a-0ee1-ec9d00871d18,student0173@synthetic.example.com,Web Developer,average,2,16,8,9,88.9
35d6d4be-e540-967a-5740-73b0fc45400a,student0174@synthetic.example.com,Cybersecurity Analyst,average,1,19,7,10,70.0
8a4e4e3f-b0fb-843c-fa31-346bf041d961,student0175@synthetic.example.com,Data Scientist,average,4,18,6,9,66.7
a5b8a9ec-cfa5-7f25-8f67-ab4697afd8f2,student0176@synthetic.example.com,Cloud Engineer,average,2,14,8,10,80.0
357cc20c-b7bf-a181-9262-d5ac8f7e91de,student0177@synthetic.example.com,Data Analyst,strong,4,22,9,9,100.0
201162af-e5df-8633-dea6-d2a865ebbf76,student0178@synthetic.example.com,Data Analyst,average,3,15,7,9,77.8
22d78c4f-f0bf-6023-0512-765632109614,student0179@synthetic.example.com,Software Developer,strong,3,19,8,10,80.0
aaf76d3b-ce5e-2a7e-2ee4-cbbde7f6dec2,student0180@synthetic.example.com,Cybersecurity Analyst,strong,2,20,10,10,100.0
c72beda0-6f65-f4bd-75e3-f1d0adecfcd3,student0181@synthetic.example.com,Data Analyst,weak,3,16,3,9,33.3
58180fb9-653a-c312-9de8-eab0244ae9f0,student0182@synthetic.example.com,Data Analyst,average,2,23,9,9,100.0
72d980c1-5a36-d3df-d532-94885dd4797b,student0183@synthetic.example.com,Software Developer,strong,2,22,8,10,80.0
3ea16e1d-478e-018e-b170-c9b928478f5d,student0184@synthetic.example.com,Cybersecurity Analyst,average,2,18,8,10,80.0
f3150cf7-8237-7592-8cec-2d0722e96c15,student0185@synthetic.example.com,Software Developer,weak,2,10,3,10,30.0
0d40d7ac-de40-8bbe-8f2d-7a0cdc0501e2,student0186@synthetic.example.com,Web Developer,average,3,15,5,9,55.6
3e81ac75-57e9-687c-436d-a10db8ec06fe,student0187@synthetic.example.com,Data Analyst,average,2,10,5,9,55.6
973d68a5-8d40-5bf9-3695-31db3e5eed9f,student0188@synthetic.example.com,Data Analyst,strong,3,17,9,9,100.0
1928e991-974c-934e-98fe-aa2c2f0b07d6,student0189@synthetic.example.com,Cloud Engineer,average,2,15,6,10,60.0
05e54cf0-9771-ab1d-d7e5-843823576198,student0190@synthetic.example.com,Data Scientist,strong,3,18,9,9,100.0
bc8493da-59d8-ac2f-34e0-2074f495f84d,student0191@synthetic.example.com,Software Developer,average,3,13,5,10,50.0
118aa30f-5ecd-a362-5fe8-b0457bb7e068,student0192@synthetic.example.com,Data Scientist,weak,3,11,5,9,55.6
a7bb41f3-bc6e-8fd5-bddd-a93f36a1b4f7,student0193@synthetic.example.com,Data Scientist,strong,3,26,9,9,100.0
71cea101-3765-3055-97d6-3070b0a4efb5,student0194@synthetic.example.com,Software Developer,average,3,14,7,10,70.0
2c9a7b9a-23fe-1431-00e1-ebaecbbf77ab,student0195@synthetic.example.com,Data Scientist,weak,3,13,5,9,55.6
db40076b-0500-2962-6313-871a582d1e50,student0196@synthetic.example.com,Data Scientist,strong,3,22,8,9,88.9
21b84e48-a96d-e595-93a1-f127c6935901,student0197@synthetic.example.com,Web Developer,weak,2,16,5,9,55.6
9ab734ec-cd54-9bfa-3604-ebe1d7a22491,student0198@synthetic.example.com,Cloud Engineer,weak,2,6,1,10,10.0
c77a0940-b1cc-3f7c-61c7-041e67cfffa0,student0199@synthetic.example.com,Web Developer,average,2,17,4,9,44.4
4f6afb49-6c50-520b-3ae1-7621fc5ac906,student0200@synthetic.example.com,Data Analyst,weak,4,16,8,9,88.9
5a6cb33e-af5f-8913-d13a-962d8706741a,student0201@synthetic.example.com,Cloud Engineer,average,4,14,9,10,90.0
c59dcd53-cb26-6123-cc5f-9dc133c33d8c,student0202@synthetic.example.com,Web Developer,average,1,10,5,9,55.6
ee4100c0-7446-74ec-4381-77ff06461bf3,student0203@synthetic.example.com,Cybersecurity Analyst,average,4,16,3,10,30.0
502dc916-7b00-2e16-a762-329c38cffb0f,student0204@synthetic.example.com,Cybersecurity Analyst,average,3,18,9,10,90.0
148845ca-aab4-01a9-0c43-dbfb01d084a2,student0205@synthetic.example.com,Data Analyst,average,2,18,7,9,77.8
040c370b-26e5-ce42-b027-05d719147e3a,student0206@synthetic.example.com,Web Developer,average,1,13,8,9,88.9
e28f7b29-5d09-e409-f4fd-a0c004b0a4ee,student0207@synthetic.example.com,Data Scientist,average,3,18,9,9,100.0
e6adedf6-d3aa-4c7a-4f3b-4759d7e8b652,student0208@synthetic.example.com,Software Developer,average,2,18,7,10,70.0
425565b6-bbce-e7a3-cce2-91feefca70f5,student0209@synthetic.example.com,Cybersecurity Analyst,weak,3,9,0,10,0.0
1c74ca36-6441-babd-cc98-12357858f301,student0210@synthetic.example.com,Data Analyst,weak,4,11,4,9,44.4
9c01a7de-a617-a28c-c87f-931e60bfa85a,student0211@synthetic.example.com,Cybersecurity Analyst,strong,3,26,8,10,80.0
6c194b23-9961-a398-de3f-7aa43ae5bf22,student0212@synthetic.example.com,Data Scientist,average,2,12,8,9,88.9
55bf0d58-0237-02d6-225e-94fdeeb39169,student0213@synthetic.example.com,Data Analyst,average,4,21,8,9,88.9
50ebda02-ece2-2b67-e94d-11330a9ffb25,student0214@synthetic.example.com,Cloud Engineer,average,3,20,10,10,100.0
15cbf2d9-0f24-e803-34d1-f9ee52b22802,student0215@synthetic.example.com,Data Analyst,average,3,13,6,9,66.7
48d5de25-fdf4-ca04-bce2-358d2b24dedb,student0216@synthetic.example.com,Data Scientist,strong,3,23,7,9,77.8
9803cca7-586a-2ad4-037f-806b05d0512a,student0217@synthetic.example.com,Cybersecurity Analyst,strong,3,36,10,10,100.0
e34f8ce2-fefd-0e2f-e395-1602be138ea5,student0218@synthetic.example.com,Web Developer,weak,4,12,4,9,44.4
7f3e1f92-3dbd-ac3b-2f4a-1dabb5dff070,student0219@synthetic.example.com,Web Developer,average,3,19,7,9,77.8
d72f1825-5bb0-6f00-cc6d-ffe7b859e840,student0220@synthetic.example.com,Web Developer,average,1,12,6,9,66.7
b181ba83-148e-b702-3612-f729ad7f0730,student0221@synthetic.example.com,Web Developer,weak,3,8,4,9,44.4
088befee-1fb4-2240-948b-f0861895f5da,student0222@synthetic.example.com,Web Developer,strong,3,19,8,9,88.9
83fffeb5-3932-59ba-d09e-c24e19b4f0b4,student0223@synthetic.example.com,Cybersecurity Analyst,average,2,19,10,10,100.0
84d473cc-0181-bad1-6c14-cf57cae842d3,student0224@synthetic.example.com,Software Developer,strong,2,23,7,10,70.0
ae505fe7-3263-be85-dbad-b28bcce44ed9,student0225@synthetic.example.com,Cloud Engineer,average,3,13,8,10,80.0
4fd7ecd2-761b-be02-b534-2b645a3f3952,student0226@synthetic.example.com,Software Developer,weak,3,17,7,10,70.0
3c2b836c-bfd6-277e-6388-4e94df7790c3,student0227@synthetic.example.com,Data Analyst,strong,3,20,8,9,88.9
7a95df83-f7dd-b1c3-fc7e-d14060e585ab,student0228@synthetic.example.com,Data Analyst,average,4,10,6,9,66.7
0569f9ac-16ba-ce62-e08b-50b70da9cec1,student0229@synthetic.example.com,Data Scientist,weak,4,7,1,9,11.1
83257551-44d6-eeca-bb12-80a987e9974d,student0230@synthetic.example.com,Web Developer,weak,2,8,3,9,33.3
f984e1f8-ddcb-32bb-255e-41b21e12d794,student0231@synthetic.example.com,Cybersecurity Analyst,average,1,17,6,10,60.0
e579b25e-763b-7b46-6a82-8f3fbcb9e638,student0232@synthetic.example.com,Web Developer,average,2,12,6,9,66.7
d75a213e-5e92-930d-1ba7-a61117c402b1,student0233@synthetic.example.com,Data Analyst,weak,1,8,3,9,33.3
95558207-cb3e-bc4c-cad0-28bc60fc9ea0,student0234@synthetic.example.com,Software Developer,average,2,10,4,10,40.0
8b1dc5fb-0cb6-a762-51cb-0c3f8c1dd40d,student0235@synthetic.example.com,Data Analyst,strong,3,21,9,9,100.0
0864155c-8121-f2ad-8b5c-086b4e062994,student0236@synthetic.example.com,Software Developer,weak,2,15,4,10,40.0
a7579b0d-1136-d893-8e45-720cd0886d20,student0237@synthetic.example.com,Web Developer,strong,3,17,6,9,66.7
b8a1f215-af87-6b6f-46e3-1d26a6a96b78,student0238@synthetic.example.com,Data Analyst,weak,3,12,2,9,22.2
d49d8b27-1f99-ce04-f625-b9702d88cdbf,student0239@synthetic.example.com,Cloud Engineer,average,2,16,6,10,60.0
53b2e9e6-ab03-abc1-e30c-e0d175020611,student0240@synthetic.example.com,Software Developer,weak,2,5,4,10,40.0
a6795213-72e5-f422-0a2a-e8461335bd82,student0241@synthetic.example.com,Data Scientist,weak,4,9,7,9,77.8
55331856-952b-c2ce-5eeb-eaa8e67520c3,student0242@synthetic.example.com,Web Developer,average,3,19,4,9,44.4
5b7aae49-f5c8-e52d-98c7-9f9c3b65c1be,student0243@synthetic.example.com,Cybersecurity Analyst,weak,2,9,4,10,40.0
efdd42c0-484c-6265-4458-ce4151d1fedf,student0244@synthetic.example.com,Data Scientist,average,3,18,6,9,66.7
1a3ade24-7d22-02dc-02f6-ed3e6111fe2d,student0245@synthetic.example.com,Web Developer,weak,3,11,2,9,22.2
766f6149-7f30-d8ac-3538-7491cd654a85,student0246@synthetic.example.com,Software Developer,average,4,17,9,10,90.0
2218fd32-c99c-04f2-bb3d-9dcf318af0c1,student0247@synthetic.example.com,Cloud Engineer,strong,2,23,10,10,100.0
a41f8cd4-752d-cf24-6fcf-21cbefeef98d,student0248@synthetic.example.com,Software Developer,weak,2,11,4,10,40.0
196c9643-6098-844c-f04a-ccdc45b91b52,student0249@synthetic.example.com,Data Scientist,weak,3,6,0,9,0.0
6aedb75b-50ce-7c73-4bf4-96e601cf194a,student0250@synthetic.example.com,Software Developer,weak,2,6,2,10,20.0
22287375-5f1c-a27f-51dd-453a7f86eee9,student0251@synthetic.example.com,Data Analyst,average,1,11,7,9,77.8
f4542ecc-1762-4c6b-89d8-83a3ac70d3f6,student0252@synthetic.example.com,Data Analyst,average,2,16,7,9,77.8
40403ae4-4a44-15cc-445d-1ae3646d826e,student0253@synthetic.example.com,Data Analyst,average,1,15,6,9,66.7
36c8f396-4e90-030f-6dfd-2176ef8aefd8,student0254@synthetic.example.com,Web Developer,average,1,9,5,9,55.6
f60060af-793c-5151-2a67-d5d1b62bb5c7,student0255@synthetic.example.com,Cybersecurity Analyst,average,3,16,6,10,60.0
e9c3e53d-5f6a-731f-1d1d-931c7b2029bd,student0256@synthetic.example.com,Data Analyst,strong,3,21,8,9,88.9
cd4e09b1-7980-9bc7-f372-59aedb19b4bc,student0257@synthetic.example.com,Software Developer,average,2,11,7,10,70.0
b90bcf55-51b0-37db-3b86-57f98ea71162,student0258@synthetic.example.com,Web Developer,average,1,9,2,9,22.2
a5285f17-c3c1-a61a-5fe9-88897eef8777,student0259@synthetic.example.com,Data Analyst,average,2,18,8,9,88.9
89159257-ac32-f8ac-bad1-c44445c8bd55,student0260@synthetic.example.com,Data Scientist,strong,1,20,8,9,88.9
b108fffa-37f0-67e3-a8b4-fd7d3047af91,student0261@synthetic.example.com,Data Scientist,weak,3,15,6,9,66.7
e4ddf2e4-9a43-1344-8f30-dcbbc43a0895,student0262@synthetic.example.com,Software Developer,average,4,21,8,10,80.0
c30d0b0d-2e30-b8bb-2ee6-5b00fd3e1572,student0263@synthetic.example.com,Software Developer,average,1,16,7,10,70.0
a1a0c5de-9501-0ff8-191f-f163d49981fc,student0264@synthetic.example.com,Cybersecurity Analyst,average,3,23,7,10,70.0
6c23d304-2d14-b808-cd01-7fed96fcee8b,student0265@synthetic.example.com,Cybersecurity Analyst,average,4,14,5,10,50.0
3927c2d8-38f3-44d1-1e02-1d0853615570,student0266@synthetic.example.com,Web Developer,average,2,17,6,9,66.7
16b349cf-76c7-de99-2535-4142e8727d9e,student0267@synthetic.example.com,Cybersecurity Analyst,weak,3,9,5,10,50.0
939d5aab-0531-611f-35fd-933c2cc23f40,student0268@synthetic.example.com,Software Developer,average,3,20,10,10,100.0
f70119bd-558b-cc63-2a8f-00c16e1bc522,student0269@synthetic.example.com,Web Developer,strong,4,22,8,9,88.9
c2c72327-4684-8290-0974-f65a76951a0c,student0270@synthetic.example.com,Data Scientist,strong,1,26,9,9,100.0
59a654e1-2865-eeb5-ecba-be49f68800c0,student0271@synthetic.example.com,Web Developer,weak,2,14,4,9,44.4
bc2dc193-fe2e-e930-02d9-b4e670c279c7,student0272@synthetic.example.com,Cybersecurity Analyst,strong,4,20,7,10,70.0
95b4a962-4372-1a34-d6d5-8607c88e4c47,student0273@synthetic.example.com,Web Developer,weak,1,7,3,9,33.3
5a55b4ad-87c8-5686-83d4-4c94794caaec,student0274@synthetic.example.com,Data Scientist,weak,2,9,2,9,22.2
eee5dcee-ddd1-c03d-303a-47dd38c09805,student0275@synthetic.example.com,Web Developer,average,2,17,9,9,100.0
952b3d41-ddf6-6267-40dc-13d01b90eccb,student0276@synthetic.example.com,Software Developer,strong,3,20,9,10,90.0
765aa3f5-82aa-bada-7201-5af70e75e4ab,student0277@synthetic.example.com,Cybersecurity Analyst,strong,4,22,8,10,80.0
37f4a90e-2e6a-de60-0021-fbb4584d35a9,student0278@synthetic.example.com,Cloud Engineer,strong,2,19,10,10,100.0
b9883c81-83f5-eff3-d01d-cc67a4276689,student0279@synthetic.example.com,Data Analyst,average,3,15,7,9,77.8
edca1574-8411-666d-c351-47f7eef3dd4e,student0280@synthetic.example.com,Data Scientist,average,2,19,6,9,66.7
7f70e52d-12d1-f4b9-35f4-27a672a42452,student0281@synthetic.example.com,Software Developer,average,4,16,9,10,90.0
80d97074-8a89-f143-e711-d03866e70e38,student0282@synthetic.example.com,Data Analyst,strong,1,24,8,9,88.9
29f937b5-eecf-9fa5-ac72-2e8ccf3cf4be,student0283@synthetic.example.com,Software Developer,average,4,20,8,10,80.0
2e9f5993-5c8b-fec4-3d16-eecf6ea48d19,student0284@synthetic.example.com,Cloud Engineer,average,4,16,7,10,70.0
87361a9f-c0bd-ac2d-e8d9-d2b446560d3a,student0285@synthetic.example.com,Data Analyst,average,1,17,9,9,100.0
cc8f284b-8096-e30d-64cc-fa7c0dce0dba,student0286@synthetic.example.com,Software Developer,weak,4,16,6,10,60.0
84e8f1d9-f573-3d18-708a-0d5fe0c30f26,student0287@synthetic.example.com,Data Analyst,strong,4,17,8,9,88.9
3e6beee6-7a6a-1f12-ee82-6d16451fcad2,student0288@synthetic.example.com,Web Developer,average,4,18,6,9,66.7
1f23c7d9-3f5c-7a04-b359-c5e92803eb01,student0289@synthetic.example.com,Data Scientist,average,4,18,7,9,77.8
bf0e91a7-ef0d-0a1c-4461-bfe5e80d581b,student0290@synthetic.example.com,Data Analyst,weak,3,6,3,9,33.3
2d09e031-9b7d-905a-57d5-e16c2c710b68,student0291@synthetic.example.com,Web Developer,strong,2,15,8,9,88.9
62305320-89d2-e73e-c9d8-09017f73fa30,student0292@synthetic.example.com,Cloud Engineer,average,2,15,5,10,50.0
50da4a0a-e4e9-4f49-1539-4c100d76a570,student0293@synthetic.example.com,Cybersecurity Analyst,weak,4,6,2,10,20.0
c55a3f6c-fabd-2daa-6a40-c746a86dd879,student0294@synthetic.example.com,Software Developer,weak,2,13,5,10,50.0
09da24a5-a87e-7cdb-d2e4-b8d17daae9db,student0295@synthetic.example.com,Data Scientist,weak,3,1,0,9,0.0
6fe062f1-0124-ac08-a3c4-d06f0d075df7,student0296@synthetic.example.com,Data Scientist,average,4,12,6,9,66.7
82cc32ec-39e3-6972-72b4-f16143e601ec,student0297@synthetic.example.com,Cybersecurity Analyst,average,4,21,7,10,70.0
715fa66c-9ac0-ca40-fe4f-b7e174d2bd8e,student0298@synthetic.example.com,Software Developer,average,3,14,5,10,50.0
22a11b7e-2979-f5cb-7695-d80afe753307,student0299@synthetic.example.com,Data Analyst,strong,3,23,9,9,100.0
f758c794-a08e-c160-3f00-4214a8ab9884,student0300@synthetic.example.com,Data Analyst,weak,3,12,1,9,11.1
a8f637a1-f8dd-1dd4-183b-b56826f5d57d,student0301@synthetic.example.com,Data Scientist,weak,4,7,3,9,33.3
92fa504c-722b-22cb-a5c9-1055f9dc5cb7,student0302@synthetic.example.com,Data Scientist,average,3,24,6,9,66.7
3865ab28-559c-37ae-d545-afe1f365d9d4,student0303@synthetic.example.com,Data Scientist,weak,3,14,3,9,33.3
1e3fdf12-3903-9fb3-cbda-c20c15f68117,student0304@synthetic.example.com,Cloud Engineer,average,2,17,8,10,80.0
46c65b1e-9a1e-0227-67c8-48d97a2f8c41,student0305@synthetic.example.com,Data Scientist,strong,3,21,7,9,77.8
97b608ab-91ff-4231-6eb9-d015ba98b1e8,student0306@synthetic.example.com,Software Developer,average,1,9,7,10,70.0
3d9de9bb-b2cc-35e5-4c0a-be17e4540aa3,student0307@synthetic.example.com,Data Scientist,average,2,22,6,9,66.7
b3dbae46-04f9-8de5-811e-6b6fdfa3c787,student0308@synthetic.example.com,Web Developer,strong,1,31,8,9,88.9
f1508651-e2bd-2c2c-ffad-383bddef33aa,student0309@synthetic.example.com,Data Analyst,average,2,14,6,9,66.7
30f20ae6-4ee5-9dad-3bcb-78f0af6b193f,student0310@synthetic.example.com,Data Scientist,weak,4,14,5,9,55.6
b0c082aa-8f94-d31e-3295-28057a2ed795,student0311@synthetic.example.com,Data Analyst,average,2,14,7,9,77.8
6cfc8b13-8e60-6faa-f9a4-1f65a583aa63,student0312@synthetic.example.com,Web Developer,average,4,14,4,9,44.4
7ed32e7d-aa93-0a20-e816-1deeaf7c02d9,student0313@synthetic.example.com,Data Analyst,average,4,15,6,9,66.7
613073b9-f453-32b5-7bb7-f25674972cb5,student0314@synthetic.example.com,Cloud Engineer,strong,4,24,8,10,80.0
6d23117e-864e-9304-663e-37585ada641f,student0315@synthetic.example.com,Data Analyst,weak,4,7,4,9,44.4
82983987-fc54-9e41-b492-86412c423366,student0316@synthetic.example.com,Software Developer,average,3,14,5,10,50.0
8a1c7082-f899-858b-1456-a9f559e1ebf5,student0317@synthetic.example.com,Web Developer,average,3,8,4,9,44.4
126f89c7-a622-26a8-f86b-f686ae5e8962,student0318@synthetic.example.com,Cybersecurity Analyst,weak,4,14,9,10,90.0
318f8ad1-36c9-28d4-d6e3-828050d9584e,student0319@synthetic.example.com,Data Analyst,strong,4,19,9,9,100.0
5c84944d-176a-3da9-b3b7-77ff1346fbc0,student0320@synthetic.example.com,Web Developer,average,3,19,7,9,77.8
d468af3e-b33e-2801-6c85-dd967cb9531c,student0321@synthetic.example.com,Data Scientist,weak,1,8,3,9,33.3
29065111-a12f-5a8a-7aa3-d450bc7535b1,student0322@synthetic.example.com,Web Developer,strong,3,20,8,9,88.9
8fe77c72-a73f-713f-b1ce-ccba56e6e186,student0323@synthetic.example.com,Data Analyst,weak,3,7,4,9,44.4
4f544959-669e-8598-a868-5f0c2af53075,student0324@synthetic.example.com,Cybersecurity Analyst,average,1,13,8,10,80.0
ed2b002b-4d4f-6a43-edf4-01b5c0a3d4f6,student0325@synthetic.example.com,Data Analyst,strong,3,25,9,9,100.0
ceab8804-7479-9ed4-1a43-54bb06b6c38c,student0326@synthetic.example.com,Data Analyst,average,3,14,7,9,77.8
11a0d06c-6be0-a953-29f3-2051b95a4616,student0327@synthetic.example.com,Cloud Engineer,average,1,15,3,10,30.0
002c495d-a91c-54d2-ef67-68c4dd513387,student0328@synthetic.example.com,Web Developer,average,1,15,7,9,77.8
0f1a616f-12c9-543f-214d-b1a615e9c8ff,student0329@synthetic.example.com,Software Developer,weak,4,12,7,10,70.0
5b1f0368-ccef-0219-2667-e8899f642e9b,student0330@synthetic.example.com,Data Scientist,average,1,16,7,9,77.8
c0684c4e-a2bc-df45-98a2-40202e185055,student0331@synthetic.example.com,Software Developer,strong,2,19,10,10,100.0
0aeb1a39-8840-fc9d-103a-627bf6a0b00e,student0332@synthetic.example.com,Web Developer,weak,2,8,3,9,33.3
54ab75c9-cb2d-065c-6788-8389b60d229a,student0333@synthetic.example.com,Data Analyst,average,3,15,8,9,88.9
a0391831-3fd9-15e3-8531-782472343512,student0334@synthetic.example.com,Data Analyst,average,2,16,7,9,77.8
fb3a5054-a3ca-7384-b2dd-e52405222969,student0335@synthetic.example.com,Software Developer,average,2,11,5,10,50.0
c1aeebca-da38-38bb-c351-999e9222a5de,student0336@synthetic.example.com,Software Developer,average,4,13,9,10,90.0
58128552-fc5a-4951-e8f7-19991ea5c343,student0337@synthetic.example.com,Web Developer,strong,3,20,8,9,88.9
0fc1bcf4-b120-af1d-348b-68b55ad28c2b,student0338@synthetic.example.com,Cybersecurity Analyst,average,4,22,7,10,70.0
c66200a1-5079-d01b-624b-1b882c1e3c98,student0339@synthetic.example.com,Cloud Engineer,average,2,20,7,10,70.0
f99363a7-e393-a76d-1147-9bbb10c329a6,student0340@synthetic.example.com,Web Developer,strong,1,24,8,9,88.9
1eac78b5-5cd1-db00-d625-549318ba34b0,student0341@synthetic.example.com,Software Developer,weak,3,11,7,10,70.0
a905266e-9e31-a4bd-2abd-b1ef087a9725,student0342@synthetic.example.com,Software Developer,weak,2,9,3,10,30.0
037614ae-5d56-24c1-ffaf-473d7c0aae61,student0343@synthetic.example.com,Data Analyst,strong,3,16,8,9,88.9
60d2dfb7-f84d-fbca-1037-c4ccc9ab2d20,student0344@synthetic.example.com,Web Developer,average,3,16,7,9,77.8
6b111b61-baca-678d-3fb1-cbdc527e8543,student0345@synthetic.example.com,Cloud Engineer,average,1,22,8,10,80.0
46d6c31b-a0bc-3c69-b1c9-7a745344f500,student0346@synthetic.example.com,Web Developer,average,4,16,5,9,55.6
c03db6d0-ef6f-28c5-3bd5-3da3a6c2b43a,student0347@synthetic.example.com,Cloud Engineer,weak,4,14,6,10,60.0
db00b586-8ca3-5612-b0fd-219ed2d95a70,student0348@synthetic.example.com,Software Developer,average,3,15,8,10,80.0
65bde179-b04a-d305-4ca5-c01bc6d2d383,student0349@synthetic.example.com,Web Developer,strong,3,20,9,9,100.0
76889e3b-7c00-3344-28fd-a294f82aad36,student0350@synthetic.example.com,Cloud Engineer,weak,2,15,3,10,30.0
da12cb70-3920-50ba-fc09-ce06f2422ab7,student0351@synthetic.example.com,Software Developer,strong,2,14,7,10,70.0
27bed33e-4b32-efbc-8edf-fc0dedaddac5,student0352@synthetic.example.com,Software Developer,strong,3,26,10,10,100.0
0645ddbc-1794-6e05-5e2e-2eff78aa6915,student0353@synthetic.example.com,Cybersecurity Analyst,strong,2,25,5,10,50.0
ebff8efe-e3cb-e5ad-b15a-2ce9ce8a6604,student0354@synthetic.example.com,Web Developer,average,2,17,7,9,77.8
dfbc944b-37da-7a11-d42a-07798f42235a,student0355@synthetic.example.com,Cybersecurity Analyst,strong,2,19,9,10,90.0
7340856b-a21e-a21b-e673-b335d0b27053,student0356@synthetic.example.com,Data Analyst,average,3,15,7,9,77.8
ad65d20a-039e-9816-c000-fae6236959aa,student0357@synthetic.example.com,Data Analyst,strong,2,18,9,9,100.0
9028121e-d512-10fd-4b42-8fafe440c6dd,student0358@synthetic.example.com,Software Developer,strong,2,26,10,10,100.0
d80277cc-83c9-c11c-4895-a81e853807fd,student0359@synthetic.example.com,Software Developer,weak,1,3,2,10,20.0
91c1649f-4a26-15c0-e69f-777e75fce80c,student0360@synthetic.example.com,Software Developer,strong,3,21,8,10,80.0
444ba860-ee9d-ca67-8066-3cfff238bb58,student0361@synthetic.example.com,Data Analyst,weak,3,11,2,9,22.2
4dde1089-e120-3fda-af17-b45a30f07344,student0362@synthetic.example.com,Data Analyst,strong,4,17,7,9,77.8
94d09368-b8c1-3be7-35a3-1f3a01f93506,student0363@synthetic.example.com,Web Developer,average,3,13,6,9,66.7
f1268356-607c-8e3c-066a-b31e85d438ce,student0364@synthetic.example.com,Software Developer,average,2,16,8,10,80.0
6de54bfa-b298-2274-2431-d9962923d53c,student0365@synthetic.example.com,Cloud Engineer,average,2,22,5,10,50.0
18ee7c3e-dbeb-7b46-02b0-ff0b5c5794fa,student0366@synthetic.example.com,Data Scientist,average,2,16,4,9,44.4
40a641cd-5753-f91e-980a-d348a866aa2e,student0367@synthetic.example.com,Cloud Engineer,average,4,19,8,10,80.0
612d6c49-1bf2-f73f-ac55-d30af0d72b10,student0368@synthetic.example.com,Software Developer,average,2,14,9,10,90.0
d2ef9c7e-613d-80c2-a22a-25fd0f2a1e81,student0369@synthetic.example.com,Data Analyst,average,3,16,6,9,66.7
8ba8b1e5-0466-3ecd-1afb-69bee436f13c,student0370@synthetic.example.com,Web Developer,weak,2,6,3,9,33.3
e0fbccfa-2ea1-7568-e125-79e501b05586,student0371@synthetic.example.com,Data Scientist,average,3,17,6,9,66.7
7aacc888-4428-436f-acac-0f363dfca351,student0372@synthetic.example.com,Cybersecurity Analyst,average,2,21,8,10,80.0
2d20f58a-58b5-eaaf-38a0-f99ba42c838b,student0373@synthetic.example.com,Data Analyst,average,2,16,6,9,66.7
d4d7d845-0646-b70a-366b-186f78002531,student0374@synthetic.example.com,Cloud Engineer,average,3,8,5,10,50.0
ffa99231-0055-337e-fee6-a756566d7354,student0375@synthetic.example.com,Data Analyst,average,4,13,6,9,66.7
d8000d71-32e1-cb3a-9d9d-8085da90560b,student0376@synthetic.example.com,Cybersecurity Analyst,weak,3,7,1,10,10.0
2bcf26e5-7611-a3cb-c18b-91ec7f9b574d,student0377@synthetic.example.com,Software Developer,average,3,18,5,10,50.0
ac2dc621-098a-e85b-7d0a-9b788c5b4514,student0378@synthetic.example.com,Data Analyst,average,1,8,5,9,55.6
b71ddd8d-d681-99b3-4743-eaceebc3f609,student0379@synthetic.example.com,Software Developer,average,2,17,8,10,80.0
ef7e38b7-455e-bd5a-ec8b-c81d9c806f55,student0380@synthetic.example.com,Cloud Engineer,average,2,21,8,10,80.0
1fd4a56c-b773-293f-768f-5fc2e235e8a2,student0381@synthetic.example.com,Software Developer,strong,1,19,8,10,80.0
3577f4b0-fd3d-30bc-ce34-df76d1298de6,student0382@synthetic.example.com,Data Analyst,weak,2,13,3,9,33.3
bbe3775d-ba67-ed5a-00ad-1b729ed8fea2,student0383@synthetic.example.com,Software Developer,average,4,22,9,10,90.0
f587dc68-1610-e3d8-39ac-c991e5370d27,student0384@synthetic.example.com,Data Analyst,average,3,20,7,9,77.8
f0d29556-d87d-6475-73e8-689def8f70ac,student0385@synthetic.example.com,Cybersecurity Analyst,weak,3,16,5,10,50.0
51db60b1-f418-70ea-a9e2-3756713b9fea,student0386@synthetic.example.com,Cloud Engineer,average,3,14,6,10,60.0
76fafb9c-1e67-a20b-7710-499e82c4817a,student0387@synthetic.example.com,Data Analyst,strong,4,22,8,9,88.9
6a18801c-1dae-1e4f-5d32-a8f944ac435a,student0388@synthetic.example.com,Web Developer,weak,1,7,4,9,44.4
7c3223f7-c721-8179-857f-72e7ef11ba6c,student0389@synthetic.example.com,Software Developer,average,3,14,7,10,70.0
2d9f19d1-3b66-75af-08b0-ce23ca3536d1,student0390@synthetic.example.com,Cybersecurity Analyst,average,3,17,8,10,80.0
348dd05d-79d2-12f3-1e1a-899c55f725e3,student0391@synthetic.example.com,Data Scientist,average,1,14,6,9,66.7
780dd97b-01d9-8771-1fcc-4f7fbb6998b7,student0392@synthetic.example.com,Cybersecurity Analyst,weak,2,12,5,10,50.0
53c9b548-3946-e9ce-6f80-e85a3bd9474b,student0393@synthetic.example.com,Data Analyst,weak,4,14,6,9,66.7
793403f6-e1fd-be58-5d9e-d614a126e29c,student0394@synthetic.example.com,Web Developer,average,3,16,8,9,88.9
f875bcd0-ae30-72c5-b411-a25794fbb49c,student0395@synthetic.example.com,Cybersecurity Analyst,average,2,21,7,10,70.0
e0813a07-4f0a-c825-ec38-0f2df45a38b4,student0396@synthetic.example.com,Data Scientist,strong,2,21,9,9,100.0
4eedab88-0b46-8e77-a20b-2d6348575b3f,student0397@synthetic.example.com,Software Developer,weak,1,11,2,10,20.0
18b28c2a-6faa-526b-9193-f527799e7ebd,student0398@synthetic.example.com,Web Developer,average,2,16,6,9,66.7
8396ec0c-20b6-694a-1ef6-201d2b87bc13,student0399@synthetic.example.com,Data Analyst,strong,3,19,8,9,88.9
f938cfda-e5e0-80ec-3ed5-b277b77505e6,student0400@synthetic.example.com,Software Developer,average,4,26,10,10,100.0
b0cf91f8-4272-c0a6-3b75-dbac89c9f337,student0401@synthetic.example.com,Data Analyst,weak,2,13,5,9,55.6
5121be73-3126-960b-3324-a1119b9b1dcb,student0402@synthetic.example.com,Software Developer,average,3,19,8,10,80.0
4cfe1c52-8f76-aa72-47e0-f9a885c84135,student0403@synthetic.example.com,Data Analyst,average,3,18,6,9,66.7
5435b8a7-55b0-ef97-7c1f-52af3d1efba5,student0404@synthetic.example.com,Data Analyst,average,2,20,3,9,33.3
96f72674-b702-f553-9792-cb50ad3f527c,student0405@synthetic.example.com,Web Developer,weak,2,9,2,9,22.2
0dec0e1c-2384-e812-a2bb-c3755d45fadf,student0406@synthetic.example.com,Data Scientist,average,3,18,8,9,88.9
f44d058a-b792-04eb-c623-d9d0df8f2b69,student0407@synthetic.example.com,Cloud Engineer,weak,3,7,3,10,30.0
e0566fff-67cc-0ee4-dab7-fdcc26f4c8ac,student0408@synthetic.example.com,Data Analyst,strong,1,20,9,9,100.0
cfae89a2-2f6f-b81a-4502-cff1ff5ea3e5,student0409@synthetic.example.com,Data Analyst,average,2,14,8,9,88.9
fcc9feef-4530-2005-a49b-84765f09f3f3,student0410@synthetic.example.com,Cloud Engineer,average,3,22,7,10,70.0
6f5022f6-8db9-36fb-0204-6c6e12406ad5,student0411@synthetic.example.com,Cybersecurity Analyst,strong,2,24,7,10,70.0
7e8bdab5-bd7a-ff93-37bc-fcdfbea45a9b,student0412@synthetic.example.com,Data Analyst,average,2,13,8,9,88.9
237f54da-4aa5-cdd3-7c5a-a5dd3f8703c5,student0413@synthetic.example.com,Software Developer,weak,2,10,4,10,40.0
e3c3e936-0598-6daa-d6f6-63e735ef7ab1,student0414@synthetic.example.com,Cloud Engineer,strong,2,24,10,10,100.0
a92e1749-ef70-f7e4-2f57-8774cbbcd7ff,student0415@synthetic.example.com,Software Developer,weak,2,11,8,10,80.0
8186339b-409a-05b0-3707-9533e80210a9,student0416@synthetic.example.com,Web Developer,weak,2,7,3,9,33.3
e74dea71-443e-1978-d62a-ceb3c62f733d,student0417@synthetic.example.com,Web Developer,average,3,10,7,9,77.8
3338ec24-9a6a-d6a0-4a8f-fd65aed80127,student0418@synthetic.example.com,Data Scientist,weak,1,8,3,9,33.3
9f42d72e-3893-8b95-6b32-497bdd1ed408,student0419@synthetic.example.com,Web Developer,average,4,18,7,9,77.8
636e8be2-dfde-badd-d91c-8dbf4493af50,student0420@synthetic.example.com,Data Analyst,strong,4,25,9,9,100.0
6b752f1d-e1f1-9b24-5557-bfc91be79ff4,student0421@synthetic.example.com,Software Developer,average,2,18,8,10,80.0
0b3cda99-dbfd-99cb-b1cd-be14c60b447c,student0422@synthetic.example.com,Web Developer,weak,3,10,4,9,44.4
a177bd2b-a258-8ba4-9ead-70d9f0bd4fe4,student0423@synthetic.example.com,Web Developer,average,2,17,7,9,77.8
c081f1f9-acda-a216-85b7-c866c275f20d,student0424@synthetic.example.com,Data Scientist,strong,2,22,9,9,100.0
f2d7703d-cb64-ae4a-bf22-94d516709094,student0425@synthetic.example.com,Data Analyst,strong,2,18,9,9,100.0
8d8c22db-326e-f12d-7459-553acb7c136f,student0426@synthetic.example.com,Cloud Engineer,weak,2,5,4,10,40.0
b25c037b-811b-da57-fd7a-44e1c9c4fd1d,student0427@synthetic.example.com,Cloud Engineer,weak,4,9,5,10,50.0
b24bc220-63bb-3cfa-43e5-fee50a6ca4e7,student0428@synthetic.example.com,Software Developer,weak,3,9,1,10,10.0
65081a22-1667-787e-82b5-abd4a06ebb06,student0429@synthetic.example.com,Software Developer,average,4,19,8,10,80.0
d4f5a257-cec2-bf2a-8931-ad053cdedcbb,student0430@synthetic.example.com,Software Developer,average,4,13,8,10,80.0
f978ecef-1d3b-14e2-26b1-fe1f6d57db19,student0431@synthetic.example.com,Software Developer,weak,3,12,4,10,40.0
dbde6958-995f-3649-ca2b-f6f737cc56c1,student0432@synthetic.example.com,Data Analyst,average,1,13,7,9,77.8
75b24f97-43e7-39bd-1669-8f09855c4d41,student0433@synthetic.example.com,Software Developer,strong,2,17,9,10,90.0
068f63ee-5b78-fc11-16ea-1f38a1004f29,student0434@synthetic.example.com,Data Analyst,strong,1,21,7,9,77.8
ddb12a8c-603e-75db-6a4e-41081fd12667,student0435@synthetic.example.com,Data Analyst,average,4,19,5,9,55.6
32aa37f4-7f25-0ab4-3557-d764e4f02f6e,student0436@synthetic.example.com,Web Developer,weak,3,13,4,9,44.4
29f88f8a-127f-e7aa-8854-bc878a60f14a,student0437@synthetic.example.com,Web Developer,average,1,20,8,9,88.9
a79d5cde-255d-3d4f-5e1f-be50d45a4ac1,student0438@synthetic.example.com,Web Developer,strong,1,21,8,9,88.9
be848a7e-e4b5-3ef2-2b0e-fa58aae569b4,student0439@synthetic.example.com,Cloud Engineer,average,1,19,7,10,70.0
91c45d4f-8e3c-5c30-dc88-06918659b285,student0440@synthetic.example.com,Cloud Engineer,strong,2,34,10,10,100.0
8d93d7e1-688e-3351-fc62-00dee5c31d2e,student0441@synthetic.example.com,Software Developer,strong,3,26,8,10,80.0
4753014d-7882-9cdd-a840-faadaffc4c90,student0442@synthetic.example.com,Software Developer,average,3,15,8,10,80.0
5cfe85a0-c3f0-c264-d210-d2183ba399b3,student0443@synthetic.example.com,Data Analyst,average,4,16,7,9,77.8
1057e631-8d6e-3659-5ca5-ebb81d11724d,student0444@synthetic.example.com,Cloud Engineer,average,2,14,3,10,30.0
a6a92d7d-9899-375a-401d-516e43219ef7,student0445@synthetic.example.com,Data Scientist,average,4,19,1,9,11.1
a23159b4-a885-1759-890f-ee3b5170b79f,student0446@synthetic.example.com,Data Analyst,weak,2,7,2,9,22.2
2b19a62b-6a29-5f03-4feb-d75e4880b8fa,student0447@synthetic.example.com,Cybersecurity Analyst,average,4,18,6,10,60.0
81e2db6e-be49-1a02-58f9-8c93929b98d1,student0448@synthetic.example.com,Software Developer,weak,3,14,5,10,50.0
13f15f09-1b9e-bf85-3a2e-f0d4e6a77db2,student0449@synthetic.example.com,Software Developer,average,3,20,7,10,70.0
36cd3c09-a8a0-da2a-2ab0-53f02d079c6d,student0450@synthetic.example.com,Software Developer,strong,4,21,10,10,100.0
efea8c43-4535-e6f0-5ac6-708e54e0af9b,student0451@synthetic.example.com,Data Analyst,average,3,14,6,9,66.7
18155afa-f9a8-cccc-dd97-582f73e8339c,student0452@synthetic.example.com,Data Scientist,strong,2,23,9,9,100.0
f0654454-0050-b10e-ec9f-dc59f18d23be,student0453@synthetic.example.com,Data Scientist,weak,4,4,3,9,33.3
24172bd1-b1d2-c204-d1b9-452622effaa3,student0454@synthetic.example.com,Cloud Engineer,weak,1,4,2,10,20.0
5bb033d5-cec3-08ac-8980-3c045737d05e,student0455@synthetic.example.com,Web Developer,strong,4,24,9,9,100.0
d6f0269a-8c31-d850-ee4e-8cf15406cfd1,student0456@synthetic.example.com,Data Analyst,average,3,12,6,9,66.7
a5ba2edd-3f9a-2833-d320-d3b2317a3925,student0457@synthetic.example.com,Data Analyst,weak,3,11,3,9,33.3
1573e8d4-eaa6-cf47-8451-84eb2365ece5,student0458@synthetic.example.com,Data Analyst,strong,2,24,7,9,77.8
a238cc38-5e02-4fa4-3ee8-7a9c8ed97435,student0459@synthetic.example.com,Cloud Engineer,weak,1,8,2,10,20.0
c655e8b9-1907-2536-33d3-405192b5b642,student0460@synthetic.example.com,Web Developer,average,4,15,7,9,77.8
6f06ed50-216f-3715-d65c-1a0a0962cc56,student0461@synthetic.example.com,Data Scientist,weak,3,14,5,9,55.6
125e5b84-c53c-cc37-a5a3-f08479bf2c8d,student0462@synthetic.example.com,Web Developer,average,1,9,4,9,44.4
1a0acca5-de5d-a310-2437-3a2c4a02bcde,student0463@synthetic.example.com,Data Analyst,strong,1,16,9,9,100.0
dc9e1eac-fd73-2526-348f-f692139c83e9,student0464@synthetic.example.com,Web Developer,strong,3,28,8,9,88.9
6a51ebdc-d057-ebe6-caa7-eb21aea7de61,student0465@synthetic.example.com,Software Developer,average,1,17,10,10,100.0
e2579733-eb4c-966d-1dce-9759e3d44ecc,student0466@synthetic.example.com,Data Scientist,weak,2,11,2,9,22.2
44ab18b2-ffef-3349-2c61-2bfc06ddb464,student0467@synthetic.example.com,Software Developer,average,2,12,7,10,70.0
cdafbd48-3d6d-194f-d1e9-53c8cc10d7f1,student0468@synthetic.example.com,Web Developer,average,3,12,5,9,55.6
d4c4be39-b6c1-11ad-a2e6-f4142f01bb8e,student0469@synthetic.example.com,Data Analyst,average,1,21,7,9,77.8
cb22dd32-8a36-0253-36f9-31569a199bd0,student0470@synthetic.example.com,Web Developer,average,3,20,9,9,100.0
8871eb52-40f4-aab5-cd10-a024f990d104,student0471@synthetic.example.com,Software Developer,average,2,24,6,10,60.0
4473b5e8-fc4a-b3f7-b1b5-b684338282da,student0472@synthetic.example.com,Data Analyst,weak,3,12,5,9,55.6
e30bcc40-d739-c59a-26e9-404129a261f9,student0473@synthetic.example.com,Data Analyst,average,2,14,5,9,55.6
82ffb3e3-62e9-826e-a9b4-adc17d888e18,student0474@synthetic.example.com,Data Scientist,weak,3,12,4,9,44.4
21235164-0e5d-3732-69b2-d940fa287c6a,student0475@synthetic.example.com,Data Analyst,weak,3,9,3,9,33.3
d3b91cce-b0e6-9247-7c99-af92a14de07d,student0476@synthetic.example.com,Software Developer,average,1,12,7,10,70.0
1146f764-4a94-e9ec-80db-e18dbab5858a,student0477@synthetic.example.com,Web Developer,weak,4,14,4,9,44.4
e57bdbbe-f9af-a2b3-4791-49c83bbc1d28,student0478@synthetic.example.com,Data Scientist,average,2,20,8,9,88.9
eea82cac-7a78-82f1-5814-8e5bd6bd53b9,student0479@synthetic.example.com,Software Developer,strong,3,17,8,10,80.0
a5df723b-12c3-3883-2cf4-1d1a8df957fd,student0480@synthetic.example.com,Software Developer,weak,3,9,5,10,50.0
d11a2e49-ce7a-c563-94d9-9412f03e556a,student0481@synthetic.example.com,Data Scientist,weak,2,9,3,9,33.3
d1bcfb2b-e7f2-bb2c-6baa-9211806147ab,student0482@synthetic.example.com,Web Developer,weak,4,9,4,9,44.4
f46ae51d-276e-89bd-35a5-86c34b3db8e5,student0483@synthetic.example.com,Web Developer,strong,3,15,7,9,77.8
ea7c446c-81eb-e9de-0d62-61f38a333fd3,student0484@synthetic.example.com,Data Scientist,strong,2,18,9,9,100.0
b7629ec7-b190-1758-0c96-4dee0950a6cb,student0485@synthetic.example.com,Web Developer,weak,2,6,1,9,11.1
d81d255f-575d-4934-1d8e-47b859ed7c17,student0486@synthetic.example.com,Web Developer,strong,3,21,8,9,88.9
fbd199c1-306b-fcab-d626-011c821c8311,student0487@synthetic.example.com,Web Developer,strong,3,21,5,9,55.6
e1108410-8e5e-53c4-cf09-9562eda75abc,student0488@synthetic.example.com,Data Analyst,average,2,17,7,9,77.8
0fd5b701-bf93-c05b-b425-5262ea1910fb,student0489@synthetic.example.com,Software Developer,average,2,17,5,10,50.0
de35c890-7dc7-d8fd-a44b-a6e94e8920da,student0490@synthetic.example.com,Software Developer,strong,4,18,10,10,100.0
7f0a42aa-10fc-a127-c630-800bb177c10d,student0491@synthetic.example.com,Cybersecurity Analyst,strong,4,24,9,10,90.0
144217b8-b230-401e-73aa-f29b69bf6d6b,student0492@synthetic.example.com,Cybersecurity Analyst,strong,4,29,8,10,80.0
e206a638-9280-c5dc-9a38-9dc3c5a82469,student0493@synthetic.example.com,Web Developer,strong,1,19,9,9,100.0
7cd62be9-91a9-86a0-9594-e26c752dd548,student0494@synthetic.example.com,Software Developer,weak,3,15,6,10,60.0
55d54b19-802a-c5c4-8e6c-15628a536d73,student0495@synthetic.example.com,Data Analyst,weak,2,10,2,9,22.2
3029266d-5655-94d9-7644-60b2a48c216f,student0496@synthetic.example.com,Cybersecurity Analyst,weak,2,6,1,10,10.0
12736fbc-38b6-4425-a689-d65997028b92,student0497@synthetic.example.com,Web Developer,average,2,13,7,9,77.8
42ed70a1-13a8-573a-33a1-4d7e222e78cf,student0498@synthetic.example.com,Data Analyst,strong,1,20,8,9,88.9
3c5eebbf-3f1c-184d-5e12-cdb2a52cd396,student0499@synthetic.example.com,Cloud Engineer,strong,3,23,10,10,100.0
9e647151-ee14-97d1-0124-051aff7639e1,student0500@synthetic.example.com,Data Analyst,average,4,17,7,9,77.8
b3d6e956-028e-7074-9a87-35073a394e7f,student0501@synthetic.example.com,Software Developer,average,3,19,7,10,70.0
262ffd66-4877-c267-fe32-c2a4769e602d,student0502@synthetic.example.com,Software Developer,average,3,19,9,10,90.0
e0c6043d-ff7d-7ddc-0887-d85b49b6a087,student0503@synthetic.example.com,Cloud Engineer,weak,1,4,3,10,30.0
3791b890-1a9b-5f76-26b2-9f5bf48c7b01,student0504@synthetic.example.com,Data Scientist,average,4,18,8,9,88.9
c19bb370-1cf5-02c7-37ca-0cd67c3f5178,student0505@synthetic.example.com,Software Developer,weak,3,8,4,10,40.0
cf27c16d-684c-6931-9cb3-68a8195ea9a2,student0506@synthetic.example.com,Cybersecurity Analyst,average,3,15,9,10,90.0
b8f63164-3a11-e108-2f8f-c2b9940c92fd,student0507@synthetic.example.com,Software Developer,weak,2,12,6,10,60.0
d4066b0a-7e10-e6c3-8ccc-6c29250c600e,student0508@synthetic.example.com,Cloud Engineer,average,4,11,5,10,50.0
b9acdb3b-ebc2-faba-ff9c-1f21c6dc661c,student0509@synthetic.example.com,Web Developer,average,3,20,9,9,100.0
176198bf-5499-d3f7-6e9a-68cb1c30feb3,student0510@synthetic.example.com,Software Developer,strong,2,28,10,10,100.0
c086d1e3-0765-2e7d-309c-6c39005fc71d,student0511@synthetic.example.com,Software Developer,average,4,15,10,10,100.0
a0b92ef1-57ae-6c2c-3a3d-161f11c60eb9,student0512@synthetic.example.com,Data Analyst,average,3,15,7,9,77.8
b1ff4af5-7b3f-a3e3-e7d9-19399ed19895,student0513@synthetic.example.com,Cloud Engineer,weak,1,9,7,10,70.0
4a9d0dfc-6565-c13f-7a86-f345d510ab14,student0514@synthetic.example.com,Web Developer,average,4,13,6,9,66.7
55bbcc75-836d-d2a9-f909-31a5122bdfde,student0515@synthetic.example.com,Software Developer,weak,3,9,5,10,50.0
9a1ae500-6412-b727-e773-24af41cf0c0c,student0516@synthetic.example.com,Web Developer,average,2,11,5,9,55.6
4d36c425-854a-398e-f24c-ef3d7105792a,student0517@synthetic.example.com,Software Developer,weak,3,10,5,10,50.0
fc123162-a3c7-9ed4-2b12-fbfd447f799a,student0518@synthetic.example.com,Cloud Engineer,strong,1,20,8,10,80.0
b9fe0ce6-f8fb-0223-76cd-2f7d0496d3af,student0519@synthetic.example.com,Data Analyst,strong,3,20,9,9,100.0
85e214af-8075-4690-9d65-eee8a7c6bb8a,student0520@synthetic.example.com,Web Developer,weak,1,7,3,9,33.3
7bc384c9-e09b-53bb-03d1-f50231345a64,student0521@synthetic.example.com,Web Developer,average,1,14,4,9,44.4
b2acc7e1-1bac-7a60-727b-6cfdcd6181a3,student0522@synthetic.example.com,Web Developer,strong,1,17,9,9,100.0
adcd0d09-6a8e-a652-1472-2beca0e1ac92,student0523@synthetic.example.com,Cloud Engineer,average,2,9,6,10,60.0
e93b1616-02f6-6403-797a-7f49a37eea12,student0524@synthetic.example.com,Software Developer,average,2,16,6,10,60.0
8666662c-f979-34bb-fa27-be8c824ac787,student0525@synthetic.example.com,Web Developer,strong,2,23,8,9,88.9
a247c978-6ed6-79ee-4ec2-58912df9b030,student0526@synthetic.example.com,Web Developer,average,1,15,6,9,66.7
21f25478-9154-75ea-f872-431b7ae30f59,student0527@synthetic.example.com,Data Analyst,average,2,11,5,9,55.6
ab15e2ca-11b5-1077-0558-3c07c02eb557,student0528@synthetic.example.com,Cybersecurity Analyst,average,4,17,6,10,60.0
df3432c0-2440-35bf-83db-81b5ad9b87cf,student0529@synthetic.example.com,Web Developer,weak,2,8,2,9,22.2
0edb038a-aa57-0c38-5f81-989b2212f73a,student0530@synthetic.example.com,Cybersecurity Analyst,strong,2,28,10,10,100.0
f3a91ed8-5990-e3a8-010b-063d144f7ff4,student0531@synthetic.example.com,Data Scientist,weak,4,6,2,9,22.2
a5f658fe-7bfe-9da0-10ca-cdc19813613f,student0532@synthetic.example.com,Cybersecurity Analyst,average,4,19,8,10,80.0
cea5c48b-f179-093b-fb00-a4b991eeab03,student0533@synthetic.example.com,Software Developer,average,2,9,6,10,60.0
30bd45a6-661a-4fcc-24a8-b3f9c83445e7,student0534@synthetic.example.com,Data Scientist,weak,2,18,7,9,77.8
500f6e1a-9eb0-fd65-0fba-168797571a88,student0535@synthetic.example.com,Data Analyst,weak,4,12,3,9,33.3
643b115a-1d96-1f99-c6cd-34f8774f7035,student0536@synthetic.example.com,Software Developer,strong,3,19,9,10,90.0
56d553ae-5b7b-3639-3f47-54372656e6dc,student0537@synthetic.example.com,Cybersecurity Analyst,average,4,23,8,10,80.0
135ce2f3-6a1e-4072-ff31-250121fef8cc,student0538@synthetic.example.com,Software Developer,weak,2,10,5,10,50.0
8c5c1e85-d6ac-1d9e-079a-7946e454ff1b,student0539@synthetic.example.com,Cloud Engineer,average,3,19,8,10,80.0
c1d48f39-0d63-f5dc-591b-2c139ed91f80,student0540@synthetic.example.com,Web Developer,average,4,15,7,9,77.8
16158646-6abf-3ba6-8625-9c532e238260,student0541@synthetic.example.com,Data Scientist,strong,2,19,8,9,88.9
9a2a4109-793e-bc22-f671-413d82bf4c7d,student0542@synthetic.example.com,Web Developer,strong,4,20,7,9,77.8
3a884db2-13e4-05a2-b30f-60836bbbefad,student0543@synthetic.example.com,Web Developer,strong,2,26,8,9,88.9
121b0863-810b-dbc7-ce60-e87e2f02f0ce,student0544@synthetic.example.com,Data Scientist,average,4,22,8,9,88.9
aa5c663f-51a3-b799-a241-49d2240c039a,student0545@synthetic.example.com,Web Developer,strong,2,20,8,9,88.9
2812f1d3-7112-728a-7a2d-df287a77898b,student0546@synthetic.example.com,Data Analyst,weak,4,3,1,9,11.1
7d7d38e4-02ce-85f6-a829-85c5d1514c1d,student0547@synthetic.example.com,Web Developer,average,2,13,5,9,55.6
1ba2e6ed-70fa-3d81-5601-533296197b57,student0548@synthetic.example.com,Web Developer,strong,2,18,8,9,88.9
e87e9b38-cb80-49ff-5c5b-0af41af5f124,student0549@synthetic.example.com,Cybersecurity Analyst,average,2,19,8,10,80.0
d3d209b6-437e-9782-1cc8-0525c330545e,student0550@synthetic.example.com,Cybersecurity Analyst,average,4,22,6,10,60.0
69df81a3-2a96-2ee4-5aa8-186e0f31ee25,student0551@synthetic.example.com,Data Analyst,weak,3,12,4,9,44.4
2e6e7c83-7c3f-68af-4fe3-63b60ede6c9e,student0552@synthetic.example.com,Cybersecurity Analyst,weak,1,4,3,10,30.0
b45fd30a-cefa-ebd5-1d76-f785634c73dc,student0553@synthetic.example.com,Web Developer,strong,3,22,8,9,88.9
26e5277f-35b4-ec51-6f20-cd1102535c5c,student0554@synthetic.example.com,Software Developer,weak,3,9,4,10,40.0
1c343a6d-1a06-909b-8ec6-948eb2c10342,student0555@synthetic.example.com,Web Developer,average,4,13,7,9,77.8
842f0d95-804b-0878-833a-809877fad9a9,student0556@synthetic.example.com,Cybersecurity Analyst,average,2,14,9,10,90.0
c489bd45-290b-9cb8-a0c3-e18a3bfaa9a6,student0557@synthetic.example.com,Software Developer,strong,3,21,8,10,80.0
a7941c80-81bf-1201-0e62-4adb407c1362,student0558@synthetic.example.com,Software Developer,weak,4,5,3,10,30.0
751983ce-6310-511d-fd74-d47f92173ce0,student0559@synthetic.example.com,Web Developer,average,4,16,7,9,77.8
576e71d2-397e-15a2-3cb8-368a0ab1062d,student0560@synthetic.example.com,Data Scientist,average,1,15,6,9,66.7
558f16a5-9edc-2e21-66ff-db56a0bee68a,student0561@synthetic.example.com,Software Developer,strong,1,18,9,10,90.0
53dfab2c-8311-745e-e145-b7eb230499d5,student0562@synthetic.example.com,Cybersecurity Analyst,average,3,17,6,10,60.0
aa527317-a41b-6696-c716-8e9f5b8e656a,student0563@synthetic.example.com,Cloud Engineer,weak,1,7,3,10,30.0
faadc30a-a363-5f85-f695-0cda05523e77,student0564@synthetic.example.com,Web Developer,strong,1,20,7,9,77.8
6d40a1ca-1357-c15f-1dc0-bfa65178ea42,student0565@synthetic.example.com,Data Scientist,average,2,17,9,9,100.0
2bcaf37d-7d38-00b0-26dc-16ce99fa55bf,student0566@synthetic.example.com,Web Developer,strong,4,20,9,9,100.0
e2e6d3d5-0473-abb8-5978-ad96091bd5bf,student0567@synthetic.example.com,Data Analyst,average,2,10,5,9,55.6
259497b2-6c01-b5b0-0d97-431717e08858,student0568@synthetic.example.com,Software Developer,weak,2,11,5,10,50.0
219f3cdb-4f69-3f96-3ccb-e498fcf39e9e,student0569@synthetic.example.com,Software Developer,average,3,12,6,10,60.0
0602e5da-bee7-2b8f-5121-5647b9c885a7,student0570@synthetic.example.com,Cloud Engineer,average,4,23,8,10,80.0
de533e1d-5084-6a28-fd20-b90a9bd75374,student0571@synthetic.example.com,Data Analyst,weak,1,8,1,9,11.1
a0879574-596b-ac2c-ccd3-81019ba1437d,student0572@synthetic.example.com,Cybersecurity Analyst,strong,3,25,9,10,90.0
a054e234-1129-3bd6-e609-04681ab9a3c6,student0573@synthetic.example.com,Software Developer,weak,3,9,4,10,40.0
20e64140-39a0-1c54-8841-1f98b875a2dd,student0574@synthetic.example.com,Cybersecurity Analyst,average,2,14,5,10,50.0
6c34547d-80b5-1f14-86d7-d63a700e5adc,student0575@synthetic.example.com,Software Developer,strong,3,19,10,10,100.0
f472ed29-d9ba-ebfb-685f-385551c6757a,student0576@synthetic.example.com,Software Developer,weak,2,7,3,10,30.0
3347a4c7-87aa-f467-a646-5e611239206e,student0577@synthetic.example.com,Data Analyst,weak,3,3,2,9,22.2
30da8320-b3a9-3bdf-7b65-a87705fc4c0d,student0578@synthetic.example.com,Data Analyst,average,3,12,7,9,77.8
5669231f-9063-2782-6a9f-5fe8d704f795,student0579@synthetic.example.com,Web Developer,strong,3,26,8,9,88.9
378f1d8f-062c-47f7-2165-ce3639a67f82,student0580@synthetic.example.com,Data Analyst,strong,3,22,7,9,77.8
bfff5d88-f339-f78e-ea02-f9822bc6a05c,student0581@synthetic.example.com,Data Scientist,average,2,15,8,9,88.9
cec618bb-838a-09c2-1cdd-c0117cf4e47b,student0582@synthetic.example.com,Web Developer,average,3,15,6,9,66.7
04368125-2191-b47d-dbeb-fe2d45e699e6,student0583@synthetic.example.com,Software Developer,average,2,18,10,10,100.0
0def5eff-dcfc-5fa5-2b75-fc53739f85fb,student0584@synthetic.example.com,Software Developer,average,2,20,8,10,80.0
22f97d62-03aa-32ee-dbfb-be63a39b8c2d,student0585@synthetic.example.com,Web Developer,average,4,16,9,9,100.0
bfb63623-73bf-1651-8a28-b2a88024b48d,student0586@synthetic.example.com,Cybersecurity Analyst,strong,3,28,9,10,90.0
cd295aa0-691d-2bf7-f194-5e656806aee7,student0587@synthetic.example.com,Cloud Engineer,strong,2,25,10,10,100.0
c460ec1b-0982-e4c2-5708-450690f7db72,student0588@synthetic.example.com,Cloud Engineer,average,4,16,9,10,90.0
6693349a-f9f5-b978-0440-fda55ee6827b,student0589@synthetic.example.com,Web Developer,weak,3,13,2,9,22.2
b2a1286b-21a3-3368-e9a3-4fe219345506,student0590@synthetic.example.com,Cybersecurity Analyst,average,3,15,7,10,70.0
3605068a-e1ac-ef5b-30af-22602be5f776,student0591@synthetic.example.com,Software Developer,strong,4,23,7,10,70.0
e777226d-6ecf-22de-fae3-bd8309ea15f9,student0592@synthetic.example.com,Data Analyst,strong,4,20,9,9,100.0
394a6fdc-cf5d-464f-2826-f22cbd430431,student0593@synthetic.example.com,Cloud Engineer,weak,2,10,4,10,40.0
620be887-eb4a-8383-a5ea-0fe477d91298,student0594@synthetic.example.com,Web Developer,average,2,16,8,9,88.9
72308fb2-8b00-545c-ad7a-3cff9d51000c,student0595@synthetic.example.com,Software Developer,average,3,12,7,10,70.0
35ebdc29-bdd3-e2d0-8701-af5cf650f4f9,student0596@synthetic.example.com,Data Analyst,average,1,11,6,9,66.7
e78cb171-72f9-6fe7-f828-720d96d7ebbb,student0597@synthetic.example.com,Data Analyst,weak,4,9,3,9,33.3
b3ff26d7-fab6-c543-c6c7-b60f6a050791,student0598@synthetic.example.com,Data Scientist,strong,2,22,7,9,77.8
ea045a96-fbdd-2f2f-c6bb-3b6c5fea4b06,student0599@synthetic.example.com,Web Developer,strong,3,23,9,9,100.0
f2ac78db-e4de-426b-9b05-c13f460ba207,student0600@synthetic.example.com,Web Developer,average,2,13,6,9,66.7
086dd9b1-7946-c90a-7769-7227ae374156,student0601@synthetic.example.com,Cybersecurity Analyst,average,4,15,6,10,60.0
2e77e9d3-25d2-1ff7-96c7-e8ceda150895,student0602@synthetic.example.com,Software Developer,average,3,14,7,10,70.0
fe36258e-e641-d350-b114-920898834138,student0603@synthetic.example.com,Software Developer,strong,2,22,10,10,100.0
0137917d-6fa2-1756-dd1a-62181c0f04de,student0604@synthetic.example.com,Data Analyst,weak,3,9,3,9,33.3
536adab9-6472-c6d1-f9a2-43bfcd25a0b8,student0605@synthetic.example.com,Cybersecurity Analyst,average,2,12,4,10,40.0
11334e76-30bb-1af0-8b9c-4522b3b8fa19,student0606@synthetic.example.com,Cybersecurity Analyst,average,4,16,9,10,90.0
80854c3c-21a1-98d5-5168-901fcfbfab57,student0607@synthetic.example.com,Cloud Engineer,average,2,12,9,10,90.0
21c305ee-3e47-31dc-87ef-9046b7035c2c,student0608@synthetic.example.com,Software Developer,average,1,18,7,10,70.0
5cc85778-f567-265a-f343-73c8f171634b,student0609@synthetic.example.com,Web Developer,strong,1,22,8,9,88.9
68dff91c-4a3a-bf81-7bf9-bfd2dba6eae4,student0610@synthetic.example.com,Data Analyst,strong,1,20,9,9,100.0
e463950b-8c1a-c772-729c-0c96037fec60,student0611@synthetic.example.com,Data Analyst,weak,2,7,4,9,44.4
8765d1b9-741d-31d3-eaf3-e8e521b7c6d3,student0612@synthetic.example.com,Data Scientist,strong,2,25,9,9,100.0
6e27df6f-5b8e-304d-47d9-65b18ba34061,student0613@synthetic.example.com,Cloud Engineer,strong,2,23,10,10,100.0
e7dee68f-08c8-56f0-d7ca-f60d50de35f6,student0614@synthetic.example.com,Data Analyst,weak,4,7,3,9,33.3
55f8dbff-f407-0a19-5c92-70bf82a90425,student0615@synthetic.example.com,Software Developer,average,3,11,5,10,50.0
9f58fe2b-16c0-659e-17eb-1760ba0199ff,student0616@synthetic.example.com,Web Developer,average,4,19,7,9,77.8
a85f1fbb-0e7b-3532-dd16-7b2601a602dc,student0617@synthetic.example.com,Web Developer,weak,4,9,2,9,22.2
6ddd4807-8347-26b4-d784-0a86f2e9984e,student0618@synthetic.example.com,Cloud Engineer,strong,1,24,8,10,80.0
cd308f67-cf92-83d0-62ea-916f13f8b8c2,student0619@synthetic.example.com,Web Developer,average,3,15,8,9,88.9
462d82a1-767b-bcff-1553-fbe70a8c7c51,student0620@synthetic.example.com,Software Developer,average,1,11,5,10,50.0
25633d3c-2128-62ef-c2f1-f9a8b2032d76,student0621@synthetic.example.com,Web Developer,strong,2,20,9,9,100.0
603c22aa-a3cd-5b5c-1ef8-79f7682ddbb6,student0622@synthetic.example.com,Software Developer,average,3,17,9,10,90.0
97a2e84e-873b-78c0-f746-161b6cff0a08,student0623@synthetic.example.com,Software Developer,average,2,18,8,10,80.0
9cf4d316-8879-f465-bcc2-6927f2fbe811,student0624@synthetic.example.com,Cloud Engineer,average,3,21,10,10,100.0
3e26300c-fb8f-4fb6-4b59-08805fd3dd35,student0625@synthetic.example.com,Cybersecurity Analyst,strong,3,21,7,10,70.0
453c12a0-9dcd-a6f8-6da0-5884252a9f21,student0626@synthetic.example.com,Web Developer,average,1,13,8,9,88.9
dccaeb12-f4ff-a528-fa18-23b6792d5e37,student0627@synthetic.example.com,Data Analyst,average,3,16,4,9,44.4
6c96b7bf-87c8-7b2b-acf1-16cc4beafa28,student0628@synthetic.example.com,Cybersecurity Analyst,average,2,18,9,10,90.0
6262d60d-155a-cae7-479b-948869c0eefb,student0629@synthetic.example.com,Cloud Engineer,average,3,15,8,10,80.0
71c365f5-f344-d92c-c9f4-7b08e5700c77,student0630@synthetic.example.com,Web Developer,average,2,15,6,9,66.7
d3455e43-ae36-1876-968a-2ff791e3aecb,student0631@synthetic.example.com,Cloud Engineer,weak,2,8,2,10,20.0
2ecc0a16-baed-2b96-d0a9-b5f03ab638ee,student0632@synthetic.example.com,Software Developer,strong,4,21,8,10,80.0
f477caab-c2e3-794a-dfb6-4946ae9aeae7,student0633@synthetic.example.com,Web Developer,strong,4,26,9,9,100.0
0b23cf65-99e1-16c1-6e25-cad1bb37265e,student0634@synthetic.example.com,Data Analyst,average,2,20,8,9,88.9
561ab473-7ae8-c3fd-5b79-4ff0b88914ed,student0635@synthetic.example.com,Software Developer,average,2,12,5,10,50.0
9f144cad-9b7e-49cc-8f61-eb24590dd8b0,student0636@synthetic.example.com,Data Scientist,average,3,15,6,9,66.7
82c0be26-1667-63d4-a12c-c50c3914e7e6,student0637@synthetic.example.com,Data Analyst,average,2,13,6,9,66.7
bad95605-acd0-bd6e-776e-222fed8d23da,student0638@synthetic.example.com,Data Scientist,weak,2,11,3,9,33.3
5f5c4be1-d22b-a7e9-3cd2-95e927163af4,student0639@synthetic.example.com,Web Developer,weak,2,8,2,9,22.2
248c754a-89ce-5e62-e5e8-b5633848208b,student0640@synthetic.example.com,Software Developer,weak,1,9,4,10,40.0
c7b5b85a-4b38-f3be-f535-63a6e46f4a0c,student0641@synthetic.example.com,Data Analyst,average,4,12,8,9,88.9
bf58166d-ca32-9f61-ac76-998f1d03f2e2,student0642@synthetic.example.com,Cybersecurity Analyst,strong,2,24,10,10,100.0
e79975c7-d76f-ec10-d86a-4a01981b08e3,student0643@synthetic.example.com,Web Developer,average,3,17,8,9,88.9
0a353136-71f9-6d67-1f93-084e84523f77,student0644@synthetic.example.com,Data Analyst,average,3,20,9,9,100.0
7d9cb38c-fc24-d940-df40-600bc33d307b,student0645@synthetic.example.com,Web Developer,average,2,13,6,9,66.7
7093344b-921a-4a79-ac8e-f6ad0045d33c,student0646@synthetic.example.com,Web Developer,average,3,15,7,9,77.8
9e500cee-244a-97db-3539-d9403aec8ce3,student0647@synthetic.example.com,Cloud Engineer,weak,1,7,4,10,40.0
491d8b49-28e7-469c-5e67-40043224b62c,student0648@synthetic.example.com,Software Developer,average,3,17,6,10,60.0
49c9a959-764b-61de-5a27-dc251658568a,student0649@synthetic.example.com,Cybersecurity Analyst,strong,2,21,7,10,70.0
7943ca78-0b96-0df2-65f8-09d1ee44e7f4,student0650@synthetic.example.com,Cloud Engineer,average,2,12,6,10,60.0
00a0ba3f-1506-ee81-5a63-8ef805574208,student0651@synthetic.example.com,Web Developer,average,4,15,6,9,66.7
f3181e5e-213d-c2d9-b7b7-606f91604fc0,student0652@synthetic.example.com,Web Developer,average,3,17,4,9,44.4
85b88aaf-b910-7e29-d26e-802e115001db,student0653@synthetic.example.com,Data Scientist,weak,3,11,5,9,55.6
05d27b2f-7d18-8758-066a-3b294a76232f,student0654@synthetic.example.com,Cybersecurity Analyst,average,1,7,4,10,40.0
121b3d99-7f41-569d-b2d3-7c4beb45ee76,student0655@synthetic.example.com,Cybersecurity Analyst,average,2,12,7,10,70.0
ac84f12d-9e1e-c3b6-7c28-4169d57bfab2,student0656@synthetic.example.com,Data Analyst,average,2,13,7,9,77.8
38f13022-1204-41f3-3560-a66e779f3287,student0657@synthetic.example.com,Data Analyst,average,1,14,6,9,66.7
887abc21-fc0a-7572-d34e-af3979957c80,student0658@synthetic.example.com,Cloud Engineer,weak,3,10,3,10,30.0
6edbbd97-da33-0240-0213-814013f32ed4,student0659@synthetic.example.com,Cloud Engineer,weak,4,15,3,10,30.0
f915d1eb-2a90-d49b-511d-7d364128d57a,student0660@synthetic.example.com,Software Developer,strong,1,18,8,10,80.0
aeaa5a63-c225-a9d3-c696-d6aad3fa0937,student0661@synthetic.example.com,Cloud Engineer,weak,4,7,4,10,40.0
97c35674-c619-0916-2dd2-59d45f978228,student0662@synthetic.example.com,Software Developer,weak,2,17,7,10,70.0
4ab499a7-7358-5bb3-5845-0dcedd933f32,student0663@synthetic.example.com,Cloud Engineer,average,3,12,5,10,50.0
8ee30035-1ada-c53f-7463-2f01d162e1fc,student0664@synthetic.example.com,Software Developer,average,3,19,9,10,90.0
2730de11-658d-676c-4729-128127c3b5c5,student0665@synthetic.example.com,Data Analyst,average,4,20,7,9,77.8
aa2ef600-417c-0ee0-1f06-f7589dbde09a,student0666@synthetic.example.com,Data Scientist,weak,4,9,4,9,44.4
91078584-f4ba-1040-8a9c-e32bec422cca,student0667@synthetic.example.com,Web Developer,strong,3,23,9,9,100.0
3017a771-f4b8-81b1-a40f-a883fe23ec28,student0668@synthetic.example.com,Data Scientist,strong,3,26,8,9,88.9
d08d9c98-3ac6-aa59-38c6-fdff4635dbee,student0669@synthetic.example.com,Data Scientist,average,3,21,8,9,88.9
9d14ae26-393c-f531-f789-79fea4337081,student0670@synthetic.example.com,Data Scientist,strong,2,19,8,9,88.9
6b076a99-a605-a523-79bb-a057b53e1bdf,student0671@synthetic.example.com,Web Developer,strong,4,23,8,9,88.9
9b400b57-2be7-912a-68be-1255a2a88135,student0672@synthetic.example.com,Data Scientist,strong,2,18,9,9,100.0
816e1541-7241-488a-341a-0b90abd58a27,student0673@synthetic.example.com,Data Analyst,average,4,10,6,9,66.7
2c1e7cee-e49a-1ea1-7424-47f400ac31fa,student0674@synthetic.example.com,Web Developer,weak,4,18,8,9,88.9
6db4b218-4254-71ef-3c40-d97e8468dd87,student0675@synthetic.example.com,Software Developer,strong,2,23,10,10,100.0
c8aad53f-75af-c0d0-7381-9da1fee2c459,student0676@synthetic.example.com,Cloud Engineer,average,4,16,7,10,70.0
aa0afb0c-4b37-4d43-5fe8-bd06bf4e6dec,student0677@synthetic.example.com,Software Developer,weak,3,11,2,10,20.0
a0d9afec-8ac8-88d6-5421-9eeaa3867836,student0678@synthetic.example.com,Data Analyst,average,2,12,9,9,100.0
23980d22-dc94-7f94-1c9c-546cb3e65385,student0679@synthetic.example.com,Cybersecurity Analyst,strong,3,25,9,10,90.0
a59f988e-0462-473e-52d2-3224cf58eaed,student0680@synthetic.example.com,Data Analyst,strong,3,21,7,9,77.8
9c811004-9369-075c-36cd-11f7c1faaa3d,student0681@synthetic.example.com,Data Analyst,strong,3,21,9,9,100.0
65bc8144-18ee-c370-3238-6481300f754a,student0682@synthetic.example.com,Cybersecurity Analyst,average,1,17,8,10,80.0
1f5f991f-67d8-b772-eb55-81622b342eb0,student0683@synthetic.example.com,Web Developer,average,2,13,8,9,88.9
33289dc1-0188-1ca3-2b25-49eea1f33fbb,student0684@synthetic.example.com,Software Developer,average,2,16,7,10,70.0
05d438d4-7e7c-52f6-8f3c-8c5ec0c66ae0,student0685@synthetic.example.com,Cloud Engineer,average,3,18,8,10,80.0
ffbda08c-04a0-04c0-0dd6-f9d6360b3519,student0686@synthetic.example.com,Data Analyst,average,4,19,9,9,100.0
c77c9b94-8035-c6de-2fea-2d5ffde66315,student0687@synthetic.example.com,Data Analyst,weak,1,13,5,9,55.6
b48f82c8-ea1b-5cee-43cf-dd44475dd3f7,student0688@synthetic.example.com,Cybersecurity Analyst,strong,4,30,10,10,100.0
eaa09333-dd57-e542-8928-4abc3cc5b7b4,student0689@synthetic.example.com,Software Developer,average,3,21,4,10,40.0
b82bb4ed-fa59-26e7-04a7-d8441877e2b6,student0690@synthetic.example.com,Software Developer,average,3,18,9,10,90.0
eb2966fd-5fdf-0f07-d4a2-55832e665b26,student0691@synthetic.example.com,Web Developer,average,2,20,8,9,88.9
f0386150-e858-d113-bd8a-3614cc935ac9,student0692@synthetic.example.com,Data Scientist,strong,2,22,8,9,88.9
c0e01671-5e2d-8e4e-7774-8ed4de595376,student0693@synthetic.example.com,Cloud Engineer,weak,4,12,6,10,60.0
87a5c076-c39a-5a7e-58ff-f5da65121d17,student0694@synthetic.example.com,Software Developer,weak,1,10,6,10,60.0
a3c5b5e7-0c24-aade-2427-cd4d02dad161,student0695@synthetic.example.com,Cybersecurity Analyst,strong,2,25,9,10,90.0
64035ba9-3095-a1ad-ace0-4011c5934ec8,student0696@synthetic.example.com,Data Scientist,strong,3,19,7,9,77.8
9c569ea6-0fea-bdd9-80fb-dbef391bb90b,student0697@synthetic.example.com,Software Developer,strong,1,22,10,10,100.0
77a3ba7d-cb41-3101-d2d3-c9b40d3d4a52,student0698@synthetic.example.com,Software Developer,strong,1,22,10,10,100.0
9f14b458-36d9-ba01-5ab8-fa77e96a31e7,student0699@synthetic.example.com,Software Developer,strong,3,29,10,10,100.0
cb1e29fb-40a4-a767-3336-911d5b5c81ab,student0700@synthetic.example.com,Web Developer,strong,3,20,8,9,88.9
508be3a9-3675-42e3-8ec9-3f7f623b2af7,student0701@synthetic.example.com,Software Developer,average,2,22,7,10,70.0
b2086ae9-c366-4f66-1b7c-84b62f4dc8f1,student0702@synthetic.example.com,Cloud Engineer,weak,4,10,3,10,30.0
7ae387a3-f39b-ad85-2cc6-50abe81182a3,student0703@synthetic.example.com,Data Scientist,weak,1,9,3,9,33.3
76d6e0e1-18cc-fd7a-568f-55393f5b3cc4,student0704@synthetic.example.com,Cloud Engineer,average,2,18,8,10,80.0
b7db0a34-fe60-646b-f226-87e82f7af694,student0705@synthetic.example.com,Software Developer,average,3,17,8,10,80.0
7a11f4f7-06a8-7cce-89b0-75ed334d4a2a,student0706@synthetic.example.com,Cloud Engineer,weak,1,7,3,10,30.0
d6b0ba12-c78e-e7f5-80f4-325e74a964af,student0707@synthetic.example.com,Data Analyst,weak,1,8,2,9,22.2
9ddadf50-4fca-b5cf-cc4c-35752b86e5c8,student0708@synthetic.example.com,Cybersecurity Analyst,average,2,9,5,10,50.0
a3b3963a-36da-c635-2040-67ab23b66cbf,student0709@synthetic.example.com,Cybersecurity Analyst,average,3,20,7,10,70.0
ea35d605-7771-e791-af33-9e77cd3ed271,student0710@synthetic.example.com,Software Developer,weak,2,10,3,10,30.0
4e526717-e32f-9529-49c3-b773c27443a1,student0711@synthetic.example.com,Data Scientist,weak,3,11,4,9,44.4
754d8f10-5c4d-232b-fb9f-3e49a894cb52,student0712@synthetic.example.com,Data Analyst,strong,3,20,9,9,100.0
2c664630-3466-6cc6-2ddb-5b02697461bb,student0713@synthetic.example.com,Web Developer,weak,4,11,4,9,44.4
a268ec3c-6480-4f64-c6af-dd10635d6150,student0714@synthetic.example.com,Data Analyst,weak,4,9,5,9,55.6
af8740f5-b65b-9591-ff7a-8c56cafead9b,student0715@synthetic.example.com,Data Scientist,weak,4,11,3,9,33.3
35718e8c-4377-3836-bc54-2b4d28f90f8b,student0716@synthetic.example.com,Data Scientist,average,3,13,8,9,88.9
3fa8fc7b-550d-38d8-7350-ddc9ccdb2182,student0717@synthetic.example.com,Web Developer,strong,2,23,9,9,100.0
3d4aa903-8fe0-b79c-9b1d-c9e0bd6eb05d,student0718@synthetic.example.com,Data Scientist,average,2,18,7,9,77.8
507a8e34-a932-4cfb-08e6-db797e814b35,student0719@synthetic.example.com,Software Developer,weak,3,5,4,10,40.0
41f6d658-df9e-d2e5-bc9f-661a6391a3bc,student0720@synthetic.example.com,Software Developer,weak,3,13,5,10,50.0
4147e76f-14e2-cfa9-aa5f-451921225d8b,student0721@synthetic.example.com,Cloud Engineer,average,3,18,8,10,80.0
a963c292-5772-adc2-1dc8-21ba9095fd8e,student0722@synthetic.example.com,Web Developer,strong,2,25,9,9,100.0
6e47857e-80ee-92e0-4610-b68fc8ada30a,student0723@synthetic.example.com,Data Scientist,weak,3,12,3,9,33.3
96ef85d3-2dcc-ed0a-b9d0-b3a918244af2,student0724@synthetic.example.com,Cloud Engineer,average,4,15,7,10,70.0
b882175f-b962-fdcd-4d54-139861651462,student0725@synthetic.example.com,Cybersecurity Analyst,average,4,23,7,10,70.0
2a0e8a44-b98e-e721-eda2-db0dc6068781,student0726@synthetic.example.com,Cybersecurity Analyst,weak,4,14,3,10,30.0
27bd4335-66e8-9b24-f827-c155526f4484,student0727@synthetic.example.com,Web Developer,weak,4,11,4,9,44.4
6d1f056f-c034-41fe-cece-8972e6bee6e9,student0728@synthetic.example.com,Software Developer,strong,3,24,7,10,70.0
0c096bcf-54c6-710e-2926-d07091ddce0b,student0729@synthetic.example.com,Cybersecurity Analyst,weak,3,7,4,10,40.0
b02dbf20-0135-727c-d02e-f2e93985d222,student0730@synthetic.example.com,Cloud Engineer,average,2,18,10,10,100.0
179b66f7-9c0a-375e-25e2-03bee2d59288,student0731@synthetic.example.com,Data Analyst,average,4,14,7,9,77.8
afeadc13-df7f-5efd-efcc-ce24015a1d4d,student0732@synthetic.example.com,Software Developer,average,2,21,8,10,80.0
6502f6cf-252d-9cee-cefb-64009701e3f8,student0733@synthetic.example.com,Data Analyst,strong,3,22,8,9,88.9
c458a4a7-7037-2268-9ef3-794403f17a65,student0734@synthetic.example.com,Data Scientist,strong,3,21,8,9,88.9
9e963b7b-27e2-4232-8c62-9ef7c52aacec,student0735@synthetic.example.com,Data Analyst,strong,2,24,7,9,77.8
4ba728aa-124d-456f-0e85-d962c6ef1b22,student0736@synthetic.example.com,Web Developer,average,2,19,7,9,77.8
0c1cc144-1e94-0ef6-d5b0-91c1615ae449,student0737@synthetic.example.com,Cloud Engineer,average,2,13,6,10,60.0
8f4486e6-7b55-180e-eaf8-8288b1bd6715,student0738@synthetic.example.com,Cybersecurity Analyst,average,4,21,8,10,80.0
756ae468-4004-a53c-da85-30e7cdc3ce4f,student0739@synthetic.example.com,Web Developer,strong,1,16,6,9,66.7
516ceaea-fcd5-aeb0-b347-aab5e8be1541,student0740@synthetic.example.com,Software Developer,average,3,15,6,10,60.0
4e6a4a6c-d911-6e40-a023-f4177e72864b,student0741@synthetic.example.com,Cybersecurity Analyst,weak,4,4,2,10,20.0
c6a92230-a21d-1414-057e-3d76b91d628d,student0742@synthetic.example.com,Web Developer,weak,3,8,4,9,44.4
b0dc75cc-72d2-8140-4f84-f0fcbeeeb14a,student0743@synthetic.example.com,Cloud Engineer,average,3,21,10,10,100.0
848358f5-ac5e-b771-d9c3-8ca60787e205,student0744@synthetic.example.com,Cybersecurity Analyst,strong,3,23,8,10,80.0
34c6ea28-cbe6-8756-0546-0adae6447e08,student0745@synthetic.example.com,Web Developer,strong,3,20,6,9,66.7
f81b56b1-103b-54de-d6b7-a3ecaf6bacfe,student0746@synthetic.example.com,Data Scientist,strong,2,19,8,9,88.9
520fe0b6-f07a-46ef-104f-0bd7563e27a9,student0747@synthetic.example.com,Web Developer,strong,2,18,8,9,88.9
924e59be-d173-cf76-5538-54a42b864a9d,student0748@synthetic.example.com,Web Developer,average,1,11,6,9,66.7
23e76e2c-86ce-04c2-d9da-a288f1bb796f,student0749@synthetic.example.com,Data Analyst,weak,3,5,0,9,0.0
bd2afa7a-bc21-f50b-9b52-b8b959ab65c5,student0750@synthetic.example.com,Software Developer,average,2,17,8,10,80.0
96ecc779-e3e7-ca04-b416-0d9db045b255,student0751@synthetic.example.com,Data Scientist,average,1,10,5,9,55.6
aa46a1ca-8083-d4d2-964e-9b3f9b69f441,student0752@synthetic.example.com,Data Analyst,average,4,13,6,9,66.7
07ccd8a1-a708-e874-cb24-3856d00bc2a4,student0753@synthetic.example.com,Software Developer,average,3,14,7,10,70.0
4bf53781-8c3e-80c6-dc74-4b9f04ccae40,student0754@synthetic.example.com,Software Developer,average,3,18,7,10,70.0
58eea6c6-7560-ffcd-4e91-869e7ab4a539,student0755@synthetic.example.com,Software Developer,weak,1,15,5,10,50.0
704cf7dd-2165-d436-d037-c5e331831b8a,student0756@synthetic.example.com,Software Developer,weak,1,12,5,10,50.0
70ceece5-8e0d-3818-dc4c-8a52ec6eb1d2,student0757@synthetic.example.com,Software Developer,strong,2,25,10,10,100.0
3ab017df-c7bf-33cd-067e-c3a35dcbc789,student0758@synthetic.example.com,Software Developer,strong,4,21,8,10,80.0
6d2fc750-e517-50e4-b1f5-19398f93ac6e,student0759@synthetic.example.com,Cybersecurity Analyst,average,3,16,6,10,60.0
3ffbbd51-b790-3ffb-c6ae-cd8b82b61a75,student0760@synthetic.example.com,Data Scientist,weak,4,13,6,9,66.7
c423e60a-7766-0dca-873c-1a81e6d885f1,student0761@synthetic.example.com,Cybersecurity Analyst,weak,2,14,4,10,40.0
6ce8cb0c-a067-e3b1-0801-6c1eb53538b3,student0762@synthetic.example.com,Cybersecurity Analyst,average,2,18,7,10,70.0
9b66db5e-6adb-0ec1-1037-611f1a3f2a24,student0763@synthetic.example.com,Software Developer,average,4,18,7,10,70.0
eb27abce-4816-049a-db60-7b61c2229e1b,student0764@synthetic.example.com,Data Scientist,weak,2,12,5,9,55.6
03dde6f4-6b66-9e60-d5cc-9cead0d6d13b,student0765@synthetic.example.com,Data Scientist,weak,2,11,3,9,33.3
b14ed751-d344-cbb8-cf24-fefdaf53cd5f,student0766@synthetic.example.com,Web Developer,weak,1,8,3,9,33.3
59ef9939-cd35-fcac-ac84-910910acdcbd,student0767@synthetic.example.com,Cloud Engineer,strong,3,24,8,10,80.0
97eabd22-62c2-b13b-5ed9-64042e89c833,student0768@synthetic.example.com,Web Developer,strong,3,24,9,9,100.0
ce910e14-0fb9-2183-7bef-07dfdfec9d56,student0769@synthetic.example.com,Cloud Engineer,average,4,17,9,10,90.0
fa995466-52ef-a486-a800-1e1a1fdf2181,student0770@synthetic.example.com,Cybersecurity Analyst,strong,2,32,7,10,70.0
af72199c-c124-181b-3799-219ffe778c6e,student0771@synthetic.example.com,Cloud Engineer,average,2,14,7,10,70.0
1d2f1e9b-e924-00fc-6357-6c7d2887914b,student0772@synthetic.example.com,Web Developer,average,3,16,8,9,88.9
1f93cc8e-e472-adf4-df20-902db1f2981c,student0773@synthetic.example.com,Software Developer,weak,2,8,4,10,40.0
8bc69683-e4ac-def0-4fce-7d02bf8f19b5,student0774@synthetic.example.com,Data Analyst,average,3,15,8,9,88.9
03d61afa-17b8-25ea-2658-0d5cde459bca,student0775@synthetic.example.com,Cybersecurity Analyst,average,2,14,8,10,80.0
dc25a1bf-0980-8bf7-90a6-8dc575cfc21e,student0776@synthetic.example.com,Data Analyst,average,1,12,6,9,66.7
583d5784-43ce-3d1a-4303-a6298018de6d,student0777@synthetic.example.com,Web Developer,weak,1,14,5,9,55.6
8cb5c29d-d12f-32cf-2c2a-1af65d3d7ab6,student0778@synthetic.example.com,Web Developer,average,3,15,7,9,77.8
a192296a-dbb1-d2b1-7417-f416747c24ab,student0779@synthetic.example.com,Cybersecurity Analyst,strong,1,24,9,10,90.0
00eaf77f-7a63-70c6-3f5c-a5c5978116cc,student0780@synthetic.example.com,Web Developer,weak,4,10,2,9,22.2
a4bf3b27-f389-3f64-a7c5-9f85e96fdfcd,student0781@synthetic.example.com,Cybersecurity Analyst,average,3,23,6,10,60.0
e97c0fd5-c352-0d86-1386-0e619f0f310e,student0782@synthetic.example.com,Software Developer,weak,1,6,3,10,30.0
09311da0-b517-e5d2-6522-131e20c7ef38,student0783@synthetic.example.com,Data Analyst,weak,1,3,2,9,22.2
10211fd5-f6c7-dc57-a6a9-367de9895177,student0784@synthetic.example.com,Web Developer,average,4,15,7,9,77.8
688336cc-b92f-faa7-d86b-c0c0841cd04b,student0785@synthetic.example.com,Software Developer,weak,1,12,5,10,50.0
52870f3f-dccc-2755-c2ab-54f3d7f75d2b,student0786@synthetic.example.com,Web Developer,average,2,13,6,9,66.7
49455415-6a28-410f-dd79-886b3efa6a2c,student0787@synthetic.example.com,Software Developer,average,3,10,4,10,40.0
6169539d-e495-2f5d-f4be-d14fb33724bb,student0788@synthetic.example.com,Software Developer,average,3,14,7,10,70.0
7dbce307-c6ba-4579-9aaf-1dd1129a1377,student0789@synthetic.example.com,Data Analyst,strong,3,21,7,9,77.8
1c24cb0b-10f8-1bf9-9de0-239a7cac6ffa,student0790@synthetic.example.com,Data Analyst,strong,4,21,7,9,77.8
9e9db05e-bbc4-38cf-b154-f0fa986fc750,student0791@synthetic.example.com,Cloud Engineer,strong,2,27,10,10,100.0
c05f49cf-e11c-7fc3-cf86-eaf63c8f6c54,student0792@synthetic.example.com,Software Developer,weak,3,10,6,10,60.0
12aa99d1-7469-91a9-a2f5-fb785735cb84,student0793@synthetic.example.com,Software Developer,average,3,14,4,10,40.0
c0eda35d-fbbe-fb9b-0eb4-bfa8fe3636be,student0794@synthetic.example.com,Software Developer,strong,1,21,9,10,90.0
e52c8033-e0b4-4dcf-7950-f3558678647d,student0795@synthetic.example.com,Software Developer,average,4,16,7,10,70.0
1a004236-2f04-1839-9651-bf051acfe1d3,student0796@synthetic.example.com,Cybersecurity Analyst,strong,3,24,10,10,100.0
547bac31-fa9b-e342-abf7-4e922308e6e1,student0797@synthetic.example.com,Software Developer,strong,1,24,9,10,90.0
a1159419-65d0-dc10-98c7-ee33187a8a01,student0798@synthetic.example.com,Data Analyst,average,2,17,7,9,77.8
45e5eaaa-751d-ae66-acf1-830f1ba1290d,student0799@synthetic.example.com,Web Developer,weak,2,6,0,9,0.0
10f6082b-6319-57af-bf8b-bd6c3ae392fb,student0800@synthetic.example.com,Web Developer,strong,3,22,9,9,100.0
282de333-c549-6eec-a8ac-5291942c2d45,student0801@synthetic.example.com,Software Developer,strong,4,27,9,10,90.0
ef00c106-4965-14b9-ac87-6a83a15b303b,student0802@synthetic.example.com,Cybersecurity Analyst,average,3,15,7,10,70.0
26a033cb-e933-44cb-f725-4ee676309c79,student0803@synthetic.example.com,Data Analyst,average,3,17,8,9,88.9
c9b75805-a282-7d9c-b7c2-d3282ef83095,student0804@synthetic.example.com,Data Scientist,average,2,19,8,9,88.9
d5ba2bb2-ac58-cda5-85c8-41e801e9e0e5,student0805@synthetic.example.com,Web Developer,average,3,12,7,9,77.8
65828bf4-1ba9-d858-adba-be36e1cdbfe0,student0806@synthetic.example.com,Web Developer,average,1,17,5,9,55.6
6cb2c9e3-34c1-65eb-a0a3-156c5a108982,student0807@synthetic.example.com,Data Scientist,strong,2,19,9,9,100.0
6bd7d2ee-9f37-8631-f389-0ec657a48ae2,student0808@synthetic.example.com,Web Developer,average,4,19,7,9,77.8
ce7ef459-ac00-8c84-1a64-b31c466de662,student0809@synthetic.example.com,Data Analyst,average,1,7,4,9,44.4
5f06735a-0ef5-5c39-e242-4dd13bded9f1,student0810@synthetic.example.com,Data Analyst,weak,2,12,5,9,55.6
29189839-5e15-4b4b-eee4-a46ee520ea2c,student0811@synthetic.example.com,Web Developer,average,1,10,5,9,55.6
9bb387cc-0c45-d271-4463-87b06c200c7a,student0812@synthetic.example.com,Data Analyst,weak,3,7,5,9,55.6
f64a347a-9a0c-4621-2cf9-f2d283ac54f1,student0813@synthetic.example.com,Data Analyst,average,2,20,8,9,88.9
6a406b3f-2322-4047-b1f8-434a61e57785,student0814@synthetic.example.com,Software Developer,weak,2,15,6,10,60.0
f3b61281-b70e-78b6-2086-d22ecbebc8b2,student0815@synthetic.example.com,Cybersecurity Analyst,average,3,19,7,10,70.0
cf2a7a6e-e425-ec75-edc1-ace3a2c1c205,student0816@synthetic.example.com,Data Analyst,weak,1,9,3,9,33.3
0a5bbdfd-f543-3c78-b3c8-cc1c3bc91fc7,student0817@synthetic.example.com,Data Analyst,average,3,12,7,9,77.8
124675f3-274d-0926-8b37-0d3f9d60c02d,student0818@synthetic.example.com,Cloud Engineer,weak,4,6,0,10,0.0
d89d7c07-0672-8dc4-9599-41d6e6758227,student0819@synthetic.example.com,Web Developer,average,2,14,6,9,66.7
cf6c5c29-eabf-0991-d7c3-5316ee496644,student0820@synthetic.example.com,Data Scientist,average,1,17,7,9,77.8
e1a59fa3-6ebc-d331-552e-77791ed22cf9,student0821@synthetic.example.com,Data Scientist,average,4,17,4,9,44.4
dad6c952-ef46-92df-8d65-a6f9f5e7fddb,student0822@synthetic.example.com,Cloud Engineer,strong,1,20,8,10,80.0
b8239090-baea-6b1b-02d8-b9dd3b3879ea,student0823@synthetic.example.com,Web Developer,strong,3,20,9,9,100.0
87f073c7-d526-bbf8-75a9-543982483538,student0824@synthetic.example.com,Software Developer,average,2,9,6,10,60.0
a184a0a9-ede5-9a43-db06-e83e7c27dd37,student0825@synthetic.example.com,Cloud Engineer,strong,4,25,9,10,90.0
44d0b583-7aae-9327-6379-31e0eff25d0b,student0826@synthetic.example.com,Data Analyst,average,3,17,9,9,100.0
9662b3a1-c7c2-97e4-d3a7-a60703c99065,student0827@synthetic.example.com,Software Developer,average,1,12,5,10,50.0
b8d94c3f-2c6f-9214-0edf-7a88a636051b,student0828@synthetic.example.com,Web Developer,strong,2,23,9,9,100.0
60ac0137-99b4-7e09-efa2-7beaa6b08407,student0829@synthetic.example.com,Cloud Engineer,weak,4,12,4,10,40.0
33341697-18e4-4e1d-c409-062e8c3d81b9,student0830@synthetic.example.com,Data Scientist,strong,1,22,8,9,88.9
6b560ff2-6f74-d456-9626-0730259b29ba,student0831@synthetic.example.com,Cybersecurity Analyst,weak,2,7,3,10,30.0
cc5314bf-1063-556b-ea68-3a94bbcabce1,student0832@synthetic.example.com,Web Developer,average,3,19,9,9,100.0
0992253f-bd8f-d52c-5348-0c9151d6ebaa,student0833@synthetic.example.com,Data Scientist,strong,3,25,9,9,100.0
65e86cc3-454b-7356-76bb-8f945ed42695,student0834@synthetic.example.com,Software Developer,weak,3,7,3,10,30.0
8408b703-e492-47f6-d344-b0068cb33a09,student0835@synthetic.example.com,Cloud Engineer,weak,1,7,3,10,30.0
424d5e9d-2b88-4edb-abfe-0d8867960e68,student0836@synthetic.example.com,Data Analyst,average,2,20,5,9,55.6
0f7be6b4-c989-5e4f-6109-d827bb6b9d63,student0837@synthetic.example.com,Data Analyst,strong,2,24,8,9,88.9
dc7ce079-92d1-500d-d4e4-428675351663,student0838@synthetic.example.com,Software Developer,weak,1,8,3,10,30.0
1af51314-42fd-aa7c-57f8-3238270de1f5,student0839@synthetic.example.com,Cloud Engineer,average,3,10,4,10,40.0
e1ce9613-f67c-a26e-505c-8fb517fbc9e8,student0840@synthetic.example.com,Software Developer,average,4,14,6,10,60.0
aa9ef56e-be54-e7ed-51c8-d2ffe7d4f800,student0841@synthetic.example.com,Software Developer,strong,3,21,10,10,100.0
7a1a1786-cc1b-3d86-8085-b76021627936,student0842@synthetic.example.com,Data Analyst,average,3,18,9,9,100.0
9e65a5a4-6096-a1fd-d1c6-a134d389ac49,student0843@synthetic.example.com,Cloud Engineer,average,4,12,7,10,70.0
bf89f442-2759-0b86-411b-f458423028a3,student0844@synthetic.example.com,Software Developer,average,2,8,5,10,50.0
88d4201e-08b4-437c-37a7-2d4c7eac9429,student0845@synthetic.example.com,Data Analyst,weak,4,11,5,9,55.6
ba0143e9-af1e-8bba-8de4-7ea46e4222eb,student0846@synthetic.example.com,Software Developer,average,4,14,8,10,80.0
53e06bbc-543b-7b51-088f-262cf17ea612,student0847@synthetic.example.com,Software Developer,strong,3,22,10,10,100.0
afbfd7ca-cb0f-16a0-4f4f-d4e09721c88a,student0848@synthetic.example.com,Data Scientist,strong,3,16,5,9,55.6
43bd056d-bd32-3b3b-daf3-e424d695e9b3,student0849@synthetic.example.com,Software Developer,average,2,15,8,10,80.0
b20c5edf-2c05-f876-ca0b-28349dbfc73c,student0850@synthetic.example.com,Web Developer,average,1,11,7,9,77.8
db853cab-4e6c-5844-a321-960d478b74af,student0851@synthetic.example.com,Cybersecurity Analyst,weak,3,8,3,10,30.0
8d98cb64-d8f8-b369-c813-52b1a1b28aa2,student0852@synthetic.example.com,Software Developer,strong,2,18,7,10,70.0
f4b8132b-bf99-fa82-e40d-bf309e4d5c70,student0853@synthetic.example.com,Software Developer,weak,3,7,4,10,40.0
38136f05-40de-615a-2cee-10fa07014530,student0854@synthetic.example.com,Data Analyst,weak,3,10,4,9,44.4
8a77bd44-327b-2d1f-4bd6-dfbc3b6509c1,student0855@synthetic.example.com,Data Scientist,average,2,14,6,9,66.7
8de14304-742e-fb99-41c4-df358ece8d67,student0856@synthetic.example.com,Web Developer,average,2,12,6,9,66.7
49a03511-cfe2-4242-b415-3d2d81f1ecca,student0857@synthetic.example.com,Cybersecurity Analyst,weak,1,5,5,10,50.0
4e1ba56c-c71a-1388-3f07-7d047264d86d,student0858@synthetic.example.com,Cybersecurity Analyst,average,1,14,8,10,80.0
1a845fac-8aef-2d86-d64e-27efccaba216,student0859@synthetic.example.com,Data Analyst,average,2,13,6,9,66.7
e96f35c0-70ec-6b2f-dadc-d1dddcd1b568,student0860@synthetic.example.com,Cybersecurity Analyst,strong,4,21,9,10,90.0
004ea259-925e-adab-76fa-589387531c56,student0861@synthetic.example.com,Data Scientist,weak,2,12,6,9,66.7
e78350b6-2ac7-3eed-4039-469e8a712829,student0862@synthetic.example.com,Software Developer,strong,3,22,10,10,100.0
53725961-1ef5-8bf5-cffa-a3e15bb762bb,student0863@synthetic.example.com,Data Analyst,average,2,13,5,9,55.6
c2ccbac6-eed2-2053-9369-e7f513a545b6,student0864@synthetic.example.com,Cybersecurity Analyst,strong,4,26,10,10,100.0
8e793aff-49bd-78c3-6f29-912f3820f1ee,student0865@synthetic.example.com,Cybersecurity Analyst,strong,3,18,6,10,60.0
fbb94233-aa5a-71da-ece7-a82fec156a7f,student0866@synthetic.example.com,Cybersecurity Analyst,strong,2,24,10,10,100.0
13c1513e-0013-987d-1093-9753936a63ef,student0867@synthetic.example.com,Web Developer,average,4,16,7,9,77.8
5fbd8a1b-f7a3-017e-93ea-4ffc8a986b03,student0868@synthetic.example.com,Web Developer,average,4,16,6,9,66.7
37a6b6cd-25ee-8675-d94b-b981000554dd,student0869@synthetic.example.com,Software Developer,strong,3,26,10,10,100.0
664cafc8-20ac-4eb8-b03e-701040217f36,student0870@synthetic.example.com,Web Developer,average,3,22,7,9,77.8
2f89aef2-d77d-b0b8-859e-c949906e8b25,student0871@synthetic.example.com,Web Developer,weak,3,16,5,9,55.6
ba29e98d-e1bf-2c7f-2dc5-90c119b4a498,student0872@synthetic.example.com,Cybersecurity Analyst,average,3,23,8,10,80.0
ee3338fd-d9cb-bf11-03b3-60a4163c15ae,student0873@synthetic.example.com,Software Developer,average,4,19,7,10,70.0
4d3b7372-dd25-b9c2-7401-b8b2fc1bbdbb,student0874@synthetic.example.com,Software Developer,strong,3,22,9,10,90.0
46730ab9-6626-5ec1-1858-572f4dcb0a20,student0875@synthetic.example.com,Data Analyst,strong,3,19,9,9,100.0
e5e76dad-ce52-5868-dee5-c6ba5eb36e65,student0876@synthetic.example.com,Software Developer,strong,4,27,10,10,100.0
ce1e48a2-ddb8-1b9a-63a6-6fd38b1de948,student0877@synthetic.example.com,Software Developer,strong,2,16,7,10,70.0
5e7b4ed1-7ff8-0c5e-255d-eb4670b94a64,student0878@synthetic.example.com,Cybersecurity Analyst,weak,3,8,2,10,20.0
1d8e90a1-54d3-9c23-0f9f-7d5ef267e294,student0879@synthetic.example.com,Data Analyst,strong,2,15,7,9,77.8
d265eab6-db5f-22de-ac6f-1e3c7e90aa4d,student0880@synthetic.example.com,Web Developer,weak,3,10,6,9,66.7
9da084a7-f385-720d-c2e3-cf69714f0b35,student0881@synthetic.example.com,Data Analyst,weak,1,7,3,9,33.3
967854a8-cfc9-7554-576a-24f0c6d6ec77,student0882@synthetic.example.com,Cybersecurity Analyst,average,2,10,7,10,70.0
b3adae42-8009-a0b7-06ba-7ec6980dda15,student0883@synthetic.example.com,Software Developer,average,3,17,7,10,70.0
4ac4591a-8543-cf9d-4f2e-120dbb41fd86,student0884@synthetic.example.com,Data Scientist,strong,2,25,9,9,100.0
4d123e11-5c12-a990-95d5-ba7d7b01b852,student0885@synthetic.example.com,Software Developer,average,4,19,7,10,70.0
639ececa-ba99-70fa-7ffa-12d9a5c8f342,student0886@synthetic.example.com,Software Developer,average,3,13,7,10,70.0
4f4456b8-22f9-bc27-71e6-943c950ffd3c,student0887@synthetic.example.com,Cybersecurity Analyst,weak,3,5,2,10,20.0
54ef43cd-0e50-d196-465f-ace49c4baff4,student0888@synthetic.example.com,Cloud Engineer,average,2,17,5,10,50.0
e21eaac7-0a43-4dff-c51c-df35572264f0,student0889@synthetic.example.com,Web Developer,weak,2,10,5,9,55.6
1eb7ba91-099e-19b7-ff22-77e786b9b09c,student0890@synthetic.example.com,Software Developer,average,4,16,8,10,80.0
8d037149-691f-5ef3-8eaa-2b92514b79e7,student0891@synthetic.example.com,Data Analyst,average,2,14,7,9,77.8
0096c8e9-7dfd-5767-8c24-8ec0a9ccebc8,student0892@synthetic.example.com,Cybersecurity Analyst,weak,3,6,4,10,40.0
5a1b1b7c-ee33-602f-b62a-a79bf83bab77,student0893@synthetic.example.com,Software Developer,strong,1,19,9,10,90.0
e5bf5fb8-8b5c-7c33-aa0f-af770f6bd21c,student0894@synthetic.example.com,Data Analyst,average,3,13,9,9,100.0
716c9fd0-55ac-b935-53f6-d5be2267da8e,student0895@synthetic.example.com,Data Scientist,average,3,20,6,9,66.7
c5ad6829-5bc9-c167-1a4d-d7788acb1113,student0896@synthetic.example.com,Software Developer,strong,4,20,8,10,80.0
7fe9d1a8-d1d5-25f4-e0e5-2d88849365b7,student0897@synthetic.example.com,Software Developer,strong,3,26,10,10,100.0
77564571-52e9-e257-e5ee-b9ec59248f6f,student0898@synthetic.example.com,Software Developer,strong,4,25,9,10,90.0
d68087d9-fb9d-2aa0-2603-8d8faf3b9a78,student0899@synthetic.example.com,Web Developer,weak,2,6,4,9,44.4
2fa354aa-7449-c9e2-a6b2-c2a3e49ee1a9,student0900@synthetic.example.com,Software Developer,average,3,9,6,10,60.0
e175cf13-179a-db22-129c-8b446913edf8,student0901@synthetic.example.com,Web Developer,average,3,16,4,9,44.4
25a5d932-3715-c623-7075-0048a73263be,student0902@synthetic.example.com,Software Developer,average,3,14,7,10,70.0
adbe6e92-1eb2-fcaa-9837-0c81d7a1d554,student0903@synthetic.example.com,Cybersecurity Analyst,weak,3,9,5,10,50.0
05fc098c-dc2a-7f6d-c46e-c71baf6d008f,student0904@synthetic.example.com,Software Developer,weak,4,11,3,10,30.0
01b8ebf4-8bb7-f9a8-bc36-d0cf4521a836,student0905@synthetic.example.com,Software Developer,average,1,19,6,10,60.0
295819a9-94f3-9076-75db-437429f35752,student0906@synthetic.example.com,Data Analyst,average,2,16,7,9,77.8
5ecae4f3-ad1a-2cf4-c0ad-8854543d24bc,student0907@synthetic.example.com,Data Scientist,average,2,20,8,9,88.9
0d0c03a6-590f-f3f2-92b9-92ca98c0ea85,student0908@synthetic.example.com,Data Scientist,average,2,10,4,9,44.4
94a3a0a2-4d00-dffc-08ea-f08afdc9dca3,student0909@synthetic.example.com,Cybersecurity Analyst,average,3,17,8,10,80.0
093b8ac9-8ed6-089a-820b-c978910f76ac,student0910@synthetic.example.com,Web Developer,average,1,9,3,9,33.3
4de48bf2-e17d-8a4d-7773-fddca85bdfd8,student0911@synthetic.example.com,Cybersecurity Analyst,average,3,18,8,10,80.0
a83eb1e5-2030-918c-c47c-93f470670800,student0912@synthetic.example.com,Data Analyst,average,1,10,6,9,66.7
1db305ae-e8eb-583c-602f-5df31b4d21a2,student0913@synthetic.example.com,Cybersecurity Analyst,strong,1,20,10,10,100.0
4ce8a978-0f4e-9d1e-4dfc-2955999f697b,student0914@synthetic.example.com,Data Scientist,average,3,19,7,9,77.8
921c2ec6-e454-8904-8739-0bc75896af3c,student0915@synthetic.example.com,Cloud Engineer,average,1,13,6,10,60.0
96014e4b-ea2e-bb84-4349-c1a118e907a9,student0916@synthetic.example.com,Web Developer,strong,1,20,8,9,88.9
c8d5f389-ebfc-04d0-d0b6-be3019266fd2,student0917@synthetic.example.com,Data Scientist,strong,3,22,7,9,77.8
adc27198-09f4-5f10-0075-245c9ff64944,student0918@synthetic.example.com,Data Analyst,weak,2,13,4,9,44.4
9f58819e-eff7-0498-592d-be191f44bb3d,student0919@synthetic.example.com,Cybersecurity Analyst,strong,3,23,7,10,70.0
959a1daa-d692-bb35-9734-96202ccd6084,student0920@synthetic.example.com,Software Developer,average,2,14,6,10,60.0
7b2c8e97-a09d-5747-5acf-7feabbd65c33,student0921@synthetic.example.com,Web Developer,weak,3,13,2,9,22.2
c4697b78-9cf7-f58f-d8bf-7d018896c52e,student0922@synthetic.example.com,Software Developer,average,1,13,7,10,70.0
7848615b-5f0f-67cf-8267-1ec68a81dc7c,student0923@synthetic.example.com,Software Developer,average,3,13,6,10,60.0
6ae632c7-bb65-f7d6-31e5-492f89abd412,student0924@synthetic.example.com,Software Developer,average,4,14,7,10,70.0
bffd2a90-8afb-a84b-2e8f-f31ca1f556da,student0925@synthetic.example.com,Data Analyst,weak,1,13,4,9,44.4
e2afed92-359c-1e11-d2a8-d79457939a7f,student0926@synthetic.example.com,Web Developer,average,3,13,6,9,66.7
a769b8a9-7411-040c-622d-f1a4276d3a81,student0927@synthetic.example.com,Software Developer,average,2,13,6,10,60.0
04c3f2fb-2bce-66c6-82e0-1086220d961c,student0928@synthetic.example.com,Cybersecurity Analyst,strong,3,27,10,10,100.0
97ab2faa-13a1-8fdf-660c-4e796209fecb,student0929@synthetic.example.com,Data Scientist,average,1,14,5,9,55.6
dfac112f-9e08-b97e-8385-770d6e6126a3,student0930@synthetic.example.com,Cybersecurity Analyst,strong,3,28,9,10,90.0
b0237d28-e64e-7689-942a-71d8c4305af2,student0931@synthetic.example.com,Software Developer,weak,4,11,2,10,20.0
2e7751a8-0c41-b882-c679-22208335af3d,student0932@synthetic.example.com,Cybersecurity Analyst,strong,2,26,8,10,80.0
a680299d-8f02-3e9b-d94f-67af94d38feb,student0933@synthetic.example.com,Data Scientist,strong,3,21,9,9,100.0
8e3c62bf-bc9e-cacd-f60f-fe09c936d60a,student0934@synthetic.example.com,Cloud Engineer,average,1,14,7,10,70.0
16c786f4-6d23-97d3-7df4-467926a1bda7,student0935@synthetic.example.com,Web Developer,weak,3,7,3,9,33.3
3ab9d0cd-cb7f-7b6d-7b91-10b5a2254fb0,student0936@synthetic.example.com,Data Analyst,average,3,10,5,9,55.6
fbf0e66d-872c-c11d-aaf2-56d08998632f,student0937@synthetic.example.com,Data Analyst,strong,3,20,9,9,100.0
95fbccf8-91f6-355e-9efb-bba6a1d0a8ed,student0938@synthetic.example.com,Software Developer,weak,3,8,3,10,30.0
02a44d23-7f65-5896-6fcc-e68b623dd994,student0939@synthetic.example.com,Data Scientist,average,4,14,6,9,66.7
90b2ff1d-4802-a184-fec2-e0657f104698,student0940@synthetic.example.com,Software Developer,average,2,10,4,10,40.0
e9c29a32-c60d-977f-4dcd-094beedcb67b,student0941@synthetic.example.com,Software Developer,strong,2,23,10,10,100.0
d883384b-0beb-e533-80b5-8148669b26c6,student0942@synthetic.example.com,Data Scientist,strong,3,27,8,9,88.9
ac5ae280-beb4-3bae-be92-e2417a557446,student0943@synthetic.example.com,Data Analyst,average,1,14,4,9,44.4
35dbda9a-b2af-3333-82cf-303d243b89b6,student0944@synthetic.example.com,Data Analyst,average,2,17,9,9,100.0
064a383a-3e1a-373b-554a-da2c9e4d0d78,student0945@synthetic.example.com,Cloud Engineer,weak,3,14,6,10,60.0
e0ef3756-6a2d-c7e7-7c7f-29c352802bb8,student0946@synthetic.example.com,Web Developer,strong,3,19,8,9,88.9
6e5abe8f-04c7-0918-c579-0a8b4e5da395,student0947@synthetic.example.com,Data Analyst,strong,1,21,9,9,100.0
7ff55f4b-3a97-f46e-f11f-3ed70e78875d,student0948@synthetic.example.com,Data Scientist,weak,3,5,2,9,22.2
ce1380e8-f988-88c5-20c4-c66c0eaa740a,student0949@synthetic.example.com,Software Developer,weak,1,10,5,10,50.0
0a52386c-ee70-65f3-8afd-db7127de0672,student0950@synthetic.example.com,Data Analyst,average,1,12,3,9,33.3
5ae27936-2f87-031a-166e-e552ea369e68,student0951@synthetic.example.com,Data Analyst,weak,2,10,4,9,44.4
05ec2e4f-30e1-0234-fcdc-5b0b30d20eea,student0952@synthetic.example.com,Data Analyst,weak,1,9,6,9,66.7
c070d4af-fec6-b65f-1464-28b0d8f34a62,student0953@synthetic.example.com,Data Analyst,weak,1,9,4,9,44.4
55e2102f-97fb-0817-8622-af96a001fe8e,student0954@synthetic.example.com,Cybersecurity Analyst,average,3,21,5,10,50.0
2a90c9c8-cddb-8f2d-efff-8e7d7c030c5c,student0955@synthetic.example.com,Cloud Engineer,average,1,14,6,10,60.0
ba8cc274-7927-a73c-cf75-26e2d561b98a,student0956@synthetic.example.com,Software Developer,weak,2,7,4,10,40.0
31842ef8-9968-941c-2517-6cee15870259,student0957@synthetic.example.com,Data Analyst,average,4,15,6,9,66.7
70fd7d6c-1a7c-05de-0f25-68007669ec6c,student0958@synthetic.example.com,Cloud Engineer,average,4,21,8,10,80.0
4f135126-40ea-bc0b-cb03-9eada8362305,student0959@synthetic.example.com,Cloud Engineer,strong,3,31,6,10,60.0
fcbd3f9b-6fc4-f76a-8819-f20df5deb1df,student0960@synthetic.example.com,Software Developer,average,3,18,9,10,90.0
e97851db-40d7-5a3f-f374-41c63ef02914,student0961@synthetic.example.com,Software Developer,weak,4,10,3,10,30.0
9b17cc55-3dcf-0d03-82da-641088f9ff8b,student0962@synthetic.example.com,Data Analyst,average,2,10,7,9,77.8
596d8059-4a1a-96c2-083b-2f2b73bd5015,student0963@synthetic.example.com,Data Analyst,strong,2,16,9,9,100.0
2f84b4a1-3ed3-cab4-95eb-0ef9f1f87bd7,student0964@synthetic.example.com,Data Analyst,weak,3,13,2,9,22.2
c0e072b5-6518-43ce-ca7d-4a1b9848b264,student0965@synthetic.example.com,Data Analyst,strong,1,26,8,9,88.9
ab18e60a-fe31-f9b4-8d46-e7a1be04e89f,student0966@synthetic.example.com,Web Developer,average,3,13,7,9,77.8
b28afef4-a113-64a8-9715-3cd637e387d3,student0967@synthetic.example.com,Data Scientist,strong,3,24,9,9,100.0
b9246a24-6e09-85ac-1b2b-12f23ef93b94,student0968@synthetic.example.com,Software Developer,average,3,11,7,10,70.0
8985ed6f-78c5-cece-2fc7-ea8f513a5902,student0969@synthetic.example.com,Web Developer,strong,3,19,8,9,88.9
a971e670-7a21-1987-5db5-208466991455,student0970@synthetic.example.com,Software Developer,average,3,14,10,10,100.0
5a4387e5-2851-1f0d-11f4-0f3f29f7c381,student0971@synthetic.example.com,Data Scientist,strong,3,17,8,9,88.9
ac8180f3-8412-16d6-78f0-8676758bc206,student0972@synthetic.example.com,Cloud Engineer,average,3,16,9,10,90.0
5a739c88-f032-433b-6adb-63a883a4f293,student0973@synthetic.example.com,Software Developer,weak,3,15,7,10,70.0
6c8cceac-28cc-b6b5-c00a-453114d35b79,student0974@synthetic.example.com,Data Analyst,weak,3,9,6,9,66.7
14c002f3-f665-d82a-938f-bc89ef21f5fa,student0975@synthetic.example.com,Data Scientist,average,3,13,5,9,55.6
eaafe4c1-216e-9dbb-1cd9-0bb04a051464,student0976@synthetic.example.com,Cybersecurity Analyst,strong,3,21,10,10,100.0
b6f54a92-b33d-2667-32b9-c8413bf4fa81,student0977@synthetic.example.com,Web Developer,strong,2,13,7,9,77.8
31d6dfd8-f6f5-552d-266e-d62657235598,student0978@synthetic.example.com,Software Developer,average,2,13,8,10,80.0
a493967f-f15d-8d52-aa1a-0c69073a6806,student0979@synthetic.example.com,Cloud Engineer,average,3,15,9,10,90.0
9895acd7-f0fa-c780-0fef-0c07666319cb,student0980@synthetic.example.com,Web Developer,average,2,10,7,9,77.8
2d08802d-e4c3-7ccf-5622-1f8a3e75a8af,student0981@synthetic.example.com,Software Developer,strong,4,20,10,10,100.0
a2306a1a-7873-5206-df5f-f23a479fc90c,student0982@synthetic.example.com,Data Scientist,strong,2,24,8,9,88.9
d99e5206-f91d-4593-2e48-359096d74f90,student0983@synthetic.example.com,Software Developer,average,1,11,5,10,50.0
8abbf071-c95c-cde1-3829-e56b8a1751a6,student0984@synthetic.example.com,Data Analyst,average,2,11,5,9,55.6
2cb957d0-3822-8685-7f6f-25f63d1233bd,student0985@synthetic.example.com,Cloud Engineer,weak,1,11,6,10,60.0
27775216-45e1-8acb-011b-ceb7d2aeed5b,student0986@synthetic.example.com,Data Analyst,strong,4,22,9,9,100.0
7d792509-2de6-09ca-4d7f-7e213b8a5632,student0987@synthetic.example.com,Web Developer,weak,3,13,3,9,33.3
8f85c870-d213-0316-27af-1a41343762fc,student0988@synthetic.example.com,Software Developer,average,2,18,6,10,60.0
803f6ca2-099f-33ef-a4cb-aa4cacd44c25,student0989@synthetic.example.com,Web Developer,average,2,16,7,9,77.8
8d2f8d92-7f0f-ad71-1c53-f18d2d72819d,student0990@synthetic.example.com,Web Developer,average,3,17,9,9,100.0
71e4e32e-3b74-5431-0c05-d42c98e0771d,student0991@synthetic.example.com,Web Developer,strong,3,21,9,9,100.0
dfd7f6c8-37c5-a63b-b1d7-bc6c0395bd0e,student0992@synthetic.example.com,Cybersecurity Analyst,weak,4,7,6,10,60.0
34344e26-7a36-33c7-0b89-bfff0c5b43b8,student0993@synthetic.example.com,Data Scientist,strong,3,18,9,9,100.0
19342f76-be18-bf4e-8561-0e76e237aadc,student0994@synthetic.example.com,Data Scientist,strong,2,22,9,9,100.0
bcbbdff7-a727-f16c-7c92-4d749b5aea05,student0995@synthetic.example.com,Data Scientist,average,4,20,6,9,66.7
1674d692-9224-2a5a-9340-248a3bb4de19,student0996@synthetic.example.com,Data Analyst,average,2,15,5,9,55.6
dd1b49ba-4693-16aa-fc33-463abec14bf1,student0997@synthetic.example.com,Cloud Engineer,average,2,12,7,10,70.0
dc73cba3-58ef-ee9f-3b76-869b107d2a13,student0998@synthetic.example.com,Software Developer,strong,4,21,9,10,90.0
aefcb29a-b9f1-f11a-a8df-809377d90576,student0999@synthetic.example.com,Data Analyst,weak,3,18,4,9,44.4
d8fc8290-38ee-1546-579d-fb77c83a5465,student1000@synthetic.example.com,Cybersecurity Analyst,average,4,17,5,10,50.0
59285ee1-6f66-4f4a-ad04-00589e56a5ed,student1001@synthetic.example.com,Cybersecurity Analyst,average,1,17,5,10,50.0
b247a6a3-1d39-b0bf-e49a-654d71c45794,student1002@synthetic.example.com,Software Developer,average,2,19,8,10,80.0
0d6397ce-35e2-6d65-e905-8da5b2497151,student1003@synthetic.example.com,Data Analyst,weak,4,12,4,9,44.4
9c8eedb4-1bee-1aae-de11-eb59273067d7,student1004@synthetic.example.com,Cybersecurity Analyst,average,2,18,7,10,70.0
6d110cc0-1cfa-9dd4-9ad4-01fa5935fe04,student1005@synthetic.example.com,Software Developer,weak,3,9,3,10,30.0
b9a04763-0b43-e448-1fc0-04d98a22a8e2,student1006@synthetic.example.com,Software Developer,weak,2,8,2,10,20.0
ceb00772-c24f-8dbd-b6bc-ed64655fd86f,student1007@synthetic.example.com,Data Analyst,average,3,17,7,9,77.8
18871b69-02ca-23aa-e9e8-82d27896d1d5,student1008@synthetic.example.com,Data Scientist,average,2,13,6,9,66.7
92b98196-3fc0-e4c7-0a7c-828311a7e1f7,student1009@synthetic.example.com,Data Scientist,average,2,18,6,9,66.7
18a33839-6989-981d-9ebc-a3c2e76bf079,student1010@synthetic.example.com,Data Scientist,average,3,13,6,9,66.7
c261c4a1-dd86-338a-d061-dbbcc46f34ea,student1011@synthetic.example.com,Cloud Engineer,average,2,17,7,10,70.0
26efb5e9-45ca-f2da-e726-69f28c9b9038,student1012@synthetic.example.com,Data Analyst,strong,3,25,8,9,88.9
47d26109-7d38-a7bb-4e9c-cfbaf88b28d4,student1013@synthetic.example.com,Web Developer,average,2,13,6,9,66.7
e277a39f-6f8b-881b-12e5-ade19de53754,student1014@synthetic.example.com,Web Developer,weak,3,13,6,9,66.7
535474e1-406d-f0db-c6e5-7bb91175bb5a,student1015@synthetic.example.com,Data Analyst,average,2,15,7,9,77.8
6790015f-b387-e251-9e73-6486cea05091,student1016@synthetic.example.com,Cybersecurity Analyst,average,3,20,9,10,90.0
4ee39440-362b-b5fd-6671-4c7c3f0266d2,student1017@synthetic.example.com,Data Analyst,strong,2,22,7,9,77.8
8d0d086b-691b-3df2-01df-b4adc268b9b8,student1018@synthetic.example.com,Data Analyst,average,2,16,5,9,55.6
b2eb282d-a88c-7121-0e45-f240cb282a6e,student1019@synthetic.example.com,Web Developer,average,2,15,8,9,88.9
b6bcad39-410f-aa87-ed52-501355558194,student1020@synthetic.example.com,Data Analyst,average,3,9,6,9,66.7
278b930b-584d-47c2-ceac-9dfb3cc9c5f5,student1021@synthetic.example.com,Software Developer,weak,2,12,6,10,60.0
ff043347-0630-3253-e5fa-078ff20ed16d,student1022@synthetic.example.com,Web Developer,average,2,14,5,9,55.6
a256e8f2-6828-de0a-8eb8-ef8294568260,student1023@synthetic.example.com,Data Analyst,strong,1,16,9,9,100.0
2a8e9004-d5f3-6cac-70e1-2b89290b2010,student1024@synthetic.example.com,Cloud Engineer,average,4,22,9,10,90.0
f27cee06-5288-6f82-9827-a53448b7fe02,student1025@synthetic.example.com,Data Scientist,average,4,23,7,9,77.8
57482e60-2668-9198-e657-b9aad8149946,student1026@synthetic.example.com,Software Developer,weak,4,8,6,10,60.0
e2863054-02e2-6e1f-7775-dc58805e8764,student1027@synthetic.example.com,Web Developer,weak,2,7,2,9,22.2
838c82dc-759d-3b9a-8fc1-537307f50e8c,student1028@synthetic.example.com,Software Developer,strong,3,20,7,10,70.0
a9c3c87c-96e5-3d10-f53e-2662f18371c6,student1029@synthetic.example.com,Software Developer,weak,4,5,3,10,30.0
e02e81b6-19fa-4011-106f-ec0aa774686b,student1030@synthetic.example.com,Software Developer,average,2,21,8,10,80.0
bfc688ed-9a52-8141-0ea1-b994b70c6924,student1031@synthetic.example.com,Web Developer,weak,3,11,5,9,55.6
618ac20c-ebed-46f5-3002-14cd1a1e78ba,student1032@synthetic.example.com,Data Analyst,average,3,12,8,9,88.9
72123959-907a-f5ed-cdf9-1b5ad65e6d20,student1033@synthetic.example.com,Data Analyst,average,4,19,9,9,100.0
b78b0111-c11c-803b-baf8-495cee221c71,student1034@synthetic.example.com,Software Developer,strong,3,17,8,10,80.0
b1ae96f8-c4af-cb2b-ac3b-07283bf5b54a,student1035@synthetic.example.com,Data Scientist,average,4,15,5,9,55.6
6d5de7d9-e480-167c-3dd4-9ac1c163e056,student1036@synthetic.example.com,Web Developer,average,3,17,8,9,88.9
38d42bb0-5dda-93e7-78e3-95df2cbc5e9f,student1037@synthetic.example.com,Cloud Engineer,average,3,15,8,10,80.0
81e20919-c2ca-a98d-e0b7-b1a9854ed35e,student1038@synthetic.example.com,Web Developer,weak,4,13,2,9,22.2
cf55b74b-91a3-f38b-2d6b-2542b4d91a2a,student1039@synthetic.example.com,Data Analyst,weak,1,8,2,9,22.2
e44b9119-0d02-6ef9-c94b-78eff873e6db,student1040@synthetic.example.com,Software Developer,average,2,13,8,10,80.0
cb9d8804-c47b-c710-3fa8-ef8b5360162a,student1041@synthetic.example.com,Web Developer,average,2,13,8,9,88.9
ba030192-51eb-9f71-4eae-c66f4319931e,student1042@synthetic.example.com,Software Developer,average,2,14,8,10,80.0
130a2a5a-0b89-47ed-295d-cebbbfa10d8c,student1043@synthetic.example.com,Software Developer,average,2,11,4,10,40.0
5a725252-e2c5-7713-aaef-6f40de67ffcf,student1044@synthetic.example.com,Cloud Engineer,weak,4,9,3,10,30.0
f6b909e6-7e6b-2e2a-a50c-1c3a23533b66,student1045@synthetic.example.com,Data Analyst,weak,3,12,7,9,77.8
2a2b936a-db60-124d-15ea-6ae13a03ec66,student1046@synthetic.example.com,Data Scientist,strong,3,24,8,9,88.9
a0c32062-815d-5d75-4714-1e6c95ea23a1,student1047@synthetic.example.com,Cybersecurity Analyst,weak,2,16,2,10,20.0
94eaf573-428b-6fb9-262a-a9e38f4cb976,student1048@synthetic.example.com,Web Developer,average,2,10,2,9,22.2
268033e2-fbef-37d6-4a93-e9aa2b794b97,student1049@synthetic.example.com,Software Developer,average,1,13,4,10,40.0
3dd73021-c4dd-cab3-6aee-7e7233cf614e,student1050@synthetic.example.com,Cybersecurity Analyst,average,4,23,7,10,70.0
80d8ff8a-c085-f5fa-c1bb-045113a348bd,student1051@synthetic.example.com,Software Developer,strong,4,18,9,10,90.0
f445a84c-aa6e-7606-624c-f7095a30b8c0,student1052@synthetic.example.com,Data Scientist,average,3,25,9,9,100.0
bcbd078c-8f2a-60f6-8d67-0c8369832b73,student1053@synthetic.example.com,Web Developer,weak,4,10,4,9,44.4
86241724-13c6-832f-7b85-316ee5942594,student1054@synthetic.example.com,Data Analyst,weak,3,11,5,9,55.6
199ab284-f69a-ecfe-f192-6c3d9d89de8a,student1055@synthetic.example.com,Data Scientist,strong,2,16,6,9,66.7
3f9fd3c8-dd4e-55d1-7bf8-626be3cf73ba,student1056@synthetic.example.com,Cloud Engineer,strong,3,24,7,10,70.0
108d3aef-fc56-c835-2fe5-2c894d6df394,student1057@synthetic.example.com,Software Developer,average,3,19,8,10,80.0
5fb23cfc-48e1-69aa-2344-e2661b720373,student1058@synthetic.example.com,Web Developer,weak,2,9,5,9,55.6
8d428732-ac33-609f-aacd-faf4ac9b7b81,student1059@synthetic.example.com,Web Developer,average,4,21,6,9,66.7
be47bb6d-2dc8-f858-b5e2-7cd92f76bf19,student1060@synthetic.example.com,Web Developer,average,2,20,8,9,88.9
53c5e1a6-4d26-5998-0932-c568272b1a68,student1061@synthetic.example.com,Data Analyst,weak,2,10,2,9,22.2
bfdcc0cd-0e82-fd0e-036d-5de945a256a9,student1062@synthetic.example.com,Data Analyst,strong,2,18,9,9,100.0
e7bf5194-7da0-48d1-dde7-1a1977def441,student1063@synthetic.example.com,Software Developer,strong,3,26,10,10,100.0
644b9eed-54a2-7a06-762c-f112fadcd22f,student1064@synthetic.example.com,Data Scientist,strong,3,23,8,9,88.9
74afdcf7-2883-d66d-f336-4df3d8430f09,student1065@synthetic.example.com,Cybersecurity Analyst,weak,2,11,5,10,50.0
2772c079-1acd-2287-db28-59932d2a85df,student1066@synthetic.example.com,Software Developer,weak,4,9,3,10,30.0
53f08c12-2bac-55fb-0dac-bfaf9092c355,student1067@synthetic.example.com,Cybersecurity Analyst,weak,3,7,2,10,20.0
2f1c1de3-334a-1ce0-7b86-f93af09def0d,student1068@synthetic.example.com,Web Developer,strong,3,21,8,9,88.9
d7f414ff-9a73-e586-238e-d7b5f328e61e,student1069@synthetic.example.com,Web Developer,strong,3,20,6,9,66.7
c9f331ff-785e-331a-62dd-d7d585c87c24,student1070@synthetic.example.com,Software Developer,average,2,10,7,10,70.0
25a514c0-0276-cf95-b38f-f3a7f38f2b79,student1071@synthetic.example.com,Cybersecurity Analyst,weak,3,11,7,10,70.0
d6b0c549-160b-6442-c223-ffcb135f8ca4,student1072@synthetic.example.com,Web Developer,average,3,17,6,9,66.7
f04439c0-68ec-ebaa-1d40-fd5939e5eb23,student1073@synthetic.example.com,Software Developer,average,2,10,6,10,60.0
344dd6cb-2253-2a45-7972-fcb1e2c766ac,student1074@synthetic.example.com,Web Developer,average,3,18,9,9,100.0
854fe253-534b-e4b1-559e-30da866cf9d6,student1075@synthetic.example.com,Data Scientist,average,1,16,5,9,55.6
0f3a90d6-0db0-768f-f6e8-bfc0dd95b6cd,student1076@synthetic.example.com,Web Developer,weak,3,9,3,9,33.3
a9e46191-7946-7149-830d-6f583caf36fb,student1077@synthetic.example.com,Data Analyst,weak,2,6,3,9,33.3
15fd81cf-1784-5afa-4cb6-f6255f66f38d,student1078@synthetic.example.com,Software Developer,average,2,15,6,10,60.0
27a67522-6926-245b-a70b-8eab917554ce,student1079@synthetic.example.com,Data Analyst,weak,3,6,2,9,22.2
bc556837-b5cd-f968-25f4-ce489d48ede1,student1080@synthetic.example.com,Software Developer,strong,3,26,10,10,100.0
1ff28fa5-0c44-62d4-ede1-d4d86a7c3cac,student1081@synthetic.example.com,Cloud Engineer,weak,3,9,3,10,30.0
7ad505ad-61db-e809-2818-9ec1a8688aba,student1082@synthetic.example.com,Web Developer,average,3,17,6,9,66.7
36eb8f96-3cfa-14af-b062-e79da7a9aa3e,student1083@synthetic.example.com,Data Analyst,strong,4,20,8,9,88.9
96158304-d60b-2d63-61f4-782e1b34f242,student1084@synthetic.example.com,Data Analyst,strong,1,16,9,9,100.0
0ea50769-3f12-a7f0-0f3c-6333f040fab6,student1085@synthetic.example.com,Web Developer,weak,2,5,3,9,33.3
834094ee-5644-4d03-235e-97c9c4e95b8e,student1086@synthetic.example.com,Data Analyst,average,4,11,6,9,66.7
73ae8a18-f1c3-fa45-c660-c1644d180121,student1087@synthetic.example.com,Data Scientist,weak,2,8,2,9,22.2
605088ad-1bd8-174c-4889-f43864d5f145,student1088@synthetic.example.com,Web Developer,average,2,14,7,9,77.8
4650fd1c-dee6-00d1-2989-7478397e4824,student1089@synthetic.example.com,Data Analyst,average,2,12,5,9,55.6
9a83078c-ab4f-04c0-18d3-b543d348760e,student1090@synthetic.example.com,Cybersecurity Analyst,average,2,23,8,10,80.0
05f66a2b-843b-5944-9c82-568851321726,student1091@synthetic.example.com,Data Analyst,weak,1,11,5,9,55.6
56fffaf5-dae5-a12f-2b29-d4e936a9306a,student1092@synthetic.example.com,Cloud Engineer,strong,2,16,8,10,80.0
11909c92-b750-4f3e-681d-1ac0a2bc0e17,student1093@synthetic.example.com,Cybersecurity Analyst,average,4,17,6,10,60.0
f42a7515-488f-c455-de40-3dcafa34d9d2,student1094@synthetic.example.com,Software Developer,average,3,20,8,10,80.0
f86f9fa2-ea7f-58ce-aa99-00b6f778d8a2,student1095@synthetic.example.com,Web Developer,strong,3,28,8,9,88.9
12fa50aa-8c97-d0a7-ebb1-40f4206901de,student1096@synthetic.example.com,Cloud Engineer,strong,2,17,10,10,100.0
ec4a1d19-1d6a-6afd-caa3-b716b4b3a546,student1097@synthetic.example.com,Web Developer,average,1,15,6,9,66.7
bf9636db-c637-c7d4-2cd8-940c19778473,student1098@synthetic.example.com,Data Analyst,strong,2,17,7,9,77.8
67ffc8b3-00e6-16c7-1679-9edec4ad0c9a,student1099@synthetic.example.com,Web Developer,average,3,15,7,9,77.8
91c05ee2-c06c-1bc1-0d58-848d7ff13f79,student1100@synthetic.example.com,Web Developer,strong,2,19,9,9,100.0
0149ac30-558d-cc80-c8e9-4775413a9fd3,student1101@synthetic.example.com,Cloud Engineer,weak,3,12,3,10,30.0
7bdb7bcc-255c-8b7c-10df-e0fdb22f1f2c,student1102@synthetic.example.com,Data Scientist,average,3,16,5,9,55.6
88fd90d2-0120-e91e-a0cd-ff5319377fdb,student1103@synthetic.example.com,Data Analyst,strong,2,22,9,9,100.0
d28ed236-3260-5358-c566-160b94dd126a,student1104@synthetic.example.com,Data Analyst,strong,4,24,8,9,88.9
dc1a59d3-b2a8-903b-ea45-15b3c2c3f541,student1105@synthetic.example.com,Software Developer,weak,2,12,9,10,90.0
f7093e08-4050-2e24-7d5b-3a19a6f34f55,student1106@synthetic.example.com,Software Developer,weak,3,13,5,10,50.0
9d3f7da1-0649-77fe-5daa-a6d51c91be74,student1107@synthetic.example.com,Software Developer,strong,2,20,10,10,100.0
cd1416c0-31e4-1bc3-e92c-0e8a97e898d6,student1108@synthetic.example.com,Cybersecurity Analyst,average,1,9,4,10,40.0
06e76a56-e8db-9c8e-a5ff-7605191049ed,student1109@synthetic.example.com,Web Developer,average,1,16,4,9,44.4
348955d0-03ca-60be-a1fe-6b116afbbab7,student1110@synthetic.example.com,Data Analyst,strong,1,18,8,9,88.9
d5f80767-b7ca-49eb-854b-dac1e941b32f,student1111@synthetic.example.com,Data Analyst,weak,3,11,4,9,44.4
e5e1b70c-813b-8a4a-c447-563487306c85,student1112@synthetic.example.com,Cybersecurity Analyst,weak,3,7,3,10,30.0
b575009b-83ee-e1d7-99e9-bc4843bb55be,student1113@synthetic.example.com,Data Scientist,strong,4,26,9,9,100.0
0aaac644-7bf6-f9a3-2aec-3fd56b306bba,student1114@synthetic.example.com,Cybersecurity Analyst,average,4,29,9,10,90.0
129d0c67-991e-6841-c460-60b1cb7d1f71,student1115@synthetic.example.com,Cloud Engineer,average,3,13,4,10,40.0
538af3dc-1cf2-bfac-c9b8-1d32ec1cb088,student1116@synthetic.example.com,Web Developer,strong,3,21,8,9,88.9
90870c83-7fb0-e122-235e-10d009d929fe,student1117@synthetic.example.com,Cybersecurity Analyst,average,3,18,10,10,100.0
26da3326-3911-61b6-fe8c-26d44e1ac524,student1118@synthetic.example.com,Cloud Engineer,average,3,14,8,10,80.0
f9c52b3e-6ea0-1e6b-17b0-33eeb67345af,student1119@synthetic.example.com,Cloud Engineer,weak,3,9,3,10,30.0
bb023ef1-1199-a290-3f9c-50b65e44e1d2,student1120@synthetic.example.com,Software Developer,strong,2,25,10,10,100.0
b303ce4d-8796-a3ce-da82-66e254b72d4f,student1121@synthetic.example.com,Data Analyst,average,2,13,8,9,88.9
f7fcf742-828d-37d5-dd43-4420b85e5abd,student1122@synthetic.example.com,Cloud Engineer,strong,2,21,10,10,100.0
9962dc13-4411-7011-aefa-aa48e1ed070b,student1123@synthetic.example.com,Cybersecurity Analyst,strong,3,24,9,10,90.0
7f265817-4696-771e-514e-d3adf5516ace,student1124@synthetic.example.com,Data Scientist,strong,4,25,9,9,100.0
2738cb8c-d63e-b34f-f855-ba9d28e879d0,student1125@synthetic.example.com,Web Developer,average,1,14,7,9,77.8
6bfb5b6b-fd56-5c22-3880-5f13687bacf2,student1126@synthetic.example.com,Cloud Engineer,average,3,16,5,10,50.0
53d8b26c-8b56-ce45-53d5-be8876eb1556,student1127@synthetic.example.com,Web Developer,average,3,17,7,9,77.8
fd21acfd-f2a1-18a0-b3e7-43491dd9d242,student1128@synthetic.example.com,Data Analyst,strong,4,23,9,9,100.0
acbb50ba-d9b0-e6d8-f4f2-4cd045aaea6b,student1129@synthetic.example.com,Data Analyst,average,4,18,9,9,100.0
181109bd-2ffe-b9b1-01ff-5c4281fc072d,student1130@synthetic.example.com,Data Analyst,average,4,13,5,9,55.6
88f460e3-447e-f4af-e824-4476a1ebb3d8,student1131@synthetic.example.com,Data Analyst,average,2,13,7,9,77.8
734e28fd-113a-bd2d-addd-3d249d1dfbb5,student1132@synthetic.example.com,Software Developer,weak,1,12,5,10,50.0
c63c2597-1213-ba0d-1425-21d4ff45fb36,student1133@synthetic.example.com,Cloud Engineer,average,4,17,9,10,90.0
b93f76fd-6d4f-aff0-2e62-2024bb369577,student1134@synthetic.example.com,Data Analyst,average,3,11,7,9,77.8
bf050d99-3c83-dd37-55cf-d13750dc0a1f,student1135@synthetic.example.com,Web Developer,average,2,23,7,9,77.8
e064f505-a572-c200-8c3d-8e57e7a03d9a,student1136@synthetic.example.com,Data Analyst,average,3,19,9,9,100.0
a88e67da-4376-a86c-5b01-3e1e12b11e20,student1137@synthetic.example.com,Data Analyst,average,1,15,4,9,44.4
5543a883-72f4-a130-5161-a708b8e4d023,student1138@synthetic.example.com,Web Developer,average,1,7,5,9,55.6
90b2ca08-47c0-3d64-0d70-3372f82dc3be,student1139@synthetic.example.com,Data Scientist,average,2,15,5,9,55.6
440258de-5724-338e-f72e-9b786490fb5e,student1140@synthetic.example.com,Web Developer,average,2,20,8,9,88.9
a1ac1cc0-832a-89ad-afd2-acdf2d0ea64d,student1141@synthetic.example.com,Software Developer,average,4,21,10,10,100.0
a08f021e-2abf-a178-da03-6d9385d40bac,student1142@synthetic.example.com,Data Analyst,strong,3,20,8,9,88.9
e297f9e1-19ff-47f7-2966-4c2de0e02720,student1143@synthetic.example.com,Software Developer,average,4,19,8,10,80.0
07522c57-d475-a230-bf1d-234e5561692a,student1144@synthetic.example.com,Cybersecurity Analyst,strong,2,23,9,10,90.0
b8a3e17d-dfa0-9adf-28d0-2829f15192bf,student1145@synthetic.example.com,Software Developer,average,1,19,9,10,90.0
c1918fbd-1aeb-020f-15c2-aff27be4784c,student1146@synthetic.example.com,Data Analyst,average,3,15,6,9,66.7
5d6f1834-df3e-f0c3-7b60-2898d095804e,student1147@synthetic.example.com,Data Scientist,average,2,16,5,9,55.6
36b06b71-eafb-fc0e-09ae-3d92b8afded1,student1148@synthetic.example.com,Data Scientist,strong,3,17,8,9,88.9
bf1dff3c-af42-e62f-bd0a-5c53a9d99565,student1149@synthetic.example.com,Software Developer,weak,1,5,2,10,20.0
e96296ad-250a-cfaa-c897-bc9b9a620f29,student1150@synthetic.example.com,Software Developer,strong,3,26,9,10,90.0
6138aa8c-2069-f1c5-b6b2-61805bd6e3c8,student1151@synthetic.example.com,Software Developer,average,4,13,7,10,70.0
ee1e6f5d-118a-2d2e-8286-5d1fb31a26f5,student1152@synthetic.example.com,Web Developer,average,3,15,6,9,66.7
8762b496-6d54-a3e4-69c8-8c157ea9b126,student1153@synthetic.example.com,Software Developer,average,2,13,8,10,80.0
ff4265e7-7d16-8c09-29b5-3377dcda0769,student1154@synthetic.example.com,Data Scientist,strong,3,26,9,9,100.0
f4242e02-4503-4ef1-c368-15b4c0f6d81f,student1155@synthetic.example.com,Web Developer,average,4,20,8,9,88.9
cc2d2265-afb1-440e-c432-44525bfd22e4,student1156@synthetic.example.com,Software Developer,average,2,11,4,10,40.0
29306c0d-4b13-4ef8-dbcb-983c9015c0c7,student1157@synthetic.example.com,Web Developer,average,4,11,6,9,66.7
5ea5949a-4bae-fcfd-e028-b6eafe8e9ffa,student1158@synthetic.example.com,Cloud Engineer,strong,3,24,9,10,90.0
7c82d44f-c4c0-383b-0de4-4fb1e83a8cd8,student1159@synthetic.example.com,Cybersecurity Analyst,weak,1,12,6,10,60.0
f0da22a8-ba56-2bba-3610-b1b887a89b68,student1160@synthetic.example.com,Data Scientist,strong,1,20,8,9,88.9
55119c5a-f1a8-f37c-5bf4-914b326bbe3d,student1161@synthetic.example.com,Data Scientist,strong,1,21,8,9,88.9
8e3d7d53-e5cf-65c5-c696-45a58f11d23d,student1162@synthetic.example.com,Software Developer,weak,3,8,4,10,40.0
74c53889-f01b-fc9c-9ec9-dac2d70ec533,student1163@synthetic.example.com,Cloud Engineer,weak,2,5,4,10,40.0
218ea9ea-1565-b28a-41b5-3963e9678935,student1164@synthetic.example.com,Software Developer,average,3,20,6,10,60.0
38795357-10e0-50a0-4995-0d3c5a192010,student1165@synthetic.example.com,Web Developer,average,1,13,5,9,55.6
7cf66415-f290-367e-1a25-b152419e2eaf,student1166@synthetic.example.com,Web Developer,average,1,16,5,9,55.6
174cc39a-04aa-5505-81cd-d222ffe8339f,student1167@synthetic.example.com,Cybersecurity Analyst,strong,2,32,10,10,100.0
94f09a72-8259-0cce-d5c4-4a5329242767,student1168@synthetic.example.com,Web Developer,average,4,19,7,9,77.8
ab219fcd-b649-514e-dfa4-ecf53ca59bf1,student1169@synthetic.example.com,Cybersecurity Analyst,strong,3,20,9,10,90.0
5752954a-bd36-5768-c043-9e423c1c959d,student1170@synthetic.example.com,Data Analyst,average,2,12,8,9,88.9
59a6687c-a3a8-ee90-6090-dcec4b88589e,student1171@synthetic.example.com,Cybersecurity Analyst,average,4,20,6,10,60.0
60615253-a88e-6363-04e7-ac23414c0ef6,student1172@synthetic.example.com,Cloud Engineer,weak,3,10,5,10,50.0
d995e0b1-411e-cb66-5d5f-511e745ce405,student1173@synthetic.example.com,Data Analyst,weak,4,13,7,9,77.8
b0be455b-60e0-9b27-b2b5-8d17e3f7fb7b,student1174@synthetic.example.com,Data Analyst,average,3,10,5,9,55.6
a43cab59-483d-ed9b-382e-34ac24ca9cca,student1175@synthetic.example.com,Software Developer,weak,4,14,6,10,60.0
3171c6fc-2296-8643-b530-3bb8cb5104dc,student1176@synthetic.example.com,Software Developer,strong,4,22,9,10,90.0
23a0c568-904f-0fcb-eb52-7baab8b5c10e,student1177@synthetic.example.com,Software Developer,strong,1,26,9,10,90.0
8383e9cd-029d-e48a-1418-a251babd8832,student1178@synthetic.example.com,Data Analyst,average,4,19,8,9,88.9
5b1c5480-ae9d-f80a-1865-43cb37bd49de,student1179@synthetic.example.com,Data Analyst,average,4,17,8,9,88.9
7d50c0e0-8cdb-eeb8-64aa-73203cc5992d,student1180@synthetic.example.com,Data Analyst,weak,3,9,4,9,44.4
aabce875-4fdf-522d-a477-1f8cbb0af78a,student1181@synthetic.example.com,Data Analyst,strong,3,21,9,9,100.0
147d9d8a-43e8-c1b1-c43d-c38d1901c420,student1182@synthetic.example.com,Cloud Engineer,average,3,8,6,10,60.0
9b12c338-c256-87a8-2d13-c2ef11f90ebb,student1183@synthetic.example.com,Web Developer,average,4,22,7,9,77.8
fb948589-351d-6dda-4330-7db4be96ad68,student1184@synthetic.example.com,Data Analyst,strong,3,16,9,9,100.0
4e9096a9-51f9-d147-fdb3-354890d73210,student1185@synthetic.example.com,Web Developer,strong,4,17,8,9,88.9
c603562d-b834-f435-a72f-ef0a43ff13a2,student1186@synthetic.example.com,Data Scientist,strong,4,24,9,9,100.0
3acb3540-3d8b-5fe7-de4e-a788f6ee3981,student1187@synthetic.example.com,Web Developer,strong,2,16,8,9,88.9
88fc1e0f-2115-f226-e69e-3386eefa172c,student1188@synthetic.example.com,Software Developer,weak,2,7,1,10,10.0
042c9e51-62cc-7eed-9ea5-d63cc36154a3,student1189@synthetic.example.com,Software Developer,average,1,16,6,10,60.0
1c88c031-9390-a27b-78c3-70fdbfdfdc4e,student1190@synthetic.example.com,Software Developer,average,3,27,8,10,80.0
847c06b2-00a6-75bc-576d-d63a6304f0fc,student1191@synthetic.example.com,Web Developer,strong,3,16,7,9,77.8
d09e1adb-fd5d-835c-734e-4d0aabeca522,student1192@synthetic.example.com,Web Developer,strong,2,21,9,9,100.0
72a1c62a-6da2-ce02-9e97-96c3d944813c,student1193@synthetic.example.com,Software Developer,average,3,17,10,10,100.0
2c991e0f-f417-e50c-9445-8a8ddf09254d,student1194@synthetic.example.com,Software Developer,average,3,13,7,10,70.0
969d729b-acb0-a710-da66-2152bd723405,student1195@synthetic.example.com,Web Developer,strong,4,24,9,9,100.0
9815d674-fd74-dd1f-9eae-fa23a357d97e,student1196@synthetic.example.com,Web Developer,average,3,16,7,9,77.8
e48d3a54-4e36-e7de-a8c3-ac18ca7c2a37,student1197@synthetic.example.com,Cloud Engineer,weak,1,3,1,10,10.0
c1539734-7da0-63f5-5a93-075dfdde2460,student1198@synthetic.example.com,Software Developer,strong,1,19,8,10,80.0
265f98f9-d391-adf8-2f49-73f580dd5ad0,student1199@synthetic.example.com,Cloud Engineer,average,3,23,8,10,80.0
63e47691-869d-8c73-753f-40dd53495e0a,student1200@synthetic.example.com,Cybersecurity Analyst,average,3,6,4,10,40.0
116b2ed3-8adb-2d4b-a49a-9ead54ac8991,student1201@synthetic.example.com,Software Developer,average,3,17,4,10,40.0
0d4a20a0-8fc3-7329-4983-79f9e68e4f7c,student1202@synthetic.example.com,Cybersecurity Analyst,strong,2,27,8,10,80.0
c5fbdd8e-8d55-0f98-f5b0-4eb7ff7a04f4,student1203@synthetic.example.com,Cybersecurity Analyst,weak,2,5,2,10,20.0
c4b12cb2-6120-b899-b5dd-f7cb959b7b11,student1204@synthetic.example.com,Data Scientist,average,2,15,6,9,66.7
61b29f07-e789-ba18-8609-b475762716a0,student1205@synthetic.example.com,Data Analyst,average,3,14,6,9,66.7
7cac11bf-5123-74a2-0743-8f0e6587c059,student1206@synthetic.example.com,Web Developer,average,2,20,9,9,100.0
d84391ad-717c-7c57-1cce-88e83cf1dc88,student1207@synthetic.example.com,Data Analyst,average,4,12,8,9,88.9
b3b1d1db-e9da-67ba-0882-bf68845cf897,student1208@synthetic.example.com,Data Analyst,average,2,18,5,9,55.6
e76a0714-ce91-bba3-d180-001b7055b839,student1209@synthetic.example.com,Data Analyst,average,2,14,5,9,55.6
2291d94f-9c0b-99f2-c057-871940068367,student1210@synthetic.example.com,Web Developer,weak,2,10,3,9,33.3
0b743169-10b5-fc8a-990e-649901f0fa6e,student1211@synthetic.example.com,Software Developer,strong,2,14,8,10,80.0
06a36a12-a6a1-ed10-0e9d-5be204fd5696,student1212@synthetic.example.com,Software Developer,average,3,17,9,10,90.0
122f9036-c2f4-8226-8b81-b118aa152561,student1213@synthetic.example.com,Software Developer,weak,1,8,3,10,30.0
a859474a-0b17-39b5-30e0-7f02b3c7eb8c,student1214@synthetic.example.com,Software Developer,average,3,16,5,10,50.0
f8468fc0-470f-45fe-3be0-feda157f1a73,student1215@synthetic.example.com,Web Developer,weak,3,12,5,9,55.6
a2ba672b-a250-faa0-aca9-34b15b6c45b4,student1216@synthetic.example.com,Cybersecurity Analyst,average,3,18,7,10,70.0
ef452d80-9f3b-ab46-935d-558cca4d749a,student1217@synthetic.example.com,Data Analyst,average,1,10,5,9,55.6
a79c000d-e23f-df39-36fb-aaa7438370e6,student1218@synthetic.example.com,Web Developer,strong,4,27,9,9,100.0
c7e6ce4a-e99d-fede-7483-46baae63373c,student1219@synthetic.example.com,Cloud Engineer,strong,4,18,10,10,100.0
245ddda2-9fc7-8519-d57e-5a265d4e56c4,student1220@synthetic.example.com,Cloud Engineer,weak,2,14,0,10,0.0
d04e9903-3a36-8189-be35-5a515782059c,student1221@synthetic.example.com,Data Scientist,strong,4,24,7,9,77.8
8ae4e726-3026-8638-37e7-07b38fc8b0ed,student1222@synthetic.example.com,Cloud Engineer,average,1,17,7,10,70.0
f616d4a0-da42-b776-3a2a-5b9f8749b7dd,student1223@synthetic.example.com,Cybersecurity Analyst,average,3,17,6,10,60.0
b6091593-2252-da76-d8d5-8b2cc6203168,student1224@synthetic.example.com,Data Scientist,strong,2,19,8,9,88.9
c20ca5e9-605c-099c-cd7d-912fe36c1b6c,student1225@synthetic.example.com,Cloud Engineer,strong,3,22,7,10,70.0
08a7df5b-497a-a4a4-cdaa-db4a4a20e9c4,student1226@synthetic.example.com,Web Developer,weak,2,9,2,9,22.2
9403410a-2358-adbd-dea8-68daeac59504,student1227@synthetic.example.com,Cybersecurity Analyst,weak,2,13,4,10,40.0
9e75b934-b34c-03d5-ce13-5eec3d054819,student1228@synthetic.example.com,Data Analyst,weak,2,8,3,9,33.3
a778b0c6-5ed1-d42c-0803-fcffcd80dca9,student1229@synthetic.example.com,Software Developer,weak,2,6,4,10,40.0
1bba4c9f-40f8-5f2c-a0da-e00a95d7a42b,student1230@synthetic.example.com,Software Developer,average,3,16,7,10,70.0
9d591dbe-5407-6461-06a6-45c176f45d82,student1231@synthetic.example.com,Data Analyst,strong,3,21,7,9,77.8
d0249f26-2518-a1b6-a34c-41e99bf8476c,student1232@synthetic.example.com,Software Developer,average,1,16,8,10,80.0
113f36a6-eabc-e253-1f09-4a3de10dd207,student1233@synthetic.example.com,Data Analyst,average,2,14,5,9,55.6
9db0f308-fdeb-0291-04d4-2a04d815d362,student1234@synthetic.example.com,Software Developer,average,3,19,8,10,80.0
4a46f9da-69bf-c280-5ca3-e310a1071074,student1235@synthetic.example.com,Web Developer,average,4,16,7,9,77.8
ccd46a85-90a8-ceb7-2cb3-043543ab1ade,student1236@synthetic.example.com,Data Scientist,weak,4,15,6,9,66.7
bc20fb05-013b-8e90-7d13-d10e823797df,student1237@synthetic.example.com,Software Developer,weak,1,12,7,10,70.0
8f471bbd-e2ba-0e3d-d359-276930c546b1,student1238@synthetic.example.com,Data Scientist,strong,2,13,8,9,88.9
bb1750d3-4842-7d95-b06d-7172e34ea2d4,student1239@synthetic.example.com,Data Analyst,strong,3,20,9,9,100.0
e22ecd90-209a-d73e-32bc-030e7d11b2b0,student1240@synthetic.example.com,Cybersecurity Analyst,weak,3,10,5,10,50.0
716e6ab7-f4a5-6903-0c7c-0c2043e8811f,student1241@synthetic.example.com,Data Scientist,average,4,20,8,9,88.9
958b9007-5b8f-4b03-0b19-4ce97a817004,student1242@synthetic.example.com,Data Scientist,strong,4,24,8,9,88.9
036c650a-72de-35b6-d247-6f050775d346,student1243@synthetic.example.com,Data Analyst,average,2,15,8,9,88.9
e65a5192-a9c6-5067-9225-cd88893a62e5,student1244@synthetic.example.com,Cybersecurity Analyst,average,2,13,5,10,50.0
e99d1201-0db0-98d4-6b28-671307bf17d1,student1245@synthetic.example.com,Web Developer,average,3,17,7,9,77.8
26c47a2e-0f84-a97e-58b4-44bcfcfd35a3,student1246@synthetic.example.com,Cloud Engineer,average,3,16,8,10,80.0
8a57a5d9-7f2f-2566-22d8-552fba6e63f7,student1247@synthetic.example.com,Web Developer,average,2,11,5,9,55.6
49ce1995-fb4c-7b86-bd32-cf554a28538e,student1248@synthetic.example.com,Data Scientist,average,1,21,6,9,66.7
571d54c4-61dd-7b4a-bd7b-5b58566cdf03,student1249@synthetic.example.com,Data Scientist,strong,3,18,7,9,77.8
969ac95b-1816-76bc-b7b8-41cb89f8d8ce,student1250@synthetic.example.com,Software Developer,average,1,21,8,10,80.0
8f650ae5-aa98-9605-aafc-de0362f4237a,student1251@synthetic.example.com,Software Developer,strong,2,27,10,10,100.0
0c45af70-2f6b-4f40-e3b4-8f8908ea318c,student1252@synthetic.example.com,Cybersecurity Analyst,strong,4,31,10,10,100.0
2e60a78a-59c4-9cbb-4d91-32561ec8120a,student1253@synthetic.example.com,Web Developer,strong,4,29,9,9,100.0
20f49e1f-2f1f-a7cb-d0fe-3f4cdcca0c9b,student1254@synthetic.example.com,Web Developer,strong,4,19,8,9,88.9
cd342ce0-2856-8d03-ff51-56b84fb4ef27,student1255@synthetic.example.com,Data Analyst,strong,1,15,9,9,100.0
54363cd2-fe43-eb9a-a627-f4835d3529b7,student1256@synthetic.example.com,Web Developer,average,3,16,7,9,77.8
5a1b75d1-754a-3dd0-67ae-cb54cde0deff,student1257@synthetic.example.com,Data Analyst,average,1,11,6,9,66.7
df2b642b-5599-8134-3a0a-2e4db273654b,student1258@synthetic.example.com,Web Developer,average,3,19,6,9,66.7
36602558-8f82-f369-696e-558dd977c91b,student1259@synthetic.example.com,Web Developer,weak,2,4,2,9,22.2
feae916d-dc12-db9b-f408-c4ee8833f928,student1260@synthetic.example.com,Software Developer,average,3,13,6,10,60.0
924cd46d-08d6-c16f-679d-8d70c4ca5c87,student1261@synthetic.example.com,Web Developer,average,3,10,5,9,55.6
8fbda832-6ca2-4e97-5326-b93f321bb63d,student1262@synthetic.example.com,Web Developer,weak,1,4,2,9,22.2
47ab8045-d0c6-20eb-37d4-ce99e0a5191c,student1263@synthetic.example.com,Cybersecurity Analyst,average,2,17,7,10,70.0
ce86a4fc-5fe4-2b5b-ce0d-62c7f58e7645,student1264@synthetic.example.com,Cloud Engineer,weak,3,7,2,10,20.0
36d242ca-3062-da62-86dd-c5c58c9e0646,student1265@synthetic.example.com,Software Developer,average,3,16,7,10,70.0
140ebf88-d2c7-053f-1119-64e5c62fdb92,student1266@synthetic.example.com,Cloud Engineer,average,1,14,8,10,80.0
722a950a-e948-ac06-d56a-072dffa91ec1,student1267@synthetic.example.com,Data Analyst,weak,3,16,6,9,66.7
92c77963-88f1-4c0a-413d-56d66f736584,student1268@synthetic.example.com,Data Analyst,average,3,12,8,9,88.9
837f6536-a497-3287-dc61-fca1821d3e2b,student1269@synthetic.example.com,Web Developer,average,3,22,8,9,88.9
54c8e066-14ce-bec4-5750-029be0d3b9dc,student1270@synthetic.example.com,Data Analyst,strong,1,24,8,9,88.9
958c3053-df20-8472-e524-899edb484a75,student1271@synthetic.example.com,Web Developer,average,3,14,7,9,77.8
e0c062ca-fc33-740f-72e6-d7ff11973b06,student1272@synthetic.example.com,Cloud Engineer,average,4,12,7,10,70.0
f0ae64c8-fe3d-03b4-ecc0-26f1f45442f4,student1273@synthetic.example.com,Software Developer,average,2,14,8,10,80.0
6a2d02ef-0a49-5678-ea33-dabb2247bc8f,student1274@synthetic.example.com,Data Scientist,average,2,13,5,9,55.6
30bc42bf-79a9-1fde-86b8-5e4d8bb2fff1,student1275@synthetic.example.com,Web Developer,strong,3,19,8,9,88.9
3995fad0-c011-b57b-d681-31dccca18208,student1276@synthetic.example.com,Data Analyst,weak,2,13,7,9,77.8
9a4b9140-ae97-3c08-ab0c-3648c61a90cc,student1277@synthetic.example.com,Data Scientist,weak,3,14,4,9,44.4
00be1fe7-3058-283a-2412-45285e5c68ab,student1278@synthetic.example.com,Software Developer,average,3,14,8,10,80.0
2e25ff66-080c-b869-cb12-f40b734ba21e,student1279@synthetic.example.com,Web Developer,weak,1,3,1,9,11.1
be4d5c84-41e5-272a-6f89-396d4fb148ca,student1280@synthetic.example.com,Software Developer,average,3,8,3,10,30.0
e1bec6e9-0f6e-b274-2042-0336b790498e,student1281@synthetic.example.com,Cybersecurity Analyst,average,3,20,8,10,80.0
1c5bfa36-5c22-ad42-b08b-1908ad50fd60,student1282@synthetic.example.com,Cybersecurity Analyst,weak,4,13,6,10,60.0
ea1c226c-4c2f-1495-8115-0dfcf24d348f,student1283@synthetic.example.com,Software Developer,strong,3,23,8,10,80.0
66c4a01c-4cb9-7941-6036-47b5bce26556,student1284@synthetic.example.com,Web Developer,weak,4,13,4,9,44.4
2da06245-cceb-b9ff-4e7b-f695ed9b0093,student1285@synthetic.example.com,Cloud Engineer,weak,2,10,2,10,20.0
837df0b5-5ec6-f890-9377-27e4597200fb,student1286@synthetic.example.com,Data Analyst,strong,1,22,9,9,100.0
ef82286c-9233-9272-981a-4354ab103428,student1287@synthetic.example.com,Data Analyst,average,3,15,7,9,77.8
0153ccc7-23cc-7637-dfac-35c4cd6b2b39,student1288@synthetic.example.com,Data Analyst,weak,3,12,2,9,22.2
e710f391-171d-ec17-1401-6798262f83ba,student1289@synthetic.example.com,Cloud Engineer,strong,3,20,10,10,100.0
c4ddc520-4000-cf39-d85d-b9cbeb533d43,student1290@synthetic.example.com,Web Developer,average,2,13,6,9,66.7
bfc55356-61ec-cb57-8152-276ab52fc022,student1291@synthetic.example.com,Software Developer,strong,4,19,9,10,90.0
d1ad6cc2-f1bf-fe06-7624-28164f5c7e00,student1292@synthetic.example.com,Data Scientist,average,2,13,7,9,77.8
01314344-b21d-6d21-9380-32470f1051da,student1293@synthetic.example.com,Cybersecurity Analyst,weak,3,9,5,10,50.0
1207b94a-fb24-7688-e645-55aeb9ff6916,student1294@synthetic.example.com,Software Developer,strong,1,20,8,10,80.0
53082544-e1e2-0528-4526-fb6ec087431b,student1295@synthetic.example.com,Cloud Engineer,strong,2,17,9,10,90.0
838209db-4b17-817b-72f2-ae46f1ca18f7,student1296@synthetic.example.com,Web Developer,average,2,18,5,9,55.6
97fea85c-67bb-1467-16ac-154b4def0201,student1297@synthetic.example.com,Data Analyst,strong,2,23,7,9,77.8
25d8f65a-0c4e-1808-813c-36d4e24875eb,student1298@synthetic.example.com,Software Developer,weak,2,5,1,10,10.0
66b8af3c-8d89-a27f-0162-49d319cd6fae,student1299@synthetic.example.com,Web Developer,strong,2,19,8,9,88.9
cfa79ed2-daab-1047-a52c-8fe0fa55341f,student1300@synthetic.example.com,Cybersecurity Analyst,strong,3,21,10,10,100.0
c044f17b-d3ef-d166-8b3f-589877ae5eff,student1301@synthetic.example.com,Software Developer,average,4,20,7,10,70.0
15c5cc72-fa48-0407-6bf8-efc29847a252,student1302@synthetic.example.com,Software Developer,average,4,16,9,10,90.0
29a1c630-e704-2d98-8f68-74e7c1ce363b,student1303@synthetic.example.com,Cloud Engineer,average,3,14,7,10,70.0
383a9e78-eefe-37d1-07e9-70c2c9606e21,student1304@synthetic.example.com,Web Developer,weak,4,16,6,9,66.7
4e54c71f-d9b7-3ec7-fc9e-b7c35b6c52a0,student1305@synthetic.example.com,Web Developer,weak,1,8,5,9,55.6
3dd0eea3-a58b-9546-3935-8701906c1f45,student1306@synthetic.example.com,Cloud Engineer,strong,2,23,9,10,90.0
6e4d56e9-b5e6-4d68-4966-6580d073b6a7,student1307@synthetic.example.com,Software Developer,strong,2,19,10,10,100.0
c4112f38-9d77-86c7-394d-b44938c77428,student1308@synthetic.example.com,Cybersecurity Analyst,average,4,13,5,10,50.0
325e2461-f574-b026-9d68-8eee45d0a271,student1309@synthetic.example.com,Cloud Engineer,strong,2,23,9,10,90.0
a6440bd2-5fcc-fb2f-446f-cefb5b5c8f85,student1310@synthetic.example.com,Cloud Engineer,strong,1,16,9,10,90.0
6c2b0a2e-1668-7c01-c53c-98eedb7f0c09,student1311@synthetic.example.com,Software Developer,average,3,16,9,10,90.0
9b506ba9-bd65-8585-b7b1-02683eb3dacc,student1312@synthetic.example.com,Data Analyst,strong,2,19,8,9,88.9
d7e9913a-8571-5c04-6c8a-e6d348900797,student1313@synthetic.example.com,Cybersecurity Analyst,strong,2,21,10,10,100.0
8985656a-a680-bf42-bece-11779f21aecc,student1314@synthetic.example.com,Web Developer,weak,4,9,5,9,55.6
e43c5d84-8208-4095-772e-0569517eec78,student1315@synthetic.example.com,Data Analyst,average,3,16,9,9,100.0
bd926e02-c136-61b5-cae0-9e51349dff9e,student1316@synthetic.example.com,Cybersecurity Analyst,average,2,15,4,10,40.0
fbd3d819-08bc-fb8e-c4b6-b6b5c806a987,student1317@synthetic.example.com,Data Analyst,average,1,10,6,9,66.7
4fcff082-7f65-e558-2c5c-06d50d9a70f6,student1318@synthetic.example.com,Data Scientist,average,3,14,7,9,77.8
1077c425-96b3-322e-21eb-2b9ff5cbe547,student1319@synthetic.example.com,Software Developer,strong,3,18,9,10,90.0
a5a45bb5-d5f9-0aa9-479f-eda07b3e02bf,student1320@synthetic.example.com,Data Analyst,average,2,24,8,9,88.9
8bc60326-bc01-deb1-682e-514df6c932a7,student1321@synthetic.example.com,Data Analyst,weak,2,8,1,9,11.1
06f99a1b-0137-a86e-c116-9ce8e752b93c,student1322@synthetic.example.com,Software Developer,weak,4,9,1,10,10.0
e2d107dd-02b4-effe-037f-8449a761590e,student1323@synthetic.example.com,Data Analyst,weak,4,9,2,9,22.2
645c4a4c-cddb-04ba-7c51-a52911f0cbda,student1324@synthetic.example.com,Cybersecurity Analyst,strong,4,19,9,10,90.0
c0ab2ab1-a53b-e8d2-9f6f-416340743de5,student1325@synthetic.example.com,Data Analyst,weak,2,11,4,9,44.4
97e62b64-3f29-bcba-45a2-eb39f62795cf,student1326@synthetic.example.com,Software Developer,average,4,20,8,10,80.0
dd2817ab-1265-b1f3-d86d-40b31bbe3de1,student1327@synthetic.example.com,Software Developer,average,3,12,6,10,60.0
b0c683a3-50ac-c518-3b64-b0bbf5565ce0,student1328@synthetic.example.com,Data Analyst,average,3,15,7,9,77.8
3ef4b024-0d51-6b86-caa6-942a3ccf76aa,student1329@synthetic.example.com,Web Developer,average,3,15,7,9,77.8
06b73f50-78e6-bf71-c581-24ddd844c536,student1330@synthetic.example.com,Web Developer,strong,3,22,9,9,100.0
bb3fe22e-9f7a-5288-34bb-4a4de440d5d2,student1331@synthetic.example.com,Data Analyst,average,2,17,6,9,66.7
a0698361-fc86-8260-202b-54a913d26a78,student1332@synthetic.example.com,Cloud Engineer,strong,2,18,7,10,70.0
a4e664ea-0998-1341-4172-843ab48eb929,student1333@synthetic.example.com,Web Developer,average,3,16,8,9,88.9
a81d0bd7-107a-5460-a580-59ba5918cb45,student1334@synthetic.example.com,Data Scientist,weak,3,10,4,9,44.4
25f26ec2-e3b6-ab7e-1f60-307de76032e0,student1335@synthetic.example.com,Data Analyst,average,3,13,5,9,55.6
c034b6d4-1e2c-98f2-e8f7-71086713d998,student1336@synthetic.example.com,Cloud Engineer,average,1,15,6,10,60.0
cd394997-f3d7-4358-e635-35de32d24d98,student1337@synthetic.example.com,Cloud Engineer,strong,2,24,9,10,90.0
9a3b143f-4076-8c67-f584-ca92fb9a8af6,student1338@synthetic.example.com,Cybersecurity Analyst,average,2,12,3,10,30.0
763428e5-25f9-2479-1616-158bf91f78c3,student1339@synthetic.example.com,Software Developer,weak,1,10,6,10,60.0
6e2698b0-bd31-b80b-b1be-7b9d87820ff7,student1340@synthetic.example.com,Web Developer,average,3,14,8,9,88.9
fa1bd1af-bb20-260c-b760-58e124a63b45,student1341@synthetic.example.com,Web Developer,weak,1,7,3,9,33.3
f1db47b2-9dd3-539e-2f08-8b2bc344d30b,student1342@synthetic.example.com,Software Developer,average,2,12,5,10,50.0
358185ef-22e4-20e4-ccdd-d246fe176c5d,student1343@synthetic.example.com,Cloud Engineer,weak,4,17,4,10,40.0
e83d813f-5971-e87c-c61d-279a8fa4ae63,student1344@synthetic.example.com,Web Developer,average,4,25,9,9,100.0
6de89843-7132-9e09-c024-f77de3a3ff9f,student1345@synthetic.example.com,Cloud Engineer,average,4,19,8,10,80.0
3080d688-0d2d-3903-6e4e-f9cc9ea8a691,student1346@synthetic.example.com,Data Analyst,weak,2,9,4,9,44.4
7031304d-ef4a-b2b6-a848-db11ede29998,student1347@synthetic.example.com,Data Analyst,weak,3,4,1,9,11.1
b2cc8812-ab41-00a5-6090-2cc4ae277b80,student1348@synthetic.example.com,Software Developer,weak,3,6,3,10,30.0
e6464f90-4d98-55fa-7238-6fd056242c34,student1349@synthetic.example.com,Software Developer,average,3,17,8,10,80.0
ff322db4-0b64-7f7c-023b-7690528e6d95,student1350@synthetic.example.com,Data Analyst,strong,3,26,8,9,88.9
ecfbe796-7782-c3bd-bca3-639fa4e5e35d,student1351@synthetic.example.com,Data Scientist,strong,1,20,8,9,88.9
2e77bc6b-4c55-3910-ec4a-c4ada5a6a1ea,student1352@synthetic.example.com,Cybersecurity Analyst,average,3,17,8,10,80.0
c57f8661-b8da-092a-77b7-e03e8e7ef1b3,student1353@synthetic.example.com,Data Scientist,average,3,17,7,9,77.8
62441ded-bb51-0585-730c-bb81cd9fcc41,student1354@synthetic.example.com,Data Analyst,average,4,21,9,9,100.0
b5dbb0dd-2b7b-5a5f-63bb-fdaac8d2880b,student1355@synthetic.example.com,Web Developer,average,4,12,8,9,88.9
0940b69b-c851-4ae7-cf66-7d7325907b93,student1356@synthetic.example.com,Data Analyst,average,3,15,8,9,88.9
c2315c2c-dd57-e1d5-187e-73078fc00386,student1357@synthetic.example.com,Web Developer,strong,4,23,6,9,66.7
93ebe054-a4ff-3ca0-cc9b-67a9d9d0df5d,student1358@synthetic.example.com,Cybersecurity Analyst,weak,4,8,6,10,60.0
a5652200-f395-7b1e-8e5b-31afc739df61,student1359@synthetic.example.com,Data Analyst,average,3,12,6,9,66.7
6ebdf09c-0570-4cf4-ceb4-902be6c34b58,student1360@synthetic.example.com,Data Scientist,average,4,14,8,9,88.9
cc19b49e-d136-16bf-b783-48f12fe76857,student1361@synthetic.example.com,Data Analyst,weak,2,12,5,9,55.6
230751a6-828c-fe3f-f138-1fca35ec5524,student1362@synthetic.example.com,Data Analyst,average,1,11,6,9,66.7
b438a42b-8cd4-9f53-6fa6-e5b9d7fb2fa3,student1363@synthetic.example.com,Data Scientist,weak,2,9,3,9,33.3
d11795f9-bfec-4ef0-3031-8f63c84a27a7,student1364@synthetic.example.com,Cybersecurity Analyst,average,3,19,8,10,80.0
988e43e4-388a-a966-bb7a-581cd64e5adc,student1365@synthetic.example.com,Web Developer,average,4,17,6,9,66.7
d968f5f2-599b-99dc-40e5-611517eb7934,student1366@synthetic.example.com,Software Developer,average,3,19,8,10,80.0
484b0f36-637b-fa4c-6741-36dbd95dd58e,student1367@synthetic.example.com,Web Developer,strong,2,24,7,9,77.8
015af944-8dfb-e47f-1ca2-16a250297f23,student1368@synthetic.example.com,Cybersecurity Analyst,weak,3,6,2,10,20.0
bc568d80-2cdf-60cb-558d-3c7e213790b9,student1369@synthetic.example.com,Software Developer,average,3,20,7,10,70.0
365cb7a3-955d-be0b-64f4-b1009f3f5c15,student1370@synthetic.example.com,Data Scientist,average,4,18,7,9,77.8
2639936a-2380-1d03-6072-5968b8b0c8a1,student1371@synthetic.example.com,Cybersecurity Analyst,strong,3,29,8,10,80.0
cf3c3f86-e0d7-836e-9a66-ae32d396d85e,student1372@synthetic.example.com,Web Developer,weak,2,9,2,9,22.2
f5cdb076-b33b-f3a1-9c52-474b4b006bcf,student1373@synthetic.example.com,Cybersecurity Analyst,average,3,16,6,10,60.0
0287871b-2c3b-7bd7-a128-4ad8f43b9d54,student1374@synthetic.example.com,Data Scientist,strong,4,23,9,9,100.0
56ae8e0b-0129-1ea4-4c0c-50a15f8241cd,student1375@synthetic.example.com,Web Developer,average,2,10,6,9,66.7
be5a137d-797f-3de5-b5bb-d06ba8ff735f,student1376@synthetic.example.com,Cloud Engineer,average,4,18,6,10,60.0
c41527c3-d678-fc1a-4b2b-a98c77519457,student1377@synthetic.example.com,Cybersecurity Analyst,strong,1,28,8,10,80.0
f52942e6-85e6-ba4b-0c4c-e97a94d16d5d,student1378@synthetic.example.com,Cybersecurity Analyst,weak,3,9,4,10,40.0
2d6a6215-a291-248c-9ccd-768f4d9e473c,student1379@synthetic.example.com,Data Analyst,weak,3,12,4,9,44.4
42566575-4751-5388-f58c-70aef58b1731,student1380@synthetic.example.com,Data Analyst,weak,3,12,6,9,66.7
16c8994b-9dd2-a95c-5b9e-dad1a3e4a449,student1381@synthetic.example.com,Cybersecurity Analyst,strong,1,23,10,10,100.0
35bc89c4-da36-eeba-b881-d1307cec0d10,student1382@synthetic.example.com,Software Developer,average,4,7,4,10,40.0
f428e9e3-fab1-1507-e8e3-c5fcdc494b38,student1383@synthetic.example.com,Cloud Engineer,strong,4,18,10,10,100.0
1ace23b3-2f18-4f6b-5536-0ace1d895682,student1384@synthetic.example.com,Software Developer,average,3,15,8,10,80.0
1069473a-28e3-c668-b6b4-9731619a5b85,student1385@synthetic.example.com,Web Developer,weak,2,7,4,9,44.4
869198c0-3ce8-2c19-886d-238a932ec120,student1386@synthetic.example.com,Software Developer,weak,4,8,2,10,20.0
88a1fe98-8e31-d79e-965f-088f53fd0c28,student1387@synthetic.example.com,Cloud Engineer,strong,4,21,9,10,90.0
42bf7d19-4e33-98ea-c794-7266b439dd64,student1388@synthetic.example.com,Web Developer,strong,4,27,7,9,77.8
8dddb93b-03b1-9335-8005-ff8c7c1ec437,student1389@synthetic.example.com,Data Scientist,average,3,19,4,9,44.4
2f00f2a5-b6d1-d455-cd2a-766372ed4969,student1390@synthetic.example.com,Web Developer,strong,2,19,8,9,88.9
8ee1dd4b-ec87-0cf9-26e4-6581c12d37f4,student1391@synthetic.example.com,Cloud Engineer,average,4,19,5,10,50.0
8da88852-1a14-f7de-4acb-543e52e20e1a,student1392@synthetic.example.com,Data Analyst,average,1,9,6,9,66.7
598c2b92-af62-4b3c-d4b3-e7957ca06c39,student1393@synthetic.example.com,Cloud Engineer,strong,1,17,8,10,80.0
3da5d074-6650-43a2-3c80-39a82079667a,student1394@synthetic.example.com,Cloud Engineer,weak,4,12,4,10,40.0
b542fef3-3029-aad5-9892-7da9e9565cf3,student1395@synthetic.example.com,Web Developer,average,3,17,6,9,66.7
4d78f645-a838-9cdc-63a9-e65ebc2dde95,student1396@synthetic.example.com,Web Developer,weak,4,11,2,9,22.2
d890b5a9-66d6-d1cf-6ff5-7f51005fb918,student1397@synthetic.example.com,Data Analyst,average,3,16,7,9,77.8
3ceab818-439a-4f3f-8891-bfc53af3087e,student1398@synthetic.example.com,Web Developer,average,3,14,4,9,44.4
1f0fca92-e008-f608-17ce-2f4920918fe5,student1399@synthetic.example.com,Data Analyst,weak,3,11,6,9,66.7
6b8e64e3-4024-6b0c-2a61-568986ee0f88,student1400@synthetic.example.com,Web Developer,strong,1,16,6,9,66.7
180c2747-08a9-7441-718a-f7f98f3e6f64,student1401@synthetic.example.com,Web Developer,strong,3,22,6,9,66.7
00a5e73a-894d-2bd4-25fc-8a05b78b0b65,student1402@synthetic.example.com,Software Developer,strong,2,22,10,10,100.0
6d68b5d0-57f5-674b-a37c-4d61a3b30306,student1403@synthetic.example.com,Cybersecurity Analyst,strong,3,29,9,10,90.0
62837d38-b45d-7da8-6d4b-54faae836438,student1404@synthetic.example.com,Data Analyst,weak,4,14,4,9,44.4
cdd51693-02bd-0dfc-76c6-51077385d18f,student1405@synthetic.example.com,Data Analyst,strong,4,22,8,9,88.9
7756fee0-d267-a4e5-dc75-1d385faaa506,student1406@synthetic.example.com,Software Developer,average,2,9,4,10,40.0
83654b08-edc0-96a5-e67b-899ec09fbd2d,student1407@synthetic.example.com,Software Developer,weak,3,8,4,10,40.0
7a10eb58-6d49-123a-1e33-7310e92b8368,student1408@synthetic.example.com,Software Developer,average,4,12,6,10,60.0
b7999d31-a795-a771-c193-c74305c88241,student1409@synthetic.example.com,Software Developer,weak,1,7,4,10,40.0
20589488-c33a-3021-a7fa-17b259ad6801,student1410@synthetic.example.com,Software Developer,average,3,18,9,10,90.0
e844bfb8-5bea-1fe2-f557-87228341d576,student1411@synthetic.example.com,Web Developer,weak,3,6,2,9,22.2
e678aef9-ae4b-fbc7-2ff2-6f525062bce2,student1412@synthetic.example.com,Software Developer,average,3,13,8,10,80.0
f2bf0eb9-203d-6b3d-6173-5935f642ad0a,student1413@synthetic.example.com,Software Developer,average,3,21,10,10,100.0
c57c1b88-fa0e-3a1e-9597-5907b44e6fef,student1414@synthetic.example.com,Software Developer,weak,3,6,2,10,20.0
34a25709-abe1-1652-cdf8-9ffe4ff18709,student1415@synthetic.example.com,Data Scientist,average,1,14,5,9,55.6
5ca6ea42-0eed-2f2e-54d9-d8881bc1c5b1,student1416@synthetic.example.com,Software Developer,strong,4,22,9,10,90.0
88174ac4-7f8a-4712-128b-f144364d2740,student1417@synthetic.example.com,Cybersecurity Analyst,weak,2,7,5,10,50.0
1e6f827c-d44a-9cf3-f88d-74b1f50cb595,student1418@synthetic.example.com,Data Analyst,average,2,17,8,9,88.9
a8b2e1ef-7906-71e6-26e2-7803957a7fa4,student1419@synthetic.example.com,Software Developer,strong,4,28,6,10,60.0
f0ba4a33-b857-15e9-4e3b-b717f1e97272,student1420@synthetic.example.com,Cybersecurity Analyst,strong,4,23,10,10,100.0
c7eaec37-4ff3-d074-a982-8d21b69679ba,student1421@synthetic.example.com,Software Developer,average,4,17,7,10,70.0
523f9271-4580-aa8f-c657-d36dd20f8623,student1422@synthetic.example.com,Cybersecurity Analyst,strong,3,22,9,10,90.0
acac2065-4deb-8463-fcdd-08a302ac985a,student1423@synthetic.example.com,Data Analyst,average,3,18,6,9,66.7
ec4e3780-0515-ef82-6de4-b14fe5023bed,student1424@synthetic.example.com,Web Developer,average,3,8,6,9,66.7
ce944c4d-89d3-5a4c-ce25-630e5a0c3085,student1425@synthetic.example.com,Data Analyst,average,1,12,5,9,55.6
82e66a76-4f32-82a4-fd88-51ecf9ab50b3,student1426@synthetic.example.com,Software Developer,average,1,12,8,10,80.0
8e54904e-275f-2c9d-e351-3dea785ed0f0,student1427@synthetic.example.com,Data Analyst,weak,4,8,4,9,44.4
f5be6850-ec69-31f4-2d4e-b0fb827ac0df,student1428@synthetic.example.com,Cybersecurity Analyst,strong,2,26,8,10,80.0
ca4b4079-5c16-fd53-c8de-ca6a3065c055,student1429@synthetic.example.com,Data Analyst,average,1,11,8,9,88.9
94388ac8-3548-dd0a-c344-5ff491282b6a,student1430@synthetic.example.com,Cybersecurity Analyst,average,2,11,7,10,70.0
1930480f-f570-7d14-1656-bdc33f05c471,student1431@synthetic.example.com,Software Developer,average,4,16,8,10,80.0
ac7fb014-8b33-b874-576e-78dd7a1039b2,student1432@synthetic.example.com,Software Developer,average,1,14,6,10,60.0
4e6be56f-e933-9281-cfdc-fa7f7db2d707,student1433@synthetic.example.com,Software Developer,average,3,20,10,10,100.0
b136d3d9-6d7a-a1de-6f72-3c4f4a5ae35d,student1434@synthetic.example.com,Data Analyst,strong,3,23,8,9,88.9
387a7ece-e792-9fc4-a1af-7f157b8157af,student1435@synthetic.example.com,Cloud Engineer,weak,3,7,2,10,20.0
74f3e23a-5680-0f63-952a-4f2eca1c92db,student1436@synthetic.example.com,Data Analyst,weak,1,15,4,9,44.4
aa071117-4f27-25dc-413c-00cbbc8bde70,student1437@synthetic.example.com,Software Developer,strong,1,26,8,10,80.0
a5dc8414-57d6-eabe-dae2-f4338ccf8d86,student1438@synthetic.example.com,Software Developer,weak,3,8,4,10,40.0
3bff0848-fbee-0489-eaa9-2528245e5d86,student1439@synthetic.example.com,Data Analyst,weak,2,16,3,9,33.3
bba0d62a-8823-c16d-9622-048e1f0677ec,student1440@synthetic.example.com,Data Scientist,average,2,17,5,9,55.6
70c2ac1d-f580-64f8-6834-ae175db2c461,student1441@synthetic.example.com,Data Scientist,average,2,15,8,9,88.9
54f99423-c031-b595-9da5-1ad41c250a3d,student1442@synthetic.example.com,Web Developer,average,2,16,7,9,77.8
78d7965a-a109-c3d7-914e-d1acfd9f2c80,student1443@synthetic.example.com,Data Analyst,average,3,13,4,9,44.4
18731c62-1b9c-063e-e781-52b711c04d44,student1444@synthetic.example.com,Cloud Engineer,weak,3,17,5,10,50.0
3a05f6fc-19dd-e270-0025-dcfee8c42b26,student1445@synthetic.example.com,Data Analyst,strong,2,20,9,9,100.0
ac46abd9-e539-0b08-ef7b-987b1435cd1d,student1446@synthetic.example.com,Cybersecurity Analyst,strong,3,25,10,10,100.0
1f1be737-4d58-0a4b-bb7d-4fdb299f8155,student1447@synthetic.example.com,Web Developer,average,4,19,7,9,77.8
14443a97-7d2e-5b13-eed8-ab357c91fc84,student1448@synthetic.example.com,Cloud Engineer,average,3,15,8,10,80.0
b081e96f-b237-516a-189d-9f95ce0a231a,student1449@synthetic.example.com,Software Developer,strong,3,22,10,10,100.0
cfba39ba-09ef-0b98-b16e-faeb285e1f6d,student1450@synthetic.example.com,Cloud Engineer,average,3,13,7,10,70.0
d3df1a76-3548-3cde-a0f4-324b8d6dcc3a,student1451@synthetic.example.com,Data Scientist,strong,3,22,7,9,77.8
d00165e6-a9bd-f907-4ad1-f38df5d9cb01,student1452@synthetic.example.com,Software Developer,average,4,15,9,10,90.0
38055572-30e3-e613-4a96-223ae9e61247,student1453@synthetic.example.com,Cybersecurity Analyst,strong,3,20,7,10,70.0
1b943d9e-2064-d680-a1ba-16573a50a863,student1454@synthetic.example.com,Data Analyst,average,3,19,8,9,88.9
5cf2f8d2-9968-24a9-0af2-7d2f8159fd47,student1455@synthetic.example.com,Software Developer,average,3,14,9,10,90.0
7329836f-584b-ec87-19cb-ae3a32d0c90d,student1456@synthetic.example.com,Data Scientist,weak,4,7,5,9,55.6
df58f4ae-db8b-f1db-ee6b-fd00fe6695e0,student1457@synthetic.example.com,Data Scientist,average,3,20,7,9,77.8
0bee5ffb-04fb-21f1-d9c0-7e03f2ab84ef,student1458@synthetic.example.com,Software Developer,weak,1,9,4,10,40.0
98f95b1d-1a53-f27f-5f4e-1c46eb0ee551,student1459@synthetic.example.com,Cybersecurity Analyst,average,3,16,8,10,80.0
5f0fdc55-1c52-2183-13bf-ff23cbd6add0,student1460@synthetic.example.com,Cybersecurity Analyst,average,2,22,9,10,90.0
b7246c44-afb4-b794-f942-3e479562dd7b,student1461@synthetic.example.com,Web Developer,weak,4,9,2,9,22.2
9995ccce-837c-a947-c281-963f1f02affb,student1462@synthetic.example.com,Software Developer,strong,4,20,7,10,70.0
dde5644d-22d3-2d19-cabb-419f4e4f1c58,student1463@synthetic.example.com,Cloud Engineer,average,1,19,9,10,90.0
dfbbcc29-1a5d-59fa-88e6-e02350fa55f6,student1464@synthetic.example.com,Cloud Engineer,average,3,14,8,10,80.0
8098205f-920f-507d-85d0-f26c49dc5c26,student1465@synthetic.example.com,Software Developer,weak,4,11,2,10,20.0
5980164a-294b-a977-aae2-c73eb89ddf09,student1466@synthetic.example.com,Software Developer,weak,2,14,5,10,50.0
45ed797e-8023-635a-580e-e0811abaad08,student1467@synthetic.example.com,Data Scientist,average,3,17,7,9,77.8
2d36f02f-79fb-edc1-26b3-5566edc0affd,student1468@synthetic.example.com,Cybersecurity Analyst,average,1,18,7,10,70.0
dbb7aafe-f5a7-dc84-3814-989d3c82905e,student1469@synthetic.example.com,Data Analyst,weak,4,11,5,9,55.6
a572262f-eccc-5fc5-6725-eb561e81417c,student1470@synthetic.example.com,Cloud Engineer,average,3,20,6,10,60.0
2a4ff62c-8449-3a0b-53ea-a7c5638bb9e5,student1471@synthetic.example.com,Software Developer,average,2,13,6,10,60.0
80196cb9-aa22-26dd-5a56-dd5617a2c774,student1472@synthetic.example.com,Software Developer,average,3,18,7,10,70.0
d5c922b1-a5a4-9ad2-f0f2-9e369bda38d3,student1473@synthetic.example.com,Software Developer,strong,1,24,8,10,80.0
3a83365f-1a54-16f8-59c8-cc11817fdfa6,student1474@synthetic.example.com,Data Analyst,strong,3,17,8,9,88.9
ab78a1b0-becb-0dfb-210c-add1dfc25f3a,student1475@synthetic.example.com,Data Scientist,weak,2,8,2,9,22.2
0a9c93a4-5bce-5c5b-e1d5-50407bfc69fc,student1476@synthetic.example.com,Cloud Engineer,average,1,15,7,10,70.0
9f9d8cb1-5628-d391-2189-a2dc59cb5260,student1477@synthetic.example.com,Data Analyst,weak,3,12,5,9,55.6
65d31487-adf6-6bc9-977b-da5d9c31bcb5,student1478@synthetic.example.com,Software Developer,strong,3,21,9,10,90.0
b4329ee5-ecf9-998a-a5fd-f5f01e232f65,student1479@synthetic.example.com,Data Scientist,average,1,17,5,9,55.6
da0fc0d2-ed5f-1907-4377-eb348ad1f732,student1480@synthetic.example.com,Web Developer,weak,2,6,1,9,11.1
568a4fe4-8a1a-b2da-2b98-8ea7d9426584,student1481@synthetic.example.com,Cloud Engineer,average,4,18,6,10,60.0
fae9bb1b-8e89-4d9b-1b13-01bf49eb9924,student1482@synthetic.example.com,Software Developer,strong,2,16,8,10,80.0
b130d55b-949f-f9fa-1275-b6f0cb30931d,student1483@synthetic.example.com,Software Developer,weak,3,14,6,10,60.0
a161df12-cfd6-cd37-b63c-688b967382d8,student1484@synthetic.example.com,Data Scientist,average,2,17,7,9,77.8
69cab707-c126-7f0e-6d8c-e6e59f279f5c,student1485@synthetic.example.com,Cloud Engineer,average,4,14,8,10,80.0
90b511a7-2829-097f-7fd5-7c94646d99d2,student1486@synthetic.example.com,Data Analyst,weak,3,9,4,9,44.4
a609c6d7-5615-4c58-0cf3-6a3da0d4953e,student1487@synthetic.example.com,Data Scientist,weak,1,4,1,9,11.1
fe06679b-840d-450e-5edc-301db767e411,student1488@synthetic.example.com,Data Analyst,strong,3,18,8,9,88.9
0366c9bf-13bb-be2c-db23-01de2bfc5083,student1489@synthetic.example.com,Cloud Engineer,weak,3,8,4,10,40.0
8e0713fe-7f59-8477-8207-2d2e6e140c48,student1490@synthetic.example.com,Data Analyst,weak,4,15,4,9,44.4
9173d834-0d53-257b-67e5-9a262fbcbd43,student1491@synthetic.example.com,Data Scientist,weak,4,15,4,9,44.4
8c5126bc-92a9-e240-6941-381c35d205ba,student1492@synthetic.example.com,Software Developer,weak,4,10,7,10,70.0
3d398dcc-7a80-1152-ea7e-3889a62222fa,student1493@synthetic.example.com,Cloud Engineer,weak,4,6,0,10,0.0
f526130c-0496-e7fa-376a-ba075854d43c,student1494@synthetic.example.com,Web Developer,strong,2,23,8,9,88.9
6eb38e45-6297-79ad-a843-af0d2951eb15,student1495@synthetic.example.com,Software Developer,strong,1,26,10,10,100.0
4d8314fd-5bc9-7f2b-92e8-504ba6943270,student1496@synthetic.example.com,Data Analyst,weak,3,15,5,9,55.6
c95e2596-f92f-dc65-7c7b-8fc0f815ac0b,student1497@synthetic.example.com,Data Analyst,strong,3,24,9,9,100.0
46411417-a0e4-54d7-0071-3ea31b73d61f,student1498@synthetic.example.com,Cybersecurity Analyst,average,3,15,7,10,70.0
6bd33a24-73a8-06a3-e5e9-17c5b23d087e,student1499@synthetic.example.com,Cybersecurity Analyst,average,3,19,8,10,80.0
6fa0a8ba-a9cf-d4c0-36d5-e50df426f458,student1500@synthetic.example.com,Data Scientist,average,2,20,7,9,77.8
68a41b68-c0b3-fdc4-c594-003d4403087a,student1501@synthetic.example.com,Cloud Engineer,average,2,20,8,10,80.0
59c43777-0559-5eb4-9e8a-6d0505221da6,student1502@synthetic.example.com,Cloud Engineer,weak,2,5,3,10,30.0
bdfa6473-850b-81c7-826c-8a9f93c925a7,student1503@synthetic.example.com,Web Developer,average,4,19,8,9,88.9
6a745075-482e-06ee-0c2f-56495363961c,student1504@synthetic.example.com,Web Developer,average,3,16,8,9,88.9
282c3cb2-9608-62d1-8e9c-aef28bebc451,student1505@synthetic.example.com,Data Analyst,average,2,15,6,9,66.7
493c7b8c-0d43-210c-23be-e85df09aa66d,student1506@synthetic.example.com,Cloud Engineer,weak,4,18,5,10,50.0
b220ee49-0730-1e7a-d44a-e7253948b0b3,student1507@synthetic.example.com,Data Analyst,average,4,14,7,9,77.8
f4e42117-e7f9-e3b3-6801-9a9d4492c9c4,student1508@synthetic.example.com,Web Developer,strong,4,24,8,9,88.9
9a15eed7-cac4-d7b3-5327-fad63440fa6e,student1509@synthetic.example.com,Web Developer,average,2,14,5,9,55.6
2fab90ac-2883-32f9-3b60-fd369f7c8b71,student1510@synthetic.example.com,Data Analyst,strong,2,20,9,9,100.0
a8cab387-4c90-ed8a-5ac8-bfba8bbb48f4,student1511@synthetic.example.com,Software Developer,strong,4,23,10,10,100.0
b77ef751-23c5-3ee3-1a8d-6e39f2101dbb,student1512@synthetic.example.com,Web Developer,weak,4,15,8,9,88.9
e65d0df8-0bff-0faa-9d8f-4eaf97faf214,student1513@synthetic.example.com,Software Developer,average,2,9,5,10,50.0
0e96db11-7480-b47a-e6a3-2c4f10083bf3,student1514@synthetic.example.com,Web Developer,strong,3,19,8,9,88.9
26bc7ead-c571-901b-f0eb-8d8bfaa5ccfc,student1515@synthetic.example.com,Cloud Engineer,average,3,23,10,10,100.0
a088044f-0193-a5fb-88e4-159fb181a616,student1516@synthetic.example.com,Software Developer,average,3,17,7,10,70.0
6e774e4a-0066-0918-9589-2741dc495cc2,student1517@synthetic.example.com,Web Developer,strong,2,17,8,9,88.9
e87dda8e-3771-6e70-dee7-82c361868474,student1518@synthetic.example.com,Software Developer,average,1,16,7,10,70.0
5e95d5f9-c6bf-3808-f448-2ff24e9da940,student1519@synthetic.example.com,Data Analyst,average,4,10,5,9,55.6
0858bcce-fd0c-09a5-0c2d-56a574002683,student1520@synthetic.example.com,Web Developer,average,3,16,9,9,100.0
8f944ee3-a8b6-2e54-5c01-87377d4a456f,student1521@synthetic.example.com,Data Analyst,average,3,12,7,9,77.8
4c595c94-8608-2164-1219-0c2615507ed4,student1522@synthetic.example.com,Web Developer,average,1,8,5,9,55.6
364198cb-c6d8-54b2-24d8-e5fd46bbe1b4,student1523@synthetic.example.com,Data Scientist,average,3,12,4,9,44.4
968bf267-4d48-f3bd-6ba6-9c3941246451,student1524@synthetic.example.com,Software Developer,average,2,20,8,10,80.0
1ee8b4e7-3a5f-0a87-c060-7479d21379ca,student1525@synthetic.example.com,Data Scientist,average,2,14,6,9,66.7
35d1fec4-db1d-00fb-edcb-f9e024e440c3,student1526@synthetic.example.com,Data Analyst,average,2,19,7,9,77.8
b5395db1-8248-73ee-f7c2-860fa99615bf,student1527@synthetic.example.com,Cybersecurity Analyst,strong,4,23,9,10,90.0
7ceffc32-4aa1-327e-d05e-beaff4cb0d63,student1528@synthetic.example.com,Web Developer,average,4,24,6,9,66.7
cbae3fd4-f0c4-8e2b-2f2c-9ce8ed94172e,student1529@synthetic.example.com,Software Developer,strong,3,22,9,10,90.0
b01e7dcc-b80d-c7e3-9d82-a58d3f72aab4,student1530@synthetic.example.com,Data Analyst,average,1,12,5,9,55.6
5227c5e5-2d79-94bd-ee55-a9f11ec6ab2b,student1531@synthetic.example.com,Software Developer,average,4,17,10,10,100.0
6e16d8b7-9dfc-8a59-6d49-7f82bf49a2ef,student1532@synthetic.example.com,Software Developer,average,1,17,5,10,50.0
bcccc251-3302-f5b2-1868-0fc43180df10,student1533@synthetic.example.com,Data Analyst,weak,2,10,6,9,66.7
e5137215-def0-e94f-edb5-d01df4c9bb0c,student1534@synthetic.example.com,Software Developer,average,4,15,9,10,90.0
6e6d481a-97fb-08ab-8216-483f3cdd3753,student1535@synthetic.example.com,Data Analyst,average,2,17,8,9,88.9
1dccb4f5-cb60-6917-226f-0e546dae130b,student1536@synthetic.example.com,Software Developer,strong,1,24,7,10,70.0
dc68a6ba-5274-1801-0664-208e8360a4b5,student1537@synthetic.example.com,Data Analyst,weak,3,5,1,9,11.1
913da4dc-1f25-852b-635b-b1be62bd5495,student1538@synthetic.example.com,Software Developer,average,1,17,7,10,70.0
f6770ec8-8d6e-393a-8a73-118528234a9e,student1539@synthetic.example.com,Cybersecurity Analyst,weak,3,13,2,10,20.0
c47b35f5-7f9d-e04b-8be5-ee985be50086,student1540@synthetic.example.com,Cloud Engineer,average,4,16,4,10,40.0
5b887512-8336-46a1-3358-d7dc878ee813,student1541@synthetic.example.com,Software Developer,strong,3,21,8,10,80.0
7a5f1a0f-2da3-cba5-f56e-1b0c429a9aac,student1542@synthetic.example.com,Web Developer,average,3,18,9,9,100.0
e2e32622-91bc-d5b9-7c2e-f8b091d78c23,student1543@synthetic.example.com,Web Developer,average,4,18,6,9,66.7
9a198adb-d92b-920b-b610-d630ed800b73,student1544@synthetic.example.com,Software Developer,average,2,15,7,10,70.0
ebfba650-75ab-2412-9964-aa5bd69b5a22,student1545@synthetic.example.com,Data Scientist,strong,4,18,8,9,88.9
21225315-f2cc-12e1-f9b3-9edf946e92c5,student1546@synthetic.example.com,Software Developer,strong,4,20,8,10,80.0
6133d80b-e71b-24bf-4f3c-79a8d2d98028,student1547@synthetic.example.com,Cybersecurity Analyst,strong,4,29,9,10,90.0
92dbc771-c4e3-4e1e-e62e-df4df62c9768,student1548@synthetic.example.com,Data Analyst,weak,4,19,7,9,77.8
49a1826c-1e15-a999-fd44-b704a2370c1c,student1549@synthetic.example.com,Software Developer,average,3,19,7,10,70.0
513213f1-8ba2-9d89-e822-5012b253b813,student1550@synthetic.example.com,Data Analyst,average,1,16,8,9,88.9
b86412c2-dea8-6d39-b85d-be841bf017c1,student1551@synthetic.example.com,Software Developer,average,3,15,9,10,90.0
9ccba1f4-e992-47bf-dd98-80afd70bc34a,student1552@synthetic.example.com,Data Analyst,strong,3,26,7,9,77.8
22ba8fef-69cb-ead2-acd5-29038daa272c,student1553@synthetic.example.com,Data Scientist,weak,4,11,5,9,55.6
08f1060f-44ee-8b38-45c3-5da1f5283ae7,student1554@synthetic.example.com,Cybersecurity Analyst,average,2,21,6,10,60.0
8287691c-949a-8f14-f577-5765f457c5b1,student1555@synthetic.example.com,Data Scientist,average,3,18,7,9,77.8
54f1ef7c-ac3e-6bb4-6d9c-ef86322e7dd3,student1556@synthetic.example.com,Software Developer,average,1,16,7,10,70.0
fe48c474-5103-8a87-dd06-54b367a7b23a,student1557@synthetic.example.com,Software Developer,average,2,14,5,10,50.0
bc0c589f-8e65-0aff-1e15-55a5834d3035,student1558@synthetic.example.com,Data Analyst,average,2,17,6,9,66.7
738f8e0c-cf78-3348-a948-e7b659914741,student1559@synthetic.example.com,Data Analyst,weak,3,8,2,9,22.2
ea4867e6-0ec4-0798-7113-91ab380df791,student1560@synthetic.example.com,Data Analyst,weak,3,11,4,9,44.4
b366244a-c97c-074f-0d1f-8101019ac88d,student1561@synthetic.example.com,Cybersecurity Analyst,weak,1,6,5,10,50.0
d1df6db2-a96b-f28f-ea0a-5a6ce958f72d,student1562@synthetic.example.com,Web Developer,weak,3,9,2,9,22.2
ba50d805-49ae-3283-c266-cf3479678829,student1563@synthetic.example.com,Data Analyst,average,2,10,4,9,44.4
55109a47-7f84-da5b-92ad-67c9a99af4c6,student1564@synthetic.example.com,Data Analyst,average,2,20,9,9,100.0
dd4d8fc3-2b44-2764-4ade-290b2d921e7c,student1565@synthetic.example.com,Cloud Engineer,average,3,19,7,10,70.0
7ddf0cd1-beb7-73c4-bc3b-79fbac7241ae,student1566@synthetic.example.com,Web Developer,strong,1,23,9,9,100.0
251443de-80a4-169c-d203-5ebeec58dc73,student1567@synthetic.example.com,Web Developer,average,4,18,7,9,77.8
710e64ea-16b9-fef7-9595-326c167a6982,student1568@synthetic.example.com,Web Developer,average,3,15,6,9,66.7
1b746073-8b5f-e723-3c04-558598cd617c,student1569@synthetic.example.com,Software Developer,average,2,16,8,10,80.0
16bb201c-9203-5e44-7c9a-64b813abd74a,student1570@synthetic.example.com,Software Developer,weak,1,10,4,10,40.0
9e92e7af-b37d-0c81-65c2-8d62167d271a,student1571@synthetic.example.com,Web Developer,average,2,15,7,9,77.8
f941f4b9-c691-4149-8dd1-eb10d21cb191,student1572@synthetic.example.com,Data Analyst,weak,4,20,8,9,88.9
217ad7d9-7c6b-73aa-5609-2a1108e4239f,student1573@synthetic.example.com,Data Analyst,average,4,15,9,9,100.0
4ba28805-2cc9-2ba6-a732-3a83d6f28766,student1574@synthetic.example.com,Data Analyst,weak,4,12,4,9,44.4
e559d646-242e-e0af-6949-0d24f0327be6,student1575@synthetic.example.com,Web Developer,strong,3,17,6,9,66.7
7373db4a-f165-f82a-e48f-39f70e478082,student1576@synthetic.example.com,Data Scientist,weak,3,8,3,9,33.3
fafc5df6-7ced-b428-e237-bd8f6c7914f9,student1577@synthetic.example.com,Cloud Engineer,strong,4,23,7,10,70.0
ef875e35-0dad-0c16-3e4a-fff2868248a3,student1578@synthetic.example.com,Software Developer,strong,2,25,8,10,80.0
70cd16db-9076-d97b-8fdc-87dbaaaa4b4a,student1579@synthetic.example.com,Software Developer,average,3,12,6,10,60.0
80650046-5508-c7fe-7f36-c05721e8107a,student1580@synthetic.example.com,Cybersecurity Analyst,average,2,21,6,10,60.0
f7bc5d01-4ded-6c9e-ad9e-7107b8713847,student1581@synthetic.example.com,Data Analyst,average,4,13,7,9,77.8
fc6d2346-ce17-caa6-739a-3fe627ae2449,student1582@synthetic.example.com,Software Developer,strong,1,20,10,10,100.0
0fe16865-9f6c-493d-4857-ff02304f8e48,student1583@synthetic.example.com,Software Developer,average,2,20,9,10,90.0
c08615c9-704c-548d-ea56-c678185abd8e,student1584@synthetic.example.com,Data Scientist,average,4,21,7,9,77.8
6200f883-3110-a252-4f41-1bedb8afb858,student1585@synthetic.example.com,Software Developer,weak,3,13,7,10,70.0
e246afb1-9289-70b3-91cb-4579467d1997,student1586@synthetic.example.com,Data Scientist,strong,3,17,4,9,44.4
6c14fe57-1f2a-4755-d9ea-148302698a5d,student1587@synthetic.example.com,Data Analyst,average,4,18,8,9,88.9
567c4e93-888b-64f2-2162-184e3613b567,student1588@synthetic.example.com,Data Analyst,strong,2,22,7,9,77.8
b79e8205-f728-2934-381c-b7e42db85589,student1589@synthetic.example.com,Web Developer,average,3,14,5,9,55.6
8d28508b-6e16-3ef9-ffc5-b093664a7b96,student1590@synthetic.example.com,Web Developer,average,4,19,8,9,88.9
683f1c0f-393e-d9f4-9496-ec35c3a9869c,student1591@synthetic.example.com,Data Analyst,strong,4,24,9,9,100.0
38b3baa1-28af-34d8-9e08-e2c2f4ceaf2a,student1592@synthetic.example.com,Data Scientist,average,3,17,6,9,66.7
92bc5b54-8913-0a10-6787-4c855e40fccb,student1593@synthetic.example.com,Web Developer,average,2,10,5,9,55.6
b29753b2-10f0-2bcc-62ce-19ac87037146,student1594@synthetic.example.com,Software Developer,strong,4,26,10,10,100.0
c997c1cb-b1f0-c896-0457-51840e13cceb,student1595@synthetic.example.com,Data Analyst,strong,2,18,9,9,100.0
b3373bb6-4176-ea0f-f163-299efdb07b1f,student1596@synthetic.example.com,Data Analyst,average,2,15,9,9,100.0
674ed278-e785-b276-23db-479fbfd2c368,student1597@synthetic.example.com,Data Analyst,strong,1,17,9,9,100.0
6b819a51-d9c0-6734-e311-01c1acda7e13,student1598@synthetic.example.com,Cloud Engineer,average,2,21,8,10,80.0
e8fe30ac-a6ac-0cf6-29c6-0f6d0d9e43b1,student1599@synthetic.example.com,Software Developer,average,2,14,7,10,70.0
31224cf3-5ccd-545b-5c1d-d9d4e77427de,student1600@synthetic.example.com,Web Developer,average,1,11,7,9,77.8
5bd25243-7fb0-d298-8289-e4ce74bd25ec,student1601@synthetic.example.com,Data Analyst,average,3,11,9,9,100.0
f4d62204-5696-eeb6-f182-98e4f9360b83,student1602@synthetic.example.com,Web Developer,average,2,11,6,9,66.7
971ccd01-4cbc-7263-a030-7a290ff2c965,student1603@synthetic.example.com,Data Analyst,average,1,14,7,9,77.8
3836a81d-74f5-fbf1-19e2-0de320198a15,student1604@synthetic.example.com,Web Developer,average,4,7,6,9,66.7
73244254-a396-4a65-d8e8-2d77e06b33da,student1605@synthetic.example.com,Software Developer,average,3,11,6,10,60.0
64896d62-9f57-037e-6675-8a366e083ca4,student1606@synthetic.example.com,Web Developer,strong,1,22,8,9,88.9
738aecdf-7086-bf65-de4c-4a07f91447d2,student1607@synthetic.example.com,Data Analyst,average,3,18,5,9,55.6
322be9da-db98-a7f7-0766-9eb82b8854a2,student1608@synthetic.example.com,Cybersecurity Analyst,average,3,23,10,10,100.0
70cc4687-63c3-34ef-e9d6-0f3efca50184,student1609@synthetic.example.com,Data Scientist,weak,3,2,0,9,0.0
629ed864-41ff-16a1-f087-532defd3bd34,student1610@synthetic.example.com,Data Scientist,average,1,17,7,9,77.8
54809d66-dd88-10b0-329d-d51ab44caf37,student1611@synthetic.example.com,Data Scientist,strong,3,24,7,9,77.8
17f26a5a-c657-4dc2-c462-eb3e088e443c,student1612@synthetic.example.com,Software Developer,average,3,19,8,10,80.0
34758acc-0602-00f9-94ff-a97c27e7d46e,student1613@synthetic.example.com,Software Developer,average,2,18,7,10,70.0
e05ecb13-0ac6-0441-7e4e-e4b66e570283,student1614@synthetic.example.com,Cybersecurity Analyst,average,4,20,9,10,90.0
716473c3-d8da-07f0-eff3-cc957546cd35,student1615@synthetic.example.com,Web Developer,strong,1,17,9,9,100.0
5fd54427-faca-6851-59fa-161b8c2e97c5,student1616@synthetic.example.com,Data Scientist,average,3,10,6,9,66.7
9aaa7466-8a65-778a-73ad-1772872d7fae,student1617@synthetic.example.com,Software Developer,weak,2,13,6,10,60.0
debbdcf2-d77f-4b27-494a-21eaf533e67a,student1618@synthetic.example.com,Cybersecurity Analyst,weak,2,8,2,10,20.0
69b668ee-5f95-a433-e604-d7faa0eafe95,student1619@synthetic.example.com,Cybersecurity Analyst,average,3,17,5,10,50.0
5e39802f-0901-d798-de39-6cf9b0288724,student1620@synthetic.example.com,Data Analyst,weak,2,8,3,9,33.3
0a5359ef-04f5-6d2d-2dc4-3c1ac40f92e7,student1621@synthetic.example.com,Data Analyst,average,4,10,5,9,55.6
684ccb61-88a8-e610-d945-b806c955fbf2,student1622@synthetic.example.com,Cybersecurity Analyst,average,3,22,7,10,70.0
7cd81573-f598-2d02-c976-d276ee019bdb,student1623@synthetic.example.com,Web Developer,strong,4,24,8,9,88.9
8e88ec91-0fa6-7d02-9f84-ea7e7cb2f0cf,student1624@synthetic.example.com,Software Developer,average,1,15,7,10,70.0
7d5e1b00-5da2-cb21-ba92-13a74051472c,student1625@synthetic.example.com,Data Analyst,average,2,19,5,9,55.6
2e62ecd4-e392-ba2f-43a5-37438d035ad8,student1626@synthetic.example.com,Software Developer,average,3,15,8,10,80.0
8b8f49f2-5aa3-acaf-2796-f1462e12f47c,student1627@synthetic.example.com,Data Analyst,average,2,15,7,9,77.8
88833e3f-b4ad-5310-51e0-fb58141fb024,student1628@synthetic.example.com,Data Analyst,average,3,20,6,9,66.7
0f248517-6835-2978-c7f6-d2e52b38db30,student1629@synthetic.example.com,Web Developer,average,2,14,7,9,77.8
f7aa913e-a37d-12de-7e08-0286211a3c2b,student1630@synthetic.example.com,Cybersecurity Analyst,strong,2,24,9,10,90.0
b770f5db-ad2f-a96b-a19a-dfc1c6d73565,student1631@synthetic.example.com,Software Developer,weak,4,9,1,10,10.0
60038ab5-b95d-e56f-0aac-0abad0cad303,student1632@synthetic.example.com,Cybersecurity Analyst,average,3,12,7,10,70.0
990f1678-a40a-e0be-9357-f1f83d8893cf,student1633@synthetic.example.com,Data Scientist,average,2,18,6,9,66.7
8288edaa-2e04-8dc7-710f-f0601975d978,student1634@synthetic.example.com,Cloud Engineer,average,4,16,6,10,60.0
699fb5ea-72ca-aa3c-cf0a-6bb84c8110b7,student1635@synthetic.example.com,Data Scientist,average,2,21,7,9,77.8
76bc044c-10f1-2720-7845-03365e86f70e,student1636@synthetic.example.com,Web Developer,average,4,18,6,9,66.7
e9c3a424-abb5-12a7-7950-1ef55745199c,student1637@synthetic.example.com,Software Developer,weak,4,9,3,10,30.0
d7acf426-12ee-497a-5adb-e6a2df7e2a57,student1638@synthetic.example.com,Software Developer,average,3,16,7,10,70.0
0ed4004f-a66b-e802-343e-1056f046af33,student1639@synthetic.example.com,Software Developer,average,1,11,5,10,50.0
984c294a-abcb-edb1-cf91-5f0e34223f5e,student1640@synthetic.example.com,Software Developer,strong,3,22,9,10,90.0
4078166f-a61a-3dc1-1c0b-1dec20b47184,student1641@synthetic.example.com,Data Analyst,strong,3,17,9,9,100.0
28fab1d1-599d-e450-9d8f-b3e6f14f49fe,student1642@synthetic.example.com,Cybersecurity Analyst,strong,1,18,7,10,70.0
185f98a2-99bd-18f0-4a33-5184979b371e,student1643@synthetic.example.com,Data Analyst,average,4,12,6,9,66.7
897600a8-f452-d90a-0e0a-5cb5a7dc2af7,student1644@synthetic.example.com,Web Developer,average,3,24,8,9,88.9
688d0e7f-589a-920c-3451-e378f0f39972,student1645@synthetic.example.com,Web Developer,average,2,10,6,9,66.7
e0c1e379-12b0-2aa5-e962-4407efdef7a4,student1646@synthetic.example.com,Data Scientist,strong,4,20,9,9,100.0
1bf7abbf-cf4d-45b4-3ffa-953b3cd9e698,student1647@synthetic.example.com,Data Scientist,weak,2,10,2,9,22.2
22701a55-2aca-3d43-f5d6-a7423d7ec881,student1648@synthetic.example.com,Cybersecurity Analyst,strong,1,28,10,10,100.0
ab367504-210e-c379-6349-b7cb0e212a18,student1649@synthetic.example.com,Web Developer,weak,4,11,4,9,44.4
db951a9e-4826-af7f-ab0f-45cd6feb15e4,student1650@synthetic.example.com,Web Developer,average,3,18,5,9,55.6
dd3bc5c0-f722-f527-6b04-f02afb05c916,student1651@synthetic.example.com,Software Developer,strong,2,23,8,10,80.0
efe8e44a-9a2e-1d91-2f55-27091c14caca,student1652@synthetic.example.com,Cybersecurity Analyst,weak,3,7,3,10,30.0
1bcd8f69-39d5-b00c-c4b2-460b2535e69d,student1653@synthetic.example.com,Software Developer,weak,3,9,5,10,50.0
2a762a83-a788-bedf-455d-dd594f639714,student1654@synthetic.example.com,Software Developer,average,3,13,7,10,70.0
b778cbf1-f9ac-0408-cb03-3916ae9fb4d4,student1655@synthetic.example.com,Cloud Engineer,average,2,16,6,10,60.0
38b79577-0a30-0c50-f379-3cdd9f67a4e0,student1656@synthetic.example.com,Web Developer,average,2,5,4,9,44.4
bf299397-5eaf-1210-3c33-38df842ee681,student1657@synthetic.example.com,Web Developer,average,1,17,3,9,33.3
0175893b-c722-2cae-47ba-c4a16af05cfb,student1658@synthetic.example.com,Web Developer,weak,3,9,2,9,22.2
d485a9cf-9c9e-4c1e-1fda-f4a60eeef1a6,student1659@synthetic.example.com,Data Analyst,average,1,20,7,9,77.8
d492be5e-2b15-aff6-acac-c9777cab39e7,student1660@synthetic.example.com,Software Developer,weak,1,10,4,10,40.0
a47b9ecb-3bde-f2ae-fff0-e3ee9aef4fc4,student1661@synthetic.example.com,Web Developer,average,4,16,8,9,88.9
cdf4324a-34cd-8c68-6d25-e70627802454,student1662@synthetic.example.com,Cloud Engineer,average,1,11,7,10,70.0
82997556-27df-d4f5-0e91-22b1a47a4734,student1663@synthetic.example.com,Data Analyst,weak,3,8,2,9,22.2
1f9bf9c4-9a45-7d06-9a67-25a49831f929,student1664@synthetic.example.com,Cloud Engineer,strong,3,20,10,10,100.0
44383492-9221-8a4c-874b-7a577373e23b,student1665@synthetic.example.com,Software Developer,weak,3,11,5,10,50.0
1deecd0e-dbf9-3207-debe-69d13906c450,student1666@synthetic.example.com,Software Developer,weak,3,6,2,10,20.0
3b090563-fa40-75af-c513-6b0095e05e5c,student1667@synthetic.example.com,Data Analyst,strong,2,24,9,9,100.0
83e33248-6459-39aa-9e19-e766c282cbbb,student1668@synthetic.example.com,Data Analyst,average,4,13,6,9,66.7
be4ca2c7-3cc6-f8df-a6de-146b23adb0f2,student1669@synthetic.example.com,Web Developer,strong,4,29,8,9,88.9
757820f2-571f-d6b6-152a-5d8d562ac4e8,student1670@synthetic.example.com,Cybersecurity Analyst,weak,2,15,5,10,50.0
e40797d1-a1dc-94a4-bff7-f22dbe856d3a,student1671@synthetic.example.com,Data Analyst,weak,1,8,2,9,22.2
d7eb1bf7-2002-42a7-f604-4b3af512e00b,student1672@synthetic.example.com,Cloud Engineer,average,2,16,5,10,50.0
886a9a21-58a5-aaaa-94a4-32def4582e00,student1673@synthetic.example.com,Data Scientist,average,3,17,7,9,77.8
b6a58cd1-6600-139e-e339-0f0aee48226f,student1674@synthetic.example.com,Web Developer,average,3,13,6,9,66.7
cb62f84b-f12f-ed2b-de13-c0789defd428,student1675@synthetic.example.com,Data Analyst,strong,3,17,8,9,88.9
64f1395a-5e68-f2c6-1d04-3d82f396bb52,student1676@synthetic.example.com,Cybersecurity Analyst,average,4,8,6,10,60.0
4730efc5-4320-131c-86af-8f80e5bfd8f6,student1677@synthetic.example.com,Cloud Engineer,weak,2,14,4,10,40.0
617da297-35d4-4502-706d-7f603feed32b,student1678@synthetic.example.com,Data Analyst,strong,3,26,8,9,88.9
aab7e51e-306f-ee06-3613-df21804958da,student1679@synthetic.example.com,Web Developer,average,3,19,8,9,88.9
85e1c028-2d80-f2c2-d73e-106318081441,student1680@synthetic.example.com,Cybersecurity Analyst,weak,2,6,2,10,20.0
8b556383-37bc-fa70-1575-e41ae745ff11,student1681@synthetic.example.com,Web Developer,strong,2,16,9,9,100.0
e6d12b67-f088-e484-dcef-a7ac3ff997bf,student1682@synthetic.example.com,Software Developer,weak,3,9,3,10,30.0
32d6a6b7-c49c-2a07-00d8-7c87f8b163b6,student1683@synthetic.example.com,Data Analyst,strong,2,21,8,9,88.9
248dca83-0f8f-5c2f-e158-a93cb1dff074,student1684@synthetic.example.com,Cybersecurity Analyst,average,4,22,8,10,80.0
dc90a721-d3c5-bac7-c45f-e9b76a0072c5,student1685@synthetic.example.com,Web Developer,average,4,21,9,9,100.0
65e6bfad-681f-e64d-bfdd-92bd37c08ef8,student1686@synthetic.example.com,Cybersecurity Analyst,average,2,18,6,10,60.0
19bed22f-802a-9e93-205e-c8f8ace6316a,student1687@synthetic.example.com,Cloud Engineer,strong,2,21,9,10,90.0
14a94bb0-eff5-836d-c3e5-1c936ff1936d,student1688@synthetic.example.com,Data Scientist,average,2,18,7,9,77.8
57591a63-223c-3ddb-fca7-fc34f499ff1b,student1689@synthetic.example.com,Data Analyst,average,3,14,7,9,77.8
41065b22-6382-85d9-97f7-209721b4f23a,student1690@synthetic.example.com,Software Developer,average,4,17,7,10,70.0
be3421eb-3e90-eff2-84ed-c5c3d88b7c3c,student1691@synthetic.example.com,Software Developer,weak,2,8,3,10,30.0
cc8c3fff-93ca-a0c9-2e0d-5dc3f3e070f2,student1692@synthetic.example.com,Data Scientist,strong,4,20,9,9,100.0
07c17d9d-6f38-fd9b-a898-9bb967ce2870,student1693@synthetic.example.com,Data Analyst,weak,2,8,4,9,44.4
0f1fb834-1a22-6a2b-41db-f49d4aa0d8bc,student1694@synthetic.example.com,Web Developer,strong,4,24,8,9,88.9
f26ce9b2-63ad-4bb3-e66c-ec9e1efaa57c,student1695@synthetic.example.com,Data Analyst,average,3,17,6,9,66.7
bcafbe5e-bb0b-a258-ad06-20f84fc62cbc,student1696@synthetic.example.com,Data Scientist,average,3,14,7,9,77.8
dfdc27e1-dddd-d272-1d73-ad64f28dcfaf,student1697@synthetic.example.com,Software Developer,average,3,16,3,10,30.0
17f19992-d178-d824-2413-1218b9938807,student1698@synthetic.example.com,Web Developer,average,2,12,3,9,33.3
2cf0bead-7ea4-f419-bf3e-c7433d72fa34,student1699@synthetic.example.com,Data Scientist,weak,3,19,5,9,55.6
13d9d20d-3f64-3f9f-48ce-e374154f9dc9,student1700@synthetic.example.com,Data Analyst,weak,3,12,2,9,22.2
cdb8ce98-818d-90a8-e66b-a5e93994e5e2,student1701@synthetic.example.com,Cloud Engineer,strong,3,29,9,10,90.0
fc69a22b-a4e9-524c-6b9d-fb408eacbe6f,student1702@synthetic.example.com,Software Developer,weak,2,8,4,10,40.0
5f0dd1e9-2a5d-0546-f74b-b3caad2e860f,student1703@synthetic.example.com,Data Analyst,strong,2,23,9,9,100.0
4b8a2abd-85fb-e84d-1891-562f578338fa,student1704@synthetic.example.com,Web Developer,strong,3,25,9,9,100.0
377ebe6e-7f06-4424-e9ec-89b2f41d90a7,student1705@synthetic.example.com,Cloud Engineer,strong,2,26,8,10,80.0
dd7fbfb2-c0ee-3f84-cb1b-55d1a70d24e4,student1706@synthetic.example.com,Data Analyst,strong,2,23,9,9,100.0
0c902eef-2fb1-73e2-e1c6-85cd261d4798,student1707@synthetic.example.com,Software Developer,weak,2,16,7,10,70.0
e7ceb9cb-ec56-4495-9f1f-ca303e0225b0,student1708@synthetic.example.com,Web Developer,strong,2,24,8,9,88.9
66b9a35a-a942-242a-ceac-7c7b00aeba57,student1709@synthetic.example.com,Web Developer,weak,1,10,3,9,33.3
51971f99-e4ec-7f9a-1558-ed5a47330f45,student1710@synthetic.example.com,Software Developer,strong,1,20,7,10,70.0
6871af77-5aee-4f04-517c-07acbf692604,student1711@synthetic.example.com,Data Scientist,average,4,16,7,9,77.8
c854351c-a9fa-d78c-cdab-0461fc1b251b,student1712@synthetic.example.com,Data Analyst,average,3,19,8,9,88.9
ca0e00cd-25c2-c242-e374-7dbb5b3e82c7,student1713@synthetic.example.com,Cloud Engineer,average,1,12,4,10,40.0
1f8e140b-a275-1617-53bb-6ced4c1f70cf,student1714@synthetic.example.com,Web Developer,weak,1,14,6,9,66.7
e095cde2-6309-9d65-bb8e-73733a9ca631,student1715@synthetic.example.com,Software Developer,average,4,19,8,10,80.0
abe33c2a-b7db-d56f-57bb-9feb3bef1870,student1716@synthetic.example.com,Cloud Engineer,weak,2,11,3,10,30.0
7da524a7-9471-cd34-c7c9-4ad7abb89c40,student1717@synthetic.example.com,Data Analyst,average,3,12,6,9,66.7
6ca2b167-8211-bfaf-b7be-6350a340e0a7,student1718@synthetic.example.com,Software Developer,weak,4,10,5,10,50.0
247062d5-74e8-c284-cfde-9969f392c602,student1719@synthetic.example.com,Cloud Engineer,average,2,18,8,10,80.0
1a6d6db3-893e-474e-47e1-0693eed1e547,student1720@synthetic.example.com,Software Developer,average,2,12,8,10,80.0
aac6dd16-2d4c-c923-e2f4-18b2eea258ea,student1721@synthetic.example.com,Software Developer,average,3,16,8,10,80.0
247050ee-95d1-a8c4-94f4-a2966bd71165,student1722@synthetic.example.com,Web Developer,weak,4,7,3,9,33.3
380812a9-3fa2-5f10-a641-e0ac2af89a84,student1723@synthetic.example.com,Software Developer,average,3,14,8,10,80.0
1b29f8f5-7a57-ee9c-0605-9e7c39f5a6f9,student1724@synthetic.example.com,Data Analyst,weak,2,7,3,9,33.3
6efb935d-ed97-ebee-e0b9-f45981446353,student1725@synthetic.example.com,Web Developer,strong,3,17,7,9,77.8
233f8844-7663-5dbf-d5c5-ce5acc5746be,student1726@synthetic.example.com,Cybersecurity Analyst,weak,1,10,3,10,30.0
0fa0ee0b-21c6-cb90-92a7-f356f3a9e1b0,student1727@synthetic.example.com,Software Developer,strong,4,26,10,10,100.0
b5ca8b99-e5cd-8385-f417-eb1488cdbc8e,student1728@synthetic.example.com,Cybersecurity Analyst,weak,3,10,5,10,50.0
500f8ea4-9806-fc29-1a55-9ede450689f4,student1729@synthetic.example.com,Data Scientist,average,1,12,4,9,44.4
468d23b2-98b8-b1b5-e0ed-944d756d349a,student1730@synthetic.example.com,Cybersecurity Analyst,weak,3,4,2,10,20.0
5e7e92e1-43b7-ba9d-9e66-2bece21b5c79,student1731@synthetic.example.com,Software Developer,average,2,21,8,10,80.0
c85187c8-299f-f613-26b0-567bc5309ace,student1732@synthetic.example.com,Software Developer,average,1,17,7,10,70.0
6d52f7b4-7f0a-081f-7713-8c1de186e79f,student1733@synthetic.example.com,Software Developer,weak,3,15,5,10,50.0
ca8e4210-489a-52c6-93ec-6c56d30f974b,student1734@synthetic.example.com,Web Developer,average,4,16,9,9,100.0
0013abcd-8668-5731-8291-4effdefd0a5c,student1735@synthetic.example.com,Software Developer,strong,2,21,10,10,100.0
18e5351d-75b0-1595-6240-c45afa35c2c5,student1736@synthetic.example.com,Web Developer,strong,2,16,7,9,77.8
4946faf7-823b-40ee-7f0b-d991db560348,student1737@synthetic.example.com,Data Analyst,average,4,19,5,9,55.6
94d8da00-dc4d-62e8-1b2d-c20703032c83,student1738@synthetic.example.com,Web Developer,weak,1,8,5,9,55.6
7e788d11-3d5e-b74c-92c9-450ff5227b3b,student1739@synthetic.example.com,Software Developer,average,3,21,8,10,80.0
5267990f-e64e-b077-5ac2-0242fe13981a,student1740@synthetic.example.com,Software Developer,average,4,15,7,10,70.0
4679216a-d048-57fb-25aa-2904df9ea16b,student1741@synthetic.example.com,Software Developer,average,4,16,6,10,60.0
70dfdd73-88a0-8c72-6bfa-a459fb377131,student1742@synthetic.example.com,Cybersecurity Analyst,weak,3,8,2,10,20.0
17917484-735f-8359-fdc9-6c2a6212e60a,student1743@synthetic.example.com,Web Developer,average,1,11,6,9,66.7
9eed0440-62a3-ef77-f62a-79770b7cab23,student1744@synthetic.example.com,Web Developer,average,1,14,7,9,77.8
7a43a0d4-1863-4591-9ddd-0c62de2b0eea,student1745@synthetic.example.com,Data Analyst,average,4,12,8,9,88.9
e6ee3055-92cf-ec85-1f25-305d0ceacb4f,student1746@synthetic.example.com,Cloud Engineer,strong,1,25,9,10,90.0
c01436de-b58b-d0f8-1599-17b2a471679f,student1747@synthetic.example.com,Data Scientist,average,1,14,5,9,55.6
b3ddb501-57af-3d1f-6bef-6c9ff4e3bb85,student1748@synthetic.example.com,Web Developer,strong,1,18,8,9,88.9
c2236c50-2a4e-edf6-fedc-2bcbebb2e703,student1749@synthetic.example.com,Software Developer,strong,3,22,10,10,100.0
236e303d-2a38-8d90-3f9c-6d0c361949c5,student1750@synthetic.example.com,Cybersecurity Analyst,average,2,16,7,10,70.0
6a52f70a-c778-826d-0c4e-872c346d22c5,student1751@synthetic.example.com,Data Scientist,average,3,13,6,9,66.7
ea703227-f313-1f77-9203-a9ea7bed1813,student1752@synthetic.example.com,Cloud Engineer,strong,3,28,9,10,90.0
24bca882-1000-73b9-f97c-538d75ef7cf2,student1753@synthetic.example.com,Data Analyst,average,3,12,8,9,88.9
9e6206ba-c783-12bc-ddff-fbccf0321294,student1754@synthetic.example.com,Web Developer,average,4,16,7,9,77.8
4ef10844-33e2-0cb1-052f-5ee3d8f3c80d,student1755@synthetic.example.com,Cloud Engineer,average,2,22,7,10,70.0
a1802260-e125-6940-0265-25c0506f32e0,student1756@synthetic.example.com,Data Analyst,average,2,12,8,9,88.9
8b60f5a9-b66b-07eb-405e-7c7700c6ad15,student1757@synthetic.example.com,Cloud Engineer,average,3,12,5,10,50.0
1ec18f4e-eeb5-6fce-129d-589ddb8c0e0d,student1758@synthetic.example.com,Data Analyst,weak,3,7,4,9,44.4
3a9b0cd2-429f-69ea-296b-3a811d47f62a,student1759@synthetic.example.com,Software Developer,average,3,8,5,10,50.0
1863c5c4-9ca5-2e69-ecf3-f53fb8128190,student1760@synthetic.example.com,Software Developer,weak,3,9,2,10,20.0
c1369d85-e609-e2ac-3840-da6c3de2da16,student1761@synthetic.example.com,Cloud Engineer,average,2,17,8,10,80.0
2804064b-0437-640d-178b-008bf30e52ec,student1762@synthetic.example.com,Cybersecurity Analyst,strong,3,22,9,10,90.0
91ebe878-5c00-e2b8-df00-36cf0c709e9c,student1763@synthetic.example.com,Software Developer,strong,3,24,7,10,70.0
da5ef8d1-4265-65a2-a902-99dd54ea70a5,student1764@synthetic.example.com,Data Scientist,strong,4,21,9,9,100.0
7622d889-1dec-1eb5-387f-d054fb81f5ab,student1765@synthetic.example.com,Software Developer,average,4,17,8,10,80.0
db81baa5-f260-f36b-9348-cb78b2b0a47a,student1766@synthetic.example.com,Software Developer,average,2,16,6,10,60.0
0586b104-57d8-4030-e1a0-cfa9e3c587d8,student1767@synthetic.example.com,Software Developer,average,2,14,6,10,60.0
3dd0029c-2626-182a-5aa1-570826565277,student1768@synthetic.example.com,Cybersecurity Analyst,weak,2,8,2,10,20.0
a5604830-f976-023f-8e6d-00672fcea0b4,student1769@synthetic.example.com,Cloud Engineer,average,2,11,6,10,60.0
6a0a23a3-df9e-1747-dd0d-c0216e02914f,student1770@synthetic.example.com,Cybersecurity Analyst,average,3,12,8,10,80.0
a3fc2737-7d85-8975-5ce4-5aeb4a2edc5d,student1771@synthetic.example.com,Software Developer,strong,3,22,10,10,100.0
75af5c51-e022-bc0b-e97f-4ce63a5ccab2,student1772@synthetic.example.com,Cybersecurity Analyst,weak,2,10,5,10,50.0
34d9678f-e676-f87d-2213-974cc8cf255c,student1773@synthetic.example.com,Software Developer,average,4,17,7,10,70.0
22a85aec-38a0-171e-50bc-a56cda53402b,student1774@synthetic.example.com,Cybersecurity Analyst,average,2,19,5,10,50.0
01b0f942-2b71-95c5-9067-20700c96da52,student1775@synthetic.example.com,Web Developer,weak,4,14,5,9,55.6
6d87cd02-060c-5631-2e68-08eede1e88cf,student1776@synthetic.example.com,Cybersecurity Analyst,average,1,10,6,10,60.0
98cd7787-a3f7-8c26-361e-89e02e07ff80,student1777@synthetic.example.com,Cloud Engineer,strong,3,23,9,10,90.0
fe2cc419-a873-b0ae-0065-b1e4ec7459fa,student1778@synthetic.example.com,Cybersecurity Analyst,average,2,25,7,10,70.0
225788cc-f3c8-b5ed-3cad-46432a369718,student1779@synthetic.example.com,Data Analyst,average,2,18,7,9,77.8
8ee7b59b-3f76-29a1-05c0-86d07bee1533,student1780@synthetic.example.com,Web Developer,strong,3,19,9,9,100.0
06874bed-be54-b7fc-acf2-078d7248c24c,student1781@synthetic.example.com,Web Developer,average,4,12,6,9,66.7
dff6701f-e85a-3134-7a5b-cf56ca81d50a,student1782@synthetic.example.com,Data Analyst,weak,2,5,1,9,11.1
40d0bb00-e03c-f632-17fb-879353be63fe,student1783@synthetic.example.com,Web Developer,weak,3,13,6,9,66.7
927c2076-e560-20ed-77e1-4a64f1ba3b59,student1784@synthetic.example.com,Cybersecurity Analyst,weak,1,4,2,10,20.0
6d28c9f8-68b1-f88b-a890-aaf3b877e186,student1785@synthetic.example.com,Data Scientist,strong,2,23,9,9,100.0
bef20d7d-939c-e3aa-a310-90bee694ebe3,student1786@synthetic.example.com,Web Developer,weak,1,10,2,9,22.2
19b676fa-33e7-f7a6-a05a-e19b2c51da56,student1787@synthetic.example.com,Web Developer,strong,3,19,7,9,77.8
c3901004-23ee-b73a-205d-dcc1dea4cac5,student1788@synthetic.example.com,Software Developer,strong,2,14,7,10,70.0
4920141b-6eed-7b2c-ca14-c9822a0eb84e,student1789@synthetic.example.com,Data Analyst,average,4,21,7,9,77.8
27dec25b-6328-0c8b-ec12-da0d640d424f,student1790@synthetic.example.com,Software Developer,average,3,21,8,10,80.0
123c1c97-2089-761f-c9a1-e33201639926,student1791@synthetic.example.com,Cybersecurity Analyst,strong,2,22,8,10,80.0
d877cbdf-9f9f-eb69-1226-a233df4bc553,student1792@synthetic.example.com,Data Analyst,average,2,12,4,9,44.4
8d5a8f0c-6f54-3988-ae82-27ad086313b8,student1793@synthetic.example.com,Software Developer,weak,3,11,5,10,50.0
b755e0d5-f31b-0dca-fafa-b37b8ffdbd80,student1794@synthetic.example.com,Data Analyst,weak,4,11,5,9,55.6
c9b3d09e-7f04-98e6-b8cf-1885f52b10cc,student1795@synthetic.example.com,Data Analyst,average,3,10,4,9,44.4
d2029445-eb58-edd9-dbc6-04b880b18633,student1796@synthetic.example.com,Software Developer,weak,3,11,7,10,70.0
343e41bf-a654-c790-d052-af5d92637789,student1797@synthetic.example.com,Web Developer,weak,3,5,3,9,33.3
e1730f12-6f78-8fa8-84c0-56cfb44a54a9,student1798@synthetic.example.com,Cybersecurity Analyst,strong,1,20,7,10,70.0
af25b7a5-666c-59b5-4f4e-552ad13a6e34,student1799@synthetic.example.com,Data Scientist,weak,3,14,5,9,55.6
7112212b-2a40-13cf-c947-059ccbc30185,student1800@synthetic.example.com,Data Analyst,strong,4,22,9,9,100.0
28ce015a-d5f6-d36a-17ae-33cb2ec7869a,student1801@synthetic.example.com,Web Developer,weak,1,9,4,9,44.4
39c476bd-c55d-9d2c-6535-5d3ac5396fbf,student1802@synthetic.example.com,Web Developer,average,3,15,5,9,55.6
d86a5f93-3547-fe7d-5c85-a2b5df0cfeed,student1803@synthetic.example.com,Data Scientist,weak,3,10,3,9,33.3
fdce3025-6dfb-a7a3-5617-71d25e34d5d5,student1804@synthetic.example.com,Data Analyst,strong,3,21,9,9,100.0
b8456b4a-09c7-889e-df54-2804535fb76f,student1805@synthetic.example.com,Software Developer,average,2,17,7,10,70.0
73ac88dd-132b-9911-d510-ec934fff85ad,student1806@synthetic.example.com,Cloud Engineer,average,2,12,7,10,70.0
38affaf2-64fa-7ec3-0dbe-8d8affef0aa0,student1807@synthetic.example.com,Data Scientist,weak,3,9,3,9,33.3
48947eb0-f53f-fa9d-a630-507a74b480c6,student1808@synthetic.example.com,Web Developer,weak,4,8,3,9,33.3
fd8be908-24e8-0bb3-6294-b89d265ff5d6,student1809@synthetic.example.com,Cloud Engineer,strong,3,28,8,10,80.0
ae5e0cb5-b88c-3785-32fc-beef985a52e0,student1810@synthetic.example.com,Data Analyst,strong,2,23,9,9,100.0
2982dc6d-28f6-f911-07df-7387834a3017,student1811@synthetic.example.com,Software Developer,average,2,10,9,10,90.0
0214a089-e367-55c3-6765-b4e705591701,student1812@synthetic.example.com,Data Scientist,strong,3,22,9,9,100.0
60b7ffea-f2e9-4f0a-f5a7-43ffe32e9b8e,student1813@synthetic.example.com,Web Developer,weak,1,14,4,9,44.4
f108ad6d-165c-3efd-9de6-799d572fa4db,student1814@synthetic.example.com,Software Developer,average,3,20,10,10,100.0
8eb2a4c8-d6d7-c5ea-59e2-460d48cea229,student1815@synthetic.example.com,Data Scientist,strong,4,25,8,9,88.9
23996c67-8465-af92-361e-13d5f88474f4,student1816@synthetic.example.com,Data Analyst,weak,3,5,4,9,44.4
568311b3-07eb-b625-cdc2-1755d5386b03,student1817@synthetic.example.com,Software Developer,weak,1,6,1,10,10.0
00e3cd3a-5742-7eb1-b498-ebecbfd580aa,student1818@synthetic.example.com,Cloud Engineer,weak,1,11,4,10,40.0
62cfd6d9-bf48-df47-9663-1e0ba8e36daa,student1819@synthetic.example.com,Software Developer,average,3,18,9,10,90.0
5c2e2b5a-e55f-5172-c53b-5bb0b4b63976,student1820@synthetic.example.com,Cloud Engineer,average,3,23,4,10,40.0
1b2cd4d2-0d81-cd5d-73b5-bcbe1cf996c7,student1821@synthetic.example.com,Web Developer,weak,4,10,4,9,44.4
94f44942-d430-d41f-1a4d-bf99cbe050f7,student1822@synthetic.example.com,Software Developer,weak,3,9,6,10,60.0
d0618546-0e52-9398-bc34-b4df2256aaa2,student1823@synthetic.example.com,Cybersecurity Analyst,weak,2,8,5,10,50.0
1c13a1b1-b78d-192b-8667-ea37c2cc9607,student1824@synthetic.example.com,Data Analyst,average,2,11,6,9,66.7
ef359375-2822-b779-b10e-737b14083755,student1825@synthetic.example.com,Data Analyst,strong,2,19,7,9,77.8
a201d56a-d9e3-369c-6654-0b96cde14fed,student1826@synthetic.example.com,Web Developer,weak,1,11,4,9,44.4
659de736-0620-1373-9a1b-45fb99d1a353,student1827@synthetic.example.com,Software Developer,strong,3,23,10,10,100.0
f6ee9abe-9310-9f11-8e55-cde411246328,student1828@synthetic.example.com,Software Developer,strong,4,24,9,10,90.0
8b93633e-3c8e-e1ad-51d7-dc9578ea5084,student1829@synthetic.example.com,Data Scientist,strong,2,21,9,9,100.0
94599167-c490-9665-0144-e7e58fb7d432,student1830@synthetic.example.com,Web Developer,average,1,21,7,9,77.8
19efa32b-fcd8-66d3-9ef0-2032c685b082,student1831@synthetic.example.com,Data Scientist,average,1,12,5,9,55.6
671f7146-befd-d9a2-fb69-a10b6826fefe,student1832@synthetic.example.com,Cloud Engineer,average,3,17,6,10,60.0
d46a434e-0f78-b23e-cc1b-06f9f15e9390,student1833@synthetic.example.com,Software Developer,average,3,15,8,10,80.0
012a9b4c-84b1-1a74-5180-02d43a699095,student1834@synthetic.example.com,Cybersecurity Analyst,weak,3,11,5,10,50.0
73161c95-f1cf-1087-363d-9c33ede47a7f,student1835@synthetic.example.com,Web Developer,strong,4,19,8,9,88.9
6c9ba7ce-174a-03b2-7e52-c53f974d4c72,student1836@synthetic.example.com,Data Analyst,average,3,16,7,9,77.8
fa0be236-a32d-dce0-5900-650e1d7037fc,student1837@synthetic.example.com,Data Scientist,average,4,14,8,9,88.9
c1ed7757-aff6-9ffb-7847-55978c9160ab,student1838@synthetic.example.com,Data Analyst,strong,3,13,9,9,100.0
592f1fe6-7ba8-bc28-385f-6de7a33af146,student1839@synthetic.example.com,Cybersecurity Analyst,weak,2,3,1,10,10.0
66b90bfa-7cdc-8a6b-6564-bdddcd6ad0b7,student1840@synthetic.example.com,Web Developer,average,2,15,8,9,88.9
3fa75f30-a9e6-f3b7-6834-ac7f41f6cbbf,student1841@synthetic.example.com,Cybersecurity Analyst,weak,1,7,4,10,40.0
38ef961c-afa3-1bbc-bcae-34dbe58a27ee,student1842@synthetic.example.com,Data Analyst,strong,2,18,9,9,100.0
d85d8b7b-4a3a-c55b-f28b-a49491d7aeb2,student1843@synthetic.example.com,Data Scientist,average,2,22,7,9,77.8
495eeab3-5ef3-d53f-de59-ceb057685d21,student1844@synthetic.example.com,Data Scientist,average,4,18,8,9,88.9
2862bab4-e5ca-f5f4-d313-6c61b0850b98,student1845@synthetic.example.com,Software Developer,strong,3,25,10,10,100.0
a38f3ac1-5769-a533-d5ca-d6bc0db53d84,student1846@synthetic.example.com,Software Developer,weak,2,11,7,10,70.0
82019d8a-ea84-282a-4566-cc4c7f35069a,student1847@synthetic.example.com,Cloud Engineer,strong,1,24,9,10,90.0
c3c0441e-962f-db65-1031-5bec1dc2896a,student1848@synthetic.example.com,Data Analyst,average,3,17,6,9,66.7
d5fa7d51-69f2-e8d1-d23f-7eec768ebdba,student1849@synthetic.example.com,Data Scientist,weak,4,10,3,9,33.3
cf4cbc74-1b75-3981-0a38-853050e7500f,student1850@synthetic.example.com,Cybersecurity Analyst,average,3,19,8,10,80.0
3b3d2253-a1df-9e7e-1977-825543808e5b,student1851@synthetic.example.com,Data Scientist,weak,4,15,2,9,22.2
461e69c7-497f-4844-b55c-470e1f06b9f4,student1852@synthetic.example.com,Cloud Engineer,strong,2,33,9,10,90.0
5b00e6d9-688e-0458-57f2-dbbf2891f841,student1853@synthetic.example.com,Data Analyst,weak,2,11,5,9,55.6
b61bb23f-ddfd-fbfa-810e-641239c3e82a,student1854@synthetic.example.com,Data Analyst,average,4,19,6,9,66.7
81616b05-e6c9-3f56-f828-f074aa5642da,student1855@synthetic.example.com,Web Developer,average,3,13,6,9,66.7
5c0c62c7-9557-685e-bf6f-44c249439c8a,student1856@synthetic.example.com,Data Scientist,average,2,13,6,9,66.7
f013f6cf-d37d-eb78-4b0a-d038fd2c7b01,student1857@synthetic.example.com,Data Analyst,average,4,19,8,9,88.9
5dbbd1f0-74ab-ab16-31f2-a9529ac2862c,student1858@synthetic.example.com,Software Developer,strong,3,19,10,10,100.0
879614cb-99fb-3449-d26a-de75bdf166cc,student1859@synthetic.example.com,Data Analyst,average,3,16,6,9,66.7
0f470d7f-8d73-ef83-5c5b-f1d14d2b77a3,student1860@synthetic.example.com,Cybersecurity Analyst,average,2,13,3,10,30.0
19e9abf9-4997-1cf2-e0e6-50b09a31755b,student1861@synthetic.example.com,Data Scientist,strong,4,21,9,9,100.0
36517906-39ab-4c7b-78c7-724586f722c1,student1862@synthetic.example.com,Cloud Engineer,strong,3,23,7,10,70.0
37da5209-9649-2f0e-d856-07400a44c0de,student1863@synthetic.example.com,Data Analyst,weak,2,5,1,9,11.1
a7cdd1cc-3f98-a1fb-0152-148e60390b23,student1864@synthetic.example.com,Software Developer,average,4,20,9,10,90.0
7a4e50c0-c64a-9507-27a4-00be9650590a,student1865@synthetic.example.com,Software Developer,strong,2,21,10,10,100.0
13148cd6-e13a-5536-f3ea-a109ef8a4547,student1866@synthetic.example.com,Web Developer,strong,3,29,9,9,100.0
bc8d0f88-9947-2d68-8f0f-0473c094a6d4,student1867@synthetic.example.com,Data Analyst,weak,3,11,6,9,66.7
4ba85ad1-9669-0f9a-02d8-7a6eb74d95a4,student1868@synthetic.example.com,Cybersecurity Analyst,average,3,21,7,10,70.0
5eadbfa8-3c41-ec69-4f29-ae8aab19de5e,student1869@synthetic.example.com,Cybersecurity Analyst,average,1,21,7,10,70.0
d6d9efa4-08ac-98f7-9fb9-3af296c93882,student1870@synthetic.example.com,Data Scientist,strong,4,20,8,9,88.9
2b714daf-fcc9-be91-2444-51dc14fbf384,student1871@synthetic.example.com,Data Analyst,average,2,19,6,9,66.7
12b5afc2-e437-f0f7-544a-8534483bc3fb,student1872@synthetic.example.com,Data Analyst,strong,4,25,9,9,100.0
e3fa3be8-bb0d-9f4c-905f-d35673c41e1e,student1873@synthetic.example.com,Cybersecurity Analyst,average,4,17,6,10,60.0
7267dcbf-191c-c1f1-cf61-47076de8954b,student1874@synthetic.example.com,Data Scientist,average,4,19,7,9,77.8
9adae23d-1ea2-281b-a1c2-a95ec46801aa,student1875@synthetic.example.com,Cybersecurity Analyst,strong,2,25,10,10,100.0
e5009680-f816-92bd-d599-986dc7a47846,student1876@synthetic.example.com,Web Developer,strong,4,16,9,9,100.0
3a6992bf-c6dd-972a-c261-42b25e7013a6,student1877@synthetic.example.com,Data Analyst,strong,4,22,9,9,100.0
e62e9dbc-c0d3-1655-e19a-b92b81da4365,student1878@synthetic.example.com,Data Scientist,weak,3,10,4,9,44.4
2ca2257a-ecfd-1555-56ac-06987f846ba4,student1879@synthetic.example.com,Cloud Engineer,average,2,12,9,10,90.0
b3f9e742-70d3-de82-c4db-7017cfeafd12,student1880@synthetic.example.com,Web Developer,average,3,15,9,9,100.0
6d14e22c-9f31-9a1e-9251-011d3b669506,student1881@synthetic.example.com,Cloud Engineer,average,3,13,5,10,50.0
ed510feb-46d9-7b54-adfa-eae6f8b169ec,student1882@synthetic.example.com,Web Developer,average,3,12,6,9,66.7
8f6b421a-db21-4fcf-235b-3eec3f256c97,student1883@synthetic.example.com,Software Developer,strong,2,20,8,10,80.0
41af5e59-385f-1dc1-db60-63b2cfea043b,student1884@synthetic.example.com,Web Developer,average,4,22,8,9,88.9
b6ebdb5e-0a08-980e-f273-9891b52f06dd,student1885@synthetic.example.com,Data Analyst,average,2,14,7,9,77.8
dc8b23cf-ff12-f8bc-51e4-fb51df8c209a,student1886@synthetic.example.com,Cybersecurity Analyst,weak,2,15,5,10,50.0
e9a0669c-fd69-53ac-c4fb-e186e37e2e71,student1887@synthetic.example.com,Data Scientist,average,4,13,5,9,55.6
330dbe4e-33c1-1404-1a07-c8881633f11f,student1888@synthetic.example.com,Data Scientist,weak,2,4,3,9,33.3
f4ba3012-b9a6-8cce-9576-116e5fc7458d,student1889@synthetic.example.com,Data Scientist,weak,4,12,4,9,44.4
c4512363-e4b5-2217-066e-52b3920e076d,student1890@synthetic.example.com,Web Developer,average,2,12,5,9,55.6
910251c2-8e29-d169-6904-231a33c9ca2c,student1891@synthetic.example.com,Software Developer,average,3,17,7,10,70.0
7ab3e430-deb8-09e6-b7fc-f61bbcba70c6,student1892@synthetic.example.com,Data Analyst,weak,2,10,4,9,44.4
d44f7779-b8da-9e53-9d2d-e0b856913d3f,student1893@synthetic.example.com,Data Analyst,weak,4,9,2,9,22.2
801defc4-b602-fb03-c64d-048d6022e74f,student1894@synthetic.example.com,Cybersecurity Analyst,average,3,14,7,10,70.0
d25fad61-e153-c2ea-d946-ae2819e7688e,student1895@synthetic.example.com,Software Developer,average,3,15,9,10,90.0
5da0314d-d133-0f74-ead7-e2f3c5dee1d5,student1896@synthetic.example.com,Web Developer,strong,1,22,9,9,100.0
dd4c7617-9e05-014c-3d54-9ed18ebe9477,student1897@synthetic.example.com,Software Developer,weak,3,9,4,10,40.0
da8898aa-a5f2-2fa0-5b9b-f501fa1fa763,student1898@synthetic.example.com,Data Analyst,average,2,15,7,9,77.8
594198d6-54c2-7a90-ae1d-2393ba1d0a8b,student1899@synthetic.example.com,Software Developer,strong,2,22,8,10,80.0
a42b033d-e858-3874-733a-d5dc56b1ffda,student1900@synthetic.example.com,Web Developer,average,1,16,9,9,100.0
65952c4d-6641-71ac-bf8d-602b47945537,student1901@synthetic.example.com,Data Scientist,strong,2,21,7,9,77.8
014b0a4a-f0e2-1d26-eb43-4032e6cc94a7,student1902@synthetic.example.com,Data Analyst,weak,1,7,2,9,22.2
ad7c9e38-f6b6-8c7c-fc80-ee6587d6c293,student1903@synthetic.example.com,Software Developer,weak,4,8,4,10,40.0
a1eb923a-5edb-7f5a-5cad-507d67583c10,student1904@synthetic.example.com,Cybersecurity Analyst,strong,3,22,10,10,100.0
4c07436f-68c8-7b96-50e9-0bb064993144,student1905@synthetic.example.com,Data Scientist,average,3,12,8,9,88.9
4225aada-8af1-789c-5641-33b4515395ef,student1906@synthetic.example.com,Data Scientist,strong,3,22,8,9,88.9
8356a54d-af64-8db0-ef57-3ff9d8571a4b,student1907@synthetic.example.com,Software Developer,weak,2,12,4,10,40.0
fd46cb47-c73d-469e-cd3c-c65db02681b4,student1908@synthetic.example.com,Cybersecurity Analyst,average,4,19,6,10,60.0
33eb6bbc-f647-b124-ef0c-a1289d6da18d,student1909@synthetic.example.com,Cybersecurity Analyst,average,4,10,3,10,30.0
e6f65c8f-6f0b-85fc-16d3-386dd1e00ccf,student1910@synthetic.example.com,Data Scientist,average,3,12,6,9,66.7
6165f4f9-7fb3-7e00-d7c0-9d8541fc43ab,student1911@synthetic.example.com,Software Developer,strong,3,23,10,10,100.0
1ff938df-e116-559a-a5c8-d6758ccaa0c9,student1912@synthetic.example.com,Web Developer,strong,2,16,8,9,88.9
4d13ff4b-33d1-5143-2a2b-cedb73122df9,student1913@synthetic.example.com,Data Analyst,average,3,19,9,9,100.0
36470a3a-cbd8-46b6-a8c8-e30ffc436233,student1914@synthetic.example.com,Web Developer,weak,3,8,1,9,11.1
1ca91d4e-2395-cc32-a58a-f5ddaf32a9b6,student1915@synthetic.example.com,Cybersecurity Analyst,weak,1,10,4,10,40.0
67027423-6be7-fce2-0912-e38d73d91b55,student1916@synthetic.example.com,Web Developer,strong,2,21,9,9,100.0
4c40d3ac-2917-5d2d-e11d-c399632d2620,student1917@synthetic.example.com,Software Developer,average,2,14,6,10,60.0
12120ce0-75da-0a00-c44a-1e316c0ee5cb,student1918@synthetic.example.com,Cybersecurity Analyst,average,2,20,7,10,70.0
6fd4caba-3102-b9c0-21eb-dd17ab8011b1,student1919@synthetic.example.com,Cloud Engineer,average,2,20,7,10,70.0
49e92822-eb94-1696-cce9-c2ca0b1fb0f8,student1920@synthetic.example.com,Data Analyst,weak,1,12,4,9,44.4
6cf7eebe-d66b-b224-1031-f3699de2862c,student1921@synthetic.example.com,Web Developer,strong,1,25,8,9,88.9
a8674738-042e-3e93-e029-188812ed9c48,student1922@synthetic.example.com,Software Developer,weak,3,12,5,10,50.0
0f310abb-0bdb-972f-2cb7-05541db3056e,student1923@synthetic.example.com,Data Scientist,average,2,11,4,9,44.4
974a1f8b-1867-7e94-66a1-c55c46aef3fc,student1924@synthetic.example.com,Software Developer,weak,2,5,2,10,20.0
57f44e83-47cf-0b80-e52b-321e5546d113,student1925@synthetic.example.com,Cloud Engineer,weak,2,7,1,10,10.0
83f4f43d-f828-2f50-3dea-f65d3998018f,student1926@synthetic.example.com,Web Developer,average,3,18,9,9,100.0
8a3c5704-6b84-cae2-2897-7cbabc4eb05c,student1927@synthetic.example.com,Software Developer,strong,2,15,8,10,80.0
ccca6e5f-ff87-4389-0bee-87a55619dbb5,student1928@synthetic.example.com,Web Developer,average,2,17,8,9,88.9
1c8d329a-2277-0a1c-4879-c3d576718c91,student1929@synthetic.example.com,Data Analyst,average,3,15,6,9,66.7
c7419b21-139d-2acf-4ce0-7fcf5b7ee83a,student1930@synthetic.example.com,Web Developer,weak,4,17,7,9,77.8
6fab6da3-f172-3db6-6575-514499d14ffa,student1931@synthetic.example.com,Data Scientist,average,1,14,5,9,55.6
bcc08342-22e2-6cde-d67d-34e72558bea8,student1932@synthetic.example.com,Software Developer,average,2,13,5,10,50.0
b2c62ef3-0c1c-0635-429b-80605a291233,student1933@synthetic.example.com,Cloud Engineer,strong,3,18,8,10,80.0
7d191121-02af-ad5e-2ab3-8b3458489e3f,student1934@synthetic.example.com,Data Analyst,average,4,13,5,9,55.6
3b845f74-9f94-fe29-fd08-78bbe486d776,student1935@synthetic.example.com,Data Analyst,average,3,11,6,9,66.7
1c6ca9cb-1c30-93ba-fef5-3dc178672c0f,student1936@synthetic.example.com,Software Developer,average,1,19,9,10,90.0
52e9701b-4df6-f087-1c34-2ab4f827db30,student1937@synthetic.example.com,Web Developer,average,4,21,9,9,100.0
cc7119f2-5de2-a159-6780-5ad481e5a131,student1938@synthetic.example.com,Software Developer,average,4,15,5,10,50.0
43fe6020-5f76-d99f-da58-2212d0c8fff8,student1939@synthetic.example.com,Cloud Engineer,weak,1,7,2,10,20.0
8b44e7a7-0d7d-d1b7-3c8e-7675376ca6e3,student1940@synthetic.example.com,Cybersecurity Analyst,average,2,15,6,10,60.0
158b003d-e341-567c-cd90-e5d35633db74,student1941@synthetic.example.com,Data Scientist,average,2,14,4,9,44.4
84a857fe-70fb-0a87-36fe-5014bde536b9,student1942@synthetic.example.com,Data Analyst,average,3,13,6,9,66.7
b043fe23-46b5-cda6-c1dd-1f0934acf2a1,student1943@synthetic.example.com,Web Developer,weak,1,6,2,9,22.2
2f5497be-2fa8-23fc-6382-a2a84c6dc805,student1944@synthetic.example.com,Cybersecurity Analyst,strong,3,26,8,10,80.0
76175f72-8bd7-2d03-e882-fcb6fbf3715c,student1945@synthetic.example.com,Software Developer,average,2,10,6,10,60.0
54dee346-0e4c-774b-8a88-6f422f610c86,student1946@synthetic.example.com,Cloud Engineer,average,2,13,7,10,70.0
18f52daf-627d-a6d4-a477-bd0512c3679a,student1947@synthetic.example.com,Cloud Engineer,strong,3,19,7,10,70.0
43cc4c5b-ac55-1947-dad9-30971e685cd9,student1948@synthetic.example.com,Cloud Engineer,strong,3,19,10,10,100.0
984f6f4b-04a2-84a6-dd5d-8c2b89cd0b29,student1949@synthetic.example.com,Cybersecurity Analyst,strong,3,25,10,10,100.0
41b01319-df40-0951-a4b2-013f8f080a00,student1950@synthetic.example.com,Data Scientist,average,3,17,9,9,100.0
04e0d3e3-228a-5828-71cd-ebf9c2d1ccf8,student1951@synthetic.example.com,Web Developer,average,4,17,8,9,88.9
864d83d2-b9ea-21d9-3c56-ceea3a41049f,student1952@synthetic.example.com,Data Analyst,average,1,12,7,9,77.8
74802c28-0560-34a1-992e-05bfd16bd66f,student1953@synthetic.example.com,Software Developer,average,1,15,8,10,80.0
917fa72d-9c2f-3f4b-c9f5-02733bf78818,student1954@synthetic.example.com,Data Analyst,average,3,13,8,9,88.9
4728d182-71c8-3d0b-def9-9d10b9c440c8,student1955@synthetic.example.com,Software Developer,strong,3,25,9,10,90.0
82d6f44f-dd01-ac78-cd47-7e52168736f2,student1956@synthetic.example.com,Software Developer,weak,1,11,3,10,30.0
f76bc003-f199-f99a-b6f6-dfb8a5f021a3,student1957@synthetic.example.com,Software Developer,average,3,19,5,10,50.0
838c2d66-cca0-981f-eec4-a7152e1b3b07,student1958@synthetic.example.com,Web Developer,average,2,22,7,9,77.8
f56aa628-fa8a-fa6a-f93b-e478b07ecb73,student1959@synthetic.example.com,Cybersecurity Analyst,weak,2,6,3,10,30.0
828b7525-244a-fe75-f6bc-a6438ce85991,student1960@synthetic.example.com,Software Developer,average,3,11,6,10,60.0
8916d5cd-e294-66e9-806d-20df39d5640a,student1961@synthetic.example.com,Cloud Engineer,average,3,16,7,10,70.0
06b170d2-1529-2e83-8f3b-3003a8cee11e,student1962@synthetic.example.com,Cybersecurity Analyst,weak,2,13,5,10,50.0
0bc6b567-0a71-6db8-ea0a-f772fb958f66,student1963@synthetic.example.com,Cybersecurity Analyst,average,2,20,7,10,70.0
058cdfed-d671-7cfd-512d-f1bc025d2623,student1964@synthetic.example.com,Software Developer,weak,1,8,4,10,40.0
9b520c9b-5979-0c7b-9be6-748bc10a4ea1,student1965@synthetic.example.com,Software Developer,average,4,16,8,10,80.0
a3ff5e7b-e7e4-57df-3294-3678db4b5b64,student1966@synthetic.example.com,Web Developer,average,3,11,7,9,77.8
06d11a23-fa6a-466e-ae16-be767fb771c8,student1967@synthetic.example.com,Data Scientist,average,3,18,7,9,77.8
ac7c0469-6b4e-4d79-6a40-2c0743f1774d,student1968@synthetic.example.com,Cloud Engineer,average,4,13,5,10,50.0
02bc7719-67f5-93d2-77d6-585d4c9c48dd,student1969@synthetic.example.com,Cybersecurity Analyst,weak,2,7,4,10,40.0
179b9fa9-3a1b-797e-071c-e3b49816065f,student1970@synthetic.example.com,Data Analyst,average,3,18,7,9,77.8
2c6c71eb-e262-55eb-8b11-4877fbbd22aa,student1971@synthetic.example.com,Data Analyst,average,3,12,5,9,55.6
16279593-315b-3e98-d799-185c2aec9f85,student1972@synthetic.example.com,Software Developer,weak,1,10,6,10,60.0
f49593b2-2b70-16fe-94ea-805ed8c29722,student1973@synthetic.example.com,Cloud Engineer,weak,3,15,6,10,60.0
124e2ca3-b2bb-726e-dccf-3390f13195d0,student1974@synthetic.example.com,Web Developer,average,1,12,7,9,77.8
a71bffa0-9308-efa1-81bc-040f5277778e,student1975@synthetic.example.com,Data Scientist,weak,1,9,2,9,22.2
811f1317-bfa1-e0cc-f935-f0bd6376ddd4,student1976@synthetic.example.com,Data Analyst,weak,3,12,4,9,44.4
64cea2a3-9c7c-a7b5-35e8-529772bb09bf,student1977@synthetic.example.com,Software Developer,average,3,16,10,10,100.0
27c823d7-d521-1c6c-c5aa-03201da6d125,student1978@synthetic.example.com,Data Analyst,average,1,11,5,9,55.6
bdf1c4e4-a35e-8826-f7e3-f51a2b76bee8,student1979@synthetic.example.com,Software Developer,strong,3,21,9,10,90.0
f4c8eb62-b3e3-b8a3-522e-7fe470285a9f,student1980@synthetic.example.com,Data Scientist,strong,2,26,8,9,88.9
0414ae4b-d278-83b5-31bf-57d0f0d36742,student1981@synthetic.example.com,Web Developer,strong,3,29,8,9,88.9
ff7e75d5-edef-219f-9bea-345ce7d5d41e,student1982@synthetic.example.com,Cybersecurity Analyst,strong,4,29,9,10,90.0
b4bf0923-ed24-8dcc-7f7e-d971a16216c3,student1983@synthetic.example.com,Data Analyst,average,4,19,8,9,88.9
339342d0-80ca-6327-5293-b3802b7e88b4,student1984@synthetic.example.com,Data Analyst,average,3,19,8,9,88.9
159bdd8e-ef92-cfab-2a86-f0e283d34225,student1985@synthetic.example.com,Software Developer,average,3,17,10,10,100.0
07ab6cf4-89a0-8408-2d51-b726e103d356,student1986@synthetic.example.com,Web Developer,strong,4,18,8,9,88.9
2027cd1d-270d-0660-0cde-da43a0d2b819,student1987@synthetic.example.com,Software Developer,average,2,12,5,10,50.0
0adf35e6-d3a1-4468-0d6f-69593d8220d9,student1988@synthetic.example.com,Data Analyst,strong,2,20,7,9,77.8
be3929eb-a855-b18d-83f6-68cd8648451a,student1989@synthetic.example.com,Data Scientist,weak,4,5,2,9,22.2
106b93fd-154f-eb42-9b1c-3db4e25e7a4d,student1990@synthetic.example.com,Data Analyst,average,2,11,3,9,33.3
db2f0e79-e28d-f2a0-f04e-196f1ed945e0,student1991@synthetic.example.com,Cloud Engineer,strong,2,20,9,10,90.0
fc0b9086-a099-8c08-814e-5fa4d4e2d10d,student1992@synthetic.example.com,Data Analyst,strong,2,21,9,9,100.0
1c7c3f71-403d-ce37-b970-5f4cbde69e9f,student1993@synthetic.example.com,Software Developer,strong,1,22,6,10,60.0
87820b64-f2df-c09d-9d5b-0c106f4468d8,student1994@synthetic.example.com,Cloud Engineer,average,4,19,9,10,90.0
6ef9e649-84e7-70ea-4c28-fbb335386f79,student1995@synthetic.example.com,Software Developer,average,3,16,4,10,40.0
312d3331-275f-0d68-910c-7a77e4c119d3,student1996@synthetic.example.com,Data Analyst,average,2,9,7,9,77.8
8de192b3-4dfb-93e6-6ac8-820c0d0ef983,student1997@synthetic.example.com,Data Analyst,average,3,18,7,9,77.8
2efc55d8-6e49-c870-c7af-260763dea1c3,student1998@synthetic.example.com,Cloud Engineer,weak,2,12,6,10,60.0
eea93cb3-bb97-d119-072a-07a47c428308,student1999@synthetic.example.com,Web Developer,weak,3,9,1,9,11.1
93824da3-98a2-aaad-5d5f-18b350a92b69,student2000@synthetic.example.com,Cloud Engineer,average,1,15,6,10,60.0
87fa2c36-1fb4-41d2-a6e0-be49e8dfa344,student2001@synthetic.example.com,Software Developer,weak,4,13,2,10,20.0
1cd425cb-eec7-8ec9-ff0f-0889d9dba9e4,student2002@synthetic.example.com,Software Developer,average,1,21,8,10,80.0
7cbe3ec3-4335-13c6-b828-c526c93204db,student2003@synthetic.example.com,Software Developer,weak,3,11,4,10,40.0
7da554c4-58b7-d006-76d0-e20ab2570313,student2004@synthetic.example.com,Cloud Engineer,average,1,12,7,10,70.0
1c7a62fd-a786-30f9-b978-0c65261d1250,student2005@synthetic.example.com,Data Analyst,strong,3,24,8,9,88.9
c5261aa4-e61b-f24e-0e78-9ab89fc60409,student2006@synthetic.example.com,Cybersecurity Analyst,average,1,16,5,10,50.0
d9215f70-29b4-8f56-ecbb-15088f4c4278,student2007@synthetic.example.com,Data Scientist,strong,3,24,6,9,66.7
9b3344a8-cd46-b830-f842-00f41a44867f,student2008@synthetic.example.com,Software Developer,weak,1,5,3,10,30.0
ee688834-ac45-26d6-bcd3-ef67b8908cdd,student2009@synthetic.example.com,Software Developer,average,4,21,6,10,60.0
6d211a64-5900-5eff-607c-1e5e2e1bbaf8,student2010@synthetic.example.com,Data Scientist,average,3,14,7,9,77.8
3b07c981-e389-fbdd-575b-06900d2cabc8,student2011@synthetic.example.com,Software Developer,strong,2,25,9,10,90.0
f89ba80c-7482-2c5a-44b7-aa76ec924969,student2012@synthetic.example.com,Data Analyst,average,2,12,6,9,66.7
c402b532-ecf2-7def-9380-2dc49c5ef1d0,student2013@synthetic.example.com,Data Scientist,weak,2,4,1,9,11.1
d6c6a822-9e7b-2ca1-5f82-f30976372251,student2014@synthetic.example.com,Web Developer,strong,3,21,9,9,100.0
fea497a6-e10d-8ef2-a879-454505881b91,student2015@synthetic.example.com,Cloud Engineer,average,2,19,7,10,70.0
9a8659a1-4f28-a2fd-fae7-82e085baa668,student2016@synthetic.example.com,Cybersecurity Analyst,average,2,14,5,10,50.0
fec262d7-4c09-fc7a-9b09-b63c4749696a,student2017@synthetic.example.com,Web Developer,average,4,20,6,9,66.7
d725bfe7-fab1-3ee1-fafa-d8e3cb350245,student2018@synthetic.example.com,Web Developer,strong,2,20,9,9,100.0
6a2ea20d-3a1a-5348-8625-59de8afae993,student2019@synthetic.example.com,Data Analyst,average,2,16,8,9,88.9
743941af-97ec-7650-d0e9-664929557ffa,student2020@synthetic.example.com,Data Analyst,average,3,16,7,9,77.8
89a3a10f-caa8-7211-61ed-b36326d463e2,student2021@synthetic.example.com,Web Developer,average,4,17,8,9,88.9
c74de694-e05d-8663-dc75-28a98f7f8466,student2022@synthetic.example.com,Software Developer,average,3,16,9,10,90.0
a86a9ebf-34fa-55b4-39f1-138cbd5cfc28,student2023@synthetic.example.com,Data Analyst,strong,3,24,9,9,100.0
94304b60-ec9c-7ce8-07d4-7ad1e361fca4,student2024@synthetic.example.com,Cybersecurity Analyst,strong,3,28,10,10,100.0
0133bab7-523f-c3b0-eb49-248e7d36134e,student2025@synthetic.example.com,Cloud Engineer,average,4,16,8,10,80.0
6f7e005b-5254-9669-8f51-8c56dcd0fb75,student2026@synthetic.example.com,Cybersecurity Analyst,weak,3,8,3,10,30.0
bb979edb-9130-f641-5737-8f069cb8ff87,student2027@synthetic.example.com,Data Scientist,weak,1,9,3,9,33.3
4cf8f3e1-8a5f-0700-d13e-b15f150b8fed,student2028@synthetic.example.com,Data Analyst,average,4,17,3,9,33.3
f5d0b3ab-e4d4-3462-2604-c2ea7b6acd3b,student2029@synthetic.example.com,Software Developer,strong,1,24,10,10,100.0
7874d811-4473-e103-8080-69c9ae541fd8,student2030@synthetic.example.com,Web Developer,strong,4,19,7,9,77.8
e9296d7a-b46c-a8e4-b30e-54eafd97a92c,student2031@synthetic.example.com,Data Scientist,weak,4,10,5,9,55.6
de5c773e-5064-01a3-a56e-fd23fabe8909,student2032@synthetic.example.com,Software Developer,average,2,14,7,10,70.0
bff4af08-a05c-9054-ef75-a8cc241b85a3,student2033@synthetic.example.com,Cybersecurity Analyst,strong,2,21,8,10,80.0
9bb8e60f-5b1b-e14c-e60e-ca909702b54e,student2034@synthetic.example.com,Cloud Engineer,strong,3,24,10,10,100.0
76b74881-c235-f515-5986-6ffc1fd21610,student2035@synthetic.example.com,Data Analyst,weak,2,8,3,9,33.3
eee135d6-19d9-ebfe-2fd6-552573a2adcc,student2036@synthetic.example.com,Cloud Engineer,average,1,15,10,10,100.0
02ae06e4-e9b7-e946-a339-cf0d6bd3cfc0,student2037@synthetic.example.com,Web Developer,average,2,13,7,9,77.8
a7fa1069-274e-cf0f-10ce-58cd2e346c9e,student2038@synthetic.example.com,Web Developer,average,2,11,3,9,33.3
af68c4e4-6728-3def-faea-23db244067e6,student2039@synthetic.example.com,Web Developer,weak,3,10,4,9,44.4
d5d9f9a7-1b11-f81a-e43c-3a7fc413ff6b,student2040@synthetic.example.com,Cybersecurity Analyst,average,2,21,6,10,60.0
61ac724c-88a8-f515-b29e-ec52429e2b34,student2041@synthetic.example.com,Data Analyst,weak,3,13,6,9,66.7
54f6cbda-fab3-c136-c12e-ffc3b330651c,student2042@synthetic.example.com,Cybersecurity Analyst,average,1,19,8,10,80.0
a75a1334-53d9-bc8c-b8ef-15157045c1e7,student2043@synthetic.example.com,Cybersecurity Analyst,average,2,14,3,10,30.0
caee830b-8eea-4b29-8263-1793d57087c2,student2044@synthetic.example.com,Software Developer,average,2,20,8,10,80.0
722b572b-9ab2-1ed3-e420-f4ae3d424254,student2045@synthetic.example.com,Web Developer,weak,4,15,4,9,44.4
f2aaa08d-f0cc-16db-b7ba-f860ad259af5,student2046@synthetic.example.com,Software Developer,average,2,15,8,10,80.0
969bcf8b-1f7c-4077-7683-a468109fd3a2,student2047@synthetic.example.com,Cybersecurity Analyst,weak,3,10,3,10,30.0
a9dee5d2-db55-0744-2114-a4245fdb7502,student2048@synthetic.example.com,Web Developer,average,1,12,5,9,55.6
d2dac2ce-d17f-5e29-8440-aa4d3e11fd92,student2049@synthetic.example.com,Cloud Engineer,average,2,16,6,10,60.0
dbfaef25-4df6-fac4-5034-4e388f7c4b28,student2050@synthetic.example.com,Data Analyst,weak,2,5,4,9,44.4
9faf986e-e91a-1936-3067-791bed8ee47d,student2051@synthetic.example.com,Data Analyst,weak,2,11,3,9,33.3
9f654b47-0c22-5cbb-981e-0d6faa973f5a,student2052@synthetic.example.com,Data Analyst,average,2,15,9,9,100.0
4499c9e9-ef4d-fcb9-deec-b9036d70447b,student2053@synthetic.example.com,Software Developer,weak,4,8,5,10,50.0
b39363e4-90a8-7d37-0cd3-a62db9494e36,student2054@synthetic.example.com,Cloud Engineer,average,1,11,7,10,70.0
4c034aa1-c805-e54b-2a4c-18018c012a72,student2055@synthetic.example.com,Data Scientist,strong,4,20,7,9,77.8
c440f165-d546-5864-73a7-9d507378596c,student2056@synthetic.example.com,Software Developer,average,2,14,7,10,70.0
63c1d476-1e52-6ff3-c726-e12782e33ebf,student2057@synthetic.example.com,Data Scientist,average,4,19,5,9,55.6
79e2c155-b0ad-d42d-6c7b-f1f05426a79b,student2058@synthetic.example.com,Data Analyst,average,1,14,7,9,77.8
d7e8c7b0-932e-e1db-9450-85e6129da3dd,student2059@synthetic.example.com,Data Analyst,average,3,14,7,9,77.8
a6825582-3697-8cfa-5555-9878978701f8,student2060@synthetic.example.com,Software Developer,average,2,19,10,10,100.0
7e5986ce-f189-9ea0-c28b-fa852c34a3e6,student2061@synthetic.example.com,Web Developer,strong,4,25,9,9,100.0
846f880a-9a75-0c8b-1231-1413d369c5a6,student2062@synthetic.example.com,Software Developer,strong,2,23,10,10,100.0
283ece2f-b354-53c1-7d5e-7ac74af7d209,student2063@synthetic.example.com,Data Scientist,average,4,20,9,9,100.0
cd5eada5-6a76-8219-564a-731c2d189693,student2064@synthetic.example.com,Data Analyst,weak,1,5,4,9,44.4
0615dd5a-a780-c455-3ccb-3acbe00935bd,student2065@synthetic.example.com,Web Developer,average,2,4,3,9,33.3
4c97e432-2653-2ca2-c4f6-ec042e0706ab,student2066@synthetic.example.com,Cloud Engineer,average,2,17,8,10,80.0
4293bb51-1fdb-6c14-8c65-1d2ce3e39401,student2067@synthetic.example.com,Data Analyst,strong,3,18,6,9,66.7
39c928a1-2c30-95bb-21c6-7cdc0d54e33e,student2068@synthetic.example.com,Data Analyst,weak,3,12,3,9,33.3
7c62f113-f0b6-02bc-7404-e929308aa658,student2069@synthetic.example.com,Cloud Engineer,weak,2,10,4,10,40.0
ae08c636-3fc5-a433-aceb-64ace6363f53,student2070@synthetic.example.com,Web Developer,average,1,13,2,9,22.2
979072a5-9864-b567-0781-7089079b0a55,student2071@synthetic.example.com,Web Developer,strong,2,14,7,9,77.8
bd9170b8-9452-34f1-4b3a-5c566e7ca91d,student2072@synthetic.example.com,Software Developer,weak,3,13,5,10,50.0
1a2cde9a-1788-15c6-4431-3a94cb710c87,student2073@synthetic.example.com,Software Developer,strong,1,22,10,10,100.0
97db989e-b94d-65b6-7f5d-0cf1df5e69d7,student2074@synthetic.example.com,Software Developer,strong,3,23,8,10,80.0
08595d79-83b2-afe8-830f-8ada4707643d,student2075@synthetic.example.com,Data Scientist,weak,3,18,5,9,55.6
1dac6f1a-7f56-1571-7f42-d821785e422e,student2076@synthetic.example.com,Data Analyst,average,3,19,7,9,77.8
0c5e84fc-de90-b4ab-63c9-32670726aa96,student2077@synthetic.example.com,Software Developer,strong,3,27,8,10,80.0
2cc094e3-876d-b90e-932e-ac706caf0ad0,student2078@synthetic.example.com,Software Developer,strong,2,16,8,10,80.0
604d245c-567b-d864-1a35-a905f2555735,student2079@synthetic.example.com,Cloud Engineer,weak,3,8,3,10,30.0
34484c85-265f-3919-f8e3-56bb7d635ab6,student2080@synthetic.example.com,Software Developer,average,4,21,8,10,80.0
a5b4ea6d-549f-ea51-b979-575c1aaafa9a,student2081@synthetic.example.com,Data Scientist,strong,4,29,9,9,100.0
0f3a1df3-4f8c-440c-6b8a-472008698b5f,student2082@synthetic.example.com,Data Scientist,weak,2,6,2,9,22.2
b340c149-58b6-95fb-bef4-4be545ed7030,student2083@synthetic.example.com,Web Developer,strong,2,23,9,9,100.0
9b68abdf-6a53-bd3c-9843-9864f504710d,student2084@synthetic.example.com,Data Analyst,average,2,12,5,9,55.6
0bd8b9e9-e778-6454-50d1-d07b5a4a15f8,student2085@synthetic.example.com,Data Analyst,weak,1,4,2,9,22.2
bf8e1b35-f303-cbff-d97d-784cacd6dcf4,student2086@synthetic.example.com,Cloud Engineer,average,3,12,5,10,50.0
6f8a2cd0-3eb6-55c5-cd6c-6da92b7884c2,student2087@synthetic.example.com,Web Developer,average,4,17,6,9,66.7
485ee5e5-8112-a973-a183-03346b4aaa0e,student2088@synthetic.example.com,Data Analyst,weak,4,11,5,9,55.6
cbe50a58-d1d8-3e43-d1fa-814989729f52,student2089@synthetic.example.com,Data Analyst,strong,2,12,7,9,77.8
48db85af-4ddb-ee11-43bd-88a461f769c1,student2090@synthetic.example.com,Data Scientist,weak,3,6,2,9,22.2
76732614-b9ed-25e0-5286-1e493863db7e,student2091@synthetic.example.com,Cybersecurity Analyst,strong,1,24,9,10,90.0
bcb08aa2-c845-3a76-004c-6addbad6438d,student2092@synthetic.example.com,Data Scientist,average,1,13,8,9,88.9
1e0f158d-6b1f-ef0d-692b-9f8523a45ced,student2093@synthetic.example.com,Cybersecurity Analyst,average,2,16,3,10,30.0
93167324-6d4e-8755-544b-565a4e149495,student2094@synthetic.example.com,Web Developer,weak,3,6,2,9,22.2
f2339dc3-0956-54ba-7996-1513e6cf63c0,student2095@synthetic.example.com,Data Scientist,weak,2,12,4,9,44.4
a3cd460f-6c36-4450-8dbf-7cdcd5946b9c,student2096@synthetic.example.com,Data Analyst,average,3,10,5,9,55.6
f020a47e-24a4-6a95-79ad-4d32c0cae68e,student2097@synthetic.example.com,Software Developer,average,4,15,8,10,80.0
55b61874-02f8-c098-d5ec-17870bf0f23a,student2098@synthetic.example.com,Cloud Engineer,average,3,18,4,10,40.0
2c7c0411-4a15-7191-8432-fcee56c13299,student2099@synthetic.example.com,Cloud Engineer,strong,3,24,9,10,90.0
22d2953e-c8df-6afa-6cef-b2cc8c9ec1ca,student2100@synthetic.example.com,Software Developer,weak,2,5,3,10,30.0
204cde8f-9fc8-37ba-10e7-847d42731a36,student2101@synthetic.example.com,Cloud Engineer,average,2,11,3,10,30.0
a9f7dd40-a630-365b-7572-7cbff0efafcc,student2102@synthetic.example.com,Software Developer,average,4,17,9,10,90.0
1dee2d4e-d173-f831-9293-3dd194cac7f9,student2103@synthetic.example.com,Data Scientist,average,1,13,6,9,66.7
fa569e2a-6f3d-f3fd-0856-226de7c70635,student2104@synthetic.example.com,Cloud Engineer,weak,2,6,3,10,30.0
c496c52a-039c-12ac-6e7d-f082050ce2c2,student2105@synthetic.example.com,Software Developer,average,2,22,9,10,90.0
7c59f49a-d6fa-4249-ecea-8b582bc0a020,student2106@synthetic.example.com,Cloud Engineer,average,4,20,4,10,40.0
610d6b3d-66f9-4b25-b964-e3b2cf82ef95,student2107@synthetic.example.com,Software Developer,average,4,18,8,10,80.0
a55a7ea7-d5db-bb0d-061e-a30f1c1758d8,student2108@synthetic.example.com,Software Developer,weak,1,3,2,10,20.0
13b1b3e4-0019-dd5e-487b-df64b53b4613,student2109@synthetic.example.com,Data Scientist,strong,2,23,9,9,100.0
5be48439-1a39-7970-4b7d-e36db6a945bc,student2110@synthetic.example.com,Cybersecurity Analyst,weak,1,14,6,10,60.0
16686cb3-1166-bb52-2331-37df26f489c2,student2111@synthetic.example.com,Cybersecurity Analyst,weak,3,10,2,10,20.0
80bc62bc-aa05-d97d-f7fa-c856f471338c,student2112@synthetic.example.com,Web Developer,strong,1,17,7,9,77.8
ad005aeb-ee4b-550f-02f8-c954d14a18d0,student2113@synthetic.example.com,Web Developer,average,2,15,8,9,88.9
eff3984c-922a-4e0d-a395-081a94006d52,student2114@synthetic.example.com,Software Developer,strong,4,25,8,10,80.0
e97a9343-722c-10e8-726b-ea0a6ecb6429,student2115@synthetic.example.com,Software Developer,strong,2,25,9,10,90.0
8e42f119-1069-0835-34af-0fbbf384147f,student2116@synthetic.example.com,Cloud Engineer,average,2,13,8,10,80.0
d43109dd-301e-2dd5-cfaf-f8a43c09e56a,student2117@synthetic.example.com,Web Developer,strong,3,21,9,9,100.0
18aa0472-7b44-b439-7f50-fb1ad7b7255c,student2118@synthetic.example.com,Data Scientist,strong,3,22,9,9,100.0
f07402f5-0da4-ba04-9b6e-b2f03ff1c86c,student2119@synthetic.example.com,Data Analyst,average,3,13,5,9,55.6
2e3c9335-e82b-e0c3-0e27-2f4a06c9273e,student2120@synthetic.example.com,Cloud Engineer,average,2,16,8,10,80.0
12662c72-4614-1767-b331-208930df2d4a,student2121@synthetic.example.com,Data Analyst,average,4,14,8,9,88.9
c53cc033-7340-d34f-f089-9457e897800a,student2122@synthetic.example.com,Cloud Engineer,weak,3,10,5,10,50.0
cdc56a17-5d63-0947-bb7a-744f595bec1b,student2123@synthetic.example.com,Data Scientist,weak,3,5,1,9,11.1
f413fc76-a5b0-eaa9-b3ce-44bf5d230494,student2124@synthetic.example.com,Cybersecurity Analyst,strong,4,26,10,10,100.0
be815956-b6f6-e84a-5ee2-23457ed4c7eb,student2125@synthetic.example.com,Cybersecurity Analyst,average,2,18,10,10,100.0
0e039343-9985-4dae-a3c5-eb5464445b3f,student2126@synthetic.example.com,Software Developer,average,3,14,8,10,80.0
0e78d12f-9055-fa80-a796-8d4c0d0ba5eb,student2127@synthetic.example.com,Cybersecurity Analyst,strong,1,27,10,10,100.0
60f94293-ffc8-a92b-d603-82e141f785f5,student2128@synthetic.example.com,Cybersecurity Analyst,strong,2,26,5,10,50.0
e3484f7a-eca2-7447-5bc0-54f3d00179b8,student2129@synthetic.example.com,Web Developer,strong,2,25,9,9,100.0
9fc44a72-4a30-30b3-3736-b32fbe19eaf5,student2130@synthetic.example.com,Cybersecurity Analyst,average,1,11,6,10,60.0
5b30749f-4799-ab58-6918-bef10037a457,student2131@synthetic.example.com,Web Developer,average,1,19,5,9,55.6
3e105b15-50cf-2511-478b-1f4d4e5d04cf,student2132@synthetic.example.com,Data Scientist,average,3,18,6,9,66.7
bd0a8e91-7dd6-5d76-f206-66403bc5c0eb,student2133@synthetic.example.com,Data Analyst,weak,2,10,3,9,33.3
e2e8e071-9571-1aa1-11f6-2cb05285837c,student2134@synthetic.example.com,Software Developer,average,2,12,6,10,60.0
754267af-cbd4-130f-1442-c96f3ea2bede,student2135@synthetic.example.com,Data Analyst,average,4,17,7,9,77.8
7d9e9b24-49ba-df59-77f5-9b12dea903f2,student2136@synthetic.example.com,Web Developer,average,3,17,6,9,66.7
9969f3b5-a466-7ffb-d01c-b7c70331d487,student2137@synthetic.example.com,Data Analyst,average,1,15,9,9,100.0
bb847474-9aa0-bd73-a3b3-b9f618290bd7,student2138@synthetic.example.com,Software Developer,average,3,14,6,10,60.0
5cc5726e-24fe-a927-e13a-e481ba6c386f,student2139@synthetic.example.com,Web Developer,strong,1,20,7,9,77.8
420329ac-1492-97e2-4938-82455790befc,student2140@synthetic.example.com,Software Developer,average,4,16,9,10,90.0
a8a607ce-cc7b-fa4d-1884-da4428414842,student2141@synthetic.example.com,Data Scientist,average,3,16,7,9,77.8
16e5885c-1e02-615e-ce71-efc3af29fd6d,student2142@synthetic.example.com,Software Developer,strong,3,22,9,10,90.0
3233e416-0c89-39f0-8df9-f48d72bef0d5,student2143@synthetic.example.com,Data Scientist,weak,4,7,3,9,33.3
d5212955-f909-8a8c-4c7a-a07a41e9cba4,student2144@synthetic.example.com,Web Developer,average,1,15,5,9,55.6
45eab13f-df46-d617-9562-53582e26eac6,student2145@synthetic.example.com,Cloud Engineer,weak,2,9,5,10,50.0
9f728324-f495-ab71-559a-3257df415484,student2146@synthetic.example.com,Software Developer,strong,4,16,8,10,80.0
b0e13097-4ae1-3f33-f4aa-7bb4172f304e,student2147@synthetic.example.com,Software Developer,strong,4,23,7,10,70.0
05f98f0f-9de4-6abb-d5bd-b70dd8eacab0,student2148@synthetic.example.com,Data Analyst,weak,2,11,3,9,33.3
26eea20d-b4ad-05c2-3f15-b6a80e2345a0,student2149@synthetic.example.com,Data Analyst,strong,3,17,7,9,77.8
51b4b4df-73a2-7f2b-a2dd-7b3a945f5f15,student2150@synthetic.example.com,Data Scientist,weak,4,5,3,9,33.3
b319350b-c749-36c0-6f1f-58b59f8ffda1,student2151@synthetic.example.com,Cloud Engineer,weak,1,10,4,10,40.0
a4fea6e1-92df-7a7b-4585-2b5006e9a72f,student2152@synthetic.example.com,Cloud Engineer,average,1,17,7,10,70.0
07109be1-2741-095e-0a3e-041395626e1d,student2153@synthetic.example.com,Data Scientist,average,2,18,5,9,55.6
6a131d53-8ec0-af9b-e283-29fdef9d7a9b,student2154@synthetic.example.com,Web Developer,average,3,16,5,9,55.6
b27ccba7-91d5-ca4c-4efd-e3e3609a8213,student2155@synthetic.example.com,Software Developer,average,4,14,6,10,60.0
b334719b-9c34-a31d-2bff-6ab874c92113,student2156@synthetic.example.com,Software Developer,average,3,18,7,10,70.0
99839a32-c1ac-f96e-4661-fff396c1fc2f,student2157@synthetic.example.com,Data Analyst,average,3,16,9,9,100.0
9e3677a4-65a6-498e-6b7d-44cb01ca63cb,student2158@synthetic.example.com,Data Analyst,weak,4,9,5,9,55.6
e8212b40-f966-7d88-04ca-df8eb6d05063,student2159@synthetic.example.com,Data Scientist,weak,1,6,2,9,22.2
8c14fb6a-3632-4f91-7345-06152fc08f33,student2160@synthetic.example.com,Data Analyst,average,1,17,7,9,77.8
2e8d5dd5-5dcb-230c-89ae-e3d16c381956,student2161@synthetic.example.com,Data Scientist,strong,2,20,8,9,88.9
d652543b-5276-8152-7f53-272610b7c9d6,student2162@synthetic.example.com,Data Scientist,weak,3,9,2,9,22.2
546313ae-bf42-baec-6623-b95140a01740,student2163@synthetic.example.com,Software Developer,weak,2,5,4,10,40.0
24f98663-7154-5bee-9b12-2dd73bf97a61,student2164@synthetic.example.com,Cloud Engineer,strong,4,16,9,10,90.0
54973e87-4b1f-bfed-d1f6-bd0080a855c3,student2165@synthetic.example.com,Cybersecurity Analyst,strong,1,21,9,10,90.0
09779384-93aa-7166-c066-af063fd5f42c,student2166@synthetic.example.com,Data Scientist,average,3,16,6,9,66.7
3c23ef42-a1dc-3d78-9bfb-701ee79099f3,student2167@synthetic.example.com,Web Developer,weak,3,15,3,9,33.3
ba70699e-f743-3e50-b5c1-09259824f15a,student2168@synthetic.example.com,Software Developer,average,4,22,7,10,70.0
ad308ff6-e566-a0dc-c065-9da74c7d3d7b,student2169@synthetic.example.com,Cloud Engineer,weak,3,13,3,10,30.0
fd10bac2-0b69-02a1-5ce6-1d8ef3d6d7a3,student2170@synthetic.example.com,Cloud Engineer,weak,1,16,3,10,30.0
43bb7dc3-3271-59ca-11b5-7731d749ff38,student2171@synthetic.example.com,Software Developer,average,2,16,5,10,50.0
419afc6f-67ef-761c-8e39-da11d53b3315,student2172@synthetic.example.com,Software Developer,average,2,16,7,10,70.0
0e11fd06-1afc-5927-1e6c-b1d8759e603d,student2173@synthetic.example.com,Web Developer,strong,1,19,9,9,100.0
14a763a3-456c-714d-c411-ff237321877a,student2174@synthetic.example.com,Data Scientist,strong,2,20,8,9,88.9
d9a0d1f7-a519-0e60-b610-b92e9dcbcb16,student2175@synthetic.example.com,Software Developer,average,4,17,10,10,100.0
3509534d-981d-5858-dc27-6377ac1fde0a,student2176@synthetic.example.com,Data Scientist,weak,3,7,2,9,22.2
7cc37093-a150-86a4-5f05-cee6e4038e41,student2177@synthetic.example.com,Software Developer,weak,2,7,1,10,10.0
3efdd20d-6459-2325-29f4-45d32be1315b,student2178@synthetic.example.com,Data Analyst,strong,3,22,9,9,100.0
5840d075-0383-ac1a-09ed-5991f7be6364,student2179@synthetic.example.com,Web Developer,weak,3,15,5,9,55.6
6633cf47-18a9-84c7-7aec-3d642170d56b,student2180@synthetic.example.com,Data Scientist,weak,3,16,6,9,66.7
f66bc3fd-da74-6282-66ac-c11baaefd891,student2181@synthetic.example.com,Software Developer,strong,2,25,10,10,100.0
af4327e5-8a3e-f597-81cd-ac040cdb4673,student2182@synthetic.example.com,Web Developer,strong,3,26,7,9,77.8
8282e738-427e-3742-0d74-da7f651f8c8a,student2183@synthetic.example.com,Web Developer,weak,3,10,3,9,33.3
ff9c69fd-b195-5439-436a-4233490225c3,student2184@synthetic.example.com,Data Analyst,weak,3,8,5,9,55.6
24f5160b-039d-0bc6-bc7d-503a0c890483,student2185@synthetic.example.com,Software Developer,average,3,7,4,10,40.0
8943e036-a2e2-4dbf-50a7-668db570c31a,student2186@synthetic.example.com,Web Developer,strong,1,21,8,9,88.9
af2fc64d-88a3-4ced-c927-8f1f482d3816,student2187@synthetic.example.com,Cybersecurity Analyst,average,3,23,5,10,50.0
b1c69bdf-1005-6ff7-9fae-437c165ee9a0,student2188@synthetic.example.com,Web Developer,weak,3,10,3,9,33.3
48567279-0c60-b3e1-d065-cf73cf5fbdae,student2189@synthetic.example.com,Cybersecurity Analyst,strong,3,28,8,10,80.0
3633213c-1be7-b5e1-c31d-b3885c456a18,student2190@synthetic.example.com,Web Developer,average,3,15,8,9,88.9
c3ffea5c-0b24-b66e-af08-7bc1a3b95c79,student2191@synthetic.example.com,Web Developer,strong,3,23,8,9,88.9
3d58dd7f-01bf-9d46-8cf7-c15a90c540a9,student2192@synthetic.example.com,Software Developer,average,1,14,8,10,80.0
ed85a457-74de-9442-1f89-9c19b135a405,student2193@synthetic.example.com,Cybersecurity Analyst,average,2,21,9,10,90.0
30b5c17a-2436-d2a4-5258-af046ba46b9e,student2194@synthetic.example.com,Cloud Engineer,weak,1,8,3,10,30.0
4555f684-2ba0-d85e-1fce-e53b428977d7,student2195@synthetic.example.com,Data Scientist,strong,3,19,6,9,66.7
e2dc235a-bf73-87e7-8828-e25d96ec0b2c,student2196@synthetic.example.com,Data Analyst,average,2,11,2,9,22.2
512d00c7-97f9-7891-5652-21411b07fce9,student2197@synthetic.example.com,Software Developer,weak,2,9,3,10,30.0
65c7ec9c-e305-5f8c-5ea2-f62a72d51b2f,student2198@synthetic.example.com,Software Developer,strong,1,23,10,10,100.0
8fb9d17e-9523-dacc-98f0-fc8eefe874ac,student2199@synthetic.example.com,Cloud Engineer,average,2,15,8,10,80.0
fd86ed8c-0c36-370f-17ed-2e7511c751b2,student2200@synthetic.example.com,Web Developer,weak,2,5,2,9,22.2
ba1f3858-27e0-9399-6287-14d2e0f90b6a,student2201@synthetic.example.com,Data Analyst,weak,1,8,4,9,44.4
30c715f0-2c4c-da73-db36-f9ab8121584c,student2202@synthetic.example.com,Cloud Engineer,weak,2,11,3,10,30.0
c6f3e5e9-4383-9939-676d-b7ab856d4f1b,student2203@synthetic.example.com,Web Developer,average,4,22,8,9,88.9
240f56fa-5ec5-1e0e-f769-1d81c09a8cda,student2204@synthetic.example.com,Web Developer,average,4,15,5,9,55.6
b8bb0b04-b146-0098-6462-829feaac1fa8,student2205@synthetic.example.com,Web Developer,strong,2,19,8,9,88.9
ab48b389-3939-18af-4796-084c26dcc5d3,student2206@synthetic.example.com,Data Analyst,weak,2,10,3,9,33.3
717ab632-7b3e-d907-0d85-858a4c9d7d7e,student2207@synthetic.example.com,Software Developer,average,3,20,9,10,90.0
ba6ae294-f3c2-2800-c68f-d78af9034e48,student2208@synthetic.example.com,Web Developer,weak,2,17,6,9,66.7
d39bb814-0a0c-0515-ee51-5ed81f004c1c,student2209@synthetic.example.com,Data Analyst,weak,2,9,7,9,77.8
e88ca71c-d193-73de-6822-345ecf1110a7,student2210@synthetic.example.com,Data Analyst,strong,2,19,9,9,100.0
5513d90c-265b-4da4-4726-a4a6ad97326e,student2211@synthetic.example.com,Cybersecurity Analyst,strong,1,22,9,10,90.0
64f8db80-76b0-db57-0180-b2950ac74e25,student2212@synthetic.example.com,Software Developer,strong,3,23,8,10,80.0
a0caf93a-d26d-afe0-9bc4-800e0b50b952,student2213@synthetic.example.com,Software Developer,strong,3,26,8,10,80.0
33c2f920-2775-3c20-0e76-f7f68d023dc5,student2214@synthetic.example.com,Data Analyst,strong,4,26,9,9,100.0
9c66c8f3-714f-6f69-ec10-da09eeacb635,student2215@synthetic.example.com,Data Analyst,average,2,15,7,9,77.8
4fcc3953-9b63-5d1b-7283-cb9415b0ab0a,student2216@synthetic.example.com,Software Developer,weak,2,6,4,10,40.0
0ab77654-0995-8702-8a8a-39e41135445b,student2217@synthetic.example.com,Data Scientist,strong,2,20,9,9,100.0
435c9abe-9444-6213-f6ca-98ba49f85068,student2218@synthetic.example.com,Software Developer,weak,3,8,3,10,30.0
c168784b-bb29-ded1-0cae-077dd06a9e24,student2219@synthetic.example.com,Software Developer,weak,4,10,3,10,30.0
6b788b1f-8dcb-c9b0-5d72-0bbad9108f13,student2220@synthetic.example.com,Cloud Engineer,weak,1,14,5,10,50.0
3c4f0702-70fb-17ce-ebd4-809496b13c4e,student2221@synthetic.example.com,Cloud Engineer,weak,3,7,3,10,30.0
dccc696d-a34d-15c8-96cb-2b10368f644e,student2222@synthetic.example.com,Data Scientist,average,2,19,6,9,66.7
e2b2441f-96ed-e0a0-353a-4270d5f1d491,student2223@synthetic.example.com,Web Developer,strong,3,19,6,9,66.7
d4774518-2420-fbdc-3d1f-708380a9ecda,student2224@synthetic.example.com,Software Developer,average,1,14,9,10,90.0
1955eca5-5f8f-e7f5-5be2-d364d4ba99b8,student2225@synthetic.example.com,Web Developer,average,1,16,6,9,66.7
9d6d0b43-9eae-bc27-1317-c43bd0f96c05,student2226@synthetic.example.com,Software Developer,weak,2,7,3,10,30.0
0b7fd9ef-0720-92f8-6bc5-67a367a78761,student2227@synthetic.example.com,Data Scientist,weak,3,14,2,9,22.2
b7159ce4-cb4d-ba98-5a8c-ce738d24a6ee,student2228@synthetic.example.com,Data Analyst,strong,1,24,8,9,88.9
3674d44b-b72b-57ee-9f22-a139ad014309,student2229@synthetic.example.com,Cloud Engineer,average,2,9,4,10,40.0
6d18d80f-028f-7c97-f633-ae7abfdf7e0a,student2230@synthetic.example.com,Cloud Engineer,weak,2,15,4,10,40.0
36ce4d05-15e1-ace6-6c68-c8c29358b4a4,student2231@synthetic.example.com,Data Scientist,average,2,15,7,9,77.8
6c8c1b8e-b9d7-b7b8-7928-8c17f39b1614,student2232@synthetic.example.com,Data Scientist,average,3,20,8,9,88.9
a54717d2-e411-c7f4-9084-70184c279b51,student2233@synthetic.example.com,Data Analyst,average,2,13,7,9,77.8
71d135f5-3fea-0fe6-a458-bb034c1c1ba3,student2234@synthetic.example.com,Software Developer,average,3,13,8,10,80.0
1a6224de-74d7-459e-68e2-a3d70ce95501,student2235@synthetic.example.com,Cloud Engineer,average,4,19,5,10,50.0
36d68bdc-637e-a1b7-3106-cece802f9342,student2236@synthetic.example.com,Data Scientist,strong,3,18,8,9,88.9
f70860f5-6dfa-80e8-8206-4a4634b68f8d,student2237@synthetic.example.com,Data Scientist,average,4,11,5,9,55.6
3c6154a4-f31c-e212-b3ed-ad9cfdacac70,student2238@synthetic.example.com,Data Analyst,average,4,11,5,9,55.6
b689eed6-8a85-e0cb-e3eb-16713b1bc192,student2239@synthetic.example.com,Data Analyst,strong,3,22,8,9,88.9
204c4b1d-cfb8-6700-a7d6-486857f4643f,student2240@synthetic.example.com,Data Scientist,strong,3,16,8,9,88.9
36956cd5-9607-6fd4-760e-93c699b18735,student2241@synthetic.example.com,Software Developer,average,1,12,6,10,60.0
fcbe8564-87a6-e351-3383-b876ca1ab704,student2242@synthetic.example.com,Software Developer,average,1,17,10,10,100.0
bcd928ab-8b79-13a3-4968-184bc301ddbe,student2243@synthetic.example.com,Software Developer,strong,3,25,10,10,100.0
64af5c04-c762-03af-91ff-67f04e1fed5b,student2244@synthetic.example.com,Software Developer,average,3,23,8,10,80.0
647185c1-0721-1892-9a8c-e0803c8f5ced,student2245@synthetic.example.com,Data Analyst,weak,3,12,5,9,55.6
f7b3d174-505a-d40f-6a55-c51724910905,student2246@synthetic.example.com,Web Developer,weak,3,8,3,9,33.3
c3b2d44a-16ab-9870-31f4-3f67aa1452e8,student2247@synthetic.example.com,Cloud Engineer,weak,2,13,5,10,50.0
f777c816-8e3e-2e6d-951e-b0ffbc84c75d,student2248@synthetic.example.com,Web Developer,average,1,13,4,9,44.4
4e0c7bc5-96ba-bc31-0cd4-e97fe29a9b61,student2249@synthetic.example.com,Data Scientist,average,1,20,6,9,66.7
96c16597-e9cf-edcf-33aa-b655721bf3fa,student2250@synthetic.example.com,Data Scientist,strong,4,28,9,9,100.0
6babb77f-a9f3-0866-c790-f0468f0d6e31,student2251@synthetic.example.com,Data Scientist,average,3,13,7,9,77.8
42d6dc1e-38f6-3258-a12b-355806fdd74e,student2252@synthetic.example.com,Data Analyst,weak,2,8,6,9,66.7
57bc79cf-dd9e-1898-b31d-e82e0dcd6b92,student2253@synthetic.example.com,Web Developer,average,4,13,8,9,88.9
0fb1d2e3-6758-9036-5909-f5bf8c168b6d,student2254@synthetic.example.com,Cybersecurity Analyst,average,3,16,7,10,70.0
b8c5ea53-6f05-dbf8-2381-ff386bdf1a3e,student2255@synthetic.example.com,Data Scientist,weak,3,6,1,9,11.1
039f0d7b-bb02-8077-161e-f72c2cc2f612,student2256@synthetic.example.com,Cloud Engineer,strong,1,21,10,10,100.0
54695e46-a922-b350-1fde-e13c8ca5982e,student2257@synthetic.example.com,Data Analyst,weak,2,6,3,9,33.3
3041aac8-71b9-8b71-004a-16490f688f28,student2258@synthetic.example.com,Cloud Engineer,strong,2,22,9,10,90.0
a7a78e39-a43d-be27-2630-6dc8f590c5ac,student2259@synthetic.example.com,Web Developer,weak,3,4,2,9,22.2
a0f99941-792e-be7e-9689-6d8892bd49e1,student2260@synthetic.example.com,Data Scientist,weak,4,16,5,9,55.6
238cc0e3-1029-948e-75fd-486d5c33862e,student2261@synthetic.example.com,Data Analyst,average,1,16,8,9,88.9
3193c5d6-a7f4-4f73-a6f8-79ded30025da,student2262@synthetic.example.com,Data Analyst,average,4,15,7,9,77.8
6e15aec5-062c-3a70-6fcd-121fc6d35ad6,student2263@synthetic.example.com,Software Developer,strong,4,22,9,10,90.0
2d3e132d-ecb7-67e2-e4f9-6a3819ea8417,student2264@synthetic.example.com,Web Developer,strong,3,25,9,9,100.0
6e3fb24f-8be4-7b04-2f1d-b4f2e6b786e4,student2265@synthetic.example.com,Cloud Engineer,weak,2,15,5,10,50.0
df23f9d0-2d9d-db82-09f9-13e433a5b944,student2266@synthetic.example.com,Web Developer,average,1,18,9,9,100.0
e1070bcb-7501-fc5f-038f-33846dcd134f,student2267@synthetic.example.com,Cloud Engineer,strong,4,22,10,10,100.0
0cb87f6e-39ca-f8ae-8a80-c7dea8b8c44a,student2268@synthetic.example.com,Web Developer,strong,3,16,8,9,88.9
e6bcf18a-40bb-3c52-621d-5e09228ba87e,student2269@synthetic.example.com,Data Analyst,average,2,12,5,9,55.6
b4e8d9f6-d0d2-aa35-86e0-578d1022c205,student2270@synthetic.example.com,Data Scientist,average,4,19,6,9,66.7
9bffd143-58fa-f772-e8ee-eaa7fcf75510,student2271@synthetic.example.com,Cloud Engineer,weak,2,12,2,10,20.0
d3d80330-c13c-e3f2-1001-fe20fa75eb93,student2272@synthetic.example.com,Software Developer,average,4,16,9,10,90.0
6981b3ab-c7dc-b02b-4684-4c14149f13cc,student2273@synthetic.example.com,Data Analyst,weak,2,4,2,9,22.2
36b86459-1dbf-c085-4352-1116d72c9133,student2274@synthetic.example.com,Web Developer,average,3,14,7,9,77.8
f964e736-64a3-d047-46b2-0701f337684e,student2275@synthetic.example.com,Web Developer,average,3,17,9,9,100.0
d07e7afd-cdcd-fcba-773f-581efe93bea7,student2276@synthetic.example.com,Cybersecurity Analyst,weak,3,16,3,10,30.0
be47ddf5-d304-cc30-1004-c283e7054b53,student2277@synthetic.example.com,Data Analyst,strong,3,20,8,9,88.9
908cd688-483e-e5ad-8095-22adc87d827a,student2278@synthetic.example.com,Data Analyst,weak,2,6,3,9,33.3
056daa54-4461-f059-31a4-c60365a8afd2,student2279@synthetic.example.com,Web Developer,weak,3,13,5,9,55.6
cda5f87e-3e05-d354-7e04-e2e3239e6cd9,student2280@synthetic.example.com,Data Scientist,weak,4,11,4,9,44.4
a566585d-b374-36f1-3bdf-1d1a1d7b4bf6,student2281@synthetic.example.com,Web Developer,average,3,19,9,9,100.0
a349e802-3ca1-21c1-43f7-143d35490bed,student2282@synthetic.example.com,Web Developer,strong,1,22,9,9,100.0
1f4e1f21-25cc-c392-0bb5-c03bdd02dd55,student2283@synthetic.example.com,Cloud Engineer,average,4,11,6,10,60.0
c404609a-2457-946f-374d-698d9ba81679,student2284@synthetic.example.com,Data Analyst,average,4,20,8,9,88.9
577515e2-a542-6350-812a-ac97f3042272,student2285@synthetic.example.com,Cybersecurity Analyst,average,2,17,7,10,70.0
b91a1b99-9a3d-ac93-5a68-2643abcba0fc,student2286@synthetic.example.com,Software Developer,weak,3,13,3,10,30.0
fcf367f8-eb84-3055-9e05-15b804d31ade,student2287@synthetic.example.com,Software Developer,weak,4,12,8,10,80.0
6ce962ac-b4bd-720d-562d-04605391e655,student2288@synthetic.example.com,Cloud Engineer,strong,3,20,10,10,100.0
ef361935-9830-66b6-b1df-6b3bb67d0fdf,student2289@synthetic.example.com,Cybersecurity Analyst,average,4,21,8,10,80.0
a351926c-deca-31a1-13dc-838b490657cd,student2290@synthetic.example.com,Cybersecurity Analyst,strong,4,22,9,10,90.0
1069581a-886d-7914-d00a-4bb2dcbdff9c,student2291@synthetic.example.com,Web Developer,average,2,12,6,9,66.7
f7371b0a-a81f-fa5c-dd84-7ba39967647e,student2292@synthetic.example.com,Software Developer,average,3,14,7,10,70.0
1e6acc22-ccdb-f70b-90b7-74ee5feebb87,student2293@synthetic.example.com,Software Developer,weak,3,7,3,10,30.0
08901972-524f-5311-3b60-6e19574fc997,student2294@synthetic.example.com,Cybersecurity Analyst,strong,3,27,8,10,80.0
3a0d2e85-c927-1ff7-9d52-aeab5da3ff4f,student2295@synthetic.example.com,Web Developer,strong,2,26,8,9,88.9
c84fbe01-8098-b55f-eed3-ef49ad816591,student2296@synthetic.example.com,Cloud Engineer,average,1,10,7,10,70.0
ec9d9007-8f4b-f3e0-fc70-058f71a4bd3f,student2297@synthetic.example.com,Data Scientist,strong,4,25,9,9,100.0
f3e0e0be-badd-ae5a-31bb-7065633b2c4f,student2298@synthetic.example.com,Web Developer,average,4,19,9,9,100.0
2d91bbe8-f24f-1454-1c0e-9fb88e7df433,student2299@synthetic.example.com,Web Developer,average,3,17,5,9,55.6
7f5fe708-4f98-7950-9a88-48b8848ba4c8,student2300@synthetic.example.com,Web Developer,average,3,18,5,9,55.6
002fa5fd-10cc-2cde-0f57-298ead9cefc3,student2301@synthetic.example.com,Software Developer,strong,4,24,9,10,90.0
3ead2ea9-8630-c4c0-0984-d8793869b191,student2302@synthetic.example.com,Cloud Engineer,average,3,21,8,10,80.0
5ccb6cca-4cbb-356c-ff8f-fe1caaf19c2e,student2303@synthetic.example.com,Cybersecurity Analyst,strong,3,27,7,10,70.0
8df3d5da-4303-ce06-ec07-ac5fdb3e6dd9,student2304@synthetic.example.com,Data Scientist,average,3,17,9,9,100.0
309e478d-fb60-5ed3-daa5-84ee73be0608,student2305@synthetic.example.com,Data Analyst,weak,2,10,8,9,88.9
104614f6-16a3-9ef8-6dc9-ac02047bc625,student2306@synthetic.example.com,Software Developer,weak,3,4,2,10,20.0
37e6616a-5dd5-8937-92b6-33c02cbabddc,student2307@synthetic.example.com,Cybersecurity Analyst,weak,3,10,5,10,50.0
cfd6d79c-7af0-3194-ce7a-d31f50e5216e,student2308@synthetic.example.com,Data Scientist,weak,3,10,4,9,44.4
8036ed1f-7b0e-e874-5dd1-d3d685e85f36,student2309@synthetic.example.com,Web Developer,average,2,18,6,9,66.7
4611bdb5-c2e6-05a9-67d1-81c0dbbce1f8,student2310@synthetic.example.com,Web Developer,average,1,24,7,9,77.8
3f958199-7e03-673a-a410-26326a0661d0,student2311@synthetic.example.com,Cybersecurity Analyst,average,2,16,8,10,80.0
a3b7bc62-0e75-08f5-8298-c35c9821a98e,student2312@synthetic.example.com,Cybersecurity Analyst,average,3,16,6,10,60.0
cd2026a6-cb29-cb0a-60fe-283fd69703ac,student2313@synthetic.example.com,Cloud Engineer,average,2,16,7,10,70.0
6bea99d8-8581-a435-6baf-9a9d70183b1f,student2314@synthetic.example.com,Software Developer,weak,3,11,6,10,60.0
a9fafafd-9852-4574-93b6-27bdceedd850,student2315@synthetic.example.com,Software Developer,average,4,18,7,10,70.0
53aa367e-9c13-13e7-265d-517f2261fe73,student2316@synthetic.example.com,Web Developer,average,2,19,8,9,88.9
0cd328eb-ff46-91f5-9c25-aab2072a8eac,student2317@synthetic.example.com,Data Scientist,average,3,21,5,9,55.6
8e4888d0-29f4-1995-a5e2-f3bcaa4a963d,student2318@synthetic.example.com,Web Developer,strong,3,20,8,9,88.9
d69527cd-024d-b6b9-7490-65b9affc1d3f,student2319@synthetic.example.com,Data Analyst,strong,1,18,8,9,88.9
cb29fcaf-e807-f48e-5831-5d571e95f6b2,student2320@synthetic.example.com,Cybersecurity Analyst,average,1,17,6,10,60.0
8c73b05d-eba3-a2cc-c4b8-c0d38127b089,student2321@synthetic.example.com,Cybersecurity Analyst,strong,2,26,9,10,90.0
f3b85dfa-1cf3-5b03-4ac1-9ac8a77b9d59,student2322@synthetic.example.com,Software Developer,weak,2,8,5,10,50.0
441d18c8-5ff4-9b5e-3538-88af3c67dc30,student2323@synthetic.example.com,Web Developer,strong,4,23,8,9,88.9
469ccfc4-0a71-2161-245b-51ecbc6c53a4,student2324@synthetic.example.com,Cloud Engineer,strong,3,20,6,10,60.0
244307c7-5b91-5847-8755-9461e9794c37,student2325@synthetic.example.com,Software Developer,average,3,11,5,10,50.0
e6f8ec23-11fa-d5b4-a2cd-af7102604e02,student2326@synthetic.example.com,Cloud Engineer,average,2,13,6,10,60.0
64edd9ef-bae8-c9ca-cf3f-37c064e78aee,student2327@synthetic.example.com,Software Developer,weak,1,12,5,10,50.0
321c208c-aace-619c-2b80-15e3eaa3005b,student2328@synthetic.example.com,Web Developer,average,2,11,4,9,44.4
b76eecd6-7048-2570-81f6-e4545853c6bd,student2329@synthetic.example.com,Data Analyst,strong,4,16,8,9,88.9
dc514259-d0ab-54d1-08af-449682787f5d,student2330@synthetic.example.com,Web Developer,average,3,7,5,9,55.6
e5366f41-9f84-c11e-285a-597a1c932461,student2331@synthetic.example.com,Cybersecurity Analyst,weak,1,10,3,10,30.0
c189bb11-bd70-aaba-1d1b-1786c1480886,student2332@synthetic.example.com,Web Developer,weak,3,14,4,9,44.4
1d414531-d18c-8a55-4fc7-ab3d22ffed1a,student2333@synthetic.example.com,Software Developer,average,3,20,7,10,70.0
e51acb9f-9efc-fb79-283d-6fbc648b17be,student2334@synthetic.example.com,Cloud Engineer,weak,1,8,3,10,30.0
1bc6b04a-2d13-3fcd-63e7-15e9f9969358,student2335@synthetic.example.com,Cybersecurity Analyst,strong,4,27,10,10,100.0
bffb09f3-8c83-b976-0e65-24f2bc6351f5,student2336@synthetic.example.com,Cloud Engineer,strong,3,22,10,10,100.0
9d846f4c-a6cd-9bc0-868e-3db5cadc45d7,student2337@synthetic.example.com,Data Analyst,average,4,19,6,9,66.7
eb6dfad7-5f72-7d9f-479f-e7d10b1b8d2b,student2338@synthetic.example.com,Software Developer,weak,2,8,5,10,50.0
568827ba-2c52-e5da-84f3-96c4101f8f7f,student2339@synthetic.example.com,Software Developer,strong,1,21,9,10,90.0
f269870d-fa50-64d6-09a7-2a5b421fe83e,student2340@synthetic.example.com,Software Developer,weak,2,10,1,10,10.0
df71683c-1420-369e-e301-7219173b2276,student2341@synthetic.example.com,Data Analyst,average,1,11,7,9,77.8
3135d69d-93b7-a62d-1b32-cc5f118ccdfe,student2342@synthetic.example.com,Data Analyst,average,2,14,4,9,44.4
100a94fc-463a-e6a7-f4bb-aa0d1353d6d8,student2343@synthetic.example.com,Software Developer,strong,1,20,7,10,70.0
b2aef95f-988f-edfe-ec09-13b0161f07c4,student2344@synthetic.example.com,Web Developer,strong,3,15,7,9,77.8
a13fd87d-538a-8661-fa80-38335f40b267,student2345@synthetic.example.com,Cloud Engineer,strong,4,18,10,10,100.0
a52918fa-60f3-17d8-1c68-8ef25c3133e4,student2346@synthetic.example.com,Data Analyst,average,2,16,7,9,77.8
79526066-c3b1-ca1e-5821-d1e8575e14fd,student2347@synthetic.example.com,Data Analyst,strong,2,22,8,9,88.9
7cb4f6b2-15b2-60f5-37ef-452359318ac3,student2348@synthetic.example.com,Cloud Engineer,average,2,18,6,10,60.0
c505b177-0839-6a1d-a6e5-c1c0731624c9,student2349@synthetic.example.com,Data Scientist,strong,2,27,9,9,100.0
18025da5-5f0d-f630-97a2-026402c4c774,student2350@synthetic.example.com,Web Developer,weak,2,7,3,9,33.3
fe816003-a44c-eafa-2d99-302f7bf345d3,student2351@synthetic.example.com,Cybersecurity Analyst,average,4,17,6,10,60.0
99b52425-1cc3-64fc-cd58-b20cc3f12466,student2352@synthetic.example.com,Data Scientist,strong,3,28,8,9,88.9
4edadb0f-38b6-6747-3e3e-8beb37ad5a8f,student2353@synthetic.example.com,Software Developer,strong,2,20,9,10,90.0
950acc97-2ccc-efbf-bac3-70f126395fdc,student2354@synthetic.example.com,Software Developer,strong,1,28,10,10,100.0
12284b51-4d04-d2a0-fd0b-6f78843e473e,student2355@synthetic.example.com,Software Developer,strong,3,21,8,10,80.0
6b0ed7e7-c07a-7de6-8825-b9425c56f7de,student2356@synthetic.example.com,Cloud Engineer,weak,2,7,4,10,40.0
8ac94503-71c1-a6ae-6ef5-05527e805067,student2357@synthetic.example.com,Web Developer,average,3,20,9,9,100.0
3fb6139d-abcd-112d-f476-6f453e19dec2,student2358@synthetic.example.com,Web Developer,strong,2,20,9,9,100.0
a8d56410-929e-4b74-323f-c076149a1a55,student2359@synthetic.example.com,Software Developer,average,4,16,7,10,70.0
13909ad7-5d72-1653-85c0-5fc876b258e5,student2360@synthetic.example.com,Software Developer,average,2,17,8,10,80.0
e5b68000-c4a2-53db-f23a-9cc8834fbe25,student2361@synthetic.example.com,Software Developer,average,1,18,7,10,70.0
2cef9736-22c6-97a7-03bb-308d7068cc3f,student2362@synthetic.example.com,Data Scientist,average,1,16,8,9,88.9
92e4974d-4d9b-cb98-e061-09c7599c0539,student2363@synthetic.example.com,Web Developer,average,3,14,5,9,55.6
ca89db20-e039-06c0-adcb-b2ed71037967,student2364@synthetic.example.com,Web Developer,strong,3,22,9,9,100.0
c8caf67b-e857-12cd-8286-16f536e5571e,student2365@synthetic.example.com,Web Developer,average,3,8,5,9,55.6
db52a782-afe4-5281-aebd-cb3dc572518d,student2366@synthetic.example.com,Data Analyst,average,2,15,6,9,66.7
8f36a21b-276b-5987-f506-89600ca24ea7,student2367@synthetic.example.com,Cybersecurity Analyst,average,2,17,8,10,80.0
ffe50b49-541e-0e09-2a22-d1a25dfc7e7e,student2368@synthetic.example.com,Web Developer,average,3,21,9,9,100.0
e45567fd-8923-87d7-d4d4-83d0a04b0696,student2369@synthetic.example.com,Web Developer,weak,1,6,3,9,33.3
b705360f-41df-6c49-c810-d1ea3b87dae2,student2370@synthetic.example.com,Data Analyst,weak,2,9,2,9,22.2
2b46283f-4831-bbf0-da5a-43a8bd7fc0e8,student2371@synthetic.example.com,Cybersecurity Analyst,weak,4,13,4,10,40.0
aa2dd8fd-8702-01ad-1dab-6efcc8d22bcf,student2372@synthetic.example.com,Cloud Engineer,strong,3,20,9,10,90.0
212867f4-6682-80ad-4ed4-afad3328c282,student2373@synthetic.example.com,Cybersecurity Analyst,average,2,19,9,10,90.0
d0de89ae-5771-beae-ac23-5e3f47b68db2,student2374@synthetic.example.com,Data Analyst,average,2,13,8,9,88.9
b8400bfd-1e75-2357-48d5-6625d91a2a7a,student2375@synthetic.example.com,Data Analyst,average,1,18,6,9,66.7
b4fe26b9-167e-2742-16b2-5ba4b3a3df2e,student2376@synthetic.example.com,Web Developer,average,3,17,8,9,88.9
1791f4db-b15f-4629-a2c0-f5c6cb8072e2,student2377@synthetic.example.com,Web Developer,average,2,18,7,9,77.8
43c43124-75f2-f3b0-1a07-68ffdce684a9,student2378@synthetic.example.com,Software Developer,average,1,13,7,10,70.0
bb8ddc18-d1ea-2a31-2888-48e4e7fdc2ce,student2379@synthetic.example.com,Data Scientist,weak,3,9,1,9,11.1
51c4a77a-7fb8-64d4-2f0e-8c36e8b3d708,student2380@synthetic.example.com,Cybersecurity Analyst,strong,4,26,9,10,90.0
1d25034b-eced-70ef-4386-af948e5cfe17,student2381@synthetic.example.com,Software Developer,weak,1,11,5,10,50.0
b7603cf8-5ab0-78e2-c5e4-95786c6460cb,student2382@synthetic.example.com,Software Developer,weak,4,9,3,10,30.0
efe02fe8-a68b-c6f4-d2c2-e2e66a33ac3c,student2383@synthetic.example.com,Cloud Engineer,average,4,15,7,10,70.0
36e957eb-4635-05b7-917a-36dfdab0f21b,student2384@synthetic.example.com,Web Developer,strong,3,21,8,9,88.9
dea88165-7d35-6646-a551-2f06e7166ed8,student2385@synthetic.example.com,Cybersecurity Analyst,average,4,20,8,10,80.0
a2565197-0e43-782d-e9c2-35de2bc6a211,student2386@synthetic.example.com,Data Scientist,weak,4,19,4,9,44.4
c8229978-9fd9-3157-7cd9-2ec96bb97dc4,student2387@synthetic.example.com,Web Developer,average,2,16,6,9,66.7
975e008a-246d-be21-6b64-3209df39b810,student2388@synthetic.example.com,Software Developer,weak,4,19,5,10,50.0
5ac82f0a-84b2-6b15-c572-09da762e5361,student2389@synthetic.example.com,Web Developer,weak,1,10,3,9,33.3
8c5944ba-2260-fafd-d546-1a94be77d456,student2390@synthetic.example.com,Data Scientist,weak,2,7,2,9,22.2
065e2fc7-2263-f7b6-2a0b-afd2bc1fdbe8,student2391@synthetic.example.com,Data Scientist,strong,2,19,8,9,88.9
80b929ec-5e24-8970-505d-561021e46c70,student2392@synthetic.example.com,Software Developer,weak,4,15,8,10,80.0
5502acc7-d17e-d3ff-da8c-34c91e3e7e67,student2393@synthetic.example.com,Data Analyst,average,2,18,7,9,77.8
c288dd98-8bf0-b1bd-91f4-6d0b83ea5294,student2394@synthetic.example.com,Software Developer,weak,2,9,3,10,30.0
30cc3906-504c-f1a6-7589-204a5b978d06,student2395@synthetic.example.com,Software Developer,strong,2,23,9,10,90.0
1a19c700-5443-339e-780a-19740d8ca477,student2396@synthetic.example.com,Data Analyst,strong,1,17,9,9,100.0
4ff03e01-fde4-dce0-ba3d-1fb2431f0f14,student2397@synthetic.example.com,Cloud Engineer,weak,3,8,3,10,30.0
3120f87a-43c8-fbbe-c7eb-9135ccb7f14b,student2398@synthetic.example.com,Cybersecurity Analyst,average,4,18,7,10,70.0
32233289-ddf1-bdd6-375e-32a4e93bb949,student2399@synthetic.example.com,Data Analyst,strong,4,18,9,9,100.0
8446c40e-0d5f-af31-012c-eb42120deeb6,student2400@synthetic.example.com,Data Scientist,average,4,20,9,9,100.0
1ca52355-9a1d-590e-fde4-6953836a54c8,student2401@synthetic.example.com,Data Scientist,average,2,19,6,9,66.7
92015e20-7598-a06c-de71-9ff1521f9eda,student2402@synthetic.example.com,Web Developer,average,3,16,8,9,88.9
ab218cb8-1440-33e3-1cf5-b7c4deaf382d,student2403@synthetic.example.com,Software Developer,average,2,17,8,10,80.0
04b8cb24-4196-e894-0157-a7ff087cb9e5,student2404@synthetic.example.com,Web Developer,average,3,18,7,9,77.8
7b263736-8d49-d42c-b3f4-030c4d0b5c0c,student2405@synthetic.example.com,Web Developer,weak,3,13,7,9,77.8
c1689a9d-c772-6123-4850-b466275dbc1e,student2406@synthetic.example.com,Software Developer,average,1,17,9,10,90.0
4890381d-a186-587e-23ff-b1b8bb7d09ed,student2407@synthetic.example.com,Software Developer,average,3,19,7,10,70.0
112e7033-06d4-3a47-a94f-77a6b47b3765,student2408@synthetic.example.com,Data Analyst,average,4,22,8,9,88.9
261859ae-576e-6e00-efff-50efa2db4426,student2409@synthetic.example.com,Data Analyst,average,4,18,7,9,77.8
62516f12-48be-252d-2b5c-7ce0caecb563,student2410@synthetic.example.com,Cybersecurity Analyst,average,3,15,6,10,60.0
3ae64a83-dcb3-065f-40f0-8efc95a10eb8,student2411@synthetic.example.com,Software Developer,average,2,13,7,10,70.0
4c3907e1-1e1c-2e18-adf5-95276c58dd00,student2412@synthetic.example.com,Data Scientist,average,3,20,7,9,77.8
8464b0c8-59f2-619b-68c6-ed60255e3d96,student2413@synthetic.example.com,Cloud Engineer,average,2,20,8,10,80.0
646d71f2-12bb-707b-92c1-ac0a89323679,student2414@synthetic.example.com,Data Analyst,average,2,19,9,9,100.0
6bb6512b-5d26-a18a-a2b4-f82029a616f6,student2415@synthetic.example.com,Cybersecurity Analyst,strong,3,22,8,10,80.0
f8f7afb8-d479-20d8-21c2-b541884bb27c,student2416@synthetic.example.com,Software Developer,strong,4,16,7,10,70.0
6d4030a1-b402-2fff-c149-e97dcdf31b09,student2417@synthetic.example.com,Data Scientist,strong,3,24,9,9,100.0
544a497b-143b-29d6-39a8-30a640f15f96,student2418@synthetic.example.com,Web Developer,average,4,18,6,9,66.7
ec3b0b07-9b14-c172-fa40-539169ef75d6,student2419@synthetic.example.com,Web Developer,average,3,13,6,9,66.7
994319cd-4e50-248e-d11c-f749356e3bb2,student2420@synthetic.example.com,Web Developer,weak,4,11,5,9,55.6
1cbbb2d7-6788-e593-2499-c2909a58ab62,student2421@synthetic.example.com,Software Developer,average,4,18,9,10,90.0
a67cc706-37e6-3e4b-1788-98644c20bd08,student2422@synthetic.example.com,Cloud Engineer,average,3,18,7,10,70.0
e4de2b70-b3a7-0b44-f5a9-c16ee701a606,student2423@synthetic.example.com,Software Developer,weak,2,7,3,10,30.0
b1f85d3a-b5a0-437d-6866-ac4c0fb60584,student2424@synthetic.example.com,Web Developer,strong,4,22,9,9,100.0
e7527d66-995c-e760-a6d7-00e4aa93f6c3,student2425@synthetic.example.com,Data Scientist,weak,3,8,2,9,22.2
eeff3614-bca0-dd34-d7dd-7909a5fe79ac,student2426@synthetic.example.com,Cybersecurity Analyst,weak,2,14,8,10,80.0
e0658de0-323e-8530-bf55-9938a7d0de53,student2427@synthetic.example.com,Cloud Engineer,strong,4,20,9,10,90.0
37cf9326-13d9-b498-f75a-44725fde5a2e,student2428@synthetic.example.com,Cybersecurity Analyst,average,1,17,7,10,70.0
411f7aec-ffd6-ddc1-8520-ac961b630580,student2429@synthetic.example.com,Software Developer,average,3,17,9,10,90.0
a94e1b69-2819-86d0-ea48-7612f6c2b0de,student2430@synthetic.example.com,Data Scientist,weak,1,5,2,9,22.2
cc35e64e-0a4c-3273-0350-539292cf726b,student2431@synthetic.example.com,Cybersecurity Analyst,average,2,13,5,10,50.0
7ec090d2-bb2b-f0ff-5aed-745db4ebfe29,student2432@synthetic.example.com,Cybersecurity Analyst,strong,3,17,8,10,80.0
08e12506-f6a1-7db5-52c8-a7ea85776ed7,student2433@synthetic.example.com,Software Developer,average,4,19,8,10,80.0
c13fdbb9-eccf-94fb-b55f-4916815631a6,student2434@synthetic.example.com,Software Developer,average,2,18,9,10,90.0
a74fe850-1e38-4b6e-df9e-23259b87408d,student2435@synthetic.example.com,Data Analyst,average,2,9,5,9,55.6
50c67d8e-2f04-a035-50fd-ff0762f01872,student2436@synthetic.example.com,Data Scientist,average,1,19,8,9,88.9
d2eb5070-c768-eed5-c646-4b802c887ee5,student2437@synthetic.example.com,Software Developer,average,4,21,8,10,80.0
031b20eb-961b-6e21-4df4-d5c56059d9a6,student2438@synthetic.example.com,Web Developer,strong,1,22,8,9,88.9
48960335-9256-0063-4c80-9045bf6e4c08,student2439@synthetic.example.com,Software Developer,average,3,19,5,10,50.0
b2ea6699-88ec-52b5-939c-ba1771bc2fa3,student2440@synthetic.example.com,Data Analyst,weak,3,10,8,9,88.9
23de2db2-6e74-4ceb-15e4-2185fdc0f034,student2441@synthetic.example.com,Data Analyst,strong,3,22,8,9,88.9
b61e8304-7c0a-4ce4-fefa-51a598554018,student2442@synthetic.example.com,Data Analyst,weak,2,10,3,9,33.3
6e3b246a-2ed9-df4a-1e39-8042071a7f72,student2443@synthetic.example.com,Cloud Engineer,strong,4,30,9,10,90.0
95ff451f-f28a-e868-53b2-18a9a4af663d,student2444@synthetic.example.com,Cloud Engineer,weak,2,6,1,10,10.0
70884336-bd1e-8aec-06b9-567708119d6e,student2445@synthetic.example.com,Web Developer,average,2,11,5,9,55.6
cc0e7e9e-9eb7-fdda-778b-a427244878ed,student2446@synthetic.example.com,Software Developer,weak,3,14,5,10,50.0
4e5e9544-38ed-fb57-c65c-64a2f72bb7e4,student2447@synthetic.example.com,Software Developer,weak,3,9,3,10,30.0
830c4930-0ffd-b519-b084-26f155069b38,student2448@synthetic.example.com,Software Developer,average,3,19,9,10,90.0
104e84db-ad03-350f-ba8f-806579b3a56a,student2449@synthetic.example.com,Data Analyst,strong,3,18,9,9,100.0
dcbab823-e4a4-fcb7-7438-462268f2e370,student2450@synthetic.example.com,Data Analyst,average,1,18,8,9,88.9
3232bd63-77d4-0834-eaf1-44d4d9606ac9,student2451@synthetic.example.com,Cloud Engineer,average,3,16,8,10,80.0
4919421a-8493-ae31-f136-67e6d6673e39,student2452@synthetic.example.com,Data Analyst,average,4,16,4,9,44.4
6efa9114-38a4-ff97-d2b5-7cc0c37970a5,student2453@synthetic.example.com,Web Developer,weak,3,4,2,9,22.2
5c645887-bac0-6056-2207-dff5006bbd6e,student2454@synthetic.example.com,Web Developer,average,3,14,6,9,66.7
7a00190b-ee2e-f229-a14e-b68a8213f5c1,student2455@synthetic.example.com,Data Scientist,strong,3,23,9,9,100.0
60cfec28-5aae-f5f9-5351-56750a33336c,student2456@synthetic.example.com,Software Developer,weak,4,15,5,10,50.0
09aca36c-4d19-e017-4885-20202d9bed82,student2457@synthetic.example.com,Software Developer,strong,3,21,10,10,100.0
9f6a66cd-8e7c-a21e-90f2-ed4f1e1c04e9,student2458@synthetic.example.com,Data Analyst,average,3,15,6,9,66.7
3e1ec012-970b-1766-2d64-eb515b5153d9,student2459@synthetic.example.com,Web Developer,strong,1,32,9,9,100.0
170f587e-77a3-e487-233b-c8ddca3e36df,student2460@synthetic.example.com,Cybersecurity Analyst,average,1,20,5,10,50.0
02ce47a6-bf65-3f64-2880-6147714b86d6,student2461@synthetic.example.com,Data Scientist,average,4,11,4,9,44.4
035e3e47-352d-b909-8f23-60ac11a1e977,student2462@synthetic.example.com,Web Developer,weak,2,13,5,9,55.6
986629d0-e5b5-8bb6-473f-3af1989a3986,student2463@synthetic.example.com,Cybersecurity Analyst,strong,4,34,10,10,100.0
c22a8823-00f5-f9f0-d3c8-4b9965735909,student2464@synthetic.example.com,Software Developer,average,1,19,8,10,80.0
8798ca57-8812-0b15-346f-89431ff0acaf,student2465@synthetic.example.com,Cybersecurity Analyst,average,1,23,7,10,70.0
8766d831-35d0-0c4a-f757-4844c1537117,student2466@synthetic.example.com,Software Developer,weak,2,9,6,10,60.0
843b573c-09e3-ba66-e8bd-485b9189e694,student2467@synthetic.example.com,Data Analyst,average,4,21,6,9,66.7
96a156c9-9412-dbb5-7a29-43b7eb2d57f3,student2468@synthetic.example.com,Software Developer,average,4,23,8,10,80.0
54938ca0-d92c-bf66-3378-a14094a8f003,student2469@synthetic.example.com,Software Developer,average,3,17,9,10,90.0
dbedeba0-e4b4-c1ac-2859-3b8acc64a20b,student2470@synthetic.example.com,Web Developer,average,3,17,6,9,66.7
0dc256c4-96bf-0c36-71a8-0268fd42fb96,student2471@synthetic.example.com,Data Analyst,average,4,18,7,9,77.8
89c1eed2-9dfb-b0cf-33a8-8e64bd2cd4ab,student2472@synthetic.example.com,Cybersecurity Analyst,average,1,13,6,10,60.0
0c518110-afbd-ddc8-c6f2-fa995b16715d,student2473@synthetic.example.com,Web Developer,strong,4,22,9,9,100.0
7ab83c85-104a-b039-59a2-5bb7083eeec9,student2474@synthetic.example.com,Software Developer,average,3,19,8,10,80.0
e21c88ce-5a71-9fab-c7e7-ddd744254a6a,student2475@synthetic.example.com,Data Scientist,average,4,11,5,9,55.6
f2a76631-6ab8-f225-bde3-048f1f3a01a2,student2476@synthetic.example.com,Data Scientist,weak,3,11,2,9,22.2
69c4ce87-a387-c8b0-fde2-b535fcd16668,student2477@synthetic.example.com,Data Analyst,average,2,13,8,9,88.9
18291d43-e54c-66a2-0921-42f34f454d4b,student2478@synthetic.example.com,Data Scientist,average,2,13,6,9,66.7
69bb63b0-6281-f10e-7661-7a82690ead35,student2479@synthetic.example.com,Software Developer,weak,3,15,6,10,60.0
207ac17b-e144-2788-8f4d-efede876617b,student2480@synthetic.example.com,Data Analyst,weak,2,7,3,9,33.3
007fbbab-8a2d-a38c-6e21-005a21f1e188,student2481@synthetic.example.com,Cybersecurity Analyst,weak,3,10,2,10,20.0
92066823-525c-d40b-5c9d-c460661d8c95,student2482@synthetic.example.com,Cybersecurity Analyst,weak,4,10,4,10,40.0
ddfae893-8523-743e-7eb8-9f5e29f3f41f,student2483@synthetic.example.com,Software Developer,average,3,19,7,10,70.0
3ada3964-34dd-fde2-4579-cd9fb726050b,student2484@synthetic.example.com,Data Analyst,average,2,19,8,9,88.9
6ced3b5a-c18c-feb0-c406-0575b578c2dd,student2485@synthetic.example.com,Data Analyst,average,3,13,6,9,66.7
a1cb623a-a719-fdd4-a1dc-d46b727a714e,student2486@synthetic.example.com,Data Scientist,weak,3,14,3,9,33.3
6c23dc29-14cb-374a-c6cb-563191681ef0,student2487@synthetic.example.com,Data Scientist,weak,4,13,6,9,66.7
9cb4ba5d-10fa-5f30-51fe-fc43db784639,student2488@synthetic.example.com,Cybersecurity Analyst,weak,2,12,2,10,20.0
4376633a-be32-163d-a267-5695ab2219a2,student2489@synthetic.example.com,Software Developer,average,3,11,8,10,80.0
d7e04425-d1f7-2fab-d1d6-c17475d89033,student2490@synthetic.example.com,Cybersecurity Analyst,weak,2,9,4,10,40.0
5cdcb1e5-480f-6a1e-cdb4-685016c86f81,student2491@synthetic.example.com,Data Scientist,average,2,15,7,9,77.8
9503c444-04ab-af2d-4c09-968385c2bf77,student2492@synthetic.example.com,Data Analyst,strong,4,19,9,9,100.0
cab08965-1147-7e95-8b20-a5ba53d3e017,student2493@synthetic.example.com,Cloud Engineer,weak,1,8,3,10,30.0
70142b6c-34ea-c1c0-5ae3-f5afa31405e2,student2494@synthetic.example.com,Web Developer,weak,2,9,5,9,55.6
5e709ea1-806b-bc2e-d490-6a98ae839f16,student2495@synthetic.example.com,Web Developer,weak,3,18,4,9,44.4
74625230-206c-ca7a-70ff-4543d9ea9865,student2496@synthetic.example.com,Data Analyst,strong,3,16,7,9,77.8
d4259535-fd7c-a98c-c31f-acf44cb368d8,student2497@synthetic.example.com,Data Analyst,average,2,18,7,9,77.8
31adad51-2bde-56bc-eb3c-f82307068f71,student2498@synthetic.example.com,Data Analyst,strong,1,17,8,9,88.9
06500a4a-6c6d-4738-25a2-5f8b1af1fe5e,student2499@synthetic.example.com,Data Analyst,average,2,20,9,9,100.0
717f8c48-08c0-c9bf-f4d5-5086362dda12,student2500@synthetic.example.com,Software Developer,average,4,19,8,10,80.0
2db780eb-95e0-e931-d969-22f8348abd8d,student2501@synthetic.example.com,Data Scientist,average,3,18,5,9,55.6
20d605e5-2533-6108-7a23-83dcaebf722e,student2502@synthetic.example.com,Cloud Engineer,weak,2,9,3,10,30.0
9ad6f2bd-b775-65c6-4c3f-0171793b73f9,student2503@synthetic.example.com,Data Analyst,average,3,18,9,9,100.0
da7314dd-8b6a-d427-4de3-501df9de2503,student2504@synthetic.example.com,Cloud Engineer,strong,2,19,9,10,90.0
8ad19ee5-e668-c9d5-4ec7-b957f35edd86,student2505@synthetic.example.com,Cloud Engineer,weak,2,12,5,10,50.0
f64615ea-4de2-a7c2-7500-29ce9a4a5ef1,student2506@synthetic.example.com,Web Developer,strong,2,22,9,9,100.0
b0a2c296-aa03-6bb1-0a31-2daed0fbeb30,student2507@synthetic.example.com,Cloud Engineer,strong,2,25,8,10,80.0
1300f276-49e8-5e14-bf96-7a5f3061636e,student2508@synthetic.example.com,Software Developer,average,3,18,6,10,60.0
65488718-844c-0a58-0add-3b8935b5aaf6,student2509@synthetic.example.com,Data Scientist,average,3,16,7,9,77.8
ed62c073-9f23-528f-56e6-b795a06b7ace,student2510@synthetic.example.com,Software Developer,strong,4,25,10,10,100.0
72a55173-f392-a33b-6ad4-a0af26284c75,student2511@synthetic.example.com,Data Analyst,average,1,12,7,9,77.8
f2064cc5-03ff-a562-0d22-92aa6b9b7d37,student2512@synthetic.example.com,Software Developer,average,4,19,8,10,80.0
63bbbfde-9074-4d61-a43b-e0eac8f30f59,student2513@synthetic.example.com,Data Analyst,weak,3,11,4,9,44.4
052429d5-68ad-d28f-c662-3189819a2cdd,student2514@synthetic.example.com,Cybersecurity Analyst,strong,2,27,10,10,100.0
f9dfb541-7579-bffb-f775-5e79ec1db3d0,student2515@synthetic.example.com,Software Developer,average,4,15,6,10,60.0
6ce6d360-be1d-7c7c-5b6c-4415af38c252,student2516@synthetic.example.com,Data Analyst,average,1,15,8,9,88.9
a0fa8700-16bc-b8ad-612d-f975a314e3b2,student2517@synthetic.example.com,Software Developer,strong,2,21,10,10,100.0
4b89780b-2992-59e5-f90c-e5ec3ddc34db,student2518@synthetic.example.com,Data Analyst,strong,3,20,9,9,100.0
e1e93a7a-b446-8c5b-d640-1a77e898b512,student2519@synthetic.example.com,Software Developer,average,4,13,6,10,60.0
fde5fa2a-0cbf-1be1-754c-c3c80560b162,student2520@synthetic.example.com,Software Developer,average,3,19,7,10,70.0
060a80c6-4f32-23c3-3521-f4fe433614f0,student2521@synthetic.example.com,Software Developer,weak,3,10,4,10,40.0
c475ec4a-a4c2-e13e-5c6f-d31077b7b77e,student2522@synthetic.example.com,Data Analyst,average,4,15,5,9,55.6
ac6ee543-baaf-26f2-71b2-0809a544ea28,student2523@synthetic.example.com,Cybersecurity Analyst,weak,3,14,9,10,90.0
4868861b-2676-f76c-e866-bd943d914acf,student2524@synthetic.example.com,Data Scientist,weak,4,15,5,9,55.6
6ef89571-c214-6af2-ebf2-0745bd2d4d97,student2525@synthetic.example.com,Data Scientist,average,1,14,7,9,77.8
c695242c-4fbd-8269-f24b-1449965f7e1c,student2526@synthetic.example.com,Web Developer,average,1,20,6,9,66.7
73043dcd-466d-17c2-f77a-328e71d57fe8,student2527@synthetic.example.com,Web Developer,weak,2,14,6,9,66.7
ac57795c-643f-9974-9763-c70c32c1d545,student2528@synthetic.example.com,Web Developer,strong,3,18,9,9,100.0
b04321bf-98d1-6339-731e-6ffa491b2151,student2529@synthetic.example.com,Cybersecurity Analyst,average,2,17,8,10,80.0
246eb615-6a5f-b73d-a13e-c3c7f69894ed,student2530@synthetic.example.com,Web Developer,weak,1,7,5,9,55.6
8dd94636-6868-4db2-d337-41f7b2cdd736,student2531@synthetic.example.com,Data Scientist,average,2,15,6,9,66.7
473c705b-5e07-041b-ab53-eeb8ec21fbe9,student2532@synthetic.example.com,Software Developer,weak,4,14,4,10,40.0
80d033b0-b174-867d-788c-a21b93aef678,student2533@synthetic.example.com,Software Developer,strong,3,22,10,10,100.0
cedd7bbf-2afe-d05e-1166-967e1bb7b8d5,student2534@synthetic.example.com,Software Developer,average,2,14,6,10,60.0
0e583ddf-59d4-0e0a-572b-805ddef75b63,student2535@synthetic.example.com,Cybersecurity Analyst,average,3,16,5,10,50.0
0ad55782-6379-5b8d-a08c-043c30806ee6,student2536@synthetic.example.com,Web Developer,weak,4,13,7,9,77.8
185dd3a7-818a-aed7-7ea9-daeddd5ab7c1,student2537@synthetic.example.com,Cybersecurity Analyst,strong,1,22,9,10,90.0
c3fabafc-9afd-7c09-72c8-1f4282df565e,student2538@synthetic.example.com,Web Developer,strong,3,20,8,9,88.9
4dd4086b-ae9e-29d1-27ff-05484ac094fe,student2539@synthetic.example.com,Web Developer,average,4,17,9,9,100.0
e100f7a4-e1e1-abc5-f9df-ac59eb725e6c,student2540@synthetic.example.com,Data Analyst,weak,4,12,6,9,66.7
af70e76f-842a-27ed-ffec-ffcf5cea44f7,student2541@synthetic.example.com,Cybersecurity Analyst,average,4,19,8,10,80.0
fe8f2743-a574-1066-d44b-96ed540e26f2,student2542@synthetic.example.com,Software Developer,weak,3,10,5,10,50.0
790e4319-aa90-734f-fdae-f4828a89d994,student2543@synthetic.example.com,Software Developer,average,3,16,6,10,60.0
b88c27d5-d864-4af2-900e-f85fd7607253,student2544@synthetic.example.com,Software Developer,average,1,16,7,10,70.0
369c5fd0-a890-f5ed-c26e-c83e8d0d8a5e,student2545@synthetic.example.com,Software Developer,weak,4,13,3,10,30.0
408f4513-1561-3bba-9255-a5d03a198036,student2546@synthetic.example.com,Web Developer,average,2,16,8,9,88.9
6d9de24c-a450-4ad7-ccbd-6fac38bc94b4,student2547@synthetic.example.com,Data Scientist,strong,3,19,9,9,100.0
61064a59-be69-a54e-78e9-9c94f3541a60,student2548@synthetic.example.com,Web Developer,average,3,16,7,9,77.8
d60fff15-9fdc-416b-71fa-7e3cba316d9a,student2549@synthetic.example.com,Data Analyst,strong,2,22,9,9,100.0
c17a2469-da2c-5591-9ded-25d04856edb1,student2550@synthetic.example.com,Software Developer,strong,2,20,10,10,100.0
cc823019-3514-52f7-f47d-da435e2275d0,student2551@synthetic.example.com,Cloud Engineer,average,2,18,6,10,60.0
c955f6ca-a855-2fb5-ebd4-1ebfdaf01db5,student2552@synthetic.example.com,Data Scientist,strong,2,20,8,9,88.9
9a03faf0-dd99-4f4c-3d1c-c1c4fa9687eb,student2553@synthetic.example.com,Software Developer,weak,1,10,4,10,40.0
93f422c7-4a9c-5ccf-caeb-ea241452309f,student2554@synthetic.example.com,Data Scientist,weak,2,12,1,9,11.1
7cdf64bf-da7d-ab6c-d9ea-263266bfce69,student2555@synthetic.example.com,Web Developer,average,3,27,7,9,77.8
9c1d6ac2-c968-9a81-1b66-67f3ab1a8996,student2556@synthetic.example.com,Software Developer,average,3,15,7,10,70.0
96735841-f5d7-ea87-e898-3c9b3dd4abca,student2557@synthetic.example.com,Data Analyst,average,2,14,7,9,77.8
fbe6dd71-12b0-e791-f810-e9889c56cdae,student2558@synthetic.example.com,Data Analyst,weak,3,8,3,9,33.3
3bf61280-25e6-7374-f536-2e25a86421a7,student2559@synthetic.example.com,Cloud Engineer,weak,2,6,5,10,50.0
70723aac-cf84-da8d-7286-a0eb2ed075d8,student2560@synthetic.example.com,Software Developer,average,3,15,8,10,80.0
7e198f4f-34fd-51e7-a4dc-4ffbd7091b37,student2561@synthetic.example.com,Data Scientist,weak,3,12,2,9,22.2
003eee1d-01ea-93ab-176e-56f7a58c693f,student2562@synthetic.example.com,Data Scientist,strong,4,19,8,9,88.9
d197f29e-0f56-0a50-f3d8-12246f063266,student2563@synthetic.example.com,Software Developer,weak,3,9,6,10,60.0
4f3e0811-0e60-826f-425d-d41823136435,student2564@synthetic.example.com,Data Analyst,average,2,23,9,9,100.0
9000a5ac-0b98-5133-bd7a-6728ef16ae6f,student2565@synthetic.example.com,Data Analyst,strong,3,14,9,9,100.0
5b09b183-7ba5-c6fa-8c4b-b0fd645e2dc1,student2566@synthetic.example.com,Data Scientist,average,2,22,8,9,88.9
6a165272-d171-cd73-3604-745d24d0be94,student2567@synthetic.example.com,Software Developer,average,4,18,8,10,80.0
ac635ee8-2f50-a2c6-c3b0-4f87f8511368,student2568@synthetic.example.com,Web Developer,average,3,15,6,9,66.7
5ef97050-3e88-2544-3d8b-25a39e9cc902,student2569@synthetic.example.com,Data Analyst,strong,4,17,9,9,100.0
c255f4f1-fcd7-6544-355a-3c46c5d8bb41,student2570@synthetic.example.com,Software Developer,weak,3,11,4,10,40.0
9e79dc92-999b-1582-ecf9-5197caa60756,student2571@synthetic.example.com,Cybersecurity Analyst,average,3,20,9,10,90.0
6267f88f-0f58-b13b-236b-252900950281,student2572@synthetic.example.com,Data Analyst,strong,4,21,9,9,100.0
61269e9c-58eb-4e50-3124-68b01d487cfa,student2573@synthetic.example.com,Data Scientist,average,4,15,6,9,66.7
b0df5a42-1633-54a2-f122-6eb00b9a5efe,student2574@synthetic.example.com,Data Analyst,average,1,8,3,9,33.3
70066fb6-22d6-4287-9df8-ad1ea3f089d2,student2575@synthetic.example.com,Web Developer,strong,4,20,9,9,100.0
9c3e1a89-70c0-f4db-bca2-8b4ecff86314,student2576@synthetic.example.com,Data Analyst,average,4,14,7,9,77.8
3bff7bbe-6a45-3a57-a776-a6adfbc7f9c6,student2577@synthetic.example.com,Cloud Engineer,weak,2,10,5,10,50.0
dce47fb5-c137-19f9-89fa-bfdbd62eb779,student2578@synthetic.example.com,Web Developer,average,4,20,8,9,88.9
bd37161a-896a-940a-2a9e-46d26c984654,student2579@synthetic.example.com,Web Developer,average,2,15,7,9,77.8
5ea568d7-97ec-5eae-c03c-85848346ae53,student2580@synthetic.example.com,Web Developer,strong,1,25,8,9,88.9
eff4b838-0678-3c1f-c3f6-6c8ad51b6448,student2581@synthetic.example.com,Cybersecurity Analyst,strong,4,24,10,10,100.0
3e58153f-c601-6cda-0929-8c03d785404b,student2582@synthetic.example.com,Web Developer,weak,3,12,3,9,33.3
2d766c2e-30a6-4d56-e647-08889805e82c,student2583@synthetic.example.com,Web Developer,strong,2,21,8,9,88.9
03dbb6fb-6ad8-fe65-57f8-fa4ac9734670,student2584@synthetic.example.com,Data Analyst,weak,3,15,3,9,33.3
49e5bfac-257a-dfff-3e45-a5cb94e764ee,student2585@synthetic.example.com,Software Developer,average,3,17,9,10,90.0
56a04187-5a02-f79b-cafa-8ff11db91b82,student2586@synthetic.example.com,Data Scientist,weak,4,11,6,9,66.7
07a66912-1a86-a877-3515-33e8bb5b6671,student2587@synthetic.example.com,Web Developer,average,2,14,6,9,66.7
abc49620-5e33-92bc-b444-b59390ee61f8,student2588@synthetic.example.com,Software Developer,strong,3,16,9,10,90.0
dd426731-a33c-4fb3-af73-4dc30dc00b8a,student2589@synthetic.example.com,Web Developer,average,2,21,9,9,100.0
0667f060-6193-f4ed-5451-3c208e114663,student2590@synthetic.example.com,Software Developer,weak,2,6,2,10,20.0
428c8a1e-0466-caf1-89ea-424d3da17f86,student2591@synthetic.example.com,Data Analyst,average,2,15,7,9,77.8
3e038a4c-8067-4faa-3e92-42bcb071ee58,student2592@synthetic.example.com,Software Developer,average,2,15,7,10,70.0
8f67f433-8fcd-560a-c561-0cb628292437,student2593@synthetic.example.com,Cybersecurity Analyst,average,3,12,7,10,70.0
40678e41-abf9-d9c0-2f46-3d90949d25c0,student2594@synthetic.example.com,Software Developer,average,4,23,9,10,90.0
0c2d3746-7f66-27c6-9465-9a59ce759691,student2595@synthetic.example.com,Cybersecurity Analyst,average,3,15,5,10,50.0
7866a16f-7fbc-ff73-9b70-354f48691aee,student2596@synthetic.example.com,Cloud Engineer,weak,1,9,4,10,40.0
c8e1d83b-6103-116d-a1de-9b9210b5b3a6,student2597@synthetic.example.com,Web Developer,average,2,10,8,9,88.9
53d41a87-d7e4-06b0-258e-9ea5006b4920,student2598@synthetic.example.com,Software Developer,average,3,23,6,10,60.0
151f8fa3-9ef5-0ca8-43f9-ca193df22fd5,student2599@synthetic.example.com,Cloud Engineer,strong,4,22,9,10,90.0
30fed8eb-f927-67f8-bcc2-e953db25a897,student2600@synthetic.example.com,Data Analyst,average,2,17,7,9,77.8
a96e0eae-605f-4d65-ce1b-57ab865876d3,student2601@synthetic.example.com,Cloud Engineer,strong,2,18,8,10,80.0
08665668-7c06-6025-07ab-ca8e7f4d7a27,student2602@synthetic.example.com,Software Developer,average,2,19,8,10,80.0
a21de2b7-1fa2-d7c8-2738-6856c0b0ae96,student2603@synthetic.example.com,Software Developer,average,3,14,8,10,80.0
80d5e9ac-e2d6-07c4-0a91-31aba4534036,student2604@synthetic.example.com,Software Developer,average,4,19,9,10,90.0
451a5c7c-8822-56e6-456e-6bc7f7038064,student2605@synthetic.example.com,Software Developer,average,1,20,9,10,90.0
fe1ad706-43dc-3d5f-1a3e-b61da28e89f1,student2606@synthetic.example.com,Data Analyst,average,2,10,7,9,77.8
bc2dce23-e028-b9b9-ef7e-3493468cef28,student2607@synthetic.example.com,Data Analyst,average,2,13,7,9,77.8
15bd8825-b516-0d6e-c4ab-e454da30856b,student2608@synthetic.example.com,Cybersecurity Analyst,weak,3,17,5,10,50.0
3b901767-4f14-7052-5ab0-c06c3b772651,student2609@synthetic.example.com,Data Analyst,average,4,9,6,9,66.7
1a0eaf9c-5e28-c34d-440d-7c86856bf326,student2610@synthetic.example.com,Data Analyst,average,2,21,8,9,88.9
a7204f46-4ad3-51d9-9c8f-eb7d5409c18d,student2611@synthetic.example.com,Data Analyst,average,1,13,7,9,77.8
740a78c7-bd0e-6247-30c3-57f45b12d9cd,student2612@synthetic.example.com,Software Developer,strong,2,23,7,10,70.0
25ecde93-e321-4dc9-d114-506294d44cd0,student2613@synthetic.example.com,Cybersecurity Analyst,strong,2,28,9,10,90.0
bd596309-d949-e8fd-4bba-4ff39b44690d,student2614@synthetic.example.com,Web Developer,weak,3,13,4,9,44.4
5b570296-9f6b-cf70-7f72-3e8ffd9bbfbd,student2615@synthetic.example.com,Web Developer,average,3,16,3,9,33.3
3fe0911b-4b27-e713-0a80-a994bac20597,student2616@synthetic.example.com,Cybersecurity Analyst,strong,3,30,10,10,100.0
c61a36a1-bdcb-7b4c-192e-1d8dc34093e8,student2617@synthetic.example.com,Data Scientist,average,4,15,8,9,88.9
2c44ae11-c8f5-7b42-53b8-5c804176165a,student2618@synthetic.example.com,Cloud Engineer,average,2,18,10,10,100.0
b14d839b-d408-925e-2bd8-48ff43dc08a6,student2619@synthetic.example.com,Software Developer,average,2,15,6,10,60.0
b9f81741-95dc-6990-845b-987d02ba6b26,student2620@synthetic.example.com,Cloud Engineer,average,1,18,6,10,60.0
bc141dba-0d57-3abd-37e2-7fd8fc947f0d,student2621@synthetic.example.com,Software Developer,average,1,15,6,10,60.0
8184b03d-09fc-3b7c-bcf8-c463dc8ea071,student2622@synthetic.example.com,Cybersecurity Analyst,weak,4,14,4,10,40.0
f38f16a8-244d-e0ee-adbf-e13d0dee50b9,student2623@synthetic.example.com,Software Developer,weak,1,3,2,10,20.0
d0be465c-9baf-6a39-3fb5-a6d72f8bf794,student2624@synthetic.example.com,Data Analyst,weak,1,5,0,9,0.0
e33bb47c-c001-5a54-3f41-c53707c5f120,student2625@synthetic.example.com,Software Developer,average,1,13,6,10,60.0
378f8e71-e3da-013e-9280-be6b469bbfb0,student2626@synthetic.example.com,Web Developer,strong,2,22,9,9,100.0
6d64add5-721d-3c56-1df6-a481b5ef4f22,student2627@synthetic.example.com,Cybersecurity Analyst,strong,2,24,9,10,90.0
e3230d31-3ca8-8d62-4c02-0a6b752a14d5,student2628@synthetic.example.com,Software Developer,weak,4,15,4,10,40.0
c2f3246c-3971-d4f6-1754-6a43b13dd0ac,student2629@synthetic.example.com,Data Scientist,strong,1,23,6,9,66.7
e2e4249e-ec00-afe0-4002-0c294fdb206d,student2630@synthetic.example.com,Data Analyst,average,3,18,6,9,66.7
30851d94-97a3-811e-6552-9eef27c0e131,student2631@synthetic.example.com,Web Developer,average,1,16,6,9,66.7
da08781e-2998-74a8-0699-63d6709b867a,student2632@synthetic.example.com,Software Developer,weak,3,16,5,10,50.0
b21637cb-726d-78b9-63fb-9db4f69ce518,student2633@synthetic.example.com,Data Scientist,weak,3,10,2,9,22.2
46100588-a931-26c0-818e-8ce2311a095f,student2634@synthetic.example.com,Cybersecurity Analyst,average,2,21,10,10,100.0
d4f030d5-77fa-16ec-745e-983963a06611,student2635@synthetic.example.com,Web Developer,weak,2,8,1,9,11.1
7028f748-b3e6-9010-d3b8-8fae66ea2885,student2636@synthetic.example.com,Cloud Engineer,average,4,11,7,10,70.0
ba072f7b-37a0-6be9-53f1-81268668a141,student2637@synthetic.example.com,Cloud Engineer,weak,4,7,3,10,30.0
7695d707-9b45-5bf6-1b11-95d65ae4f95e,student2638@synthetic.example.com,Software Developer,average,3,14,8,10,80.0
4fe73e06-b0ba-c8cf-e94e-1c5624901add,student2639@synthetic.example.com,Software Developer,strong,3,14,10,10,100.0
62d2afa0-96c0-933c-f9fe-339b202dd57c,student2640@synthetic.example.com,Data Scientist,average,4,16,5,9,55.6
06f019e6-26fe-a0f7-a15d-2e4755314e0c,student2641@synthetic.example.com,Cybersecurity Analyst,weak,2,4,0,10,0.0
3c488343-d88b-6478-7693-07a5e9dadc48,student2642@synthetic.example.com,Software Developer,average,2,15,8,10,80.0
8d42b1af-69ab-8d98-5169-0c62738110af,student2643@synthetic.example.com,Software Developer,weak,3,10,3,10,30.0
695f87a8-0ea8-f989-3ec0-3a65e68ea5e9,student2644@synthetic.example.com,Data Analyst,average,1,11,9,9,100.0
0a3065a7-9bc3-df9d-aa2b-178284fd733e,student2645@synthetic.example.com,Software Developer,average,1,11,6,10,60.0
e6f873ed-9a2c-6609-0c16-9a11547cd07e,student2646@synthetic.example.com,Cybersecurity Analyst,strong,3,26,10,10,100.0
46b9e986-fe75-fee9-125c-0714ef9ae4d3,student2647@synthetic.example.com,Data Scientist,strong,2,21,8,9,88.9
fbcfc820-caa7-8e0a-d01b-9966a0bc732c,student2648@synthetic.example.com,Web Developer,strong,3,23,9,9,100.0
d7e4fc20-8169-e122-5194-e96fdf2198dd,student2649@synthetic.example.com,Cloud Engineer,average,1,14,7,10,70.0
0d898ffd-fada-4ec9-64ce-43a727439aaa,student2650@synthetic.example.com,Software Developer,strong,2,20,7,10,70.0
bd21451b-3d10-7aec-3bd7-5821ea29b357,student2651@synthetic.example.com,Web Developer,average,1,10,5,9,55.6
bdcdad0c-e4b4-3f0b-43a0-9d13b14f2757,student2652@synthetic.example.com,Software Developer,strong,2,23,7,10,70.0
6adea10c-0303-ac2f-4f7f-1f7089aa08cb,student2653@synthetic.example.com,Software Developer,weak,1,9,4,10,40.0
5871e002-4b27-1912-ea4a-05880ba621b3,student2654@synthetic.example.com,Data Analyst,average,3,16,4,9,44.4
f54dd8a7-7be3-c8c1-7f1c-42baefd13ae1,student2655@synthetic.example.com,Data Analyst,average,4,18,6,9,66.7
297c9399-15f0-7421-4595-d35ab76977e2,student2656@synthetic.example.com,Cloud Engineer,weak,2,14,6,10,60.0
4d78d9b2-fb1f-4fc2-abc4-552868d41708,student2657@synthetic.example.com,Cybersecurity Analyst,average,2,11,3,10,30.0
55182ca1-abc4-63cc-0160-4926ee233a0e,student2658@synthetic.example.com,Data Scientist,average,3,19,6,9,66.7
5bb06bf4-d8fa-437b-3708-356bb6afb6e7,student2659@synthetic.example.com,Cybersecurity Analyst,weak,2,10,3,10,30.0
35013892-c298-d430-ddfd-50bd27e1a303,student2660@synthetic.example.com,Data Analyst,average,2,13,7,9,77.8
8aa3322a-4faf-9e6d-c848-f814999568f8,student2661@synthetic.example.com,Web Developer,average,4,19,6,9,66.7
34dade11-dfee-a8d6-b2fa-05ea4ebcb0dc,student2662@synthetic.example.com,Data Scientist,strong,2,26,9,9,100.0
1cecb4c5-8c97-0499-4eb3-1036b9b3538e,student2663@synthetic.example.com,Software Developer,average,1,16,7,10,70.0
20650fb1-1ebd-9675-45f0-7a92fe41fbf3,student2664@synthetic.example.com,Data Analyst,strong,2,17,9,9,100.0
bcf5e895-5033-3f8d-2558-54bcb99bc414,student2665@synthetic.example.com,Software Developer,strong,2,20,8,10,80.0
0b9cf292-c79b-4a8d-f6c1-86b84aae1a80,student2666@synthetic.example.com,Web Developer,strong,4,25,8,9,88.9
78d94fca-e06a-9528-4337-33de7de723e3,student2667@synthetic.example.com,Data Scientist,strong,1,20,9,9,100.0
d478f8d7-eb64-e7ef-0432-36425ca7bedf,student2668@synthetic.example.com,Web Developer,average,2,12,6,9,66.7
25d6d4d0-c9aa-e5ab-bd8c-aa15d970eb12,student2669@synthetic.example.com,Web Developer,average,2,18,6,9,66.7
a01036cb-2db3-e113-670e-cc21777d1194,student2670@synthetic.example.com,Software Developer,weak,2,10,6,10,60.0
48ee4506-ab93-b0d7-cd9f-71e2f2198f72,student2671@synthetic.example.com,Data Analyst,average,4,15,4,9,44.4
45ef30d3-ba31-da8c-2834-33db1dad7919,student2672@synthetic.example.com,Cybersecurity Analyst,average,4,20,7,10,70.0
eccfba18-8373-3a4c-2a7e-2f3f647052d2,student2673@synthetic.example.com,Cloud Engineer,strong,3,27,10,10,100.0
345fd904-ddf0-701f-4128-5ceacf7be8ab,student2674@synthetic.example.com,Cybersecurity Analyst,weak,3,12,4,10,40.0
9830f0ee-9b3e-c755-14ca-48ff5183a0e9,student2675@synthetic.example.com,Web Developer,average,3,12,5,9,55.6
e5965b31-21ee-f9d5-f55b-c74bee84fe62,student2676@synthetic.example.com,Web Developer,weak,3,10,3,9,33.3
7693bf71-dd87-3dc0-ca4e-99affcca3b70,student2677@synthetic.example.com,Cybersecurity Analyst,average,2,16,7,10,70.0
ab8942c3-e858-518a-3780-5b370ab0b232,student2678@synthetic.example.com,Data Scientist,weak,2,14,6,9,66.7
c65074ce-3271-e138-d982-d4b3930997c2,student2679@synthetic.example.com,Data Scientist,average,1,13,6,9,66.7
470529ee-670e-c27c-d924-e3f7ceb06df8,student2680@synthetic.example.com,Data Scientist,average,2,14,5,9,55.6
ad28c4b8-6cf8-8735-6ef5-c63923297dc6,student2681@synthetic.example.com,Web Developer,average,2,18,6,9,66.7
e0ab1192-6219-e494-e13d-0fa919c762f6,student2682@synthetic.example.com,Web Developer,strong,3,17,7,9,77.8
61a13650-78d5-f864-68c2-4832bbb84463,student2683@synthetic.example.com,Cybersecurity Analyst,strong,3,23,9,10,90.0
f780709f-b9c7-29b3-463b-0303b9503c00,student2684@synthetic.example.com,Software Developer,average,1,13,6,10,60.0
d214ad2d-8673-2c79-5063-fbe411f3db31,student2685@synthetic.example.com,Data Analyst,weak,1,4,2,9,22.2
defd09e9-0ff7-6d58-8c69-dab5be28528f,student2686@synthetic.example.com,Data Analyst,average,4,21,8,9,88.9
bb31c1ff-3744-231f-1f6a-0d03e93a782c,student2687@synthetic.example.com,Web Developer,average,3,19,7,9,77.8
f3b6d812-51a0-8e10-3fde-e274f69160e7,student2688@synthetic.example.com,Software Developer,strong,4,22,10,10,100.0
bd367712-a72b-11d3-66df-44d95a895dac,student2689@synthetic.example.com,Cybersecurity Analyst,average,3,19,7,10,70.0
b8dda115-7882-d1ec-303e-3e1b85a346f1,student2690@synthetic.example.com,Web Developer,average,3,17,7,9,77.8
f5be52eb-c016-831d-9ca1-4ba7b15f69a9,student2691@synthetic.example.com,Software Developer,average,3,15,9,10,90.0
23b3b32d-29fb-4a48-4265-14a69408cd6d,student2692@synthetic.example.com,Software Developer,average,4,19,8,10,80.0
03f448d7-32cb-cb29-0e0e-b9d2d32777d5,student2693@synthetic.example.com,Software Developer,average,2,13,5,10,50.0
c78d63c7-d3ec-4082-3e01-71625603a3aa,student2694@synthetic.example.com,Software Developer,average,2,20,8,10,80.0
bec90651-ac1e-242f-8e22-f7caf1262a74,student2695@synthetic.example.com,Cloud Engineer,weak,1,10,1,10,10.0
d2f19077-43d5-dd3d-6872-b21aec8ea44d,student2696@synthetic.example.com,Data Scientist,average,3,20,6,9,66.7
657861f3-c846-fa0f-fcd5-c4b41e75f8c8,student2697@synthetic.example.com,Data Analyst,weak,2,8,6,9,66.7
0cbdd9b6-a8ff-86d8-129f-d666f8846d85,student2698@synthetic.example.com,Data Scientist,average,2,14,9,9,100.0
29efdaaf-203f-77c3-f77e-20fd2383de7e,student2699@synthetic.example.com,Web Developer,strong,3,19,9,9,100.0
fb9ed3ef-e629-d511-80ea-16a4e8decaed,student2700@synthetic.example.com,Web Developer,average,2,15,9,9,100.0
dc085c9e-9d9b-7ad4-5d0f-69e4a71bb598,student2701@synthetic.example.com,Data Analyst,average,3,16,6,9,66.7
c687bba7-32b9-ac25-70c9-5ee9afb44ae8,student2702@synthetic.example.com,Software Developer,weak,2,5,1,10,10.0
1eec76bf-b894-d5d1-5bb4-228f6e2f447e,student2703@synthetic.example.com,Data Analyst,average,4,8,3,9,33.3
2501c416-a494-f293-1655-2511ee237285,student2704@synthetic.example.com,Software Developer,average,4,16,6,10,60.0
2d187527-b6f5-2e95-1a64-8ef6944c4209,student2705@synthetic.example.com,Software Developer,weak,2,14,6,10,60.0
1cd5a292-d782-add5-de71-0880e994a7c0,student2706@synthetic.example.com,Software Developer,average,3,15,6,10,60.0
f5246931-be38-4bbc-8bb9-82b64e7517d5,student2707@synthetic.example.com,Data Analyst,average,2,16,8,9,88.9
ea9a053c-b863-9400-d5e4-ab21e210af7c,student2708@synthetic.example.com,Web Developer,strong,2,17,7,9,77.8
941b806d-5d08-033f-6b93-68a78c97296a,student2709@synthetic.example.com,Software Developer,average,1,15,9,10,90.0
78113eee-3834-ce90-84ef-72824615f4e1,student2710@synthetic.example.com,Data Analyst,strong,4,17,6,9,66.7
42de2cc4-2611-f405-eff9-d72ed66fbd0f,student2711@synthetic.example.com,Web Developer,strong,1,19,8,9,88.9
929586af-5ea2-b428-1eb5-5ec50edadf12,student2712@synthetic.example.com,Web Developer,average,3,17,7,9,77.8
17a8f3b6-47d7-1772-1755-06c300ae3499,student2713@synthetic.example.com,Software Developer,strong,2,27,8,10,80.0
51e61a70-d789-a7f2-638a-00ba9f2eb96c,student2714@synthetic.example.com,Cloud Engineer,strong,3,22,9,10,90.0
047bb0e4-1761-0094-c6b6-527c1ea055d9,student2715@synthetic.example.com,Software Developer,strong,1,22,7,10,70.0
eb2d8b13-e46f-f26e-5943-cf42121b627a,student2716@synthetic.example.com,Web Developer,average,3,16,8,9,88.9
57d47068-ebae-d942-0053-b7d3c497c8d9,student2717@synthetic.example.com,Cloud Engineer,average,1,18,7,10,70.0
4a13c504-5a66-ea46-a464-369c0e4dbc67,student2718@synthetic.example.com,Data Analyst,weak,3,8,4,9,44.4
2a0366b8-d9bc-80d8-38ee-4e45ede3f7f8,student2719@synthetic.example.com,Cybersecurity Analyst,average,2,17,10,10,100.0
50689972-28fe-ad12-8246-3decd7f98c5e,student2720@synthetic.example.com,Web Developer,weak,3,13,2,9,22.2
2ed0ff36-4283-f3b0-5af1-9bb6ad3678e7,student2721@synthetic.example.com,Cloud Engineer,weak,2,6,4,10,40.0
cb8939cb-8e67-005f-c18a-3764186a63d0,student2722@synthetic.example.com,Software Developer,weak,4,11,5,10,50.0
4a612785-20bf-e156-91e5-8f33378e7194,student2723@synthetic.example.com,Software Developer,average,4,20,7,10,70.0
f762c69c-6e53-9d3f-60bb-b51f8f57f757,student2724@synthetic.example.com,Data Analyst,strong,3,21,8,9,88.9
fbce8d09-d897-84d2-e9a5-dd193ebd6b31,student2725@synthetic.example.com,Data Analyst,weak,2,14,8,9,88.9
dea1bf06-0b7f-2c3f-25da-f81dc5a80b97,student2726@synthetic.example.com,Data Analyst,average,4,17,9,9,100.0
46e2f22d-c0d6-b8e4-c195-02ab26787754,student2727@synthetic.example.com,Cybersecurity Analyst,average,3,21,9,10,90.0
75e01895-0287-da86-1bef-a9a6ed4eaf5f,student2728@synthetic.example.com,Web Developer,weak,1,9,5,9,55.6
ea4edc72-9441-38a2-5699-fe359ed26bb5,student2729@synthetic.example.com,Data Analyst,weak,2,15,3,9,33.3
cd08df23-b338-b2d1-4b35-5af1436ff6db,student2730@synthetic.example.com,Software Developer,average,2,17,6,10,60.0
285f71bf-c20a-b7d6-269a-08e402d6fd4c,student2731@synthetic.example.com,Data Scientist,average,1,17,4,9,44.4
ae7fcf2c-35c3-011a-3a8e-6c1f7634f4fd,student2732@synthetic.example.com,Cybersecurity Analyst,weak,4,14,3,10,30.0
9b5e8b49-921c-de3a-4aca-07bc88ad8860,student2733@synthetic.example.com,Cybersecurity Analyst,strong,3,26,10,10,100.0
9ae7fa44-d7a5-0afd-7645-794e91485acf,student2734@synthetic.example.com,Cybersecurity Analyst,strong,1,27,9,10,90.0
422b011a-e479-8284-b148-1b9fc81f6da4,student2735@synthetic.example.com,Cloud Engineer,strong,2,24,7,10,70.0
b53ca197-6f65-64a5-434c-5643be02ce78,student2736@synthetic.example.com,Cybersecurity Analyst,weak,3,3,1,10,10.0
fe2d99a1-9053-b0d3-5d96-b5b5758901bc,student2737@synthetic.example.com,Web Developer,weak,1,7,4,9,44.4
be054971-d2fb-7099-6916-6d8959734e48,student2738@synthetic.example.com,Software Developer,weak,3,7,4,10,40.0
575d2a92-febb-35b3-9c5e-f74d75bac792,student2739@synthetic.example.com,Software Developer,strong,3,18,9,10,90.0
83be146d-f57f-38a3-07c0-2abc0d457f05,student2740@synthetic.example.com,Software Developer,average,3,13,5,10,50.0
789187b2-b202-f329-e1c9-8a74341522db,student2741@synthetic.example.com,Cybersecurity Analyst,average,3,24,8,10,80.0
1053174b-c4ec-d8d7-9eee-018f2dbf2ede,student2742@synthetic.example.com,Data Analyst,weak,2,4,1,9,11.1
3278a200-fc8b-0972-cc3c-8c523a0f9563,student2743@synthetic.example.com,Web Developer,weak,2,13,5,9,55.6
5e22a654-0cf1-f241-1157-989927e3692a,student2744@synthetic.example.com,Data Analyst,average,3,11,5,9,55.6
1b4b706b-b158-0933-1b87-53de379069f0,student2745@synthetic.example.com,Web Developer,average,4,21,8,9,88.9
6ed2e532-c301-63f9-05fd-152459d65e71,student2746@synthetic.example.com,Software Developer,average,2,11,6,10,60.0
14f966cf-c746-7b42-c448-087431544d52,student2747@synthetic.example.com,Data Scientist,strong,3,26,9,9,100.0
653221de-e8b6-babd-6291-09fa46cb0561,student2748@synthetic.example.com,Data Analyst,strong,4,20,9,9,100.0
4f8dc69d-2cbd-dfb9-a800-3047916d685b,student2749@synthetic.example.com,Cybersecurity Analyst,weak,4,16,3,10,30.0
f6eaa1fa-2b36-1f57-58c1-b4a9aff94713,student2750@synthetic.example.com,Cloud Engineer,average,1,15,4,10,40.0
e91ef0b7-74a8-8b1d-d205-1756163bb4e6,student2751@synthetic.example.com,Web Developer,average,3,11,4,9,44.4
f7753c0b-5af0-c789-d15e-b9d062175b13,student2752@synthetic.example.com,Software Developer,weak,2,10,4,10,40.0
2a4c9f79-da01-0101-02b1-de3196e16da4,student2753@synthetic.example.com,Data Analyst,weak,4,11,4,9,44.4
1164a0ea-2ed2-3711-649d-de5c40111e7f,student2754@synthetic.example.com,Cloud Engineer,strong,2,21,10,10,100.0
c18695f1-104f-5f3c-2306-695a84f706e4,student2755@synthetic.example.com,Cybersecurity Analyst,weak,2,9,4,10,40.0
94f06560-a08c-63ad-f66d-47812ec23e6b,student2756@synthetic.example.com,Data Analyst,average,3,17,8,9,88.9
e8334896-0985-b6b5-3ab2-936aae266a8f,student2757@synthetic.example.com,Data Analyst,average,3,18,5,9,55.6
c82c1a91-2de4-e713-b70f-48010fe8ba65,student2758@synthetic.example.com,Data Analyst,average,3,14,4,9,44.4
f7084e13-8aaa-1a6c-3b5d-2ab569b9206a,student2759@synthetic.example.com,Cybersecurity Analyst,weak,1,14,6,10,60.0
400b92bf-942b-8d7c-6d81-8c69657b3f39,student2760@synthetic.example.com,Data Analyst,strong,3,24,9,9,100.0
03a9d574-a3cf-7d60-db8c-00be29615367,student2761@synthetic.example.com,Web Developer,strong,3,23,8,9,88.9
932bf462-def6-931e-3318-da05012d2df9,student2762@synthetic.example.com,Software Developer,average,4,14,5,10,50.0
6a820d52-ad17-f67a-eeee-eb366eb1a65d,student2763@synthetic.example.com,Software Developer,weak,1,6,2,10,20.0
cbc757cc-8a58-88f1-7b84-76c6e1685839,student2764@synthetic.example.com,Web Developer,strong,3,25,9,9,100.0
d324a41f-61de-136e-c700-631c3288a23d,student2765@synthetic.example.com,Cybersecurity Analyst,average,3,18,7,10,70.0
bb8f37d8-e743-10c9-94c1-459af47f9a49,student2766@synthetic.example.com,Software Developer,strong,3,17,8,10,80.0
63194285-b266-d890-c0b9-d6bdb7a99f91,student2767@synthetic.example.com,Web Developer,average,3,16,7,9,77.8
79f39b1c-147d-70c7-1ef8-0a61e5e2f304,student2768@synthetic.example.com,Data Analyst,strong,2,21,8,9,88.9
93fd5f0f-8417-c076-2894-c5577aa2ec37,student2769@synthetic.example.com,Software Developer,strong,4,23,8,10,80.0
8df2f97c-7b47-45bb-4b6c-66fcd1657f53,student2770@synthetic.example.com,Data Analyst,average,3,13,8,9,88.9
cd9d0724-4887-473f-4d40-b65b61b804c4,student2771@synthetic.example.com,Software Developer,weak,3,4,2,10,20.0
e739a5d9-9258-1580-1e69-d38c0c656205,student2772@synthetic.example.com,Data Analyst,average,2,16,6,9,66.7
0fc4ea95-b671-66af-49cf-ec9aae95cfd9,student2773@synthetic.example.com,Data Scientist,strong,3,23,9,9,100.0
15b83267-4c47-268d-d4da-254dce757aa0,student2774@synthetic.example.com,Web Developer,strong,3,25,8,9,88.9
5619b187-8759-ff43-8ed9-4de78ba6b32e,student2775@synthetic.example.com,Software Developer,average,2,13,1,10,10.0
63a6724c-fd46-d1fd-973d-316f125f8c48,student2776@synthetic.example.com,Cybersecurity Analyst,weak,3,6,5,10,50.0
84a1464e-cb72-fdce-125c-d10278bf910f,student2777@synthetic.example.com,Cybersecurity Analyst,strong,2,27,9,10,90.0
5df449ff-d8aa-a375-03ab-93e47bccb7f0,student2778@synthetic.example.com,Cloud Engineer,weak,3,10,5,10,50.0
f7265f5e-1881-47bc-a651-3c2550fb5a48,student2779@synthetic.example.com,Data Scientist,strong,1,20,7,9,77.8
6daeedbb-8c23-1999-f555-f01327d714a9,student2780@synthetic.example.com,Data Analyst,average,2,14,8,9,88.9
f3d39594-a327-dde1-074c-d1c411413c9c,student2781@synthetic.example.com,Web Developer,average,2,16,4,9,44.4
90ee662c-30df-1cfa-f901-6b49113f3139,student2782@synthetic.example.com,Software Developer,average,4,18,8,10,80.0
3490f6cc-b014-0e5a-3889-f9c54465e660,student2783@synthetic.example.com,Software Developer,average,2,13,8,10,80.0
88e6764c-6249-7a7c-9567-3eee508b6806,student2784@synthetic.example.com,Data Analyst,average,4,18,4,9,44.4
66b64dd9-34e7-58d1-3063-16ce8a0ca547,student2785@synthetic.example.com,Software Developer,strong,4,30,10,10,100.0
3df6719e-cf0a-31d3-5a5b-0aebcbfcb855,student2786@synthetic.example.com,Cloud Engineer,average,2,23,4,10,40.0
674fa5bf-7539-fadd-9297-2120975198ab,student2787@synthetic.example.com,Data Scientist,average,2,17,6,9,66.7
8575abe9-7a1a-c61f-8f41-5e5571b807e8,student2788@synthetic.example.com,Data Analyst,weak,2,9,4,9,44.4
d5f6482d-9ef9-1adf-7a11-b6bc11a77cac,student2789@synthetic.example.com,Software Developer,strong,1,25,10,10,100.0
5f8319a7-6a83-e202-9e3a-a0a4ae7da1c9,student2790@synthetic.example.com,Software Developer,average,4,11,5,10,50.0
11da6f7b-6b1c-7322-4497-d46692d0674a,student2791@synthetic.example.com,Web Developer,weak,1,5,3,9,33.3
3729fde1-2502-32d8-b3d3-b5f367b3e76e,student2792@synthetic.example.com,Web Developer,strong,1,20,8,9,88.9
d6363347-dd40-2696-2cbc-9e2025c19f01,student2793@synthetic.example.com,Software Developer,average,3,12,5,10,50.0
b2855b56-dbca-6db3-4d22-e909e3d5c34e,student2794@synthetic.example.com,Data Analyst,weak,2,9,4,9,44.4
53d72b43-4b52-6a93-2652-813f1fc0a26e,student2795@synthetic.example.com,Data Analyst,average,3,12,6,9,66.7
1beb6d2f-c558-ed56-6a22-7b88867098c0,student2796@synthetic.example.com,Software Developer,weak,3,15,8,10,80.0
6bc637df-fed1-994c-025c-4c194bed3aa7,student2797@synthetic.example.com,Data Analyst,average,3,17,9,9,100.0
f52a46b0-279a-fe69-8007-d4c89c5a37ad,student2798@synthetic.example.com,Data Scientist,strong,4,21,8,9,88.9
f8c121d2-487d-b2a5-62b8-5f47e066cf49,student2799@synthetic.example.com,Software Developer,average,2,18,6,10,60.0
614e1992-da18-b0c3-1a95-6a70d2207491,student2800@synthetic.example.com,Software Developer,average,4,17,8,10,80.0
1b5db913-f14b-a186-8352-2ec273536183,student2801@synthetic.example.com,Web Developer,strong,3,18,7,9,77.8
aa94ff62-bae8-6e95-c1f7-c8e0b9ea7b38,student2802@synthetic.example.com,Software Developer,average,4,19,9,10,90.0
dc6d4086-6f0c-53be-d1df-ffccc6db08d4,student2803@synthetic.example.com,Data Scientist,average,1,12,5,9,55.6
c82e1b21-6545-079c-35c5-65ff8adbb2e6,student2804@synthetic.example.com,Web Developer,average,4,17,8,9,88.9
20278c33-c0e6-ee58-6a10-edd82cfc2a3e,student2805@synthetic.example.com,Cloud Engineer,strong,3,17,8,10,80.0
b95d4e2a-d857-ac85-01de-5a02cf799d91,student2806@synthetic.example.com,Software Developer,strong,2,14,9,10,90.0
a70e0823-79c5-5617-6de8-7868cf84af51,student2807@synthetic.example.com,Cloud Engineer,strong,1,25,10,10,100.0
e52b050e-6704-031a-80c1-ee2f0cdabfee,student2808@synthetic.example.com,Data Analyst,average,2,18,9,9,100.0
6440f011-c084-3567-52bc-cd2779a8bd76,student2809@synthetic.example.com,Software Developer,average,3,21,9,10,90.0
631fb1b7-c2a9-ca6b-39fd-64d1226f25ef,student2810@synthetic.example.com,Data Analyst,strong,3,19,8,9,88.9
6aede2de-cf11-5f1f-7f03-43aa5b17ba02,student2811@synthetic.example.com,Cybersecurity Analyst,average,1,9,5,10,50.0
25344d2e-fadf-af5c-eda7-d549ccbfa593,student2812@synthetic.example.com,Cybersecurity Analyst,weak,2,8,3,10,30.0
ad4ec396-d139-e6ef-9c2e-70d793f5a87d,student2813@synthetic.example.com,Software Developer,average,2,11,5,10,50.0
1cf1a11f-9ee3-5347-f651-1a92c80f414b,student2814@synthetic.example.com,Data Analyst,strong,3,20,9,9,100.0
32ad5ff6-183f-f94a-1beb-e6fa7ee11efd,student2815@synthetic.example.com,Software Developer,average,4,16,8,10,80.0
f01348d3-d02a-e7b6-c477-6baa2f945bea,student2816@synthetic.example.com,Data Analyst,strong,3,24,9,9,100.0
6e604680-52ce-c6fa-9946-cf391752bdb6,student2817@synthetic.example.com,Data Scientist,strong,2,19,8,9,88.9
faac03d3-fb16-8dcd-091f-f866c34411e6,student2818@synthetic.example.com,Data Analyst,average,4,16,6,9,66.7
06208705-b929-a3ad-c192-5a586733ffbc,student2819@synthetic.example.com,Software Developer,average,4,20,8,10,80.0
14c16067-219b-5e07-5fe8-9d9d99babc73,student2820@synthetic.example.com,Data Analyst,strong,2,18,9,9,100.0
599f7d64-edfe-8180-9e8d-818a818d3a61,student2821@synthetic.example.com,Cloud Engineer,average,2,14,6,10,60.0
214da064-0612-8d60-563d-83d9ef0fabb5,student2822@synthetic.example.com,Data Scientist,average,4,21,7,9,77.8
92b2b62e-81f7-0fa5-41c6-fb870ac29b63,student2823@synthetic.example.com,Software Developer,average,3,18,7,10,70.0
9c078df3-6873-aa6a-ec7a-5e5801ffcf9a,student2824@synthetic.example.com,Web Developer,average,2,18,5,9,55.6
9dadff0f-ee85-bf63-631f-b65731a13078,student2825@synthetic.example.com,Cloud Engineer,average,3,15,6,10,60.0
eac2b4db-b276-b10b-61c3-435f5b7be40e,student2826@synthetic.example.com,Cybersecurity Analyst,average,1,11,7,10,70.0
b11eed58-a882-d522-9eb5-9cb947389bea,student2827@synthetic.example.com,Cloud Engineer,weak,2,6,2,10,20.0
af8676e8-3faf-900d-ffc8-9908e95390d5,student2828@synthetic.example.com,Data Scientist,average,4,15,6,9,66.7
fc75d305-ab1b-cda3-ddf5-a0be2c1860ee,student2829@synthetic.example.com,Data Scientist,strong,4,21,9,9,100.0
2926e0cb-9d24-596c-b1d3-1cda4334f909,student2830@synthetic.example.com,Data Analyst,strong,3,18,9,9,100.0
abe7844d-1dc7-e28b-fbbb-bb6f7270536c,student2831@synthetic.example.com,Web Developer,strong,2,14,5,9,55.6
97529fbe-8cdd-e319-10b6-80d955647043,student2832@synthetic.example.com,Software Developer,average,2,15,9,10,90.0
8a23efa9-ce1d-4f5f-32df-fba6f1b79e97,student2833@synthetic.example.com,Cloud Engineer,strong,3,23,10,10,100.0
3ce139ed-2192-d270-8748-7877ae3bbe90,student2834@synthetic.example.com,Cybersecurity Analyst,weak,2,12,2,10,20.0
ff8e44a8-9aa5-4b98-964d-cae2a7682f03,student2835@synthetic.example.com,Cybersecurity Analyst,average,1,13,7,10,70.0
7e8db810-ef5a-514f-beb9-13819a223fc5,student2836@synthetic.example.com,Data Analyst,weak,3,10,6,9,66.7
60ef7403-f1b0-9675-8411-e9ae0d9f5bd1,student2837@synthetic.example.com,Data Analyst,weak,1,8,0,9,0.0
a55fdfb7-58f1-580b-0f71-8e92b6e21734,student2838@synthetic.example.com,Web Developer,weak,2,6,2,9,22.2
739a66aa-0861-f10c-0a90-d7b6b19dc692,student2839@synthetic.example.com,Cybersecurity Analyst,average,1,11,6,10,60.0
ab5c5efa-3c54-c48b-7321-17f1183c21e2,student2840@synthetic.example.com,Cybersecurity Analyst,strong,3,27,9,10,90.0
fa29b23a-931d-a1ab-7dfa-07c7c31a9b9a,student2841@synthetic.example.com,Software Developer,strong,4,28,9,10,90.0
f4fac7c2-64a8-dc0a-76ee-5453367020ee,student2842@synthetic.example.com,Software Developer,average,3,16,7,10,70.0
1945352b-03b8-2205-196e-f3acbd115d4c,student2843@synthetic.example.com,Web Developer,average,3,21,7,9,77.8
3176b4ac-9d0e-473d-09ca-e1d94919571c,student2844@synthetic.example.com,Web Developer,average,4,13,6,9,66.7
ca4e9349-a57f-241c-5538-73ffe697db32,student2845@synthetic.example.com,Data Scientist,strong,2,24,7,9,77.8
09cd48ae-e0ab-7fd1-16cb-41a94d7524ce,student2846@synthetic.example.com,Data Analyst,average,3,14,7,9,77.8
5854a95b-ad51-cb9b-2278-9836f26fb7e4,student2847@synthetic.example.com,Web Developer,average,3,13,8,9,88.9
f15fc2d3-78e3-b8d1-aa20-3b983d8d8527,student2848@synthetic.example.com,Data Scientist,weak,4,7,4,9,44.4
692619b2-4a31-9db2-0168-1c78bc2eb83c,student2849@synthetic.example.com,Data Analyst,weak,3,12,4,9,44.4
a9996b6e-5f23-9248-1ba3-952537f2e9e1,student2850@synthetic.example.com,Cloud Engineer,average,4,6,1,10,10.0
3a89625d-cd89-a85b-65a8-b8bcee8e9991,student2851@synthetic.example.com,Data Analyst,weak,4,9,5,9,55.6
bac58340-b4eb-40f8-e51a-d166e3695631,student2852@synthetic.example.com,Software Developer,weak,2,8,2,10,20.0
ac574f2c-c987-7869-d39c-0e18ef39a4fa,student2853@synthetic.example.com,Software Developer,average,3,13,10,10,100.0
cd8b4535-9d59-e23d-0634-f5990b24886a,student2854@synthetic.example.com,Software Developer,weak,2,7,3,10,30.0
55f347fe-c7e3-9c9d-af9e-545311526a3d,student2855@synthetic.example.com,Data Scientist,strong,3,25,9,9,100.0
dd356d32-76c2-b407-8dfe-4831b30f9c10,student2856@synthetic.example.com,Data Analyst,average,1,12,7,9,77.8
d11a363a-ddc2-abd4-a435-537291dbb599,student2857@synthetic.example.com,Data Scientist,average,2,19,4,9,44.4
9b0f1dbc-7688-450e-4224-5d270e2af293,student2858@synthetic.example.com,Data Analyst,average,4,24,8,9,88.9
222bd229-03cd-7aca-27cc-caad3a8535a4,student2859@synthetic.example.com,Cloud Engineer,weak,3,9,2,10,20.0
9cc7d2b3-07f8-eec2-bb8f-932e947f9cc6,student2860@synthetic.example.com,Cybersecurity Analyst,average,3,18,6,10,60.0
7a14d2c7-a8e2-bd3c-4369-ee7fb5ef5ad4,student2861@synthetic.example.com,Data Scientist,weak,2,7,4,9,44.4
1cc1fe57-798c-ea42-4c4a-1114420f8f6e,student2862@synthetic.example.com,Software Developer,average,1,11,6,10,60.0
3b14a486-09ef-878c-aee2-9be0f1cbd64d,student2863@synthetic.example.com,Cloud Engineer,weak,3,8,3,10,30.0
cc46547b-fe93-f74b-0147-4dbe0b29427f,student2864@synthetic.example.com,Web Developer,weak,4,10,4,9,44.4
96ba903c-a376-056b-7e18-b1c56e825e7f,student2865@synthetic.example.com,Cybersecurity Analyst,average,2,17,8,10,80.0
9a8f9fbe-4f4f-52f4-790b-6ad78056af4c,student2866@synthetic.example.com,Cybersecurity Analyst,average,3,16,7,10,70.0
561e8e38-408e-70a1-f506-3526caa97a90,student2867@synthetic.example.com,Data Scientist,average,3,12,8,9,88.9
0ef6f14b-3212-183e-20af-8eaf529fb082,student2868@synthetic.example.com,Data Scientist,strong,3,21,7,9,77.8
7f0007ab-91b8-eece-fba8-97ca7a016c64,student2869@synthetic.example.com,Software Developer,average,2,11,4,10,40.0
a80269d6-ebe5-1416-5543-dbe9cacd5dd6,student2870@synthetic.example.com,Cybersecurity Analyst,average,2,11,4,10,40.0
be144031-5807-db69-2b7a-4f0c7aa976fe,student2871@synthetic.example.com,Software Developer,average,1,18,7,10,70.0
5872499f-696d-c19c-aee8-49236eca1797,student2872@synthetic.example.com,Cloud Engineer,average,3,13,7,10,70.0
29e8289f-5081-25d9-8c95-725aaa7d1fbf,student2873@synthetic.example.com,Web Developer,weak,1,9,2,9,22.2
1bba84c4-fda9-f6b3-a412-705c087297d2,student2874@synthetic.example.com,Web Developer,strong,4,25,8,9,88.9
5f908fc4-1738-2cb4-ae46-42bffebc44bf,student2875@synthetic.example.com,Web Developer,weak,2,11,5,9,55.6
dbea108f-927e-b16c-aa0a-a4a64be9658a,student2876@synthetic.example.com,Software Developer,average,3,14,9,10,90.0
918910fc-bc61-97c7-72cd-e345b71ca2a3,student2877@synthetic.example.com,Web Developer,average,4,10,5,9,55.6
3363b1f8-1e4e-800a-7286-7dbf54159d3b,student2878@synthetic.example.com,Web Developer,weak,4,7,1,9,11.1
84962413-4851-16d8-7eab-760ba6c2cd02,student2879@synthetic.example.com,Web Developer,weak,2,11,3,9,33.3
ee10b380-cf56-a27d-eb91-317d5b236754,student2880@synthetic.example.com,Data Scientist,weak,4,11,5,9,55.6
0a30e2ba-0aaa-9d69-9b12-fa309354b504,student2881@synthetic.example.com,Web Developer,weak,1,7,3,9,33.3
478ceeba-6773-f05b-e288-101494c985b1,student2882@synthetic.example.com,Web Developer,weak,3,11,4,9,44.4
18f3cfe1-2dac-a531-1b8f-5ee921ee7087,student2883@synthetic.example.com,Software Developer,average,2,20,8,10,80.0
ca6e7012-5b06-edf1-7ee6-c971e6e530c4,student2884@synthetic.example.com,Data Analyst,average,1,13,5,9,55.6
d2280db6-0726-065c-4e91-b846380e1f99,student2885@synthetic.example.com,Data Analyst,average,4,14,6,9,66.7
19963a65-ca4c-dbe6-dbbf-0a3664185645,student2886@synthetic.example.com,Data Analyst,average,4,14,5,9,55.6
290e1e85-cc4d-7fae-83a4-b50fbf94f988,student2887@synthetic.example.com,Cybersecurity Analyst,weak,1,8,1,10,10.0
b1771709-a151-4dc1-d495-4ad20b106591,student2888@synthetic.example.com,Cloud Engineer,strong,3,23,10,10,100.0
ab0d473b-9601-aa99-f639-822a063779b1,student2889@synthetic.example.com,Software Developer,weak,3,13,3,10,30.0
3980cc11-1f54-52ad-fc9d-9e7f6b922d24,student2890@synthetic.example.com,Cybersecurity Analyst,strong,4,26,10,10,100.0
f7d381ba-3575-a7bf-dccf-798bfd0487ae,student2891@synthetic.example.com,Software Developer,average,2,12,7,10,70.0
820aef54-c032-15f8-cc70-2c61e951dfe3,student2892@synthetic.example.com,Data Analyst,average,1,13,8,9,88.9
74bec226-afdd-f4f9-d7fd-a59d94910d9e,student2893@synthetic.example.com,Web Developer,strong,3,19,8,9,88.9
cbdbd80a-d45a-1aa3-9b19-2467409517a8,student2894@synthetic.example.com,Software Developer,strong,2,20,9,10,90.0
3a436449-329e-12f6-e7af-7048793840c3,student2895@synthetic.example.com,Cloud Engineer,average,2,22,8,10,80.0
b0be1ab5-8287-d6bc-3338-23f40b73f0d3,student2896@synthetic.example.com,Data Analyst,average,4,14,7,9,77.8
bcc3eaa5-e8fc-57fe-00cd-98d114f150ac,student2897@synthetic.example.com,Software Developer,average,3,15,7,10,70.0
2f4f4d92-dc45-e71c-7623-242dd7685179,student2898@synthetic.example.com,Cloud Engineer,average,3,16,7,10,70.0
2ca4f6fd-1194-b660-7e41-abf7377312d5,student2899@synthetic.example.com,Cloud Engineer,weak,2,7,3,10,30.0
b562984b-a321-7a30-20d3-49022f3bebb3,student2900@synthetic.example.com,Data Scientist,strong,2,25,9,9,100.0
90a1393d-0b80-f6c3-97fb-f6d44f67075f,student2901@synthetic.example.com,Cloud Engineer,strong,4,24,9,10,90.0
77462c7e-97cd-bcba-d280-26a36465a20b,student2902@synthetic.example.com,Data Analyst,average,2,10,6,9,66.7
6628503c-4803-12c2-bd5d-0706fe6f0971,student2903@synthetic.example.com,Cybersecurity Analyst,average,3,16,4,10,40.0
ea73dd77-6837-ebe6-4cb1-9e60f6ead831,student2904@synthetic.example.com,Software Developer,average,3,11,6,10,60.0
a698612d-d808-3693-ffcb-4f2c67ac1485,student2905@synthetic.example.com,Cloud Engineer,average,3,12,5,10,50.0
0995cb01-a144-0187-cf94-7d632e99eaf3,student2906@synthetic.example.com,Web Developer,weak,1,5,2,9,22.2
9afbcf7f-aa8a-3796-5c36-ea274dbb5e83,student2907@synthetic.example.com,Software Developer,weak,3,8,4,10,40.0
ddeb808d-91bd-e88d-8b7c-d285a5340b18,student2908@synthetic.example.com,Data Analyst,average,2,21,9,9,100.0
56412897-ae80-dff4-afc4-252e17b84a79,student2909@synthetic.example.com,Data Scientist,average,2,15,6,9,66.7
04c1e869-5867-d2cd-54aa-5322b4e147fc,student2910@synthetic.example.com,Software Developer,weak,2,8,4,10,40.0
1c7428d5-3555-e29b-28ed-69bb6bf162a3,student2911@synthetic.example.com,Software Developer,average,1,8,6,10,60.0
a2a1bdf0-09d4-4d6a-38ab-57612d8ea961,student2912@synthetic.example.com,Cloud Engineer,weak,4,8,2,10,20.0
be19cf4d-47a9-1180-da21-5c6cf21cdb60,student2913@synthetic.example.com,Data Analyst,average,1,17,9,9,100.0
56466dc4-9503-1476-d47a-d84736fb9032,student2914@synthetic.example.com,Data Scientist,average,1,16,8,9,88.9
eb8236d8-b91b-c9b1-b0f3-b50e047d9264,student2915@synthetic.example.com,Software Developer,average,4,16,9,10,90.0
41c0670f-f955-a325-2472-8a84de196b78,student2916@synthetic.example.com,Software Developer,average,2,17,8,10,80.0
4dbd587a-5167-bf81-a249-7e40eea15a68,student2917@synthetic.example.com,Cybersecurity Analyst,average,3,11,4,10,40.0
179a8a39-7b8b-5f05-13fd-3b36e627eaee,student2918@synthetic.example.com,Data Scientist,weak,3,11,7,9,77.8
6bc19d24-980b-9afd-0cf1-cdc7493da84f,student2919@synthetic.example.com,Software Developer,weak,3,11,3,10,30.0
c98a4507-cac6-ec5e-eac4-13c23b31fa0a,student2920@synthetic.example.com,Web Developer,strong,3,19,6,9,66.7
9566002d-45f2-357e-799e-703bc93f6cb5,student2921@synthetic.example.com,Software Developer,average,4,18,6,10,60.0
be69686e-925a-238f-a69f-6826f3b7d0d6,student2922@synthetic.example.com,Cloud Engineer,strong,2,27,10,10,100.0
b0c92be2-b825-5c0d-bf95-5034417e82a5,student2923@synthetic.example.com,Software Developer,strong,2,21,8,10,80.0
4d402305-6108-33ba-29ba-cb2beb13614b,student2924@synthetic.example.com,Web Developer,average,3,16,7,9,77.8
751ddb00-ca55-d7e2-7cb5-56ebff5a9a38,student2925@synthetic.example.com,Data Analyst,strong,2,23,8,9,88.9
44976404-968c-d53e-3c59-b17442f59ffe,student2926@synthetic.example.com,Cybersecurity Analyst,average,1,13,9,10,90.0
9eacd28f-3f0e-e16e-5fba-7dba63a54259,student2927@synthetic.example.com,Software Developer,average,2,16,7,10,70.0
2b92083c-c1c8-41dd-af3a-459040ca0b2b,student2928@synthetic.example.com,Data Scientist,average,2,13,7,9,77.8
45445809-79d4-8883-8178-95019ccc07cc,student2929@synthetic.example.com,Data Scientist,average,3,16,8,9,88.9
d986fb0c-75f5-5aae-e54b-7f612f16f81e,student2930@synthetic.example.com,Data Analyst,average,1,13,7,9,77.8
6fe8f48f-8419-af8e-c1b1-b303885b2438,student2931@synthetic.example.com,Data Analyst,average,2,12,6,9,66.7
da5f548c-2adf-b0a3-086b-5e9528d0db7f,student2932@synthetic.example.com,Data Scientist,average,1,17,4,9,44.4
ff2dea40-a3b2-052a-6949-2d5e6395db4b,student2933@synthetic.example.com,Data Scientist,weak,2,14,4,9,44.4
c055ff5f-4753-107b-99c2-e0896725a3aa,student2934@synthetic.example.com,Cybersecurity Analyst,average,3,15,5,10,50.0
4c32e437-b247-6dfe-d6a9-242d73f7843a,student2935@synthetic.example.com,Cloud Engineer,strong,4,19,10,10,100.0
a22d464a-9e14-4e67-d526-182ed2c149ae,student2936@synthetic.example.com,Software Developer,average,1,29,7,10,70.0
00dbdff5-0786-6779-6071-593d27c70d4a,student2937@synthetic.example.com,Software Developer,weak,1,11,5,10,50.0
c340824f-d09b-c377-8083-d59fccd0ce2e,student2938@synthetic.example.com,Software Developer,average,2,16,7,10,70.0
cee52b98-f182-08e4-9492-316ced0ddc36,student2939@synthetic.example.com,Cloud Engineer,average,3,21,7,10,70.0
75a2be4c-568b-c9b6-d020-87862a251441,student2940@synthetic.example.com,Web Developer,average,2,15,6,9,66.7
a55d500a-524a-a07e-12a3-051546834977,student2941@synthetic.example.com,Cloud Engineer,strong,3,26,9,10,90.0
b169025f-8785-7aa3-9eeb-ee95e477d2d2,student2942@synthetic.example.com,Data Analyst,strong,3,12,6,9,66.7
43bbe15e-a519-bfbc-85cf-44551b4c4b38,student2943@synthetic.example.com,Data Analyst,weak,4,14,5,9,55.6
0c385606-ffab-bbbe-03dd-517a80b9ee96,student2944@synthetic.example.com,Software Developer,average,2,9,4,10,40.0
0fa51f4d-c082-20dc-6ae6-bc08dfa52f82,student2945@synthetic.example.com,Cybersecurity Analyst,average,2,24,8,10,80.0
3dbb53c0-1981-6a11-3d66-e1a3da4dc4c5,student2946@synthetic.example.com,Cloud Engineer,average,3,16,7,10,70.0
f35dfbd6-caf0-223f-43c4-5d924cb2ff72,student2947@synthetic.example.com,Web Developer,average,3,17,7,9,77.8
a78babb5-fdee-e78d-4b99-03f91ab1c189,student2948@synthetic.example.com,Web Developer,weak,2,6,4,9,44.4
da0e3b24-db69-dff9-5a6a-94d694f76fe5,student2949@synthetic.example.com,Data Analyst,average,2,13,2,9,22.2
b24ef65c-d8b6-0780-7349-b6c7d2daf465,student2950@synthetic.example.com,Data Scientist,average,2,16,7,9,77.8
2b07af81-2ced-0e8d-91e5-244fdd22c3c9,student2951@synthetic.example.com,Cybersecurity Analyst,average,3,19,9,10,90.0
c1e4f376-6e9f-efd8-228b-5d6d3f225e2f,student2952@synthetic.example.com,Cybersecurity Analyst,average,4,24,10,10,100.0
316bbccb-3d0c-c0d3-9690-8bfc9dc73f9c,student2953@synthetic.example.com,Software Developer,average,3,9,5,10,50.0
0f216720-9d93-e7e0-2554-5cfbc4976955,student2954@synthetic.example.com,Data Analyst,weak,4,10,3,9,33.3
3ca98840-8999-e25f-7d85-d44fbf9389c5,student2955@synthetic.example.com,Cybersecurity Analyst,strong,4,23,10,10,100.0
426524ee-4265-d4b0-8a95-5a2e4513b9c3,student2956@synthetic.example.com,Data Scientist,strong,1,16,7,9,77.8
b8785aca-b97f-475f-aea2-af75b74da1dd,student2957@synthetic.example.com,Data Analyst,strong,3,15,9,9,100.0
a1df2ef4-cc80-ce69-345d-2525d85347ea,student2958@synthetic.example.com,Cybersecurity Analyst,strong,3,26,10,10,100.0
8cd66ab6-6573-22e4-27cd-fa663c98a42a,student2959@synthetic.example.com,Data Analyst,weak,3,6,2,9,22.2
5628ff67-5998-fa01-2eee-d71d5c9332fb,student2960@synthetic.example.com,Data Analyst,strong,3,19,7,9,77.8
6a52c2dc-bf7b-b840-2933-f2e5b3e0e6cf,student2961@synthetic.example.com,Data Analyst,average,2,14,9,9,100.0
9be11d28-f135-5628-32f8-b02f3a11356a,student2962@synthetic.example.com,Software Developer,weak,4,6,3,10,30.0
5239ec41-9717-8a45-3e4e-f36b097ac90e,student2963@synthetic.example.com,Web Developer,average,2,18,9,9,100.0
cab78498-4d83-1d0b-97fa-78375e8ea0dc,student2964@synthetic.example.com,Software Developer,strong,4,21,10,10,100.0
1db124fc-00f1-c8aa-34ae-17f4510e8c10,student2965@synthetic.example.com,Data Analyst,average,1,16,6,9,66.7
9b1f3917-49a5-1d5b-a9a5-4fff2391a03d,student2966@synthetic.example.com,Software Developer,average,3,15,6,10,60.0
d3dfdba3-20aa-fd02-cc14-46303c6f2393,student2967@synthetic.example.com,Data Scientist,strong,2,25,9,9,100.0
e647e4be-bed9-b6bb-5f89-cb99d96a40e3,student2968@synthetic.example.com,Software Developer,average,2,13,6,10,60.0
d0be003b-8b66-6080-32cb-0fed023cc1d6,student2969@synthetic.example.com,Web Developer,average,2,15,8,9,88.9
635750a7-229c-01c7-cf11-d09f24d4c071,student2970@synthetic.example.com,Cloud Engineer,average,2,13,10,10,100.0
7caf8c3e-47e0-5629-3786-3b72c85f4c86,student2971@synthetic.example.com,Software Developer,average,3,24,9,10,90.0
c80ee78c-3636-eb1b-11f6-83405a2d5a85,student2972@synthetic.example.com,Software Developer,average,4,20,9,10,90.0
1b1544fd-7274-367b-9e47-2a148148ad81,student2973@synthetic.example.com,Cybersecurity Analyst,weak,1,10,1,10,10.0
219c5953-ba82-d516-76ca-d3286891065d,student2974@synthetic.example.com,Data Analyst,average,1,13,5,9,55.6
5d65ea80-07a3-b2b0-ca2b-b7bbb60225a2,student2975@synthetic.example.com,Cloud Engineer,average,1,20,4,10,40.0
334c5b78-57c2-043f-e971-e6212f73b18e,student2976@synthetic.example.com,Cloud Engineer,weak,2,11,5,10,50.0
2efe3231-c297-e063-bd6a-b730b4fe0e4b,student2977@synthetic.example.com,Cloud Engineer,weak,3,13,6,10,60.0
780e4c74-6483-0b25-22d9-43282877ab62,student2978@synthetic.example.com,Data Analyst,average,2,14,7,9,77.8
923fc6e1-023f-ebee-2857-3e0ba92f6f23,student2979@synthetic.example.com,Cloud Engineer,strong,3,20,8,10,80.0
d4bd6764-2585-9442-a64b-0d9673743333,student2980@synthetic.example.com,Software Developer,average,2,9,3,10,30.0
bf902b96-efef-8d5e-2395-d93617e7091f,student2981@synthetic.example.com,Web Developer,strong,4,19,9,9,100.0
1ace5ee8-ec30-f1cc-a2d2-b1bf83a2370c,student2982@synthetic.example.com,Data Analyst,average,3,20,7,9,77.8
39177794-832a-cee1-e3a4-10f6c82f509b,student2983@synthetic.example.com,Data Analyst,average,4,10,3,9,33.3
9efd22b9-5b32-024f-58bc-0d2237101c18,student2984@synthetic.example.com,Data Scientist,average,2,14,6,9,66.7
35ebd8b9-0310-9fff-2f65-f7ae3ae34042,student2985@synthetic.example.com,Software Developer,weak,1,3,0,10,0.0
0208d531-4fb6-c45f-bfa3-c63b10e983cd,student2986@synthetic.example.com,Data Analyst,weak,3,9,3,9,33.3
172187a0-e762-9485-09fa-ccc3c40dd29f,student2987@synthetic.example.com,Data Analyst,strong,3,28,9,9,100.0
ad4a423f-ab2b-f483-ce1c-b8d5d0efd6a9,student2988@synthetic.example.com,Software Developer,weak,2,12,4,10,40.0
52ec3846-03c5-f83a-74ce-9bd1ff4ee271,student2989@synthetic.example.com,Software Developer,strong,1,27,10,10,100.0
512c793b-e91a-db73-cc3d-cbc9a03b2734,student2990@synthetic.example.com,Cloud Engineer,strong,1,18,8,10,80.0
6624c041-f75a-fd65-4e60-02b9a8a20411,student2991@synthetic.example.com,Software Developer,average,4,15,8,10,80.0
92de4f52-bdc4-64a1-067b-64ddacb4e1dd,student2992@synthetic.example.com,Software Developer,average,2,14,8,10,80.0
e11d6fbc-5af6-88da-3a14-5701065d910f,student2993@synthetic.example.com,Cybersecurity Analyst,average,2,15,3,10,30.0
f36f77be-0d50-fc9c-820b-f3df6c53e787,student2994@synthetic.example.com,Software Developer,strong,2,21,9,10,90.0
412f8896-8728-8e0e-bd1c-cd775dde8bdd,student2995@synthetic.example.com,Data Scientist,weak,3,9,4,9,44.4
a85674a8-2dc9-966b-73f1-2414852aa58a,student2996@synthetic.example.com,Data Scientist,average,3,22,9,9,100.0
8cbc4b2c-f704-4d32-dfb5-680da3184a71,student2997@synthetic.example.com,Web Developer,strong,3,26,8,9,88.9
c0e79d36-1515-25cf-edc7-6d4c8b0e472b,student2998@synthetic.example.com,Cloud Engineer,average,2,19,9,10,90.0
38d00314-b28a-e8a0-097e-1ecf2b23dd78,student2999@synthetic.example.com,Data Analyst,average,3,16,6,9,66.7
45b06f9e-e87d-35d3-2dd4-5f55efdf9734,student3000@synthetic.example.com,Cloud Engineer,average,1,15,8,10,80.0
bf9c9648-acc9-ab90-42a4-cb3fd72ad408,student3001@synthetic.example.com,Software Developer,average,1,20,8,10,80.0
d58827ba-f012-d639-fbfb-cdda1cc954b5,student3002@synthetic.example.com,Data Analyst,average,2,19,8,9,88.9
99ded07d-9ea1-56d1-65eb-6b8c8e919872,student3003@synthetic.example.com,Data Analyst,strong,3,21,9,9,100.0
35a0d8d9-3a48-099f-4712-55f1da4e58ee,student3004@synthetic.example.com,Web Developer,average,2,11,5,9,55.6
85c52315-bd86-5097-1428-c60a8d6cfbc0,student3005@synthetic.example.com,Data Scientist,average,4,17,8,9,88.9
58faeb77-8c9f-380f-6bcd-121786e3f39d,student3006@synthetic.example.com,Web Developer,average,1,18,7,9,77.8
7ff05bd2-d72d-fbaf-e018-9b9ea18c096b,student3007@synthetic.example.com,Cloud Engineer,average,3,21,9,10,90.0
031a3e0e-e2f3-70f6-757d-9dcfac522df6,student3008@synthetic.example.com,Cloud Engineer,average,1,19,10,10,100.0
ede9ef04-d528-b75c-4c3d-2fc809dca762,student3009@synthetic.example.com,Cybersecurity Analyst,average,4,16,8,10,80.0
89353118-7556-2fe6-f77a-e8d2c1fb2c4a,student3010@synthetic.example.com,Data Scientist,strong,2,20,8,9,88.9
423e0e8d-780a-ee38-802a-14779b4e174a,student3011@synthetic.example.com,Data Scientist,strong,3,20,8,9,88.9
6b457f25-cc4b-92a0-1b99-ea57eb6b7197,student3012@synthetic.example.com,Software Developer,average,3,17,9,10,90.0
65b919f0-eada-65fb-5e88-39c2da92deeb,student3013@synthetic.example.com,Cybersecurity Analyst,average,2,18,8,10,80.0
8fa48aff-d484-51dc-409b-789e2d4ef299,student3014@synthetic.example.com,Data Analyst,average,2,10,5,9,55.6
a5196dc5-9f82-3538-aa68-2dfa0ac69bcd,student3015@synthetic.example.com,Web Developer,weak,3,11,6,9,66.7
18ff5fdb-59da-2c35-1eb3-16baf0763827,student3016@synthetic.example.com,Software Developer,average,1,15,8,10,80.0
773f7632-815a-f8f5-9964-3d8767c72548,student3017@synthetic.example.com,Data Analyst,average,2,15,7,9,77.8
c3d0abc6-462f-bddd-ec6a-68a782032c0a,student3018@synthetic.example.com,Data Scientist,average,3,15,8,9,88.9
47aae457-9326-6462-9926-f6d55852bc37,student3019@synthetic.example.com,Web Developer,strong,3,22,9,9,100.0
77186137-b3b7-3084-3086-52d94c32e8f3,student3020@synthetic.example.com,Software Developer,average,2,14,7,10,70.0
95b64d84-0fc2-09f6-414d-515041755b44,student3021@synthetic.example.com,Software Developer,average,3,23,8,10,80.0
1326157b-04bb-c58d-ad3c-dcb452b1ae62,student3022@synthetic.example.com,Data Analyst,average,4,13,9,9,100.0
433d5ed3-9fd3-1893-571a-f45062768d54,student3023@synthetic.example.com,Cybersecurity Analyst,average,2,8,5,10,50.0
172e9824-e48f-1422-2904-fa934d6de0ee,student3024@synthetic.example.com,Web Developer,average,3,15,7,9,77.8
6ba49031-8a56-8647-1942-ff008080285d,student3025@synthetic.example.com,Data Analyst,strong,1,18,9,9,100.0
27559840-7893-e77c-84f3-b35aa296a3e0,student3026@synthetic.example.com,Software Developer,average,4,18,6,10,60.0
8541b011-712b-9867-609d-3263e0b33ab2,student3027@synthetic.example.com,Cybersecurity Analyst,strong,3,24,8,10,80.0
3cdbdae3-b31c-7f58-a34b-119c96b6b02d,student3028@synthetic.example.com,Web Developer,average,1,11,5,9,55.6
f0c3141e-b30d-d538-18db-3ac9ac3ef61b,student3029@synthetic.example.com,Software Developer,average,3,15,8,10,80.0
ef711659-6bf9-ba83-5ffc-e64ea4bc9d00,student3030@synthetic.example.com,Software Developer,weak,3,8,2,10,20.0
10ff1102-7253-f01b-acfb-4a2259e1fee5,student3031@synthetic.example.com,Web Developer,average,4,11,4,9,44.4
d27f8b5c-bef4-38bb-3ffb-dbca7f996cdc,student3032@synthetic.example.com,Software Developer,strong,2,18,9,10,90.0
4d7be7bc-717f-9406-f099-e2c5a462f861,student3033@synthetic.example.com,Data Analyst,strong,4,20,8,9,88.9
36c2b99c-b5c4-9a7d-6684-23eac21ac539,student3034@synthetic.example.com,Web Developer,strong,4,24,8,9,88.9
dd905800-d3e2-fca6-e1fe-8042afc9968d,student3035@synthetic.example.com,Data Analyst,average,3,18,2,9,22.2
f2bbe446-1cd9-c4e9-8de4-932b870b10ad,student3036@synthetic.example.com,Data Analyst,average,1,8,3,9,33.3
28cd3c77-ae8e-ad9f-be2d-27a6f63dcc69,student3037@synthetic.example.com,Data Scientist,average,3,13,7,9,77.8
886acb09-9f0b-f63c-657f-2d31a7e4c61d,student3038@synthetic.example.com,Data Analyst,average,2,17,9,9,100.0
2c87b924-bd89-c512-a262-94c7528b0bf0,student3039@synthetic.example.com,Web Developer,strong,3,26,7,9,77.8
70edb0a7-8274-0a36-f3c7-d0749daf004a,student3040@synthetic.example.com,Web Developer,average,4,18,9,9,100.0
b5cc6c54-329a-5e4f-a985-d19ba2a815ae,student3041@synthetic.example.com,Software Developer,average,3,18,9,10,90.0
d36a55e7-2c28-8fd2-c64d-8b62a0a4fcd3,student3042@synthetic.example.com,Data Scientist,average,4,20,8,9,88.9
3110f74a-95c1-4714-8447-d46eda3c6588,student3043@synthetic.example.com,Web Developer,weak,4,14,5,9,55.6
24d79619-c194-a783-4c30-fd8bf93db3a3,student3044@synthetic.example.com,Web Developer,weak,3,8,4,9,44.4
c2497592-c4e7-089f-5577-687409613f0a,student3045@synthetic.example.com,Cloud Engineer,average,2,20,7,10,70.0
70299425-14e1-2e3d-63ab-e23fdc88cf47,student3046@synthetic.example.com,Software Developer,average,3,22,9,10,90.0
f4ea7f00-9f9c-b189-22ee-8ebb7fa88bfb,student3047@synthetic.example.com,Software Developer,weak,3,11,3,10,30.0
b5857d39-ec30-fb45-5516-0e057393743d,student3048@synthetic.example.com,Data Analyst,weak,4,14,5,9,55.6
8d4b0ac3-5e75-784d-5b55-8e40cc4f73e2,student3049@synthetic.example.com,Web Developer,strong,1,21,9,9,100.0
f46f33f6-0a9e-83e0-0dec-40bb09fded3a,student3050@synthetic.example.com,Web Developer,average,2,12,5,9,55.6
a67f6721-af0c-73e1-bdf9-9ea3f3967a1f,student3051@synthetic.example.com,Software Developer,average,4,15,7,10,70.0
4c5b3f6b-0efa-0132-ef0b-5ac917603b45,student3052@synthetic.example.com,Data Scientist,weak,2,10,5,9,55.6
4303a0c9-8f6d-a72b-8d1c-9d6e3146cdcc,student3053@synthetic.example.com,Data Analyst,average,2,13,7,9,77.8
0e7a8a8c-455d-f117-4778-49ed2ccac70b,student3054@synthetic.example.com,Cloud Engineer,weak,3,12,5,10,50.0
1c06f186-9ef3-7196-ee78-1c95402cdae2,student3055@synthetic.example.com,Data Analyst,average,3,14,9,9,100.0
4aee064b-b4b7-d605-2aff-53c7492fc64a,student3056@synthetic.example.com,Data Scientist,average,3,14,5,9,55.6
9fb52ca5-f23d-ac8b-d319-f68825e817ce,student3057@synthetic.example.com,Data Analyst,average,4,22,7,9,77.8
d6da32ed-23fc-0b9a-6bc2-fdab2d24c42c,student3058@synthetic.example.com,Web Developer,average,4,21,8,9,88.9
94558a67-7cae-4ef0-4aa5-9c85ca5d7540,student3059@synthetic.example.com,Web Developer,average,2,19,6,9,66.7
a7a23c21-7102-adad-a976-c24cde4f573c,student3060@synthetic.example.com,Web Developer,weak,4,14,1,9,11.1
754ae39b-c53a-e731-8156-3f285535f3be,student3061@synthetic.example.com,Cloud Engineer,average,1,18,8,10,80.0
184d82f6-5280-3524-2771-1d2de9f03d51,student3062@synthetic.example.com,Cybersecurity Analyst,average,1,15,6,10,60.0
57f7e868-05ce-a1c8-f28e-25d2db4bfaed,student3063@synthetic.example.com,Data Scientist,average,1,19,8,9,88.9
c53fda81-d32f-2d0d-bed7-1c3a7f6f1f0c,student3064@synthetic.example.com,Data Scientist,average,1,14,7,9,77.8
e6b47108-f1c2-3270-047e-bb0315269299,student3065@synthetic.example.com,Software Developer,average,3,14,7,10,70.0
efc1f0f8-2a4e-6dbc-a16d-1c05929cfb3e,student3066@synthetic.example.com,Data Analyst,average,4,20,7,9,77.8
8b829905-695d-abc5-0cde-1bb7897a7d06,student3067@synthetic.example.com,Data Analyst,average,2,15,8,9,88.9
91f4c046-addb-c1a4-d0b3-426a6db34afa,student3068@synthetic.example.com,Data Scientist,average,2,19,7,9,77.8
9be0c906-0a89-50b3-59fe-22bc38e654ec,student3069@synthetic.example.com,Software Developer,average,2,20,9,10,90.0
31522e18-984a-27b6-81e1-d0b5cbc929bc,student3070@synthetic.example.com,Software Developer,weak,2,11,7,10,70.0
369f7f7a-7ac2-5357-2563-bf4b76122116,student3071@synthetic.example.com,Cybersecurity Analyst,average,3,12,4,10,40.0
658b15de-b0af-1a12-6155-c263f5913e7f,student3072@synthetic.example.com,Web Developer,average,4,16,7,9,77.8
9b5e7ad6-b726-900f-25b7-2afb36696b91,student3073@synthetic.example.com,Data Analyst,strong,3,23,9,9,100.0
526257c4-f3b8-380b-0812-03f41671d55c,student3074@synthetic.example.com,Data Analyst,strong,2,20,8,9,88.9
0bfe609b-a005-7a63-c6e6-c77d45979e46,student3075@synthetic.example.com,Data Scientist,average,2,21,8,9,88.9
be31f09c-6b92-9667-9e19-1064bf5448ce,student3076@synthetic.example.com,Cloud Engineer,average,1,12,5,10,50.0
f2af7447-7120-4759-2602-4d74ee13f69e,student3077@synthetic.example.com,Web Developer,strong,4,24,8,9,88.9
80447450-24c4-13c6-b97c-668631c90d3f,student3078@synthetic.example.com,Software Developer,strong,3,19,9,10,90.0
fcdc7d56-f77f-ff21-4e58-a748283da3f7,student3079@synthetic.example.com,Software Developer,weak,2,7,3,10,30.0
7e14130d-756a-9508-eac4-85041c937ec8,student3080@synthetic.example.com,Data Analyst,average,2,13,6,9,66.7
c2dda23b-e568-46dd-a6e3-28811c783812,student3081@synthetic.example.com,Data Scientist,average,3,15,7,9,77.8
362bc16d-e273-b361-6684-d00c6c1721ba,student3082@synthetic.example.com,Data Analyst,strong,2,19,9,9,100.0
9240ecce-4ca9-98dc-9f37-a62158e65f79,student3083@synthetic.example.com,Cybersecurity Analyst,average,3,15,7,10,70.0
822d92dc-2aca-679b-aed6-e6fe40632e57,student3084@synthetic.example.com,Data Analyst,strong,4,20,8,9,88.9
eba25744-dc54-9563-92f9-7a434fd4b396,student3085@synthetic.example.com,Web Developer,average,3,20,8,9,88.9
551af3e2-fec5-2464-d009-e1a83a9d0806,student3086@synthetic.example.com,Cybersecurity Analyst,average,3,17,6,10,60.0
31ce9ac4-2925-ce9c-a70d-c99413fad5df,student3087@synthetic.example.com,Web Developer,weak,3,12,5,9,55.6
0d102dc1-a266-43b2-ca3f-c969146bdb60,student3088@synthetic.example.com,Web Developer,average,4,21,7,9,77.8
bf702099-b172-e653-81c9-5893989d202a,student3089@synthetic.example.com,Web Developer,average,2,13,7,9,77.8
a37ffe11-3d8d-eaae-4986-0cc48757efe2,student3090@synthetic.example.com,Cloud Engineer,average,2,17,6,10,60.0
0cfe33d8-8dc4-eb3e-9499-33bc4ee1101c,student3091@synthetic.example.com,Web Developer,weak,4,11,5,9,55.6
e5349513-7b9f-9acf-77a8-9c95f16c8f20,student3092@synthetic.example.com,Software Developer,strong,1,23,7,10,70.0
aa041a38-aa79-acee-7935-99d5766a1901,student3093@synthetic.example.com,Data Analyst,weak,3,7,3,9,33.3
ccb2298e-7909-a3c4-6d4e-85752ae7d469,student3094@synthetic.example.com,Cloud Engineer,strong,2,15,10,10,100.0
f9c9039e-efe2-549c-406a-d26ec238e8c2,student3095@synthetic.example.com,Web Developer,average,2,15,7,9,77.8
dae19167-db46-8d78-f318-bf7d65b495f9,student3096@synthetic.example.com,Web Developer,weak,2,14,5,9,55.6
09ace1f1-65d6-b258-0b4a-9e8ec1eb1043,student3097@synthetic.example.com,Web Developer,average,2,18,8,9,88.9
b0bc95c4-b2fc-b174-f3ec-513cba63a9e7,student3098@synthetic.example.com,Web Developer,weak,1,7,3,9,33.3
18bdb271-4a3e-2ec4-9f13-14d229de82b1,student3099@synthetic.example.com,Cybersecurity Analyst,weak,3,12,6,10,60.0
b1817fd0-d3ae-99ac-24e2-6fa14ba873af,student3100@synthetic.example.com,Software Developer,strong,3,20,9,10,90.0
a41f589d-b52d-64a8-ac13-f4c73fef7a7f,student3101@synthetic.example.com,Cybersecurity Analyst,average,2,21,7,10,70.0
a56194b8-d9af-d7ce-a392-d868a7d1fde9,student3102@synthetic.example.com,Software Developer,weak,4,12,3,10,30.0
3c02ed1b-95e8-ec3b-56ff-90c2d98cdd62,student3103@synthetic.example.com,Data Analyst,average,3,16,8,9,88.9
410ae6b4-32b3-d8da-d5c3-a4500453b2c6,student3104@synthetic.example.com,Software Developer,strong,2,24,9,10,90.0
855022b4-4012-db9b-4099-37cfb860f2cb,student3105@synthetic.example.com,Software Developer,strong,3,27,10,10,100.0
68fc8bfc-0ed9-24be-9f79-adef7892e05d,student3106@synthetic.example.com,Data Analyst,strong,4,25,9,9,100.0
22c2e514-a0ad-a6c2-5e79-c625b25696bd,student3107@synthetic.example.com,Data Analyst,weak,3,3,2,9,22.2
029f1aeb-18b1-0106-ba25-64e9a949d3be,student3108@synthetic.example.com,Data Scientist,average,2,16,7,9,77.8
b7a614fa-0601-ca13-e96e-f9e8a25751e5,student3109@synthetic.example.com,Cloud Engineer,average,2,12,5,10,50.0
be9bc594-ff48-832b-be02-a1372bac2948,student3110@synthetic.example.com,Web Developer,weak,3,8,3,9,33.3
c2151ebc-ddb9-dbdb-3074-dd95bfe055b3,student3111@synthetic.example.com,Data Analyst,average,2,14,3,9,33.3
1deef23b-9b2e-162b-ab40-3f9bb30984ee,student3112@synthetic.example.com,Cloud Engineer,weak,1,7,2,10,20.0
ffad75fb-aacb-22db-0b63-d4410c633446,student3113@synthetic.example.com,Software Developer,weak,4,12,4,10,40.0
583acb74-0ae6-cfb2-c750-3a1a97b1d4a0,student3114@synthetic.example.com,Web Developer,strong,1,27,8,9,88.9
28d7c54e-cff0-bd79-baae-4d5096649c52,student3115@synthetic.example.com,Software Developer,strong,3,27,10,10,100.0
8412703e-32be-431d-624d-ab3090fadb23,student3116@synthetic.example.com,Data Analyst,weak,2,13,5,9,55.6
57b6ce21-b884-0332-00dc-c35bb09ee34f,student3117@synthetic.example.com,Software Developer,average,4,12,7,10,70.0
3c20d58a-389b-020e-1ff8-1e4d52117bc0,student3118@synthetic.example.com,Web Developer,strong,3,27,9,9,100.0
db165674-40a4-0930-bee1-4a38e2ee9382,student3119@synthetic.example.com,Software Developer,weak,3,13,4,10,40.0
8fb47399-7248-7887-e1f4-919671540bfb,student3120@synthetic.example.com,Data Scientist,strong,2,23,7,9,77.8
568b95c5-ac13-3f93-ad67-fb69d3a1b9d3,student3121@synthetic.example.com,Web Developer,average,2,14,8,9,88.9
dd3d1108-c757-1c55-509c-c09850e6a826,student3122@synthetic.example.com,Web Developer,strong,3,23,9,9,100.0
b9999eb0-bcae-bb87-49c3-3677b528fc82,student3123@synthetic.example.com,Data Analyst,strong,3,21,9,9,100.0
06bcb36d-ad36-ffc6-7db2-ee0db20ccc74,student3124@synthetic.example.com,Software Developer,weak,3,10,6,10,60.0
14c30235-46f7-6666-fe50-b0e66173910b,student3125@synthetic.example.com,Data Analyst,average,1,15,6,9,66.7
1b330c8d-f828-8d9a-b8fa-09de49201f65,student3126@synthetic.example.com,Data Scientist,strong,1,28,8,9,88.9
76e409e6-38ff-15f1-8dc4-c45f0dd64184,student3127@synthetic.example.com,Software Developer,weak,4,6,4,10,40.0
46b5673c-2ec9-ae1e-c320-292cc6ff8190,student3128@synthetic.example.com,Software Developer,average,4,18,7,10,70.0
d7b7e911-0b9d-84ca-e53c-27e112c7fc29,student3129@synthetic.example.com,Data Scientist,average,4,17,6,9,66.7
da72994f-4261-d8e8-43d3-f0c5275e0556,student3130@synthetic.example.com,Data Analyst,strong,3,19,9,9,100.0
4d9f1c22-5cf2-4443-7782-26abb6322fe2,student3131@synthetic.example.com,Data Scientist,strong,3,25,9,9,100.0
53ff7938-2d12-410f-0607-161f58cb091f,student3132@synthetic.example.com,Data Analyst,average,3,13,5,9,55.6
103c898a-7076-612f-8955-51e8584613e1,student3133@synthetic.example.com,Data Analyst,average,2,14,5,9,55.6
8be81a79-a699-34c1-4567-586a369ef7b9,student3134@synthetic.example.com,Data Scientist,average,2,15,7,9,77.8
caa300f5-6beb-8e4d-f163-2c2bc1bb0119,student3135@synthetic.example.com,Data Analyst,strong,2,23,8,9,88.9
83155de9-682e-ae3b-0741-443cd31bdc3c,student3136@synthetic.example.com,Web Developer,average,2,18,4,9,44.4
1142f626-b7cd-4bf8-bc5b-c101525ff699,student3137@synthetic.example.com,Web Developer,average,3,18,9,9,100.0
078b416c-907d-36d0-6ed7-56d08936df1f,student3138@synthetic.example.com,Cloud Engineer,average,3,17,8,10,80.0
f67bff87-26b6-c0c5-e2a6-e2396985ce2b,student3139@synthetic.example.com,Software Developer,strong,2,22,10,10,100.0
9fb2aead-6516-f914-0d0f-a6d4e501bd69,student3140@synthetic.example.com,Data Analyst,average,3,18,7,9,77.8
5ef0f388-551d-e0bb-d4d5-5887eb5a9d41,student3141@synthetic.example.com,Web Developer,average,3,15,8,9,88.9
9b15b281-0f9e-5745-1939-b0478b0d21e5,student3142@synthetic.example.com,Data Analyst,average,1,18,8,9,88.9
af17cd2c-836b-bac9-af20-9a7047e24b32,student3143@synthetic.example.com,Data Analyst,average,4,17,8,9,88.9
044b5856-21a6-7d3f-fa11-8a13d3754217,student3144@synthetic.example.com,Cybersecurity Analyst,weak,2,10,4,10,40.0
ddf4a90e-92b6-3664-c4b8-f7bb6f6d5b53,student3145@synthetic.example.com,Web Developer,average,3,16,5,9,55.6
36e59d6b-6ec1-d943-ae63-7917fb3ee818,student3146@synthetic.example.com,Software Developer,weak,4,10,7,10,70.0
37eb346e-42c8-cbdc-ad9f-108a38d62c79,student3147@synthetic.example.com,Web Developer,average,2,12,7,9,77.8
374f0c94-f6ff-3a57-4927-e0005bffc57c,student3148@synthetic.example.com,Data Scientist,average,3,18,6,9,66.7
71cda3d9-1366-801d-8624-3eaa2651dfd9,student3149@synthetic.example.com,Data Analyst,strong,4,20,8,9,88.9
077f9ca3-e5c3-194a-6076-125cfb951288,student3150@synthetic.example.com,Software Developer,weak,2,13,4,10,40.0
39426815-8f41-3d76-9067-0b70cff444a4,student3151@synthetic.example.com,Data Analyst,weak,3,15,2,9,22.2
fd1d3a11-8968-3450-4aba-02d263b56430,student3152@synthetic.example.com,Web Developer,weak,3,6,1,9,11.1
aaac1ba3-9727-5d8e-88fd-3bf6b68f6be7,student3153@synthetic.example.com,Software Developer,weak,4,12,6,10,60.0
482a33c2-fa50-55de-0acf-716d8effaf53,student3154@synthetic.example.com,Cybersecurity Analyst,average,4,17,7,10,70.0
8720323c-a5b3-00d4-312c-f556e75cdf64,student3155@synthetic.example.com,Data Scientist,average,3,16,8,9,88.9
f4468446-8e12-4ae0-cea3-8d2b07128228,student3156@synthetic.example.com,Cloud Engineer,average,1,13,5,10,50.0
faac8303-92bc-f3db-8cd4-aa31c9c32eb3,student3157@synthetic.example.com,Web Developer,weak,4,10,5,9,55.6
f2a92d4d-51e3-e7f9-a84d-1702bc08fba6,student3158@synthetic.example.com,Data Scientist,weak,2,7,4,9,44.4
6fbcfaf3-aa59-0617-de10-e9b57af6579b,student3159@synthetic.example.com,Web Developer,average,3,17,8,9,88.9
5439f1f9-68ef-58df-d171-97f26a1bd0f9,student3160@synthetic.example.com,Cybersecurity Analyst,average,4,13,4,10,40.0
45d5b7cc-ca06-e7dc-0380-ef895dda3689,student3161@synthetic.example.com,Data Scientist,average,2,16,7,9,77.8
3ee12e8c-fec0-65ba-87d5-9a1a628feb2b,student3162@synthetic.example.com,Cybersecurity Analyst,weak,1,16,5,10,50.0
40b783c3-ea3c-d6e3-4779-aee7948ec44d,student3163@synthetic.example.com,Web Developer,average,1,15,8,9,88.9
85238f9a-6d89-97fd-3233-5416c5b2bf69,student3164@synthetic.example.com,Data Analyst,weak,1,7,4,9,44.4
37834ad7-b2e6-375a-a3a4-ef261a64c7ed,student3165@synthetic.example.com,Software Developer,average,1,15,7,10,70.0
336e6611-6d19-e69d-8139-d3bd3f9975af,student3166@synthetic.example.com,Software Developer,weak,1,8,4,10,40.0
0746e616-0b05-f67e-d466-5a244fb7c27f,student3167@synthetic.example.com,Data Scientist,weak,3,12,2,9,22.2
70bbab96-86cb-a315-df1e-341c71d839b2,student3168@synthetic.example.com,Software Developer,average,1,23,7,10,70.0
a0af5fa7-803c-b80b-b530-50517a19da34,student3169@synthetic.example.com,Software Developer,strong,1,16,8,10,80.0
52b656b2-541a-85a6-8e00-2cdb7b2e2ff8,student3170@synthetic.example.com,Web Developer,average,1,14,6,9,66.7
a4e657da-51b9-af76-4d3c-d1fc05f73487,student3171@synthetic.example.com,Software Developer,average,3,13,10,10,100.0
76b858f4-a3ff-187a-c94d-7a6e4ff59f69,student3172@synthetic.example.com,Web Developer,weak,3,5,2,9,22.2
3917c48f-b6c6-d051-13d4-5b0c0808fc14,student3173@synthetic.example.com,Cloud Engineer,average,3,13,6,10,60.0
5e347ec0-b68c-c0da-d48b-cca62c9e1070,student3174@synthetic.example.com,Web Developer,average,3,12,8,9,88.9
48dc7fa2-fc14-729b-20c4-3dde33a52d14,student3175@synthetic.example.com,Data Scientist,average,3,21,9,9,100.0
c632ac12-7fc4-0a6d-81eb-675aa188126e,student3176@synthetic.example.com,Data Scientist,average,2,12,5,9,55.6
e554753d-5673-62e7-ff90-b8b3fcf2f7a8,student3177@synthetic.example.com,Cybersecurity Analyst,weak,2,2,1,10,10.0
4ab346d7-1345-61d0-2b32-76ffc34fb56f,student3178@synthetic.example.com,Web Developer,strong,1,19,5,9,55.6
7d520c91-c80e-111c-c11e-596848a9525b,student3179@synthetic.example.com,Web Developer,weak,2,8,5,9,55.6
28caeb39-978e-dea8-fba2-d8d7578130e5,student3180@synthetic.example.com,Data Analyst,weak,1,12,6,9,66.7
bbe95914-816e-3359-4cc1-9610cbfdae3f,student3181@synthetic.example.com,Web Developer,average,1,15,6,9,66.7
989f19c9-a06b-f9a4-fc90-823c445ba0ef,student3182@synthetic.example.com,Cybersecurity Analyst,weak,2,4,2,10,20.0
84abfaaa-c7eb-4d92-d08e-2101ab1df688,student3183@synthetic.example.com,Data Analyst,average,3,14,8,9,88.9
90d4454f-de9f-b6d7-1759-efa1cc3b11a8,student3184@synthetic.example.com,Cloud Engineer,weak,4,14,5,10,50.0
433443e6-ff0f-c235-2bc9-9077bc70ab4a,student3185@synthetic.example.com,Cybersecurity Analyst,weak,2,14,3,10,30.0
1bc112a4-9daf-fe47-49fa-afdf6f112d28,student3186@synthetic.example.com,Web Developer,strong,2,23,7,9,77.8
8cbc5086-0f5d-006c-a380-0fb12073090f,student3187@synthetic.example.com,Cloud Engineer,average,3,20,8,10,80.0
c781de4b-9ba4-301d-53a3-06fbe989ea97,student3188@synthetic.example.com,Software Developer,average,4,18,8,10,80.0
37139a73-6bc7-fce6-eac1-eb52abcd8ce2,student3189@synthetic.example.com,Software Developer,weak,3,11,7,10,70.0
802768b5-51bd-abb0-d258-219d1cc01545,student3190@synthetic.example.com,Software Developer,strong,1,22,9,10,90.0
2efa8ea3-d91e-6e67-0a29-24b3a4a8fe93,student3191@synthetic.example.com,Data Scientist,average,2,15,6,9,66.7
5bad4266-a9e4-80ca-b748-b992710fe8c1,student3192@synthetic.example.com,Software Developer,average,1,15,9,10,90.0
abb9065d-b3eb-9fcc-7c5f-59323cbca62c,student3193@synthetic.example.com,Software Developer,strong,1,23,10,10,100.0
db6b411d-de36-2f19-fa0f-4d0475f1e322,student3194@synthetic.example.com,Data Analyst,average,1,17,7,9,77.8
4768991c-a4dc-6292-ee9f-241443e6a67e,student3195@synthetic.example.com,Web Developer,weak,2,12,2,9,22.2
9949cdbc-2902-628f-9d4b-ecfdf6a06660,student3196@synthetic.example.com,Cybersecurity Analyst,weak,3,10,1,10,10.0
8930e39b-6692-28c5-1fbb-877150c46cbd,student3197@synthetic.example.com,Cybersecurity Analyst,average,2,16,5,10,50.0
6802a4bb-db70-143a-92a3-aad3f7f12b03,student3198@synthetic.example.com,Data Analyst,strong,2,24,9,9,100.0
61738125-3037-56d7-4e84-96329ee76889,student3199@synthetic.example.com,Data Analyst,strong,1,23,7,9,77.8
65429789-e4de-46a0-ff06-e5741a80d4a2,student3200@synthetic.example.com,Software Developer,weak,3,11,4,10,40.0
39dbb3bd-d20c-aba2-c7c8-04cceca0d8f2,student3201@synthetic.example.com,Cloud Engineer,average,2,21,8,10,80.0
40a456bf-caa5-51a2-eb8b-527596621ed0,student3202@synthetic.example.com,Web Developer,average,3,12,8,9,88.9
3c7cb5e6-ef41-ff84-1421-2205b0d88f65,student3203@synthetic.example.com,Data Analyst,average,2,13,7,9,77.8
910fef2b-c080-a429-413e-abdfa89c2e5b,student3204@synthetic.example.com,Data Analyst,average,3,14,7,9,77.8
9df104cb-c208-8b1e-157f-dccc4544ed61,student3205@synthetic.example.com,Cybersecurity Analyst,weak,3,8,3,10,30.0
8150f5ed-399c-cecd-563d-7618d3bac12e,student3206@synthetic.example.com,Software Developer,average,2,15,8,10,80.0
fa3aae47-e891-24da-6d4f-9aa7f947e4f4,student3207@synthetic.example.com,Software Developer,average,3,18,7,10,70.0
1e636d98-36f7-f8a4-0f95-c67de147f93e,student3208@synthetic.example.com,Data Analyst,weak,1,8,5,9,55.6
8048a5e8-1ce8-28c1-76e3-7be2e746516d,student3209@synthetic.example.com,Cloud Engineer,strong,2,24,9,10,90.0
680149a7-482e-7021-4400-6151cf2b47d4,student3210@synthetic.example.com,Data Scientist,average,4,22,7,9,77.8
9172cd1e-9a54-5de6-cbb2-5169c68725a4,student3211@synthetic.example.com,Data Scientist,average,3,18,7,9,77.8
d69d61ad-db6f-791c-5410-f1a71dd85573,student3212@synthetic.example.com,Software Developer,average,3,14,7,10,70.0
74457c9f-ea20-1344-b2b2-2ac111d7d2fd,student3213@synthetic.example.com,Data Scientist,average,2,23,4,9,44.4
798e251c-500d-6114-6c76-367ffdab9957,student3214@synthetic.example.com,Software Developer,weak,2,4,2,10,20.0
cdd5a696-41f0-3ccf-2b02-9f5b1d6309b1,student3215@synthetic.example.com,Software Developer,strong,2,26,9,10,90.0
91b365a4-9e84-f799-04d2-190b9220509f,student3216@synthetic.example.com,Web Developer,strong,2,19,7,9,77.8
102c0efd-99a0-56a3-6dfe-af1fdb75e3ec,student3217@synthetic.example.com,Data Analyst,average,1,21,7,9,77.8
53a3e952-c5f2-8080-df10-6a5e5bdee197,student3218@synthetic.example.com,Data Scientist,average,2,9,5,9,55.6
8e968b1c-5d32-3438-2336-1d1cc824b934,student3219@synthetic.example.com,Cybersecurity Analyst,weak,3,8,2,10,20.0
15b966cc-fceb-661a-20be-5a77ef8435c6,student3220@synthetic.example.com,Software Developer,average,3,16,8,10,80.0
b508a105-006e-958f-b783-e5230ce4605d,student3221@synthetic.example.com,Data Scientist,weak,1,5,2,9,22.2
30723123-c3b6-b5ad-2df3-40b80fa1038b,student3222@synthetic.example.com,Data Scientist,average,3,19,5,9,55.6
ed430a93-26e2-a76a-840b-178852f96fd7,student3223@synthetic.example.com,Cybersecurity Analyst,weak,2,12,4,10,40.0
5c4a635c-76b8-f2b3-4497-48f2f8751971,student3224@synthetic.example.com,Web Developer,average,3,17,8,9,88.9
e6e0ffa8-ddb1-3879-91ab-4be2b70740c1,student3225@synthetic.example.com,Web Developer,weak,1,8,3,9,33.3
05e4db3b-c1ad-33ee-6683-932b1f58260b,student3226@synthetic.example.com,Software Developer,weak,2,8,4,10,40.0
05916d36-bdc5-9782-f377-59b5ec0c569b,student3227@synthetic.example.com,Data Analyst,average,3,13,7,9,77.8
5773d46e-9e25-b22e-b426-ada7faa5d630,student3228@synthetic.example.com,Data Analyst,average,1,10,5,9,55.6
2529d046-50cd-3a2e-95ec-5c1ed751f618,student3229@synthetic.example.com,Cybersecurity Analyst,strong,3,28,10,10,100.0
6c117245-88a1-7a94-5590-2902b0550737,student3230@synthetic.example.com,Data Scientist,average,3,19,7,9,77.8
444270fe-6e73-c9af-09d3-dadd70afff2b,student3231@synthetic.example.com,Cloud Engineer,average,4,17,9,10,90.0
8712f8a8-8b34-d900-f274-c2fa069b85ce,student3232@synthetic.example.com,Data Scientist,average,3,17,8,9,88.9
1e92fc53-f6a2-1686-3400-56ef94b190d7,student3233@synthetic.example.com,Data Analyst,weak,1,7,3,9,33.3
d320772e-ba35-8280-9e03-aadc8ba39ce4,student3234@synthetic.example.com,Data Analyst,weak,3,6,2,9,22.2
6a000411-d15d-c41e-a77e-b11d9140e15a,student3235@synthetic.example.com,Data Analyst,weak,3,8,7,9,77.8
203989ec-d2f2-641a-ef00-d77c83b98bf1,student3236@synthetic.example.com,Software Developer,weak,3,5,2,10,20.0
4dd2deb0-21e1-f7d0-53bf-0fd3fc9fef50,student3237@synthetic.example.com,Data Analyst,average,4,11,8,9,88.9
910d7601-4bba-127a-f699-cfdcf5fe1095,student3238@synthetic.example.com,Data Scientist,average,3,14,6,9,66.7
9488f261-3a07-8cec-03b2-159decaf7c92,student3239@synthetic.example.com,Software Developer,average,3,15,6,10,60.0
dec72be0-f78b-1dc1-d084-c7345a78b27e,student3240@synthetic.example.com,Data Analyst,average,1,16,8,9,88.9
c7d41d08-7b0c-c491-1e8b-892d699fcff9,student3241@synthetic.example.com,Software Developer,weak,4,17,5,10,50.0
a2a6552a-0192-88c9-8ee4-7164b0202ead,student3242@synthetic.example.com,Data Analyst,average,1,13,5,9,55.6
4587b641-c693-cc42-d4ae-21665f4f6d63,student3243@synthetic.example.com,Cloud Engineer,weak,3,8,4,10,40.0
ac661b78-7114-18ad-c0f0-59d7bebe405a,student3244@synthetic.example.com,Data Analyst,weak,4,7,4,9,44.4
f354b011-d059-c897-ead1-0c829a560207,student3245@synthetic.example.com,Software Developer,average,4,20,6,10,60.0
c52cd851-8191-58fa-a79e-8637670bfa0d,student3246@synthetic.example.com,Cybersecurity Analyst,strong,3,22,8,10,80.0
36ba777d-1eb8-2632-a9e3-1a6460b0cec0,student3247@synthetic.example.com,Web Developer,strong,3,21,9,9,100.0
4d073ecd-9f32-abf9-0d02-cb3c9e1c029f,student3248@synthetic.example.com,Cybersecurity Analyst,average,3,13,4,10,40.0
156719f9-cfc4-fb06-b954-0fa407573a50,student3249@synthetic.example.com,Cybersecurity Analyst,weak,3,10,4,10,40.0
521e48f3-2bcd-3a02-f77d-1ead46641e2b,student3250@synthetic.example.com,Software Developer,weak,4,15,3,10,30.0
2e56984a-0fa8-3438-2420-b239791f81e1,student3251@synthetic.example.com,Software Developer,average,4,12,5,10,50.0
388fd732-71d1-2327-c538-0c74fb6cb2c6,student3252@synthetic.example.com,Data Analyst,average,3,15,8,9,88.9
f463074b-5d1e-f498-1291-91986989de38,student3253@synthetic.example.com,Cybersecurity Analyst,average,4,20,6,10,60.0
be5d842e-d568-23c4-cd46-37c8221021da,student3254@synthetic.example.com,Web Developer,average,1,13,6,9,66.7
b5b6e14f-a6d6-2736-2d82-1b8f9c375e2c,student3255@synthetic.example.com,Cybersecurity Analyst,average,3,13,8,10,80.0
88cf0825-b150-8c8f-c55f-6ff58932148a,student3256@synthetic.example.com,Web Developer,weak,2,4,2,9,22.2
cc666184-6819-5cf0-7b7a-d61723a70f2a,student3257@synthetic.example.com,Cloud Engineer,weak,4,11,2,10,20.0
81bc9878-f94f-fea6-4fe0-06eec7f102cc,student3258@synthetic.example.com,Data Scientist,average,2,14,7,9,77.8
4b2a085f-e07a-d343-5bfd-b6be21b01a5a,student3259@synthetic.example.com,Data Scientist,weak,3,6,2,9,22.2
b2fb8e3f-b522-812f-bba4-34a6cca0fc22,student3260@synthetic.example.com,Web Developer,average,1,15,7,9,77.8
b6ed5254-fcc8-c079-b5ea-ee9ad922c670,student3261@synthetic.example.com,Software Developer,average,1,16,8,10,80.0
a69e6e6b-4f78-b4e6-0c59-d8724369ef4b,student3262@synthetic.example.com,Web Developer,average,2,17,8,9,88.9
f252f5eb-4ee1-db75-8e07-e9009d32c00d,student3263@synthetic.example.com,Cybersecurity Analyst,weak,3,8,4,10,40.0
5d401ab4-0247-21f3-1dbc-28a953f15057,student3264@synthetic.example.com,Software Developer,strong,3,21,8,10,80.0
3cf5b230-4659-b499-de0e-13e310bb3fac,student3265@synthetic.example.com,Software Developer,average,1,14,8,10,80.0
ee365d25-6abb-cb08-1622-f08a8d39d1ca,student3266@synthetic.example.com,Software Developer,strong,2,27,10,10,100.0
89b16ede-81b8-0315-1815-974b74a461d3,student3267@synthetic.example.com,Data Scientist,weak,3,10,5,9,55.6
754050bd-be85-073b-944f-8f3aa147e6b3,student3268@synthetic.example.com,Data Analyst,average,2,11,5,9,55.6
02d490ef-464b-38da-e0a8-c88c2cbe33ab,student3269@synthetic.example.com,Software Developer,average,2,21,10,10,100.0
f75237b3-7a8c-d676-d70c-cbfabd482c4b,student3270@synthetic.example.com,Software Developer,weak,1,9,4,10,40.0
8700600f-a37d-53c7-1fba-3e017900586d,student3271@synthetic.example.com,Software Developer,average,3,18,8,10,80.0
813dd1e7-925b-f7ac-2ea6-0c57d2c82775,student3272@synthetic.example.com,Web Developer,average,3,15,8,9,88.9
07d4c2e5-2ded-3132-dec1-7200563c4f56,student3273@synthetic.example.com,Software Developer,strong,3,23,9,10,90.0
8ef175f9-f81f-3861-4161-99774b773415,student3274@synthetic.example.com,Software Developer,average,2,17,6,10,60.0
a60c3a6b-adc0-9f63-dd9f-bae9a279dc1d,student3275@synthetic.example.com,Software Developer,average,4,24,9,10,90.0
e26d0d05-30d7-a1f1-c32f-1b6ac7b80ad4,student3276@synthetic.example.com,Cybersecurity Analyst,average,1,11,5,10,50.0
b06e9c75-4fe6-8926-7d1f-84504425a16a,student3277@synthetic.example.com,Data Analyst,strong,3,17,9,9,100.0
44fe2160-2e10-0d99-beac-5f781198b13a,student3278@synthetic.example.com,Data Analyst,average,4,17,8,9,88.9
223c499d-5bd0-2d1d-1d3c-c5b1a63d290c,student3279@synthetic.example.com,Software Developer,strong,2,18,8,10,80.0
65d8a880-cf0d-69dd-3721-6a9d29ff91aa,student3280@synthetic.example.com,Web Developer,strong,2,28,8,9,88.9
d3befa82-140c-b8e5-9c2a-3df85fae859c,student3281@synthetic.example.com,Data Scientist,weak,3,16,6,9,66.7
c14bbcf0-1e16-9e66-11dc-04789c8192f8,student3282@synthetic.example.com,Cloud Engineer,strong,2,26,9,10,90.0
b61a1f10-5248-d465-228e-4680124ebdbc,student3283@synthetic.example.com,Web Developer,weak,1,8,3,9,33.3
a5f72469-eb8d-04c6-413d-c4daeb52e04c,student3284@synthetic.example.com,Data Analyst,average,1,16,6,9,66.7
1e97446f-d021-f4b4-d77c-2e6369c1880b,student3285@synthetic.example.com,Data Scientist,strong,2,28,8,9,88.9
4d99c66f-6870-0d90-1b95-b6a9154f6395,student3286@synthetic.example.com,Cybersecurity Analyst,weak,3,4,1,10,10.0
f62da8cb-30a5-9dd9-a543-d3cceeaaf2ab,student3287@synthetic.example.com,Data Scientist,weak,2,11,4,9,44.4
940e5553-0bd0-4e9f-ecf3-8a6c41562755,student3288@synthetic.example.com,Data Scientist,average,4,17,7,9,77.8
d138fd53-8fc6-5f53-e676-f8c367557a26,student3289@synthetic.example.com,Data Scientist,weak,3,9,4,9,44.4
334af611-4acc-cdd7-9b6a-4a1a49eb092e,student3290@synthetic.example.com,Data Scientist,weak,2,11,4,9,44.4
6fcb1d3e-6b32-7836-9eea-bd14f07d2a42,student3291@synthetic.example.com,Data Analyst,average,3,13,8,9,88.9
37d2d49d-cb6d-7a49-5bf8-3d14ca92ca7f,student3292@synthetic.example.com,Data Scientist,strong,3,20,8,9,88.9
e9ba89a7-99ae-20b1-cf2b-8cfa74712fdf,student3293@synthetic.example.com,Web Developer,weak,4,8,3,9,33.3
3b07d9ee-1bea-5de0-4d25-e585eed8c26e,student3294@synthetic.example.com,Software Developer,average,2,17,6,10,60.0
90f4b74e-38f7-eb0c-c14f-ffffeb90803f,student3295@synthetic.example.com,Cybersecurity Analyst,average,3,14,5,10,50.0
a6151069-4f11-ad91-55e8-4b8da3ab21e9,student3296@synthetic.example.com,Data Analyst,strong,4,19,9,9,100.0
419f5fb3-e981-6832-96a6-831ef2af40ed,student3297@synthetic.example.com,Data Analyst,average,3,12,6,9,66.7
bbfccd07-0e9e-68c3-f9d0-172b7093f43e,student3298@synthetic.example.com,Cybersecurity Analyst,weak,1,14,5,10,50.0
da9b775e-3942-89a4-67c5-59d78df2e094,student3299@synthetic.example.com,Cybersecurity Analyst,weak,2,11,4,10,40.0
1fe5b9dc-bdd4-11b9-7a84-4730a2a54440,student3300@synthetic.example.com,Software Developer,average,2,16,10,10,100.0
30a6e719-00e8-8c28-2d8c-ea67cc1d3d1e,student3301@synthetic.example.com,Web Developer,average,3,17,7,9,77.8
ae19dadb-e4ce-ed20-34d7-966bf85d3c4f,student3302@synthetic.example.com,Web Developer,weak,4,11,5,9,55.6
596ab828-a959-7585-5f05-506ba004f0e9,student3303@synthetic.example.com,Web Developer,average,3,21,8,9,88.9
6bec5da9-80ff-22ff-ef93-85a0bd8e7ff4,student3304@synthetic.example.com,Cybersecurity Analyst,strong,3,20,9,10,90.0
26b1ce41-97b5-a825-b0bb-c545d31cdfcd,student3305@synthetic.example.com,Data Scientist,average,4,22,7,9,77.8
070a9f69-5519-cb60-e988-b67cbfea0e0d,student3306@synthetic.example.com,Data Scientist,average,2,15,6,9,66.7
1b9b365e-6ba1-fe3c-b40b-c3cf5c6a685b,student3307@synthetic.example.com,Web Developer,weak,3,8,2,9,22.2
74b77654-85c3-0849-dfbb-8b3330cc2132,student3308@synthetic.example.com,Software Developer,average,3,15,8,10,80.0
40de6050-8545-e25f-fbee-b3da1054c0fa,student3309@synthetic.example.com,Data Scientist,average,2,20,8,9,88.9
b8687130-1060-bc08-76de-14b3e8f2cfdc,student3310@synthetic.example.com,Web Developer,weak,4,16,4,9,44.4
b0416534-8f69-2297-3903-dd9374e7c186,student3311@synthetic.example.com,Cybersecurity Analyst,strong,3,36,10,10,100.0
95f5c77e-e5ca-faa5-a484-748ce67415fb,student3312@synthetic.example.com,Cybersecurity Analyst,weak,3,11,5,10,50.0
47acf6ca-2623-595f-6bbc-cf7f019ba6e9,student3313@synthetic.example.com,Data Analyst,average,2,12,7,9,77.8
e35703df-a99a-f0c0-e29f-f0ec7a72b869,student3314@synthetic.example.com,Software Developer,strong,3,23,10,10,100.0
1d41e209-5ee6-80f2-5583-53ee6801810e,student3315@synthetic.example.com,Web Developer,strong,3,23,8,9,88.9
c4a4ba4e-9a24-1d64-aa08-65a0443d3804,student3316@synthetic.example.com,Data Scientist,average,4,14,7,9,77.8
10cfd553-b128-bbe0-be05-73674a39bfda,student3317@synthetic.example.com,Web Developer,strong,3,15,8,9,88.9
6f6a407b-d5d5-89c9-87d3-696cd119ea92,student3318@synthetic.example.com,Software Developer,strong,3,21,10,10,100.0
8c470825-5e73-e0e8-b942-6f38e597327d,student3319@synthetic.example.com,Cloud Engineer,average,3,14,7,10,70.0
4008ed48-ff91-9532-eb98-75bf154e8572,student3320@synthetic.example.com,Software Developer,weak,3,8,4,10,40.0
d75a1cf9-e9dc-2796-8664-d8b101ec6ce5,student3321@synthetic.example.com,Software Developer,average,1,15,6,10,60.0
a5bbe381-1b26-5565-878e-51203f94f9c9,student3322@synthetic.example.com,Web Developer,weak,1,5,3,9,33.3
7df5cf3e-ffc0-993c-465d-70bd2ac12e94,student3323@synthetic.example.com,Software Developer,average,3,18,6,10,60.0
d08e4662-cec3-8f87-b3f4-16fb0839d93c,student3324@synthetic.example.com,Data Analyst,average,1,12,6,9,66.7
a4977828-caa5-ea2d-eed2-c2f6a6026ce3,student3325@synthetic.example.com,Cybersecurity Analyst,average,3,18,5,10,50.0
5f82066f-bc2f-1fcf-768e-87659fa58d63,student3326@synthetic.example.com,Cybersecurity Analyst,strong,2,28,10,10,100.0
ff780d91-1642-6272-8c61-347e9920d429,student3327@synthetic.example.com,Software Developer,weak,2,9,4,10,40.0
37f0dab8-9b2d-f488-e447-a4083f6aeea1,student3328@synthetic.example.com,Software Developer,weak,4,14,6,10,60.0
6fbce321-056f-7744-31b5-056d3315f13d,student3329@synthetic.example.com,Cybersecurity Analyst,average,1,13,7,10,70.0
8b193ab1-5276-28c3-3332-c2f3d28e5bea,student3330@synthetic.example.com,Software Developer,average,1,17,10,10,100.0
961201bd-7e93-f01b-f214-308fb96163df,student3331@synthetic.example.com,Cloud Engineer,weak,2,5,2,10,20.0
a02ff4c4-7e83-d297-bb96-56fad07887c5,student3332@synthetic.example.com,Software Developer,strong,2,34,10,10,100.0
c7c888d0-aa72-7ff4-a22d-bae570646a10,student3333@synthetic.example.com,Data Analyst,weak,2,12,4,9,44.4
7d2598f3-3e67-782e-8480-e20e57a0901d,student3334@synthetic.example.com,Data Scientist,strong,4,23,7,9,77.8
2094c346-e996-7a70-8599-c92fb7d571d6,student3335@synthetic.example.com,Web Developer,weak,2,12,5,9,55.6
5e2425ce-bd84-839b-a836-bccf07f935a8,student3336@synthetic.example.com,Web Developer,average,2,17,6,9,66.7
1f1a4960-efaa-d610-d2f1-b34f5707ce18,student3337@synthetic.example.com,Web Developer,average,2,13,5,9,55.6
45f1a7d2-8960-b5a6-e2f5-c28f834c1b0f,student3338@synthetic.example.com,Data Analyst,average,3,14,4,9,44.4
bb57675f-42c8-35b8-8f50-1976d7786513,student3339@synthetic.example.com,Data Analyst,average,3,14,7,9,77.8
bb8e047b-6e80-d2fe-34ab-a529a4a31dbe,student3340@synthetic.example.com,Web Developer,average,4,9,6,9,66.7
079b0366-b84e-7b9e-895e-722cc101b320,student3341@synthetic.example.com,Software Developer,average,2,17,6,10,60.0
4bda3957-31c2-0000-bda5-40256230e905,student3342@synthetic.example.com,Data Analyst,average,4,15,9,9,100.0
3723d015-3117-c089-c9c3-9719d2ad1255,student3343@synthetic.example.com,Software Developer,strong,3,24,10,10,100.0
5ee19e02-3ea7-0fe2-bede-6bb17c8b9118,student3344@synthetic.example.com,Software Developer,average,2,15,9,10,90.0
8aa31ad9-ef9b-280b-e2d6-d1ad771d4475,student3345@synthetic.example.com,Software Developer,strong,2,26,9,10,90.0
62ccf2a1-0594-b46c-0ae1-420b6989a274,student3346@synthetic.example.com,Data Scientist,weak,2,7,3,9,33.3
b3928f66-d13c-0a86-fd32-b04350d22e34,student3347@synthetic.example.com,Web Developer,weak,2,5,2,9,22.2
f517f93b-d468-228e-032e-c4fae0f86a58,student3348@synthetic.example.com,Data Analyst,weak,3,5,1,9,11.1
910f65d0-19da-2695-5b2e-fe4acf0ee0d4,student3349@synthetic.example.com,Data Analyst,average,1,9,5,9,55.6
dd764477-a598-a1a9-ab20-1921dc456313,student3350@synthetic.example.com,Software Developer,average,2,13,7,10,70.0
22086674-ad35-4178-caa4-cc861b133946,student3351@synthetic.example.com,Web Developer,weak,2,9,2,9,22.2
9e48dfdf-b280-f38a-5671-6d3e76e821bf,student3352@synthetic.example.com,Software Developer,strong,3,24,10,10,100.0
da9dacf9-c602-df23-0cd5-78b91e65589d,student3353@synthetic.example.com,Cloud Engineer,average,3,18,8,10,80.0
cea88d2f-8a44-a149-6864-7751b4130b09,student3354@synthetic.example.com,Software Developer,average,3,14,7,10,70.0
48f6cd3b-ec04-d514-6dea-2b9bb04c9e2e,student3355@synthetic.example.com,Web Developer,average,4,16,7,9,77.8
19cfe93c-36a9-5526-2452-344172974d9a,student3356@synthetic.example.com,Web Developer,strong,2,25,9,9,100.0
7209690e-7f2e-b0dd-0948-22312026d6f7,student3357@synthetic.example.com,Data Analyst,average,3,22,8,9,88.9
d7222257-f4bb-23d2-16ee-85cee4209a4a,student3358@synthetic.example.com,Cybersecurity Analyst,strong,3,24,8,10,80.0
e900f14a-0b91-0c9e-e654-bbf0eada9445,student3359@synthetic.example.com,Cloud Engineer,average,1,10,6,10,60.0
357622d9-00d9-ab1f-8d79-6284ee7e90e8,student3360@synthetic.example.com,Data Scientist,average,2,18,9,9,100.0
6be69be4-29b0-dd25-4eb6-9ea58e270763,student3361@synthetic.example.com,Cloud Engineer,weak,3,10,4,10,40.0
3081fbeb-327b-5629-3fa8-737661b369e2,student3362@synthetic.example.com,Cloud Engineer,weak,1,13,2,10,20.0
d17d813f-2e58-a080-81c2-a24a7663a557,student3363@synthetic.example.com,Cloud Engineer,average,3,15,6,10,60.0
fbc0ad41-a77f-f807-a4eb-3d1abce4371c,student3364@synthetic.example.com,Cloud Engineer,weak,3,13,4,10,40.0
509b03f0-6fa7-d8bc-aae5-7bac37be8333,student3365@synthetic.example.com,Cloud Engineer,average,3,19,9,10,90.0
faca3962-ee05-bace-7e9a-e83e74140e23,student3366@synthetic.example.com,Cloud Engineer,average,3,15,10,10,100.0
0e527077-e429-8064-bd5f-ad4f578d9c58,student3367@synthetic.example.com,Data Scientist,average,4,17,4,9,44.4
6e49a829-f9ed-9896-8f17-64283a599577,student3368@synthetic.example.com,Web Developer,average,2,14,7,9,77.8
0d355685-7e5e-ae0e-5096-bed8f09e494e,student3369@synthetic.example.com,Data Scientist,average,3,17,5,9,55.6
0c087bd0-398b-c23e-428b-2ed3ed1b1ca5,student3370@synthetic.example.com,Web Developer,weak,2,13,2,9,22.2
3f44c201-3acf-2672-cc15-640badffbc67,student3371@synthetic.example.com,Cloud Engineer,average,2,16,9,10,90.0
cf288c4d-3f54-0727-4710-6d610dfc6d7e,student3372@synthetic.example.com,Software Developer,average,3,16,5,10,50.0
f31f08f8-6feb-7063-6c4b-c2667fc6eda3,student3373@synthetic.example.com,Data Scientist,average,4,14,6,9,66.7
9101a4e3-c920-dc84-0bb0-295f55b96a16,student3374@synthetic.example.com,Data Scientist,strong,3,23,9,9,100.0
0f8c4626-650a-10d2-1f72-eb06fccca8b0,student3375@synthetic.example.com,Cybersecurity Analyst,average,2,13,8,10,80.0
5ebd03f7-fe82-6455-46b4-7e64925657b2,student3376@synthetic.example.com,Cybersecurity Analyst,average,3,21,7,10,70.0
433e95b2-c385-e02d-aa2d-dd0065c89d49,student3377@synthetic.example.com,Software Developer,weak,4,10,4,10,40.0
473667b2-b7cc-a6ac-6f67-09a94394e6f9,student3378@synthetic.example.com,Data Analyst,average,2,16,8,9,88.9
0a3d7242-7055-c40c-982c-76c052cc8677,student3379@synthetic.example.com,Data Analyst,average,3,12,5,9,55.6
3971bed7-0f53-1333-c2c0-66e1cc2c30da,student3380@synthetic.example.com,Software Developer,average,2,14,9,10,90.0
21aaf73c-0241-f2bd-dbfc-f99dab080c86,student3381@synthetic.example.com,Data Analyst,strong,2,21,8,9,88.9
7098a885-67e0-d14d-a2f4-efccf656119d,student3382@synthetic.example.com,Data Analyst,average,1,12,6,9,66.7
7c818639-8235-5aae-d790-3f6b9aba7a6b,student3383@synthetic.example.com,Data Analyst,weak,3,11,3,9,33.3
956d7c86-c83f-64a6-64e5-97c160ad4a36,student3384@synthetic.example.com,Data Analyst,strong,2,17,6,9,66.7
e6634e03-d6e6-dbd7-8d1b-7471e9a3ddf8,student3385@synthetic.example.com,Cybersecurity Analyst,average,4,20,8,10,80.0
bc9edd5a-7166-487b-4c5a-f6cbbb882779,student3386@synthetic.example.com,Data Analyst,average,4,16,6,9,66.7
bf8f8099-9d2a-4d4e-ac3c-83da8f2a3f0d,student3387@synthetic.example.com,Cybersecurity Analyst,average,1,13,6,10,60.0
7d1e4b96-cf7e-1891-f177-5360341fa521,student3388@synthetic.example.com,Software Developer,average,1,15,9,10,90.0
e2515ab0-ca33-05e1-e679-1e41a958b0c9,student3389@synthetic.example.com,Data Analyst,strong,2,16,8,9,88.9
6e392885-77ed-d66b-550c-c590c537aa80,student3390@synthetic.example.com,Data Analyst,average,4,13,9,9,100.0
d7553fe6-13dc-2370-70eb-b3494b680019,student3391@synthetic.example.com,Software Developer,strong,1,18,9,10,90.0
74f99ff0-eaec-ea60-be3f-9b5224f7c361,student3392@synthetic.example.com,Data Scientist,average,2,11,7,9,77.8
136867c0-0857-0338-e63d-60f238d17471,student3393@synthetic.example.com,Data Scientist,average,4,21,6,9,66.7
c72417e1-318e-1732-5d4e-b36ea41513bd,student3394@synthetic.example.com,Software Developer,average,3,17,7,10,70.0
b74bedc6-db51-5693-2de1-f9df2dbc6ac6,student3395@synthetic.example.com,Web Developer,weak,4,12,5,9,55.6
56849e1c-9af2-0808-f4a9-6e90181fd4c0,student3396@synthetic.example.com,Data Analyst,weak,1,8,3,9,33.3
4a1c83ce-0595-81e1-1bf1-c7c568fca08c,student3397@synthetic.example.com,Data Analyst,average,3,17,4,9,44.4
810e514d-6a22-d385-69a4-65641fbc4031,student3398@synthetic.example.com,Software Developer,weak,3,11,4,10,40.0
a25263a6-9fe3-9785-b1bb-9d82a734ba66,student3399@synthetic.example.com,Cybersecurity Analyst,strong,3,28,10,10,100.0
86478f09-9686-a7f2-39ea-8faee674ba23,student3400@synthetic.example.com,Web Developer,strong,3,20,8,9,88.9
948f6a0c-60f6-d8a7-38ba-d2e52de1ab43,student3401@synthetic.example.com,Cybersecurity Analyst,strong,4,30,10,10,100.0
7f947af0-7bef-cb08-9048-98bebaf2a318,student3402@synthetic.example.com,Data Analyst,average,3,14,6,9,66.7
5b90c5eb-40e8-cc4b-7ed2-5fdaec222f5d,student3403@synthetic.example.com,Software Developer,strong,4,28,10,10,100.0
11d4e52d-bd4a-7150-a3fb-e9667537480a,student3404@synthetic.example.com,Cloud Engineer,weak,1,6,1,10,10.0
59243b83-1a4d-f54a-d9c6-8db8e1fea3e9,student3405@synthetic.example.com,Software Developer,strong,2,16,9,10,90.0
7a9d665d-b1af-78b9-3ad7-093ec1308eb3,student3406@synthetic.example.com,Software Developer,strong,3,26,10,10,100.0
4c9a4e58-5a23-2921-dd2a-e60ee276ae26,student3407@synthetic.example.com,Software Developer,average,3,12,8,10,80.0
d86664a7-8a1a-69a5-0e18-140784ab7154,student3408@synthetic.example.com,Web Developer,average,2,15,7,9,77.8
12d3d7b5-ccaf-ac61-c7fd-3206bb632492,student3409@synthetic.example.com,Data Analyst,average,1,11,4,9,44.4
353d9119-bdf2-dca5-f499-97801df09ba4,student3410@synthetic.example.com,Web Developer,strong,1,24,9,9,100.0
de738a54-8e88-38a0-71df-bfa157cd5fe1,student3411@synthetic.example.com,Data Scientist,weak,3,9,3,9,33.3
18f508fd-3d76-71f2-2922-9f32844c45cf,student3412@synthetic.example.com,Data Analyst,weak,3,9,5,9,55.6
42f947ee-39ab-ef09-5ba3-94c007acb5c9,student3413@synthetic.example.com,Data Analyst,strong,3,26,8,9,88.9
e071cd2f-f362-c464-b770-c80c667acab1,student3414@synthetic.example.com,Data Analyst,weak,1,6,1,9,11.1
6c73225a-9fbe-3f6c-3a7c-404744623c5d,student3415@synthetic.example.com,Software Developer,weak,2,3,2,10,20.0
74c7422e-fecb-a3fb-7177-109375b916b1,student3416@synthetic.example.com,Data Analyst,average,2,13,6,9,66.7
701df70f-804d-5ccd-f6b4-499cfcb77c7e,student3417@synthetic.example.com,Software Developer,weak,2,10,4,10,40.0
0caab9c5-5431-f820-e2db-36217fd6e3ed,student3418@synthetic.example.com,Cloud Engineer,strong,3,25,9,10,90.0
9c6e86d3-b899-0e19-5d5d-0966be8969ce,student3419@synthetic.example.com,Data Scientist,average,2,13,7,9,77.8
0fe18bb5-7344-10d9-aea9-47aabecaacef,student3420@synthetic.example.com,Software Developer,strong,3,19,9,10,90.0
ee28468d-6546-14ea-19e1-03138521ddef,student3421@synthetic.example.com,Cloud Engineer,average,3,22,7,10,70.0
4979caa2-eab4-fa53-8003-aab367643eb9,student3422@synthetic.example.com,Software Developer,average,4,18,8,10,80.0
88bd3ef3-7936-bab6-77f0-ea75d75c6ab2,student3423@synthetic.example.com,Data Analyst,average,2,14,5,9,55.6
f69b74da-74c7-1613-fc2a-1ed0805f3194,student3424@synthetic.example.com,Software Developer,average,1,13,6,10,60.0
965bd634-7208-b8ad-92e1-a90d4e7726ea,student3425@synthetic.example.com,Cybersecurity Analyst,average,2,15,6,10,60.0
7e934b96-5218-6e32-5609-93276c861ae3,student3426@synthetic.example.com,Data Analyst,average,2,13,8,9,88.9
39aa7468-b118-a11f-79d4-7d8f1ed43feb,student3427@synthetic.example.com,Cybersecurity Analyst,weak,4,11,5,10,50.0
10fca2e5-4ed2-6647-15ac-3d20c60221d4,student3428@synthetic.example.com,Cloud Engineer,weak,1,19,2,10,20.0
0177bc7b-5297-3667-215c-f8424e78d6f4,student3429@synthetic.example.com,Data Analyst,strong,3,22,7,9,77.8
341a87b8-90d3-f684-b3f8-f51f650f78b6,student3430@synthetic.example.com,Web Developer,strong,2,22,7,9,77.8
e321b04b-9a2b-7c8e-ff06-787272fc9258,student3431@synthetic.example.com,Web Developer,weak,1,9,2,9,22.2
7a73f922-f125-d08c-c994-89cfc5b358a2,student3432@synthetic.example.com,Software Developer,average,3,19,8,10,80.0
4b4dc934-6d4e-d546-d59d-90901fe52619,student3433@synthetic.example.com,Data Analyst,average,3,14,5,9,55.6
0ed403e4-a750-744e-85fb-dde609f13e9e,student3434@synthetic.example.com,Cloud Engineer,average,3,20,7,10,70.0
f9937070-58d4-1afb-06c4-51a9df95de73,student3435@synthetic.example.com,Data Analyst,weak,1,6,4,9,44.4
b30e72dd-7f95-c346-6fa3-f6fba290861e,student3436@synthetic.example.com,Software Developer,strong,2,20,10,10,100.0
616e1557-da6d-a849-ab69-b36235e691fa,student3437@synthetic.example.com,Cloud Engineer,average,3,16,7,10,70.0
f34e7a60-5440-269d-cfaf-cbd89c0779d7,student3438@synthetic.example.com,Data Analyst,weak,1,6,1,9,11.1
4d801248-b202-f6ca-75f6-1bd4eea69483,student3439@synthetic.example.com,Cybersecurity Analyst,strong,4,25,8,10,80.0
aba5a2da-09de-eb17-285e-d2acef8536c0,student3440@synthetic.example.com,Data Analyst,average,3,20,8,9,88.9
00d4c5e3-a35f-0882-55c3-80b097dbdaf3,student3441@synthetic.example.com,Cloud Engineer,strong,3,24,8,10,80.0
ddbfb9b5-cc48-a52d-8c20-59fab9853f5b,student3442@synthetic.example.com,Web Developer,weak,2,8,2,9,22.2
dee1e675-ad8e-594d-8ef6-d0294fe77b7d,student3443@synthetic.example.com,Data Scientist,average,3,23,7,9,77.8
366739fe-614b-30fb-ae68-d20048b337b1,student3444@synthetic.example.com,Software Developer,weak,1,10,6,10,60.0
6f5ab155-2774-5006-5b32-285cf4932a4c,student3445@synthetic.example.com,Cybersecurity Analyst,average,4,15,6,10,60.0
accc3ec8-73af-8768-78e8-c4c8acdb784f,student3446@synthetic.example.com,Data Scientist,strong,2,20,8,9,88.9
7f85e486-d241-61fc-0a9a-d2032c05917a,student3447@synthetic.example.com,Software Developer,average,3,16,8,10,80.0
89f1347f-6860-3eb8-487b-eeb12cd16c8d,student3448@synthetic.example.com,Data Scientist,strong,4,26,9,9,100.0
2a0ed895-196d-ea4f-3341-d63d9db8e235,student3449@synthetic.example.com,Data Scientist,strong,4,23,9,9,100.0
33aa0e10-a1f8-7f1a-0531-712f0a531ae6,student3450@synthetic.example.com,Web Developer,average,1,10,3,9,33.3
943bdfa2-4272-2c6b-86c2-27538f316f1a,student3451@synthetic.example.com,Cybersecurity Analyst,average,2,15,6,10,60.0
4c2b7928-62b9-92f8-6a80-82acb2614f72,student3452@synthetic.example.com,Cybersecurity Analyst,average,4,22,10,10,100.0
d08a0967-64e5-ca86-d161-476fefec0c73,student3453@synthetic.example.com,Software Developer,average,4,17,4,10,40.0
521f542d-0e55-da85-8b02-1a1f8f853a84,student3454@synthetic.example.com,Software Developer,strong,2,24,9,10,90.0
9ffdc12c-f954-1c8d-607d-b885f3bf8bcc,student3455@synthetic.example.com,Software Developer,average,1,15,6,10,60.0
df5887c3-6123-ef4d-b6ca-5591acea201d,student3456@synthetic.example.com,Web Developer,weak,2,10,6,9,66.7
b4a86dcd-4d96-2d4c-26a5-8153051a46a0,student3457@synthetic.example.com,Web Developer,average,1,19,8,9,88.9
a4ffc6c8-12be-547c-1515-1a41830ed6eb,student3458@synthetic.example.com,Software Developer,weak,1,10,3,10,30.0
cc583c71-a7f9-c70b-3786-33d472a3f343,student3459@synthetic.example.com,Data Analyst,average,1,11,7,9,77.8
56c296bc-0744-0c8a-8546-890a10e27e06,student3460@synthetic.example.com,Data Analyst,weak,4,7,3,9,33.3
b647343c-9063-9656-3869-569f0c8bc8b4,student3461@synthetic.example.com,Software Developer,average,1,18,7,10,70.0
c42811b0-5051-9fea-3b48-560023bad32a,student3462@synthetic.example.com,Software Developer,strong,2,16,9,10,90.0
facc146e-1d67-e730-643e-e1df035e1034,student3463@synthetic.example.com,Data Scientist,strong,3,22,9,9,100.0
5fa98703-1569-5351-a218-698004af188e,student3464@synthetic.example.com,Data Scientist,average,4,18,7,9,77.8
2b2143ec-8f3b-411a-d12a-60cee219fa89,student3465@synthetic.example.com,Software Developer,weak,3,10,1,10,10.0
9cd06dee-326e-8c26-cf6c-2776cd6cd5a6,student3466@synthetic.example.com,Data Scientist,average,2,13,6,9,66.7
7048fff5-4bd1-b518-ba17-1da5cc0d2ab9,student3467@synthetic.example.com,Data Scientist,average,3,11,8,9,88.9
3bce9fc4-0115-3ed0-d246-0f6a606dac12,student3468@synthetic.example.com,Software Developer,weak,3,8,4,10,40.0
95d16809-7036-b324-46a0-afdb9bd6ae87,student3469@synthetic.example.com,Data Analyst,average,2,8,3,9,33.3
5e08c707-7f2c-aca5-4360-225b4bb824b6,student3470@synthetic.example.com,Software Developer,average,3,12,8,10,80.0
d58b62f9-e340-b243-8ef0-71b1e65d32cf,student3471@synthetic.example.com,Data Analyst,average,4,10,7,9,77.8
0059fd0f-9fc0-11ca-0f2a-d46dd0b5f891,student3472@synthetic.example.com,Data Analyst,average,3,17,5,9,55.6
aad2e815-8619-ba95-d92d-fe22553ff929,student3473@synthetic.example.com,Web Developer,weak,4,10,4,9,44.4
0cb7acbf-eb94-4047-7bed-f56700110831,student3474@synthetic.example.com,Cloud Engineer,strong,4,18,9,10,90.0
491d94b3-e05a-00a1-5927-0006eec637c2,student3475@synthetic.example.com,Cloud Engineer,average,2,14,7,10,70.0
516f470a-8cad-f386-802c-166b491d6786,student3476@synthetic.example.com,Data Scientist,average,2,11,8,9,88.9
0a642ec9-4180-f074-ebc2-32e31426b497,student3477@synthetic.example.com,Cybersecurity Analyst,strong,4,22,7,10,70.0
b45f363f-f039-c740-83f6-32a3a0185981,student3478@synthetic.example.com,Data Analyst,average,4,16,7,9,77.8
1727da02-3442-57c4-99f6-11b2af054a91,student3479@synthetic.example.com,Cloud Engineer,average,1,16,9,10,90.0
838a3bb0-358f-0c51-760f-64e73d162981,student3480@synthetic.example.com,Software Developer,weak,2,6,5,10,50.0
21de3d36-297f-3eae-5d9b-49ce838d7685,student3481@synthetic.example.com,Web Developer,strong,1,25,8,9,88.9
1ca5fdcb-3a8d-5fcd-c38b-3a39d4854bbf,student3482@synthetic.example.com,Cybersecurity Analyst,strong,3,24,9,10,90.0
aff7a6b0-8d90-1faf-91d9-780ef5b7d742,student3483@synthetic.example.com,Web Developer,weak,2,9,5,9,55.6
a397609b-09a8-f73c-c568-9209993ca31f,student3484@synthetic.example.com,Cybersecurity Analyst,weak,1,9,5,10,50.0
914df7be-6d44-5bf8-18c5-0d9fe6df798b,student3485@synthetic.example.com,Cloud Engineer,average,4,16,10,10,100.0
3623760a-ecdf-e6cc-afc5-8c5a039bd9d6,student3486@synthetic.example.com,Software Developer,weak,2,5,4,10,40.0
a5f336d5-aff6-5a05-7a51-be8fc1dc0755,student3487@synthetic.example.com,Cloud Engineer,average,3,14,7,10,70.0
a8c90940-7c40-4d1e-b565-44be3e93e6f3,student3488@synthetic.example.com,Cloud Engineer,weak,2,4,1,10,10.0
3273bf62-fa57-7a6d-9792-f1c79b9eb44c,student3489@synthetic.example.com,Software Developer,weak,1,9,5,10,50.0
0fe5d735-fb59-2276-d8ba-a89b2a2a4e55,student3490@synthetic.example.com,Web Developer,average,1,13,6,9,66.7
9a8aca27-eda3-767f-5544-2b4e9d4486a0,student3491@synthetic.example.com,Cybersecurity Analyst,average,1,13,5,10,50.0
971249be-756f-27d1-fec8-70a95a8f4fb5,student3492@synthetic.example.com,Software Developer,average,3,17,9,10,90.0
e6f51a1a-a56c-5db9-cb45-82f63618c649,student3493@synthetic.example.com,Data Analyst,average,4,17,9,9,100.0
6bcc82f6-6177-a04f-e2d1-915bfc1de7fd,student3494@synthetic.example.com,Software Developer,strong,3,19,8,10,80.0
175da526-0c8d-f305-238e-7a348a5d20ad,student3495@synthetic.example.com,Web Developer,average,2,19,8,9,88.9
0f033334-67fe-e101-87c4-5c7d6696a9f7,student3496@synthetic.example.com,Cloud Engineer,weak,3,6,1,10,10.0
64810d84-68db-5c8f-8ebf-1c064e77a5f8,student3497@synthetic.example.com,Cybersecurity Analyst,average,1,17,8,10,80.0
190a7b07-4be1-ca1c-74fc-eddce8c5c6f6,student3498@synthetic.example.com,Software Developer,average,2,15,6,10,60.0
27fd3ac7-ffc4-0d04-c117-38eb25f40585,student3499@synthetic.example.com,Web Developer,average,3,15,5,9,55.6
58d3a527-08e0-e444-a5de-35afa8eb9234,student3500@synthetic.example.com,Software Developer,strong,4,23,8,10,80.0
ca632ac5-bb76-81f1-6fc5-593ce59ef825,student3501@synthetic.example.com,Cybersecurity Analyst,average,3,11,6,10,60.0
c301b483-d40a-20e7-693b-7c2b8a5fed45,student3502@synthetic.example.com,Software Developer,weak,2,11,7,10,70.0
83408d00-bcd8-8706-01bc-c3f67d4e14ac,student3503@synthetic.example.com,Data Analyst,weak,2,7,5,9,55.6
6c38043d-3f70-3777-ffcd-b11139fd822c,student3504@synthetic.example.com,Data Analyst,strong,3,24,9,9,100.0
2192cea6-c993-6394-e388-23319dda440f,student3505@synthetic.example.com,Data Scientist,strong,1,20,9,9,100.0
7b961600-5406-2b04-93b0-28177ece583b,student3506@synthetic.example.com,Cloud Engineer,average,4,23,9,10,90.0
4bcff37a-f16e-088b-3f8e-36989ea94c30,student3507@synthetic.example.com,Software Developer,weak,3,9,3,10,30.0
231a5e87-0b11-6911-d9e7-3ba704c55ca6,student3508@synthetic.example.com,Cybersecurity Analyst,weak,4,8,2,10,20.0
ea60f991-8526-cc91-8f1d-328076445f9f,student3509@synthetic.example.com,Software Developer,average,2,16,9,10,90.0
407e5cd7-7056-287e-3cd9-cd0a273f9fa5,student3510@synthetic.example.com,Web Developer,weak,2,11,3,9,33.3
0a909254-9e7f-275f-d9f3-252f69f04e9f,student3511@synthetic.example.com,Software Developer,average,4,11,7,10,70.0
e108a611-bfc8-fe64-912c-d5c88cef10f0,student3512@synthetic.example.com,Software Developer,strong,2,21,10,10,100.0
5e83c644-baf2-3e72-43b8-dba6e0ff9e08,student3513@synthetic.example.com,Web Developer,average,1,24,6,9,66.7
ae2d6cf8-ede1-86ab-6d97-ed76add704ed,student3514@synthetic.example.com,Cloud Engineer,average,3,12,7,10,70.0
93b8a577-dbfc-5068-554d-43ae6d7819d8,student3515@synthetic.example.com,Software Developer,strong,2,22,10,10,100.0
73e00769-5ab4-a5d9-e155-a7a59dcb9cc6,student3516@synthetic.example.com,Data Scientist,average,3,18,9,9,100.0
2c1e1fe2-1042-559f-e7cb-03a598df3538,student3517@synthetic.example.com,Web Developer,average,1,11,6,9,66.7
9395fc56-046e-b660-3abb-12c0b3c90d0f,student3518@synthetic.example.com,Web Developer,average,2,11,6,9,66.7
2d26c7a6-04a8-edb0-2e21-63c4b0549cf6,student3519@synthetic.example.com,Data Analyst,strong,4,21,9,9,100.0
b5b0f586-fcd8-2f55-77d2-9d0994629f92,student3520@synthetic.example.com,Web Developer,average,1,17,6,9,66.7
cb99553f-a151-a555-b694-5c12603d7201,student3521@synthetic.example.com,Data Scientist,average,1,15,5,9,55.6
e5177ba6-722e-cca0-bfa1-9025f3a016cd,student3522@synthetic.example.com,Cloud Engineer,strong,2,17,9,10,90.0
162d2bb7-e776-2cff-2dcf-197e5f48b55b,student3523@synthetic.example.com,Data Scientist,strong,4,22,8,9,88.9
912ded1a-4455-b6c8-12da-ebadf205f67b,student3524@synthetic.example.com,Web Developer,average,2,13,8,9,88.9
985cce6b-60b5-216a-c787-700489288441,student3525@synthetic.example.com,Web Developer,weak,4,6,3,9,33.3
8bdc4c2c-5078-acd3-a201-879c9414e8b0,student3526@synthetic.example.com,Data Analyst,average,4,14,9,9,100.0
e9bd9f14-95c3-166e-b729-761d0ce365c2,student3527@synthetic.example.com,Software Developer,average,2,10,5,10,50.0
09c60358-a901-87b9-4c77-8534453dffc6,student3528@synthetic.example.com,Data Analyst,average,4,15,9,9,100.0
8a14a8fe-5fec-c734-dd62-4900754511bc,student3529@synthetic.example.com,Cloud Engineer,average,3,21,6,10,60.0
e7f3ee1a-530e-578b-feb3-5814723616e1,student3530@synthetic.example.com,Data Scientist,average,1,21,9,9,100.0
c1981095-9b41-cb49-af6d-ed6c5d1afdaf,student3531@synthetic.example.com,Cloud Engineer,average,3,13,7,10,70.0
60f2fac5-2ba9-b3c8-75ee-4c556fcf2cc8,student3532@synthetic.example.com,Web Developer,average,3,20,7,9,77.8
b1345f5d-544d-daa4-455d-9ba5791c3db6,student3533@synthetic.example.com,Data Analyst,weak,1,11,5,9,55.6
e1e37e9c-986e-e68f-fe2a-a11ea886495e,student3534@synthetic.example.com,Data Analyst,average,2,15,8,9,88.9
1e96fa24-42ab-7c62-b261-1653860a7df6,student3535@synthetic.example.com,Software Developer,weak,1,8,3,10,30.0
b7253bd4-349d-2470-723c-48d6d4f7ee51,student3536@synthetic.example.com,Software Developer,strong,4,24,9,10,90.0
b48c8062-6dea-28a0-a69b-07a0787b0bc1,student3537@synthetic.example.com,Software Developer,average,2,18,7,10,70.0
d4a7a5cf-049a-1c88-fd18-6d9860695bd6,student3538@synthetic.example.com,Software Developer,average,3,12,7,10,70.0
3a20ff0b-448f-f894-98c4-fede9c303dcd,student3539@synthetic.example.com,Cloud Engineer,strong,2,23,8,10,80.0
cfacc918-526c-c4e2-8cf3-3cd1d49858a7,student3540@synthetic.example.com,Web Developer,average,2,15,6,9,66.7
9bf35a1a-7c33-0061-89fb-0c3632f7e679,student3541@synthetic.example.com,Software Developer,average,2,13,5,10,50.0
494f5402-dbe8-77c8-6ff4-2673985ad1dc,student3542@synthetic.example.com,Software Developer,weak,3,9,4,10,40.0
e8b47a03-1bdd-d98c-ff09-a4dd7246bf91,student3543@synthetic.example.com,Data Analyst,strong,3,17,7,9,77.8
ee33ba6a-bef7-34bf-27a6-1c94d82f51e9,student3544@synthetic.example.com,Software Developer,average,1,14,7,10,70.0
687e1388-c99f-b0d9-8b22-a9402369ba71,student3545@synthetic.example.com,Cloud Engineer,strong,2,26,8,10,80.0
4587e16e-c385-6108-ab8d-46bc0557da4a,student3546@synthetic.example.com,Cloud Engineer,average,3,14,6,10,60.0
1a36c9ad-33fb-2a81-37e0-873261dc9207,student3547@synthetic.example.com,Software Developer,weak,2,11,3,10,30.0
47bbcef5-d81c-a135-729f-7ab9644b5582,student3548@synthetic.example.com,Cybersecurity Analyst,average,2,13,7,10,70.0
874d2e55-f3bb-068b-ce28-e11c4c79ec3a,student3549@synthetic.example.com,Software Developer,average,2,19,10,10,100.0
750136b6-95cb-1db8-accd-a7cf75779ea9,student3550@synthetic.example.com,Web Developer,average,1,15,9,9,100.0
456c2ba3-c136-9912-a54d-91c7c1ade464,student3551@synthetic.example.com,Cloud Engineer,strong,1,27,9,10,90.0
df4aaf9d-bb16-fe9b-889c-f6f7e018cea1,student3552@synthetic.example.com,Web Developer,average,3,17,8,9,88.9
c5a010d0-14e7-6c7b-c7dc-2df9dfcccf4c,student3553@synthetic.example.com,Cybersecurity Analyst,average,1,9,4,10,40.0
952c7882-84d2-f60b-7aa7-c3fdf24ce585,student3554@synthetic.example.com,Data Scientist,strong,3,24,8,9,88.9
074b0e68-ec77-8adf-f947-6eb9571b3649,student3555@synthetic.example.com,Software Developer,weak,3,6,4,10,40.0
be95e9ce-0c4f-ad51-9e4f-41d16975b7e7,student3556@synthetic.example.com,Web Developer,average,3,14,7,9,77.8
36f8673b-6f18-08f3-55e6-fbe8f80c3be6,student3557@synthetic.example.com,Data Analyst,average,2,18,5,9,55.6
6888d107-d10a-b074-5e54-17b595d43305,student3558@synthetic.example.com,Cybersecurity Analyst,weak,2,11,3,10,30.0
2b57e7fd-ffb4-70e6-e307-b9d96b20fffa,student3559@synthetic.example.com,Cybersecurity Analyst,average,4,19,6,10,60.0
a248fea7-cdf7-d9bd-948b-f47b6ccb5c52,student3560@synthetic.example.com,Web Developer,weak,2,11,7,9,77.8
4bba1618-8176-c32c-02cf-11e46b06809a,student3561@synthetic.example.com,Web Developer,average,3,10,4,9,44.4
c4cebb09-c6e3-b55f-300e-817f873a2cb5,student3562@synthetic.example.com,Web Developer,average,3,12,6,9,66.7
c8e8ef77-ca63-7b32-dfa3-a69a7204d9e1,student3563@synthetic.example.com,Cybersecurity Analyst,average,1,15,8,10,80.0
53526674-61c3-9e3f-2031-d1bc27cc5a84,student3564@synthetic.example.com,Web Developer,strong,3,20,9,9,100.0
5b21821e-30ad-52c5-41cb-7dc73c64e4cf,student3565@synthetic.example.com,Software Developer,weak,3,8,6,10,60.0
f4816bf2-3780-7443-48c6-d59d3101572c,student3566@synthetic.example.com,Web Developer,average,1,16,5,9,55.6
e75cf36b-a448-cbae-fc1d-659774e8d7dc,student3567@synthetic.example.com,Data Analyst,average,4,14,6,9,66.7
7aba453f-a6cc-c021-f438-61f8619465c7,student3568@synthetic.example.com,Web Developer,weak,4,10,6,9,66.7
326cac2e-7b74-3079-6509-3acd29a86d91,student3569@synthetic.example.com,Data Analyst,strong,3,21,9,9,100.0
168c57c7-f397-35d3-f640-b00cfef9425d,student3570@synthetic.example.com,Cloud Engineer,strong,1,22,9,10,90.0
d6589ed3-3c8c-1d7b-57c5-dc9efa2721f5,student3571@synthetic.example.com,Software Developer,weak,2,17,4,10,40.0
04136aac-f4de-9fad-5294-87ac3044685c,student3572@synthetic.example.com,Cloud Engineer,weak,3,10,4,10,40.0
9e88aa44-9f01-2c94-520c-453064b053ed,student3573@synthetic.example.com,Data Analyst,average,2,20,8,9,88.9
6563ae69-b27d-0263-faad-7e76ffab53c5,student3574@synthetic.example.com,Web Developer,weak,1,13,3,9,33.3
1aa9f778-e383-dae5-29de-8e80388ce4ea,student3575@synthetic.example.com,Web Developer,weak,2,3,1,9,11.1
44dae947-10e6-4223-3e71-0d01b43358c2,student3576@synthetic.example.com,Data Scientist,weak,4,11,5,9,55.6
535d8b56-1bcf-ec04-5a16-d0ac104620fb,student3577@synthetic.example.com,Cybersecurity Analyst,average,2,18,6,10,60.0
d6a0319b-a023-3ba7-8cab-879b856ad023,student3578@synthetic.example.com,Cybersecurity Analyst,strong,1,24,8,10,80.0
be4fc99a-4310-e5fa-b5af-4b20e1cdf777,student3579@synthetic.example.com,Web Developer,weak,2,11,1,9,11.1
2e037bdb-0507-604d-7b3e-11a7489160c6,student3580@synthetic.example.com,Software Developer,average,3,18,7,10,70.0
3e433612-6800-c0eb-aa04-cf4e60e686d1,student3581@synthetic.example.com,Data Analyst,average,2,18,7,9,77.8
75213e3a-fa4d-10ef-78ee-9d1f625d9449,student3582@synthetic.example.com,Data Scientist,weak,1,10,2,9,22.2
e190fbe4-4566-d675-ec47-c19718c363fe,student3583@synthetic.example.com,Data Analyst,average,3,22,8,9,88.9
48562171-3b62-af83-723f-fa0ff6bad724,student3584@synthetic.example.com,Data Analyst,average,1,14,7,9,77.8
ea0e3897-58e4-22dc-75c4-22267953d2d2,student3585@synthetic.example.com,Software Developer,average,4,15,7,10,70.0
98de814e-5733-4e41-89d6-eae4f913dcba,student3586@synthetic.example.com,Software Developer,average,3,12,7,10,70.0
a55e9d0f-6335-81ee-4a37-c1dae91dd020,student3587@synthetic.example.com,Software Developer,average,3,18,10,10,100.0
49809b1c-b49c-11aa-9398-9e0f612b6432,student3588@synthetic.example.com,Web Developer,average,4,18,8,9,88.9
84493538-acf0-5fec-15c9-acb68584a7c3,student3589@synthetic.example.com,Data Scientist,average,2,13,6,9,66.7
e11aa52a-a51e-0705-253a-93d135b4d370,student3590@synthetic.example.com,Web Developer,strong,3,19,9,9,100.0
9bc0b206-1620-961b-ee0d-e6b9158c3640,student3591@synthetic.example.com,Cloud Engineer,weak,1,10,2,10,20.0
e73674fd-9095-4ea0-624a-3c3cb90a22f4,student3592@synthetic.example.com,Web Developer,strong,2,17,8,9,88.9
25bf5540-6523-3b95-b225-a768ff8fb6f9,student3593@synthetic.example.com,Cybersecurity Analyst,strong,3,24,10,10,100.0
60852e7a-bcd5-2cca-478d-73d2600832a7,student3594@synthetic.example.com,Cybersecurity Analyst,strong,3,25,9,10,90.0
bf7b9472-dc33-4dd6-fe1d-ab5f3badb563,student3595@synthetic.example.com,Cybersecurity Analyst,weak,3,16,9,10,90.0
d328cdb2-2743-8af7-5b7c-2103c0aaf65c,student3596@synthetic.example.com,Data Analyst,weak,1,6,3,9,33.3
e85f6c34-ede2-b05b-d8fc-eb170e0b33e9,student3597@synthetic.example.com,Software Developer,average,3,15,8,10,80.0
b189c228-48fd-dbb4-72e4-ee88907c91d5,student3598@synthetic.example.com,Cloud Engineer,weak,4,14,4,10,40.0
8439a910-6cae-35ee-44b2-9c02841603c1,student3599@synthetic.example.com,Web Developer,average,2,11,9,9,100.0
a1ab3bb4-de30-d9db-419a-2ee550b7e989,student3600@synthetic.example.com,Software Developer,strong,3,19,8,10,80.0
086f3ea0-c1f8-a50a-9acc-d59e1f73a540,student3601@synthetic.example.com,Web Developer,strong,4,21,9,9,100.0
c5fad71e-1775-a4ed-b1e0-995214cb8000,student3602@synthetic.example.com,Data Scientist,average,2,17,8,9,88.9
dba8b357-e9bb-9a8b-7210-d30bbb7be833,student3603@synthetic.example.com,Software Developer,average,3,13,7,10,70.0
c481f6b1-4430-56cd-1996-00cf549cb7e1,student3604@synthetic.example.com,Cybersecurity Analyst,average,2,14,6,10,60.0
69052460-e153-6093-476b-cc5f17714a55,student3605@synthetic.example.com,Data Scientist,weak,1,8,2,9,22.2
6cd5eed9-d573-fb5c-e019-09050af70cf0,student3606@synthetic.example.com,Cybersecurity Analyst,average,2,18,5,10,50.0
19b1421e-2483-e4d8-10b4-ddd811444c0d,student3607@synthetic.example.com,Web Developer,strong,3,19,7,9,77.8
3b0893e0-b5fc-082a-7f3c-917ace4b32ab,student3608@synthetic.example.com,Web Developer,weak,4,9,5,9,55.6
37d2c341-c854-fcb3-4dfa-219e9ac9e2c7,student3609@synthetic.example.com,Software Developer,average,1,20,7,10,70.0
c7a1672e-94c9-3c29-ffc0-f93c85376016,student3610@synthetic.example.com,Data Analyst,average,4,17,8,9,88.9
6187119b-2275-a4fc-2f2f-56486b448692,student3611@synthetic.example.com,Web Developer,average,3,15,7,9,77.8
ca85399b-7856-1107-f904-b7de98ac8bbe,student3612@synthetic.example.com,Software Developer,strong,3,24,9,10,90.0
c8efea2b-6241-3bee-6898-669f640649a0,student3613@synthetic.example.com,Software Developer,average,1,14,7,10,70.0
4476486f-eaf5-1386-5082-3bc54b220781,student3614@synthetic.example.com,Cybersecurity Analyst,average,4,21,7,10,70.0
6ba76315-2ff9-778b-d160-b577ea6495bc,student3615@synthetic.example.com,Data Analyst,average,3,15,8,9,88.9
e6b40972-d5de-c3f5-aeb0-580caba83aad,student3616@synthetic.example.com,Web Developer,weak,3,16,6,9,66.7
7ba94ab5-ebd1-92d1-5d66-1f727ab7b772,student3617@synthetic.example.com,Web Developer,average,4,16,7,9,77.8
062a3d25-bd1f-f245-ba7e-31a1744946dc,student3618@synthetic.example.com,Cybersecurity Analyst,weak,4,8,5,10,50.0
a26ca917-b08d-8bae-cdfe-8df9e84b07d8,student3619@synthetic.example.com,Software Developer,average,3,7,4,10,40.0
53febc9b-b3d8-f190-fdb2-68d325c62add,student3620@synthetic.example.com,Software Developer,average,3,15,9,10,90.0
7ee91fe6-5d43-b1e0-5adc-743ff634b2b0,student3621@synthetic.example.com,Data Scientist,weak,2,10,3,9,33.3
92b7c333-b8af-1ba7-58e1-d6493600ff74,student3622@synthetic.example.com,Data Analyst,average,2,11,4,9,44.4
eae1a51a-0995-7df4-1e5c-9174db7da285,student3623@synthetic.example.com,Data Analyst,average,3,14,5,9,55.6
352bcf80-3d6d-6110-1433-7fed110229e5,student3624@synthetic.example.com,Data Analyst,weak,2,4,1,9,11.1
3a975ff5-31ac-0db5-3ad9-a03d07446dc0,student3625@synthetic.example.com,Cybersecurity Analyst,average,3,16,7,10,70.0
1e25de2f-87d4-c629-c1f8-f258234df54a,student3626@synthetic.example.com,Cybersecurity Analyst,average,3,16,9,10,90.0
2038dcc2-4b63-3082-2919-27bbb889fe4b,student3627@synthetic.example.com,Software Developer,strong,2,27,9,10,90.0
90058177-0076-a0b6-9e9f-2e97d1bc732a,student3628@synthetic.example.com,Software Developer,average,3,15,9,10,90.0
147e6f0f-2974-ddc5-a6f2-68924b3b0684,student3629@synthetic.example.com,Cybersecurity Analyst,average,2,14,5,10,50.0
6a334640-59d8-fa78-7827-e35a4eac92a5,student3630@synthetic.example.com,Web Developer,average,1,19,9,9,100.0
ce1365b4-2e87-b179-bafd-22c832dde00d,student3631@synthetic.example.com,Data Scientist,weak,3,9,4,9,44.4
2df73ed1-ce0e-d4fa-0bad-c0779b297e69,student3632@synthetic.example.com,Web Developer,average,4,21,7,9,77.8
5cbf58d5-42c8-b694-66dc-680a93dc729f,student3633@synthetic.example.com,Data Analyst,average,4,25,8,9,88.9
fe4d209c-22e4-99fd-eed9-7aca99937b34,student3634@synthetic.example.com,Software Developer,weak,2,9,6,10,60.0
0af8d1ec-feca-bb91-bfc8-ca951f96dcbb,student3635@synthetic.example.com,Web Developer,weak,3,7,5,9,55.6
ba2435b0-f799-d9cb-7348-2be93c528a69,student3636@synthetic.example.com,Data Analyst,strong,4,17,7,9,77.8
170f2fa8-07ec-e5db-9cd3-e33120fd4bee,student3637@synthetic.example.com,Software Developer,average,2,13,8,10,80.0
a730c040-7bc7-b553-b433-2dd954431abf,student3638@synthetic.example.com,Web Developer,weak,1,10,4,9,44.4
0319493b-1bfb-c797-0c97-32e24ab62783,student3639@synthetic.example.com,Cybersecurity Analyst,weak,2,19,7,10,70.0
59e3575a-e115-4827-6767-6d246aaad368,student3640@synthetic.example.com,Cloud Engineer,weak,4,8,3,10,30.0
af68dff3-3045-52f4-1bd9-080dd25b4e89,student3641@synthetic.example.com,Cybersecurity Analyst,strong,2,25,7,10,70.0
f413833b-303e-a8a8-5ad1-cf0cd681428a,student3642@synthetic.example.com,Cloud Engineer,weak,4,10,4,10,40.0
90fe5840-2595-81b6-5649-5addf303749b,student3643@synthetic.example.com,Software Developer,weak,3,13,6,10,60.0
7c49b185-1e88-6116-f8a4-241a2c2fa4f7,student3644@synthetic.example.com,Software Developer,average,3,9,5,10,50.0
55869cc1-8edd-04de-8c55-dc3f4a6ec910,student3645@synthetic.example.com,Web Developer,average,3,18,8,9,88.9
67937b2d-b216-e242-43cc-d96e6522e2f0,student3646@synthetic.example.com,Data Analyst,strong,3,20,9,9,100.0
2645baa7-9b02-6c08-593f-8fbf4fa8d1b4,student3647@synthetic.example.com,Software Developer,strong,3,23,10,10,100.0
152ac42f-327e-0346-ecf0-e616ca62a90b,student3648@synthetic.example.com,Cloud Engineer,average,1,13,8,10,80.0
fdad9492-416c-42d2-32fe-e2bbe717de65,student3649@synthetic.example.com,Software Developer,strong,3,22,10,10,100.0
a89b73a7-13fc-f7f3-5ec4-0d4313e36bd2,student3650@synthetic.example.com,Data Analyst,weak,2,12,5,9,55.6
5c4d02af-d4df-8afe-4558-2e199fbd5aa5,student3651@synthetic.example.com,Cloud Engineer,strong,1,22,9,10,90.0
d3a35923-8ffe-0513-f48a-b3569a556d0e,student3652@synthetic.example.com,Web Developer,average,2,15,8,9,88.9
5dc9688f-a2c3-8be4-b306-c303ee20fa83,student3653@synthetic.example.com,Software Developer,average,4,16,8,10,80.0
8de054cb-aeb1-6b36-605f-c60eba3acf70,student3654@synthetic.example.com,Web Developer,average,1,12,6,9,66.7
f20a6968-548b-111d-1c04-0f3bb80114cb,student3655@synthetic.example.com,Web Developer,strong,3,22,9,9,100.0
1cc19ee5-00ac-e3f4-dc6a-0ec34162e10f,student3656@synthetic.example.com,Cloud Engineer,average,1,12,8,10,80.0
6d37e7c3-9883-7f44-b176-f63db59224a2,student3657@synthetic.example.com,Data Analyst,weak,4,10,2,9,22.2
8753f320-752e-1250-266e-9d6c9b7c3bbb,student3658@synthetic.example.com,Data Scientist,weak,4,10,1,9,11.1
fb3b0c99-8fd5-6efd-d359-bf000be5d458,student3659@synthetic.example.com,Software Developer,weak,3,13,6,10,60.0
10b4eb8f-c423-7fc9-3a24-beeb65f772f9,student3660@synthetic.example.com,Data Analyst,average,4,18,7,9,77.8
97978c5e-8518-9196-73a6-f1540b5415d6,student3661@synthetic.example.com,Web Developer,weak,3,4,0,9,0.0
387d1468-e2f2-4c1e-f27c-fd5e714f366e,student3662@synthetic.example.com,Data Scientist,average,2,18,5,9,55.6
1205291d-9988-5a73-ea81-31a9e0dba77c,student3663@synthetic.example.com,Cloud Engineer,strong,3,19,9,10,90.0
d3cc73a8-63d3-e30a-a01c-a3eb4ecb7cd9,student3664@synthetic.example.com,Software Developer,average,2,17,7,10,70.0
829678df-b2c9-01be-f450-6f6fd7acf296,student3665@synthetic.example.com,Software Developer,average,4,17,5,10,50.0
c468c13f-7330-0e7d-dfab-e0c65b52e401,student3666@synthetic.example.com,Web Developer,strong,3,22,9,9,100.0
fec7b250-ea87-4b6f-c751-6137379062a2,student3667@synthetic.example.com,Cybersecurity Analyst,average,1,17,9,10,90.0
d7d1c01b-5d42-606e-1d8d-28e8850bccec,student3668@synthetic.example.com,Data Analyst,strong,2,24,7,9,77.8
360ba01e-c778-635e-3249-f016f9b19cb2,student3669@synthetic.example.com,Software Developer,average,2,6,5,10,50.0
acc5744a-e2e8-0283-a877-1c108a136e77,student3670@synthetic.example.com,Software Developer,strong,2,22,8,10,80.0
1cd74dab-80e2-b4bb-d819-6896293efc26,student3671@synthetic.example.com,Cybersecurity Analyst,weak,4,19,6,10,60.0
8e84db26-c5f2-027a-998c-b078bb4b9b26,student3672@synthetic.example.com,Software Developer,weak,3,5,3,10,30.0
e05b4144-5254-69d5-972c-99359d37f42d,student3673@synthetic.example.com,Cloud Engineer,average,2,9,6,10,60.0
90a67fcf-cac3-dab3-c5cc-7ce8819ec2f9,student3674@synthetic.example.com,Cloud Engineer,average,1,14,6,10,60.0
1c5c9f5e-2ebc-8ce6-5d16-b3db21c44489,student3675@synthetic.example.com,Cybersecurity Analyst,weak,2,16,7,10,70.0
aaebdaad-9f88-bab3-30fa-4bc7d0357d24,student3676@synthetic.example.com,Web Developer,weak,3,11,6,9,66.7
096956ae-e664-9bfd-ac0e-dc4e2a6d3771,student3677@synthetic.example.com,Software Developer,average,3,17,9,10,90.0
f49a7b99-1c2e-e341-17f8-b34017065c8a,student3678@synthetic.example.com,Software Developer,strong,1,15,10,10,100.0
4322f996-b312-1305-f17b-abd0370c2765,student3679@synthetic.example.com,Software Developer,weak,3,16,7,10,70.0
7c12fb00-184a-585d-5370-ae54c6b29f64,student3680@synthetic.example.com,Software Developer,weak,4,12,6,10,60.0
4df039c8-6544-9114-0bb7-e05f204304a6,student3681@synthetic.example.com,Web Developer,strong,3,24,9,9,100.0
5d05234c-e79b-2195-96c3-7e61bab52244,student3682@synthetic.example.com,Cloud Engineer,average,2,15,4,10,40.0
8c706dec-61cd-4ca3-e5e3-a023d829a96e,student3683@synthetic.example.com,Software Developer,weak,3,9,5,10,50.0
a087df54-9bd0-0781-fa8b-1dc4a1e5ee0a,student3684@synthetic.example.com,Web Developer,average,3,14,5,9,55.6
2646e91a-94c3-1e90-a5cf-b98fd058a68c,student3685@synthetic.example.com,Web Developer,average,2,10,5,9,55.6
5127c16a-99a9-1995-0230-f6b75149c900,student3686@synthetic.example.com,Data Analyst,average,2,10,6,9,66.7
b5ccb38d-ffca-1aff-879a-7a00136dffe5,student3687@synthetic.example.com,Software Developer,weak,2,4,1,10,10.0
fd31d74c-3f9a-b155-ef0e-790c64225620,student3688@synthetic.example.com,Data Scientist,average,2,15,6,9,66.7
f2af4268-cdf1-565c-9afd-b69319112689,student3689@synthetic.example.com,Cloud Engineer,weak,1,5,2,10,20.0
f8fb0765-83ef-94c8-09e6-34f755e4ef57,student3690@synthetic.example.com,Cybersecurity Analyst,average,3,18,9,10,90.0
03623e00-bcc8-381a-654d-350ed783f329,student3691@synthetic.example.com,Software Developer,average,2,12,6,10,60.0
7dfe32b7-1c74-974f-e7f0-76d030917751,student3692@synthetic.example.com,Cloud Engineer,weak,3,9,4,10,40.0
e154506d-d98d-3fc8-13bb-c6d158b27f72,student3693@synthetic.example.com,Cybersecurity Analyst,average,3,26,8,10,80.0
70e013d5-7dce-959e-fd32-24ca6628703c,student3694@synthetic.example.com,Web Developer,average,1,17,7,9,77.8
ad5adc6a-9036-e734-a2f4-8e8af5e19011,student3695@synthetic.example.com,Software Developer,average,3,18,8,10,80.0
a6aac8bf-3721-3d74-b108-83a3d4a88a28,student3696@synthetic.example.com,Software Developer,weak,3,11,5,10,50.0
bb87b889-8041-84b5-1e10-b2d1154a085f,student3697@synthetic.example.com,Web Developer,strong,1,28,8,9,88.9
696fcda7-2797-dfc2-3ad0-15c60b18e7f8,student3698@synthetic.example.com,Data Analyst,average,3,15,9,9,100.0
98a2c68f-3c28-9687-d41f-87d8d0b9b58d,student3699@synthetic.example.com,Software Developer,weak,3,11,6,10,60.0
cd6649b2-e4dc-44f9-c1ee-615728ef63fe,student3700@synthetic.example.com,Data Analyst,average,3,11,6,9,66.7
e7625832-3742-b5bb-201d-0310b4ec3f76,student3701@synthetic.example.com,Data Analyst,average,2,12,4,9,44.4
aec37c3b-537c-b765-1d7a-61c21e18f1d5,student3702@synthetic.example.com,Data Analyst,strong,3,17,8,9,88.9
fa7062cd-1a2d-1a30-c57a-334830d2671d,student3703@synthetic.example.com,Data Analyst,average,3,12,6,9,66.7
bc40770b-1640-7d33-9e1a-0933f79a26b8,student3704@synthetic.example.com,Data Analyst,average,2,15,7,9,77.8
06f67bb4-56fb-ccdd-70ba-7f2e1dbcc4ad,student3705@synthetic.example.com,Software Developer,average,3,11,7,10,70.0
c597ba40-4531-5067-4bfb-2de18bcf0e07,student3706@synthetic.example.com,Software Developer,weak,3,6,2,10,20.0
87c54afc-5af9-3032-d8a0-5897c63dfb42,student3707@synthetic.example.com,Data Scientist,average,2,15,4,9,44.4
aed675fb-8cb8-afc7-01b0-e74ba03d4a5e,student3708@synthetic.example.com,Data Analyst,average,2,15,6,9,66.7
a8c0de9d-eada-354b-0d18-f702529d6a27,student3709@synthetic.example.com,Data Analyst,strong,3,20,7,9,77.8
a65ba3e9-fa6c-4a55-b6ac-190d72c59f1e,student3710@synthetic.example.com,Cybersecurity Analyst,weak,2,10,3,10,30.0
d2a599af-a86a-2fdb-1d9e-69eafc95bef8,student3711@synthetic.example.com,Data Analyst,weak,2,9,3,9,33.3
83e3b793-9ca3-b34a-40e3-2439591364ee,student3712@synthetic.example.com,Web Developer,average,3,18,8,9,88.9
2fbd1326-2991-0acd-a553-13db0d7d0300,student3713@synthetic.example.com,Software Developer,average,2,17,9,10,90.0
21982faf-d7b3-eab6-3ace-7e8edbec4bca,student3714@synthetic.example.com,Web Developer,average,2,16,5,9,55.6
b8b49596-28cd-9615-4c8c-72da1b3e52b9,student3715@synthetic.example.com,Cybersecurity Analyst,strong,3,21,8,10,80.0
80a77673-9c12-4d48-a9bf-04b14bfc26f6,student3716@synthetic.example.com,Cybersecurity Analyst,strong,4,23,10,10,100.0
dadd0cf9-a390-7bf5-e5e3-77b8321f4eaf,student3717@synthetic.example.com,Data Analyst,weak,2,7,1,9,11.1
0d432e6f-8dc1-af4f-b50e-1586b408b384,student3718@synthetic.example.com,Software Developer,average,3,14,7,10,70.0
d29ec75a-61ff-bed7-8ed1-573c18c1262b,student3719@synthetic.example.com,Cloud Engineer,strong,4,20,10,10,100.0
5b71133a-4871-2a9c-25d0-8c0622aba688,student3720@synthetic.example.com,Software Developer,strong,2,21,9,10,90.0
94b7d5b2-98e5-cdbd-ab28-9c95f01fb917,student3721@synthetic.example.com,Data Analyst,weak,3,10,2,9,22.2
f9558230-5661-3ace-7bc3-6b1de341e163,student3722@synthetic.example.com,Web Developer,strong,4,20,8,9,88.9
617f394a-1a4d-b797-e3e0-5dcf6873ccb2,student3723@synthetic.example.com,Software Developer,weak,2,7,4,10,40.0
74a03d36-8628-398e-1572-5102f0824253,student3724@synthetic.example.com,Data Analyst,average,3,9,3,9,33.3
5e345622-ac11-6ae0-f170-d3a91410133e,student3725@synthetic.example.com,Software Developer,average,4,23,10,10,100.0
f26f8ca7-e518-a007-fbe5-59c1e950b3fc,student3726@synthetic.example.com,Data Analyst,average,1,10,6,9,66.7
c2ed3b9b-181b-8ce9-3a6d-77db7ec3e4c5,student3727@synthetic.example.com,Cloud Engineer,weak,2,9,2,10,20.0
4bf51808-94b4-ce1a-0eb0-aada8a4deff1,student3728@synthetic.example.com,Data Analyst,average,1,14,8,9,88.9
3ded3964-c004-6872-ae4e-266669c6c31c,student3729@synthetic.example.com,Web Developer,average,3,12,6,9,66.7
5c40343e-97b8-9102-0500-d15164512184,student3730@synthetic.example.com,Web Developer,average,4,11,7,9,77.8
23067109-3c32-5ceb-9270-0af3d69df808,student3731@synthetic.example.com,Data Scientist,weak,3,16,7,9,77.8
4058af1b-0c1a-f30d-3217-66f51c42d933,student3732@synthetic.example.com,Web Developer,average,2,15,8,9,88.9
b3493e75-8c0e-6df4-dcca-c512432e5bf6,student3733@synthetic.example.com,Data Scientist,weak,4,12,4,9,44.4
8288eb32-ae63-a628-47f4-b1bec18c9a13,student3734@synthetic.example.com,Software Developer,strong,4,25,10,10,100.0
259300e1-3667-2150-8344-9e8402e3110f,student3735@synthetic.example.com,Web Developer,average,2,16,6,9,66.7
df638ff5-ce67-12d7-6ccc-f7dd8c71fcc6,student3736@synthetic.example.com,Data Scientist,average,4,15,5,9,55.6
c81b9e21-5102-0e07-640d-0599603f4879,student3737@synthetic.example.com,Web Developer,strong,4,23,8,9,88.9
9e87ee66-b07e-90a5-a895-b1d015042767,student3738@synthetic.example.com,Data Analyst,average,3,16,4,9,44.4
ce9aa74c-22db-2f87-9441-3cd016f3ccd7,student3739@synthetic.example.com,Cloud Engineer,average,2,15,7,10,70.0
1dfd4065-50f3-6ac5-378b-17c2ac095901,student3740@synthetic.example.com,Data Analyst,weak,3,9,2,9,22.2
615b29b6-866f-7be0-40d1-64fef658fb32,student3741@synthetic.example.com,Web Developer,average,3,16,7,9,77.8
46a184d7-c311-16f3-b1ad-458919cac255,student3742@synthetic.example.com,Cloud Engineer,weak,4,8,3,10,30.0
7ab5df0c-2d2b-b608-9263-c7d14df8b91b,student3743@synthetic.example.com,Data Analyst,strong,3,21,9,9,100.0
a042ebc9-6afe-0538-0f1c-88ff6a8c3e4e,student3744@synthetic.example.com,Cybersecurity Analyst,strong,4,22,8,10,80.0
dd849b34-e912-ae49-7494-d8b57e457759,student3745@synthetic.example.com,Data Analyst,average,2,13,7,9,77.8
f9b08d23-86a8-10ea-b9ce-aedf749528d9,student3746@synthetic.example.com,Software Developer,weak,4,13,4,10,40.0
2c9ca6b5-1853-728b-df6b-fe186d5c39bf,student3747@synthetic.example.com,Cloud Engineer,average,4,14,8,10,80.0
738edd32-ad62-b279-f5b9-2f59f9e6af12,student3748@synthetic.example.com,Cybersecurity Analyst,weak,2,11,5,10,50.0
0a23359d-406a-d0f8-24bb-1e9fed28cbd6,student3749@synthetic.example.com,Data Scientist,average,1,11,5,9,55.6
d44ca6db-6c4a-f857-e2a4-bc0440e3d3cd,student3750@synthetic.example.com,Data Scientist,average,2,13,5,9,55.6
8e578df7-8e53-a92f-39f6-4f40629ab33a,student3751@synthetic.example.com,Data Analyst,weak,1,5,3,9,33.3
5ec593b6-fc24-adfe-0a2d-9cfd520439c0,student3752@synthetic.example.com,Software Developer,average,1,16,5,10,50.0
a3d1a940-79cd-7eeb-225d-6d3c8be23ede,student3753@synthetic.example.com,Software Developer,average,3,19,9,10,90.0
ca27715a-dce0-742c-dfdb-e682c685963b,student3754@synthetic.example.com,Web Developer,weak,1,7,3,9,33.3
543ef7eb-e7e8-0dda-cee1-e0d592d3d1ae,student3755@synthetic.example.com,Cloud Engineer,average,3,12,5,10,50.0
1cc96410-58de-bf0b-321e-6705649ea082,student3756@synthetic.example.com,Data Scientist,average,4,13,6,9,66.7
ecccc511-6c84-03fa-f1f5-089e0158ece1,student3757@synthetic.example.com,Cybersecurity Analyst,weak,3,10,3,10,30.0
53e7a391-68da-373c-94cc-9f231655d3e1,student3758@synthetic.example.com,Web Developer,average,3,12,7,9,77.8
c0d9dc6e-c341-48ae-9c0b-878399f788d6,student3759@synthetic.example.com,Data Analyst,strong,1,18,9,9,100.0
a2cfd086-e2bb-0a6e-b435-666fa81b1976,student3760@synthetic.example.com,Software Developer,strong,1,21,10,10,100.0
2790be82-c899-2981-531e-3acf6ff09eee,student3761@synthetic.example.com,Data Analyst,strong,3,20,9,9,100.0
ad4e7907-afc6-a2f4-b5bf-cf4bd27a87eb,student3762@synthetic.example.com,Data Scientist,strong,2,20,9,9,100.0
6e4873e0-4b2e-ba9f-041c-7ee8786ad9df,student3763@synthetic.example.com,Software Developer,weak,2,7,5,10,50.0
f8ad63b1-094f-e20c-c579-b252d1aea3d5,student3764@synthetic.example.com,Web Developer,average,3,12,7,9,77.8
15178c7a-f4a7-79cc-e87b-ace1b91dee34,student3765@synthetic.example.com,Data Analyst,average,1,18,7,9,77.8
3719527e-efee-b60a-fad9-7a8550e3373b,student3766@synthetic.example.com,Cloud Engineer,average,2,14,6,10,60.0
55d11b18-7be5-88e9-9885-2f5b49600731,student3767@synthetic.example.com,Data Analyst,average,3,16,5,9,55.6
120ffa3a-2b01-7a70-f76d-5a8b76190988,student3768@synthetic.example.com,Cloud Engineer,strong,1,21,9,10,90.0
11c1f0f1-64f6-03ac-ee25-d26a3ac2a46e,student3769@synthetic.example.com,Software Developer,weak,3,9,3,10,30.0
906f41db-9357-c8f1-c2a2-5c72dad55e12,student3770@synthetic.example.com,Data Scientist,average,1,13,4,9,44.4
56568696-1373-b1a7-2912-8d2cbb1cc6f0,student3771@synthetic.example.com,Cybersecurity Analyst,average,2,20,6,10,60.0
078e6888-08a2-2e6d-e00d-69f718bb30fe,student3772@synthetic.example.com,Software Developer,average,2,13,8,10,80.0
e48caf9a-e853-23c0-4474-25c90cd81a0c,student3773@synthetic.example.com,Software Developer,strong,3,17,8,10,80.0
87454ef0-c3cc-1588-a66a-a5ff5872df27,student3774@synthetic.example.com,Data Analyst,average,4,12,7,9,77.8
c1557a8e-5621-24fe-54f8-cfcc4ff1cc29,student3775@synthetic.example.com,Software Developer,weak,1,6,1,10,10.0
36324a89-c76d-0a9d-2eda-cbd90c7443ff,student3776@synthetic.example.com,Software Developer,weak,4,2,2,10,20.0
763d7d63-75e9-dc55-b1db-30df43416cf4,student3777@synthetic.example.com,Software Developer,strong,3,16,8,10,80.0
a6c7e37a-679d-0e6f-0c95-1906c0a8bd13,student3778@synthetic.example.com,Software Developer,average,1,12,7,10,70.0
f54d4573-d015-8e0a-7da5-048ca6db3c99,student3779@synthetic.example.com,Cybersecurity Analyst,strong,3,17,8,10,80.0
57be1e20-bc4d-d12a-b2a9-730492ecb271,student3780@synthetic.example.com,Web Developer,average,2,15,2,9,22.2
e2b9fe50-8ffe-7525-9579-87a538ffbd17,student3781@synthetic.example.com,Cybersecurity Analyst,weak,3,12,4,10,40.0
3209c202-64ab-7b83-3d3d-181410ed8952,student3782@synthetic.example.com,Cybersecurity Analyst,average,3,23,5,10,50.0
72fea4c6-dd46-6864-1b96-f78b2a04c7e6,student3783@synthetic.example.com,Data Analyst,average,1,17,6,9,66.7
dfa5d2fe-cd2c-7962-4ecd-d569b2f097eb,student3784@synthetic.example.com,Software Developer,weak,1,5,0,10,0.0
39a45959-fa68-2bcf-0dc0-4a8cf099b575,student3785@synthetic.example.com,Software Developer,strong,3,18,9,10,90.0
6a796b7c-f2e1-6d57-7faa-4b9fb1300d8f,student3786@synthetic.example.com,Web Developer,weak,3,15,7,9,77.8
c630523c-7713-dce1-1877-179209a54ab7,student3787@synthetic.example.com,Data Analyst,weak,3,7,3,9,33.3
6b1f11f9-59e7-1c64-534b-536911cddc5e,student3788@synthetic.example.com,Web Developer,weak,2,9,4,9,44.4
59f56b99-eafd-3c60-eb82-467e3edbc6c5,student3789@synthetic.example.com,Data Analyst,weak,4,11,3,9,33.3
0cefb5ba-d3e3-7b8e-615f-6dbfae8dd891,student3790@synthetic.example.com,Cybersecurity Analyst,strong,3,25,10,10,100.0
2fc7e3c7-699d-b11b-b89c-69209809f31d,student3791@synthetic.example.com,Web Developer,average,3,15,7,9,77.8
b5b6ac90-6d5f-0d1a-636b-cd3c42c79b9f,student3792@synthetic.example.com,Data Analyst,weak,3,5,1,9,11.1
a5c1ba83-ba5a-6053-fb25-1faa3c90b95b,student3793@synthetic.example.com,Data Scientist,strong,4,21,9,9,100.0
12993d01-ad49-3d38-d95d-7e5763e8c3f0,student3794@synthetic.example.com,Cloud Engineer,average,2,20,10,10,100.0
e22399e6-eed9-1b68-2a79-d4b92962ba8c,student3795@synthetic.example.com,Cybersecurity Analyst,average,2,23,7,10,70.0
3e1dadbe-e55e-b689-f408-6785163a8c5c,student3796@synthetic.example.com,Data Analyst,strong,3,16,5,9,55.6
1d0717d2-2440-4f7c-1e13-e461d3374e02,student3797@synthetic.example.com,Data Analyst,average,2,15,6,9,66.7
68dc6936-2e74-3f2b-d7dd-345af7bbbb28,student3798@synthetic.example.com,Web Developer,average,2,16,7,9,77.8
9218c282-af7e-4895-b3eb-404e5e03d741,student3799@synthetic.example.com,Data Analyst,average,3,15,6,9,66.7
cc5b0cf1-2f30-7c26-d678-dc9225786d1c,student3800@synthetic.example.com,Cloud Engineer,average,3,12,5,10,50.0
dbe9d442-41e4-b3d6-085e-4a5ddc8ff454,student3801@synthetic.example.com,Software Developer,average,4,18,6,10,60.0
fa2fd835-4832-1bfd-5c59-adbd0bac2234,student3802@synthetic.example.com,Software Developer,weak,1,9,5,10,50.0
91c79e38-838b-6b70-95d3-c7a48286e952,student3803@synthetic.example.com,Software Developer,strong,1,19,8,10,80.0
d67b9394-0049-7081-718c-2cde9be3e0c9,student3804@synthetic.example.com,Data Scientist,average,2,19,7,9,77.8
49b31227-76e2-3168-7f8c-1451ba544025,student3805@synthetic.example.com,Data Analyst,strong,3,23,6,9,66.7
1f96904a-2754-f49c-b9a2-192310a6150a,student3806@synthetic.example.com,Web Developer,average,4,14,6,9,66.7
31b74ce9-cf48-a169-4914-9564af08795d,student3807@synthetic.example.com,Data Analyst,weak,3,18,6,9,66.7
c151905f-67d5-8871-7b34-2140ab25c4df,student3808@synthetic.example.com,Data Scientist,strong,1,25,8,9,88.9
7a7e7457-368b-f32e-f113-cd5f348e1c33,student3809@synthetic.example.com,Data Analyst,average,4,15,7,9,77.8
14c2fbe8-0a2d-8d33-3fd1-bd59338eec11,student3810@synthetic.example.com,Data Scientist,average,1,17,6,9,66.7
a70c221a-4996-f9f4-65b2-445a3203a732,student3811@synthetic.example.com,Web Developer,strong,1,18,7,9,77.8
d3840f20-17d3-b299-ab04-ada8aced2476,student3812@synthetic.example.com,Cybersecurity Analyst,weak,2,4,2,10,20.0
88abac64-4f62-ac6d-02fb-31807f17c954,student3813@synthetic.example.com,Web Developer,average,2,15,8,9,88.9
0948c349-bc46-9816-e406-249fcf503b83,student3814@synthetic.example.com,Web Developer,weak,2,3,2,9,22.2
605bbe3b-bd22-68da-4a16-82e83027ec22,student3815@synthetic.example.com,Data Scientist,average,4,19,8,9,88.9
aad12191-f75d-3ba6-ea83-bcd5d27fbbb9,student3816@synthetic.example.com,Cybersecurity Analyst,weak,3,4,1,10,10.0
e0939ab4-af7f-6066-3296-e788e9b57fd8,student3817@synthetic.example.com,Cybersecurity Analyst,strong,2,27,10,10,100.0
6928ec97-c7cb-ce98-9c38-9baa4b2a2554,student3818@synthetic.example.com,Data Scientist,strong,3,18,8,9,88.9
a318c32c-20c8-27a1-bc4b-82f6a4b3b545,student3819@synthetic.example.com,Software Developer,strong,4,29,9,10,90.0
31d9165b-4699-b3a8-8968-a5921c768af5,student3820@synthetic.example.com,Data Scientist,weak,3,13,8,9,88.9
06da984d-b090-afc1-ca55-8b4bc74aad18,student3821@synthetic.example.com,Data Analyst,weak,4,12,6,9,66.7
18d251c0-2b9d-5314-6829-e041f57707c4,student3822@synthetic.example.com,Web Developer,average,3,14,7,9,77.8
f6500029-d6b0-5d22-09fa-a7088f2b98bd,student3823@synthetic.example.com,Data Analyst,strong,4,25,9,9,100.0
045aa1d5-3278-ecc4-6dad-7c0c2bf66f58,student3824@synthetic.example.com,Data Scientist,strong,1,19,8,9,88.9
e2bea864-5f5c-c6a2-6e4b-f8688b86450e,student3825@synthetic.example.com,Data Analyst,average,1,13,7,9,77.8
b1988c55-51f4-7fb5-b60d-4d6d80afb9f2,student3826@synthetic.example.com,Data Analyst,strong,4,22,9,9,100.0
dbcdeaa6-fd6c-8c9b-4044-6202a8aec169,student3827@synthetic.example.com,Cybersecurity Analyst,weak,2,8,3,10,30.0
58b316b4-c30a-eb64-78ef-086cd42376d8,student3828@synthetic.example.com,Software Developer,average,3,14,7,10,70.0
379037c6-f169-cf67-26fc-9f2d6137c2fe,student3829@synthetic.example.com,Data Analyst,average,1,11,4,9,44.4
12cf0c5e-e372-3197-838d-e157818a83bb,student3830@synthetic.example.com,Data Scientist,average,4,14,4,9,44.4
389b9e56-a033-e3e0-6938-acdf41d4d5dd,student3831@synthetic.example.com,Data Analyst,average,2,14,8,9,88.9
2ada56fe-4b36-3716-6569-254c5cf8378b,student3832@synthetic.example.com,Web Developer,average,2,12,7,9,77.8
8664a548-886a-1c8e-1a1c-75560489def6,student3833@synthetic.example.com,Web Developer,weak,2,8,3,9,33.3
8831653e-abc5-d906-4116-49cef44a1359,student3834@synthetic.example.com,Data Analyst,average,2,9,5,9,55.6
18b8fa28-75e3-2dbb-0dc8-ff878fee5e0d,student3835@synthetic.example.com,Software Developer,strong,1,24,9,10,90.0
6b67efc0-daac-aaa8-c096-5423b2676782,student3836@synthetic.example.com,Software Developer,average,4,21,8,10,80.0
22ebeb94-ecaa-ccda-5d1c-02041d695478,student3837@synthetic.example.com,Software Developer,weak,3,10,4,10,40.0
aff3ac25-2cb2-e117-b82b-ea2ead6a1e3a,student3838@synthetic.example.com,Software Developer,average,2,16,6,10,60.0
c72b0553-769f-e8b4-1a4a-05551df5daed,student3839@synthetic.example.com,Software Developer,strong,3,21,9,10,90.0
d6951954-3255-1b18-712a-b149969c6786,student3840@synthetic.example.com,Cybersecurity Analyst,weak,3,12,2,10,20.0
0aa0c4a7-2b1c-f1db-0580-dc61c60e0656,student3841@synthetic.example.com,Software Developer,weak,3,15,6,10,60.0
75322318-95c4-cb2e-4f50-c30d8e9ccb99,student3842@synthetic.example.com,Data Scientist,average,2,17,6,9,66.7
d3aa013b-9123-568e-42e2-6242ddc4127d,student3843@synthetic.example.com,Cloud Engineer,strong,3,22,9,10,90.0
e12e6427-cef4-6720-de62-02380bec5762,student3844@synthetic.example.com,Software Developer,average,3,19,9,10,90.0
5dddf0b5-ea3e-ce5c-c3ec-fd6cd2ce7cbb,student3845@synthetic.example.com,Web Developer,average,2,16,7,9,77.8
dee12ee7-639f-25ae-be92-fc95da94c13a,student3846@synthetic.example.com,Data Analyst,weak,3,12,3,9,33.3
93caa33d-9b71-c51f-1316-5a7d09ed425d,student3847@synthetic.example.com,Cybersecurity Analyst,average,2,24,6,10,60.0
8fd355a7-816d-0ca2-1010-e63c136b2305,student3848@synthetic.example.com,Data Analyst,strong,3,19,6,9,66.7
7a9621c1-4cb2-71b2-3fae-d9120daf602f,student3849@synthetic.example.com,Cloud Engineer,average,2,11,4,10,40.0
43f57809-1acd-e349-4f07-a829a06585f3,student3850@synthetic.example.com,Software Developer,weak,3,7,3,10,30.0
a68701c5-480c-ea1a-7ff2-137b17aa1dc1,student3851@synthetic.example.com,Cloud Engineer,weak,3,15,4,10,40.0
58ff8a7f-2ce1-185b-e951-ab8f8b2a5e39,student3852@synthetic.example.com,Software Developer,weak,3,10,4,10,40.0
dda97b90-2418-7fab-8a16-1c6e802649f5,student3853@synthetic.example.com,Web Developer,average,3,16,4,9,44.4
4b4364dc-284b-34e2-9531-7e493c37029c,student3854@synthetic.example.com,Web Developer,strong,2,26,8,9,88.9
c475b4d8-fd13-bf8f-5e04-35ff55ef449c,student3855@synthetic.example.com,Web Developer,average,2,13,9,9,100.0
5093dba8-c849-5d06-7f28-569737fa053d,student3856@synthetic.example.com,Data Analyst,strong,3,19,8,9,88.9
0157fc49-6109-d86c-a2ae-84cff25c68df,student3857@synthetic.example.com,Software Developer,average,1,12,4,10,40.0
ba29b2e0-5772-ccac-aa56-0b466a82e278,student3858@synthetic.example.com,Cybersecurity Analyst,average,4,18,7,10,70.0
ce753011-94ae-51b5-fa72-9f654de961e5,student3859@synthetic.example.com,Software Developer,average,3,19,9,10,90.0
105f8dea-7ce2-dd0b-9539-502db49299e0,student3860@synthetic.example.com,Cloud Engineer,weak,4,13,7,10,70.0
7f4022e1-2246-0d56-196e-15da4bebf4b5,student3861@synthetic.example.com,Web Developer,average,1,14,5,9,55.6
7ad3f2ea-b21e-7332-3ae1-908ba07c511d,student3862@synthetic.example.com,Web Developer,average,2,14,7,9,77.8
259bb1be-0e81-3944-8c6b-177fdbd1ebc8,student3863@synthetic.example.com,Web Developer,strong,1,18,8,9,88.9
0f829f8a-e808-cf03-f720-5c358c1bca65,student3864@synthetic.example.com,Cloud Engineer,average,2,11,7,10,70.0
1f06d426-bbb0-e5c5-8d82-e2e558de8713,student3865@synthetic.example.com,Data Analyst,strong,1,17,8,9,88.9
d0d0c5cd-7c3a-b52c-a235-b8b77caea3ca,student3866@synthetic.example.com,Software Developer,average,3,13,9,10,90.0
ff4a21f3-27c9-a6fd-9655-ef2a07bb69d7,student3867@synthetic.example.com,Data Scientist,average,2,19,7,9,77.8
12007844-f6d3-2462-6f46-207697dad919,student3868@synthetic.example.com,Web Developer,average,3,14,8,9,88.9
55e83ccb-41ef-c7cc-d1d6-a42475ea4cfa,student3869@synthetic.example.com,Software Developer,average,2,16,8,10,80.0
09e707da-5681-01a2-c374-5a2cc0c7117f,student3870@synthetic.example.com,Data Analyst,average,3,16,8,9,88.9
fbf1f84e-ebea-1412-b5f3-de9194417a48,student3871@synthetic.example.com,Software Developer,average,2,16,10,10,100.0
544c6abf-90e9-7aae-471f-28ffacf99630,student3872@synthetic.example.com,Data Scientist,average,1,11,7,9,77.8
439ffcb7-eb32-9cc6-0457-609ac8f1d9a9,student3873@synthetic.example.com,Cybersecurity Analyst,weak,4,14,6,10,60.0
ea996895-13dd-cb5b-d6c8-0359dba0ec89,student3874@synthetic.example.com,Software Developer,average,3,14,6,10,60.0
0720badc-e42d-3319-e271-33affbe6ff35,student3875@synthetic.example.com,Cloud Engineer,average,3,17,9,10,90.0
06b7f059-f228-9e1c-11f1-795d86a3e5ce,student3876@synthetic.example.com,Web Developer,average,3,11,4,9,44.4
3e5ffea1-330f-b697-a620-9a41892130b1,student3877@synthetic.example.com,Cybersecurity Analyst,average,1,16,6,10,60.0
5437dbec-dca0-205c-6419-de0ca0ace340,student3878@synthetic.example.com,Web Developer,strong,3,23,8,9,88.9
73da71b1-ae5c-137d-1136-84bf17a8f1ba,student3879@synthetic.example.com,Data Analyst,weak,3,16,4,9,44.4
35462045-8505-e718-c65b-922144ec918a,student3880@synthetic.example.com,Cybersecurity Analyst,weak,2,4,2,10,20.0
4e1d0cbd-ed41-b6b2-1e4e-1fe26c15d8c8,student3881@synthetic.example.com,Web Developer,average,2,15,7,9,77.8
a7804a5f-0676-8925-9700-2cd9b3a02e5d,student3882@synthetic.example.com,Data Scientist,average,2,12,5,9,55.6
b1e68ed1-e11b-f0fe-4c12-1c37a81c2f1b,student3883@synthetic.example.com,Web Developer,strong,3,21,7,9,77.8
99e8823a-4fcb-fead-169b-55f3cf9096fc,student3884@synthetic.example.com,Software Developer,strong,2,25,10,10,100.0
d52a439a-b699-03e4-fadc-0c226469ab8b,student3885@synthetic.example.com,Data Scientist,average,3,13,7,9,77.8
bd685a88-9525-0204-7288-bfe4457d340f,student3886@synthetic.example.com,Web Developer,strong,2,17,7,9,77.8
e3b52f17-e62c-905e-7c99-290127e4dd3b,student3887@synthetic.example.com,Software Developer,strong,3,22,10,10,100.0
af41a57a-8af7-c820-a5b8-1e290d4b2d9a,student3888@synthetic.example.com,Data Scientist,average,3,12,6,9,66.7
130e6692-1f88-68ca-6c0f-b82c84cb3f30,student3889@synthetic.example.com,Cybersecurity Analyst,weak,2,14,5,10,50.0
5f06645c-3987-4b44-124f-921f8f61fa84,student3890@synthetic.example.com,Web Developer,average,3,15,8,9,88.9
de4920ca-3660-f3cc-7892-bcd45159ef86,student3891@synthetic.example.com,Web Developer,average,4,15,6,9,66.7
2e3b8e36-7a82-efb9-6d43-6eb63f5c4992,student3892@synthetic.example.com,Software Developer,average,3,13,7,10,70.0
ec20bc42-2f76-96d2-ed09-15dd4e918326,student3893@synthetic.example.com,Web Developer,average,3,10,4,9,44.4
4602bf58-4c28-e66f-d786-236b62c6d196,student3894@synthetic.example.com,Cloud Engineer,weak,4,16,6,10,60.0
1303e00a-5598-ca9e-5558-13e11c785cfe,student3895@synthetic.example.com,Software Developer,average,3,19,5,10,50.0
71298827-acbc-c411-e5c9-ade1c057501e,student3896@synthetic.example.com,Cloud Engineer,average,2,19,7,10,70.0
6cde0e85-3d5e-b7ac-d9bb-05b9c395ca51,student3897@synthetic.example.com,Cloud Engineer,weak,4,10,1,10,10.0
ca4881b9-9a6f-4e1e-4216-08b2537d3f11,student3898@synthetic.example.com,Software Developer,average,1,11,8,10,80.0
d876d20c-c879-b60c-218a-f459c7bc4884,student3899@synthetic.example.com,Cloud Engineer,average,4,17,7,10,70.0
ba2c01bb-c9c4-3094-6f2e-265bbf4acc1a,student3900@synthetic.example.com,Data Analyst,weak,3,9,3,9,33.3
47ec3120-5348-c4d9-4e0f-f7dafd626781,student3901@synthetic.example.com,Data Scientist,weak,3,10,4,9,44.4
a9dd7866-801e-f805-738f-cb4cb7fa3dce,student3902@synthetic.example.com,Software Developer,average,1,15,7,10,70.0
ec88e884-dd5c-8f54-45a1-5e9a686c540e,student3903@synthetic.example.com,Data Analyst,average,4,13,5,9,55.6
226c1333-dbda-5069-261a-3032619db042,student3904@synthetic.example.com,Cloud Engineer,average,3,15,9,10,90.0
6cd14a89-0d2f-6811-774e-c098c5b0f0c2,student3905@synthetic.example.com,Cybersecurity Analyst,average,4,15,7,10,70.0
0b7a5cb9-7b87-83b8-9270-2b7fa072825e,student3906@synthetic.example.com,Software Developer,strong,3,18,10,10,100.0
f474b4ec-7b5e-5150-9bbb-6f7a3ff8bb3b,student3907@synthetic.example.com,Cybersecurity Analyst,weak,2,11,3,10,30.0
435de75a-3924-e5f9-8d7d-520fb8c9c82b,student3908@synthetic.example.com,Web Developer,strong,1,16,9,9,100.0
90c61a1f-32b7-b104-5549-57c9835c6529,student3909@synthetic.example.com,Data Analyst,average,4,17,8,9,88.9
babcb181-8062-ad64-5c4b-95d2b445aef3,student3910@synthetic.example.com,Software Developer,average,2,18,8,10,80.0
aa4f75d1-5f64-dd66-aa83-8e7f72e94c39,student3911@synthetic.example.com,Software Developer,weak,2,9,5,10,50.0
d0cfacc0-33a8-72f0-e740-214645096efb,student3912@synthetic.example.com,Data Analyst,weak,2,6,4,9,44.4
c4dc17d3-08fc-a327-d83f-f1e7a05354a8,student3913@synthetic.example.com,Software Developer,average,4,19,8,10,80.0
9fa8a2f6-55d6-71a9-e9a6-f8d3d5c09699,student3914@synthetic.example.com,Web Developer,strong,3,24,9,9,100.0
05d86b15-5518-1d74-023f-29b9ec40ad24,student3915@synthetic.example.com,Data Scientist,average,2,14,5,9,55.6
d6dc2ea0-c33b-b4d0-8135-b2413100ba6a,student3916@synthetic.example.com,Software Developer,average,1,14,5,10,50.0
c0840a6c-f774-f537-c356-833d0e08aef1,student3917@synthetic.example.com,Cloud Engineer,strong,3,19,8,10,80.0
fdb8bad8-3277-ae63-7cd0-d035c8959496,student3918@synthetic.example.com,Software Developer,average,2,12,5,10,50.0
edd24bc8-15f1-ffba-966f-501ac107282c,student3919@synthetic.example.com,Software Developer,average,1,11,8,10,80.0
3f33d747-4bae-9e4c-a96a-0111063381c7,student3920@synthetic.example.com,Software Developer,average,2,13,6,10,60.0
e6428834-c880-1761-858d-444d95e691e4,student3921@synthetic.example.com,Cybersecurity Analyst,average,2,21,4,10,40.0
415f3215-b6ce-1aaa-baeb-65deda608bd1,student3922@synthetic.example.com,Data Analyst,weak,1,7,1,9,11.1
c97b33e1-a3b0-edb5-9a05-37e599190749,student3923@synthetic.example.com,Software Developer,weak,1,9,3,10,30.0
69d428a2-257f-80f2-3d17-86c7ea604087,student3924@synthetic.example.com,Cybersecurity Analyst,average,1,15,6,10,60.0
d5251bee-d0a8-cc8d-0dfc-4996f410fdbb,student3925@synthetic.example.com,Data Scientist,strong,2,25,9,9,100.0
098000c6-f680-3357-9ac1-ac27a9873540,student3926@synthetic.example.com,Data Analyst,strong,4,25,8,9,88.9
62b16f67-5e37-4905-ede0-5c970a32de4a,student3927@synthetic.example.com,Cybersecurity Analyst,weak,3,10,4,10,40.0
4999a6a4-7dc8-1c6e-9083-b0e723acc3ec,student3928@synthetic.example.com,Software Developer,average,4,18,7,10,70.0
59de1356-9898-2114-9cad-8d405d9f1ebf,student3929@synthetic.example.com,Cybersecurity Analyst,average,4,22,8,10,80.0
f8e26c8c-0316-977f-31a0-492798745c94,student3930@synthetic.example.com,Data Scientist,strong,2,26,7,9,77.8
f6a5b8ba-4742-8c46-3c2a-0c36cd211e5e,student3931@synthetic.example.com,Software Developer,weak,2,4,1,10,10.0
19e88c80-82d6-c1f8-e00e-879503344131,student3932@synthetic.example.com,Software Developer,weak,2,11,5,10,50.0
627339af-8fa3-5ae2-6625-335061c81552,student3933@synthetic.example.com,Data Scientist,weak,3,18,4,9,44.4
e078ddd5-49f9-cae0-6be4-dec6f9672672,student3934@synthetic.example.com,Software Developer,average,4,16,9,10,90.0
d75f1309-b547-8932-d3a0-a088d1f13817,student3935@synthetic.example.com,Data Scientist,strong,3,24,9,9,100.0
6784b768-036f-98bd-323b-dee615e884f6,student3936@synthetic.example.com,Cybersecurity Analyst,average,1,16,7,10,70.0
ec2b4d09-5d1e-dd87-bd7d-f7ab30575af1,student3937@synthetic.example.com,Data Analyst,weak,2,9,4,9,44.4
f8fb61d4-e8a3-80c9-b66a-a6d79aee19c7,student3938@synthetic.example.com,Software Developer,strong,4,22,9,10,90.0
f44103c4-1dce-3f06-11d1-c46f0708646c,student3939@synthetic.example.com,Data Analyst,strong,2,28,9,9,100.0
4c37b9b9-7995-baa4-fc50-c5f4a504abe7,student3940@synthetic.example.com,Web Developer,average,2,14,4,9,44.4
1f71a899-b0ad-4663-cfee-9c20117b12d9,student3941@synthetic.example.com,Data Scientist,weak,4,8,2,9,22.2
fba089f5-2bbb-7a98-eb0f-f280598ca3d3,student3942@synthetic.example.com,Cloud Engineer,average,3,19,8,10,80.0
eb268ef9-974d-66a5-0ef9-cf4c8233c6d0,student3943@synthetic.example.com,Software Developer,average,4,15,7,10,70.0
dd8a1e20-7fae-1ae3-50eb-67f6ca2d1373,student3944@synthetic.example.com,Cybersecurity Analyst,average,1,13,4,10,40.0
cddccf04-05fd-c0a2-4280-b73401b70b5d,student3945@synthetic.example.com,Software Developer,average,3,24,9,10,90.0
17e37222-f651-518c-cf58-1af15ae14ff3,student3946@synthetic.example.com,Cloud Engineer,strong,3,19,8,10,80.0
8238c8b5-2890-a2ba-8b3f-a57f449b7d05,student3947@synthetic.example.com,Data Analyst,strong,2,20,7,9,77.8
3b7ce727-917c-46f5-fb0f-cca1dfc93353,student3948@synthetic.example.com,Cloud Engineer,weak,3,9,5,10,50.0
7d69d45e-11f3-4d27-7c2f-6f155fcb4b41,student3949@synthetic.example.com,Software Developer,weak,1,3,2,10,20.0
b2380a85-5cfb-ace8-80de-eb25b793159b,student3950@synthetic.example.com,Data Analyst,strong,4,27,8,9,88.9
41bf0984-69e9-191a-aed1-cb24edabeb1d,student3951@synthetic.example.com,Data Analyst,weak,2,14,6,9,66.7
2a4b0908-1bae-2c4b-72f3-333a863e6be5,student3952@synthetic.example.com,Data Scientist,weak,3,17,4,9,44.4
ddb09fba-85ca-5516-94ab-6cb50f88c663,student3953@synthetic.example.com,Data Scientist,average,2,11,5,9,55.6
c2e4667f-8482-04fd-a0cc-0a4d5d41b074,student3954@synthetic.example.com,Cybersecurity Analyst,average,1,18,8,10,80.0
81b0d570-483d-6708-dcfc-c4e5a1846006,student3955@synthetic.example.com,Cloud Engineer,weak,2,8,2,10,20.0
1928091c-525f-6f5e-77ba-e922cdaac1eb,student3956@synthetic.example.com,Data Scientist,average,1,13,6,9,66.7
6f2fcd36-0ac4-22c1-c7d2-c141ce767f09,student3957@synthetic.example.com,Cloud Engineer,strong,3,21,9,10,90.0
5736a39e-5bda-a20e-cf9f-d10e4dd860e1,student3958@synthetic.example.com,Data Scientist,weak,2,10,6,9,66.7
4bb3ff3b-7bdd-1d0c-16c5-dd29951311fd,student3959@synthetic.example.com,Data Scientist,weak,4,15,4,9,44.4
94d001af-3eb7-9b0f-e73e-161f68f999cf,student3960@synthetic.example.com,Web Developer,strong,4,23,9,9,100.0
07567a47-0341-9ca8-5f5b-e8b02a9e06f0,student3961@synthetic.example.com,Software Developer,average,4,18,7,10,70.0
e4c76403-59cb-4396-cb15-ceda41037264,student3962@synthetic.example.com,Data Analyst,strong,2,21,8,9,88.9
4eff13a5-2b68-5756-120d-21479bf2cf1c,student3963@synthetic.example.com,Cybersecurity Analyst,weak,2,9,2,10,20.0
2e52743c-4050-f973-c2ff-734e18c407dc,student3964@synthetic.example.com,Web Developer,average,3,18,8,9,88.9
845790b5-2fdc-3bd1-c211-a286e2fee78e,student3965@synthetic.example.com,Cybersecurity Analyst,strong,1,21,10,10,100.0
a6596b80-3844-029a-70e3-63777497406f,student3966@synthetic.example.com,Data Analyst,average,1,15,7,9,77.8
b608b6e6-f333-675d-fe95-ebdaf933998d,student3967@synthetic.example.com,Cloud Engineer,strong,1,23,8,10,80.0
cbd88d9e-b541-7d2d-c5d3-f09772da1cf9,student3968@synthetic.example.com,Software Developer,strong,1,21,9,10,90.0
4aa8d874-a456-9542-3d2f-8813b50b0532,student3969@synthetic.example.com,Data Scientist,average,2,15,6,9,66.7
4c84f1ce-cb58-aadc-a592-2aaa284d2bb9,student3970@synthetic.example.com,Software Developer,strong,3,20,10,10,100.0
27761048-0823-4fd3-5f55-e95d00e2edb2,student3971@synthetic.example.com,Cybersecurity Analyst,average,2,16,6,10,60.0
bc953fed-1fc4-cce5-0f3a-ec7ac47c0bf8,student3972@synthetic.example.com,Data Scientist,average,2,8,2,9,22.2
c9912935-493a-d529-d078-cf48ae25446c,student3973@synthetic.example.com,Web Developer,weak,2,3,0,9,0.0
dc19f871-0e24-a16b-aa77-8dd6d44f7fd7,student3974@synthetic.example.com,Software Developer,weak,3,17,7,10,70.0
9f3e78ec-ccac-0af3-4243-e33073cd17d5,student3975@synthetic.example.com,Web Developer,strong,1,19,8,9,88.9
9170f4e2-1e96-6ef2-7285-9a6555481e3f,student3976@synthetic.example.com,Data Scientist,strong,1,18,7,9,77.8
02b8c9af-8a39-8d67-b02f-46942f970a2e,student3977@synthetic.example.com,Cybersecurity Analyst,average,3,17,8,10,80.0
04445aa9-e94f-0781-13f6-0effe1b90320,student3978@synthetic.example.com,Web Developer,weak,2,10,3,9,33.3
39bea382-1e77-e502-b719-a7bae6e40755,student3979@synthetic.example.com,Cloud Engineer,strong,4,19,10,10,100.0
460f5fd8-93dc-74e8-a0f1-d2064f409e23,student3980@synthetic.example.com,Web Developer,strong,3,20,5,9,55.6
ff66183e-647e-fa57-9489-04730b9009f3,student3981@synthetic.example.com,Data Analyst,average,4,18,7,9,77.8
71b2edb3-30b8-db02-139d-f92505a9dc69,student3982@synthetic.example.com,Web Developer,strong,3,21,9,9,100.0
4fa5c440-1a4d-76ff-dab1-594a5d7c4a84,student3983@synthetic.example.com,Software Developer,strong,2,25,8,10,80.0
2bdf5132-c154-c98d-a05b-ad4858baab54,student3984@synthetic.example.com,Cybersecurity Analyst,strong,4,20,8,10,80.0
cab1bbdd-38e9-d25f-9115-3b5e92850f03,student3985@synthetic.example.com,Software Developer,strong,2,21,8,10,80.0
b640e190-4596-de0e-7ae6-4646fa2849fd,student3986@synthetic.example.com,Software Developer,average,1,13,7,10,70.0
8702d2d4-e2bc-834a-45a7-c8c1ab5e647a,student3987@synthetic.example.com,Cybersecurity Analyst,strong,3,27,10,10,100.0
7de916e0-eb4a-188e-77c7-6af4eb586d6d,student3988@synthetic.example.com,Data Scientist,average,1,16,6,9,66.7
a63a5c97-1b98-52e2-56aa-96e1934eba19,student3989@synthetic.example.com,Software Developer,average,4,16,8,10,80.0
75889a7a-0563-3019-5c86-2d1c0ad8a53f,student3990@synthetic.example.com,Software Developer,strong,3,25,9,10,90.0
30f75e0d-38d7-8321-8499-ef0c0ed877ca,student3991@synthetic.example.com,Web Developer,strong,3,26,8,9,88.9
af0e12e2-d868-b647-794a-e72cc521e97c,student3992@synthetic.example.com,Software Developer,average,1,17,5,10,50.0
e90ed6a3-06e7-5349-1e99-f0d03ed90bbc,student3993@synthetic.example.com,Data Scientist,average,3,17,8,9,88.9
c8a811fe-f0cc-1aed-adbc-1d6b457cc0e0,student3994@synthetic.example.com,Software Developer,strong,1,15,8,10,80.0
5d2c2550-3d16-cf49-9731-2fbdb917c207,student3995@synthetic.example.com,Cybersecurity Analyst,weak,1,16,8,10,80.0
fb27679a-a5d4-1f9c-6269-902533117a75,student3996@synthetic.example.com,Software Developer,strong,4,25,10,10,100.0
c876a87f-2e81-b05e-8592-e845d3387cef,student3997@synthetic.example.com,Data Scientist,strong,2,20,6,9,66.7
c9837f5d-aef7-447b-c11f-e8046f997157,student3998@synthetic.example.com,Web Developer,average,3,18,8,9,88.9
e4d1be15-a701-fed0-e5db-d4bfb773018c,student3999@synthetic.example.com,Data Analyst,average,3,11,7,9,77.8
62126a67-372f-3ce5-2ef8-195e0de40395,student4000@synthetic.example.com,Data Scientist,weak,3,11,4,9,44.4
518390d5-5a46-bbe3-0052-8eb6ad9bed0f,student4001@synthetic.example.com,Software Developer,weak,4,11,4,10,40.0
e42a59ef-333c-62dc-2d59-5fcbef5a7b9a,student4002@synthetic.example.com,Cybersecurity Analyst,average,4,16,5,10,50.0
3fb6a17a-0e9c-b053-f7b2-39fb845a9940,student4003@synthetic.example.com,Cloud Engineer,strong,3,22,9,10,90.0
a12508ee-a069-612f-b026-15a885670e71,student4004@synthetic.example.com,Data Analyst,average,3,15,8,9,88.9
5d081130-b6ff-4556-bd40-b5e02b8e1ec5,student4005@synthetic.example.com,Web Developer,average,2,19,7,9,77.8
1da5554f-13aa-487d-7237-0d526f267bdc,student4006@synthetic.example.com,Software Developer,strong,2,22,9,10,90.0
a3945f6a-0f03-3cc9-62fb-bc86d59233f9,student4007@synthetic.example.com,Cybersecurity Analyst,weak,4,22,8,10,80.0
7c71a133-f6f0-2d19-2d1b-4f2b3160194b,student4008@synthetic.example.com,Software Developer,average,1,10,3,10,30.0
cb92f650-550e-33f3-9d91-a329bef5e45e,student4009@synthetic.example.com,Software Developer,weak,4,8,3,10,30.0
7f27edd2-d155-a856-dff3-3c59712d7322,student4010@synthetic.example.com,Data Scientist,average,3,18,7,9,77.8
d04985ee-5358-e2e3-0034-b6a05d58a575,student4011@synthetic.example.com,Web Developer,strong,1,21,7,9,77.8
cd04c9cb-a759-9cdd-e854-7ad1ae8b7c04,student4012@synthetic.example.com,Data Scientist,average,1,13,6,9,66.7
677047b2-e5dd-b98c-9671-d6f19088d655,student4013@synthetic.example.com,Software Developer,average,3,19,8,10,80.0
d2387056-09f6-a3f2-9586-351fe38188db,student4014@synthetic.example.com,Software Developer,average,3,19,10,10,100.0
4548187b-4273-e7e2-06a2-1687db697d31,student4015@synthetic.example.com,Software Developer,average,4,11,7,10,70.0
84410a13-d4cd-32f8-d93d-1fcf51a2d74a,student4016@synthetic.example.com,Data Scientist,weak,3,15,5,9,55.6
dbb6b40d-f7ed-1773-6928-c6de110d1595,student4017@synthetic.example.com,Cybersecurity Analyst,weak,3,11,4,10,40.0
04e86455-fcf9-0a05-44fa-822118729746,student4018@synthetic.example.com,Software Developer,weak,1,5,1,10,10.0
9ada6504-85c6-9f7e-540b-e615518e3173,student4019@synthetic.example.com,Software Developer,average,2,19,8,10,80.0
18df77f4-5a8c-118d-7a7f-f1458aec8e82,student4020@synthetic.example.com,Web Developer,average,2,12,8,9,88.9
940b2d5e-af14-5d1c-2c60-a442e238b0d9,student4021@synthetic.example.com,Cybersecurity Analyst,average,3,16,8,10,80.0
1858f1a8-ca5f-098f-1955-5490e2e62b18,student4022@synthetic.example.com,Data Scientist,weak,3,13,7,9,77.8
8e8ab89f-cc2a-856c-2d3f-041b26eab08e,student4023@synthetic.example.com,Data Analyst,strong,2,21,9,9,100.0
73351dd8-4191-fcf8-a206-5dc7ed618968,student4024@synthetic.example.com,Software Developer,strong,2,18,8,10,80.0
2f16c38e-1a4e-44f3-b336-abe2658f69dd,student4025@synthetic.example.com,Software Developer,weak,2,8,4,10,40.0
a47a43dc-7a51-0501-7a3e-edd54bfaf73b,student4026@synthetic.example.com,Data Scientist,strong,3,25,9,9,100.0
04ea9888-735a-74e8-c517-ecfacb2e9856,student4027@synthetic.example.com,Cybersecurity Analyst,strong,3,22,8,10,80.0
85591ac1-c68b-0ee0-8d4f-fe50537820e3,student4028@synthetic.example.com,Software Developer,average,3,18,9,10,90.0
b6c8e734-e3f2-4493-e87a-02cc34c1a86a,student4029@synthetic.example.com,Web Developer,strong,3,24,8,9,88.9
0d386d8f-2137-28cf-f487-aae4bb095ac6,student4030@synthetic.example.com,Data Analyst,average,2,16,6,9,66.7
65666c1c-0a29-953a-a67c-f53bbb8f48b3,student4031@synthetic.example.com,Web Developer,average,4,18,7,9,77.8
2dca69a8-59d5-164b-1d08-908447c468c5,student4032@synthetic.example.com,Software Developer,strong,3,21,9,10,90.0
ddc2ce69-f744-a2aa-122e-2c37a9f7c282,student4033@synthetic.example.com,Data Analyst,average,3,13,7,9,77.8
35e2199d-4b15-c902-ad01-50fc9040ba14,student4034@synthetic.example.com,Software Developer,weak,2,7,4,10,40.0
a83b4160-6412-c52e-bca1-983218c7674c,student4035@synthetic.example.com,Cybersecurity Analyst,weak,2,10,5,10,50.0
19ac65e7-6a3f-9f5a-027a-ab7bcfc5c580,student4036@synthetic.example.com,Data Analyst,weak,2,11,7,9,77.8
63e9dac0-757c-d905-bece-33fcdc56df3f,student4037@synthetic.example.com,Software Developer,average,2,21,8,10,80.0
f270619a-f6b4-2336-ec94-92e5b16ec30d,student4038@synthetic.example.com,Software Developer,strong,3,24,9,10,90.0
3339cde1-c0cf-394a-b322-b486eaff7c3f,student4039@synthetic.example.com,Software Developer,average,4,18,6,10,60.0
7f8c49e1-6e29-155c-3a7b-95aac8c9671e,student4040@synthetic.example.com,Cloud Engineer,strong,2,18,9,10,90.0
c29a4349-8482-f827-9c7d-05cd8c498a0c,student4041@synthetic.example.com,Software Developer,average,2,18,9,10,90.0
becb9783-036c-ffe4-3454-4bd29415e4c6,student4042@synthetic.example.com,Data Analyst,average,3,21,7,9,77.8
ba4fffca-7914-a517-b53f-650e1594e57e,student4043@synthetic.example.com,Data Analyst,average,2,13,6,9,66.7
ebd1ab03-a815-9232-8352-10e4f924f3cc,student4044@synthetic.example.com,Cybersecurity Analyst,weak,3,8,3,10,30.0
8029d8bf-5c1a-534a-9f8d-3c64baa386e0,student4045@synthetic.example.com,Software Developer,strong,3,23,9,10,90.0
a1790204-138f-c908-8d69-5525cb0fbe3d,student4046@synthetic.example.com,Software Developer,average,3,23,8,10,80.0
2b65313a-3efd-5c66-6c61-9dc3d8534df0,student4047@synthetic.example.com,Web Developer,average,2,13,5,9,55.6
462390ba-8cf6-263c-d676-95017f9191ff,student4048@synthetic.example.com,Cloud Engineer,average,3,16,8,10,80.0
70b1f0cc-7820-9bfd-69fc-466a584c4af7,student4049@synthetic.example.com,Software Developer,average,1,8,7,10,70.0
0e6b97a6-6551-9e17-de73-ae829915fb79,student4050@synthetic.example.com,Software Developer,strong,2,18,8,10,80.0
10a07e59-a97f-9273-e9d9-571611879b5c,student4051@synthetic.example.com,Web Developer,average,2,13,5,9,55.6
06ba6773-c676-9a06-ca02-dcfebebc85ff,student4052@synthetic.example.com,Cloud Engineer,average,4,17,5,10,50.0
43bb696e-fb0d-619b-3465-28103f07314e,student4053@synthetic.example.com,Web Developer,average,1,6,3,9,33.3
eaede867-32db-a75f-bac3-e50b51983d53,student4054@synthetic.example.com,Web Developer,strong,2,15,7,9,77.8
2a15a144-e91f-a2e7-b7e4-28444b555659,student4055@synthetic.example.com,Cybersecurity Analyst,weak,3,15,3,10,30.0
82c5aa6d-6dec-6317-7e5a-06238d9e9eaf,student4056@synthetic.example.com,Cybersecurity Analyst,average,1,17,9,10,90.0
a3b0fd4d-92ae-cfb5-e9e9-bed538b426ee,student4057@synthetic.example.com,Cloud Engineer,strong,2,22,10,10,100.0
5c01525f-341b-6d2f-9402-9ed223f7903d,student4058@synthetic.example.com,Data Scientist,weak,2,4,3,9,33.3
f243db91-6de2-0719-5a22-099f5254e5ba,student4059@synthetic.example.com,Software Developer,strong,1,18,8,10,80.0
e7f289fc-66f8-50df-5ba4-66ed7185706e,student4060@synthetic.example.com,Data Analyst,average,1,13,7,9,77.8
b988ecae-86c2-8387-287a-02d408c2953f,student4061@synthetic.example.com,Software Developer,strong,3,25,10,10,100.0
8047d755-f5b8-1245-5fa1-3691cea592cb,student4062@synthetic.example.com,Web Developer,strong,4,24,9,9,100.0
d4671c65-e5a9-c83a-4c94-b49e1e069927,student4063@synthetic.example.com,Data Scientist,weak,3,14,6,9,66.7
515327a2-451c-02a9-4700-aa48464b5c32,student4064@synthetic.example.com,Cloud Engineer,average,3,19,8,10,80.0
5a7e8366-15cc-5287-d9df-1bd4a5f73c05,student4065@synthetic.example.com,Data Analyst,average,4,15,5,9,55.6
295382fa-d6d7-79e9-c0fa-88558065e2d4,student4066@synthetic.example.com,Software Developer,strong,2,19,8,10,80.0
7c17e3ed-1f71-e862-f7eb-abf0a8e594e4,student4067@synthetic.example.com,Cloud Engineer,average,2,17,8,10,80.0
9bbf3130-5913-0418-2d30-c88056b4a507,student4068@synthetic.example.com,Software Developer,average,1,14,7,10,70.0
f0c2baef-4095-fb30-47d3-f79f9d727bcf,student4069@synthetic.example.com,Web Developer,weak,2,6,4,9,44.4
467fe76f-b4b6-84f1-3600-70bee8bc9ab4,student4070@synthetic.example.com,Data Scientist,weak,4,12,4,9,44.4
65c4a2c5-b97e-31c0-07b8-dde912caa261,student4071@synthetic.example.com,Data Analyst,average,2,14,5,9,55.6
90d889a3-e85a-a605-9faf-d6c63755ee1b,student4072@synthetic.example.com,Data Analyst,weak,3,18,5,9,55.6
36e4ae94-602c-ff36-a195-4d2053555983,student4073@synthetic.example.com,Software Developer,weak,1,3,1,10,10.0
59e17052-ad33-5635-eeda-ab4df818e26f,student4074@synthetic.example.com,Software Developer,average,3,18,8,10,80.0
2c350a08-330c-ef1c-f874-ee29cce0e4fe,student4075@synthetic.example.com,Data Analyst,average,3,21,8,9,88.9
ddb7ee1c-4246-135b-e8ff-0e9a85abd210,student4076@synthetic.example.com,Data Analyst,average,2,15,4,9,44.4
7527c5b9-d71e-ca15-1c62-bf9443f00f6f,student4077@synthetic.example.com,Data Scientist,average,4,14,7,9,77.8
de236fd9-29a0-547f-a20d-71799e4f001a,student4078@synthetic.example.com,Web Developer,weak,4,12,6,9,66.7
68f43281-57c9-8f83-64ee-24dea96c4813,student4079@synthetic.example.com,Software Developer,average,2,20,9,10,90.0
945217da-62cf-d536-0904-19656b7b6e4c,student4080@synthetic.example.com,Data Scientist,average,3,16,5,9,55.6
cb3ea948-3b19-492e-d553-c3118d9a2e00,student4081@synthetic.example.com,Web Developer,weak,2,6,3,9,33.3
9f0eb5fd-8825-e567-369d-f8d1228f1246,student4082@synthetic.example.com,Software Developer,strong,2,20,9,10,90.0
5a0820a9-4b4c-ae08-0a05-1ceb625727d9,student4083@synthetic.example.com,Data Scientist,weak,1,5,3,9,33.3
b43efb3b-c7ee-8bac-c653-ad614558a16e,student4084@synthetic.example.com,Software Developer,average,3,21,7,10,70.0
439ad755-57d1-27ab-ab9d-81f75a9281c4,student4085@synthetic.example.com,Software Developer,average,3,12,7,10,70.0
d4a8b0c7-a3c3-afeb-6797-5e9cb2c4d185,student4086@synthetic.example.com,Software Developer,weak,3,10,4,10,40.0
d8c56f41-7ee2-458c-1cac-c8c128bc98f4,student4087@synthetic.example.com,Data Scientist,weak,2,12,6,9,66.7
ff7f6fe5-59d0-fd4b-fc07-e5f258074835,student4088@synthetic.example.com,Software Developer,average,3,15,9,10,90.0
97a9f68f-12d2-9c2e-4bfa-9c2bccda6417,student4089@synthetic.example.com,Cybersecurity Analyst,weak,1,15,7,10,70.0
d0482ee1-8a47-c969-5bf9-11e04f122a61,student4090@synthetic.example.com,Data Analyst,average,4,16,6,9,66.7
50a964d7-9892-8f75-cbc2-b7b7ac1e6a21,student4091@synthetic.example.com,Cybersecurity Analyst,weak,3,14,3,10,30.0
0ff9e7f6-7414-8e7d-723c-4df9c10536c2,student4092@synthetic.example.com,Web Developer,strong,4,20,8,9,88.9
2ea2d877-309f-645c-8176-c82660b4f753,student4093@synthetic.example.com,Cloud Engineer,weak,4,12,4,10,40.0
cddd852c-d554-8377-0117-9cf616d0adfa,student4094@synthetic.example.com,Web Developer,strong,3,17,8,9,88.9
d2dea40c-302d-bec0-da72-23c5fc100273,student4095@synthetic.example.com,Web Developer,weak,4,13,3,9,33.3
ffd08bd5-dd8e-210c-ad1d-db94f4b6bee3,student4096@synthetic.example.com,Data Analyst,average,2,19,8,9,88.9
12e1d686-68e1-ff63-4fee-207b2818edad,student4097@synthetic.example.com,Cloud Engineer,strong,3,21,9,10,90.0
3a688f2d-50fe-9fcf-26b5-b270a4cba58d,student4098@synthetic.example.com,Web Developer,strong,3,26,9,9,100.0
41e31df7-0e05-2b75-5710-fa0af7270fe7,student4099@synthetic.example.com,Data Scientist,average,4,16,6,9,66.7
649088a5-d302-502e-6f1f-7084cc10870b,student4100@synthetic.example.com,Web Developer,average,4,15,4,9,44.4
d08145ae-c85a-78ac-9b9a-b554767d106d,student4101@synthetic.example.com,Web Developer,average,2,14,5,9,55.6
622f55ba-e607-ba36-3218-4b93139d4c27,student4102@synthetic.example.com,Data Analyst,weak,3,11,6,9,66.7
6c4898e1-d55f-18e7-c085-fde08401f3cb,student4103@synthetic.example.com,Software Developer,weak,4,8,4,10,40.0
88dd3944-93ec-acaf-00fd-05941784d18c,student4104@synthetic.example.com,Data Analyst,weak,4,15,4,9,44.4
bacb74c6-8460-ce1e-5e04-8c6505a6590b,student4105@synthetic.example.com,Data Analyst,weak,3,15,8,9,88.9
e3983191-eb48-a854-5e10-6b3b0127730b,student4106@synthetic.example.com,Software Developer,weak,3,11,5,10,50.0
ed23e95e-7af4-0d53-1878-a903a7981ea6,student4107@synthetic.example.com,Data Scientist,strong,3,19,6,9,66.7
2ecfb18e-ce4d-beed-6a11-971317efdcd8,student4108@synthetic.example.com,Data Scientist,weak,1,10,3,9,33.3
70bcab34-51f4-4b98-ff89-0cf7a7136fa8,student4109@synthetic.example.com,Software Developer,average,3,16,8,10,80.0
e9ff522f-d4e6-556a-feff-b78ba2622a33,student4110@synthetic.example.com,Web Developer,weak,1,11,4,9,44.4
d55ca251-fd62-59ca-d991-c3c5fd3c4734,student4111@synthetic.example.com,Data Scientist,weak,3,14,7,9,77.8
2c3093bf-629f-ff13-65ad-a8f739778fd6,student4112@synthetic.example.com,Cloud Engineer,average,1,11,9,10,90.0
00bb636a-0210-5811-49f9-6f4c193e07a4,student4113@synthetic.example.com,Data Scientist,average,4,10,7,9,77.8
5607614c-4661-3f53-3ac2-35a68e102c9b,student4114@synthetic.example.com,Software Developer,strong,3,25,10,10,100.0
c462666f-6653-a881-2bf5-c2b53b2c694f,student4115@synthetic.example.com,Web Developer,strong,4,30,8,9,88.9
48e6e9db-b893-4ce4-3e42-2a7906ec36a8,student4116@synthetic.example.com,Data Analyst,average,2,10,6,9,66.7
f5866b7f-c659-6d0f-54e1-e4121a6c51df,student4117@synthetic.example.com,Software Developer,weak,4,13,3,10,30.0
b689b2e7-18cf-9248-6c5c-56b02b1b2247,student4118@synthetic.example.com,Software Developer,average,2,17,7,10,70.0
ad64f73f-e665-ef13-3f6c-fd81f6e307ff,student4119@synthetic.example.com,Web Developer,weak,2,5,2,9,22.2
980f0987-c704-429a-2d1d-69f8286a1fc4,student4120@synthetic.example.com,Data Scientist,average,3,15,7,9,77.8
38cd1075-a936-6863-5f04-cb06f81fee24,student4121@synthetic.example.com,Data Analyst,weak,3,10,4,9,44.4
8c36d1ef-93bd-0c61-cd90-ab93c712d421,student4122@synthetic.example.com,Data Analyst,average,3,20,9,9,100.0
2c4f6fc6-25dc-54f9-e391-b0505903fb66,student4123@synthetic.example.com,Cybersecurity Analyst,average,3,17,7,10,70.0
18be173e-718b-e202-b306-c497912bf291,student4124@synthetic.example.com,Cybersecurity Analyst,average,2,20,8,10,80.0
8a65e441-563f-1ee4-5c28-3c77a5486a49,student4125@synthetic.example.com,Software Developer,weak,2,9,3,10,30.0
28e065ae-9fa7-78d9-5e82-65af0369e08d,student4126@synthetic.example.com,Data Analyst,weak,3,8,1,9,11.1
35d620bc-d419-bd4d-5a82-52d022a23ef2,student4127@synthetic.example.com,Data Scientist,strong,3,18,9,9,100.0
69e9df67-5296-f34d-0094-2943e7f74615,student4128@synthetic.example.com,Web Developer,average,1,17,8,9,88.9
9f6a8c83-24d3-7c77-9972-59e2fd031fa5,student4129@synthetic.example.com,Data Scientist,strong,1,21,8,9,88.9
ecf7d599-1afe-2ad0-3734-325034b59a85,student4130@synthetic.example.com,Cybersecurity Analyst,average,3,14,9,10,90.0
08248b9c-d6e3-d965-0de8-87cb8dde2bec,student4131@synthetic.example.com,Cybersecurity Analyst,strong,2,24,9,10,90.0
0f80946b-8235-ddc0-4b09-7dafe7fd24f1,student4132@synthetic.example.com,Cloud Engineer,weak,3,8,1,10,10.0
5cd914cd-6457-1d27-583c-1c0139b0859a,student4133@synthetic.example.com,Software Developer,average,2,10,7,10,70.0
eb17e543-73a5-cc27-c97c-cd95ca2a98ec,student4134@synthetic.example.com,Web Developer,average,2,25,9,9,100.0
f80ea052-a8bb-4ba3-45ce-72fc5133c1fd,student4135@synthetic.example.com,Web Developer,strong,4,22,7,9,77.8
85e8ba49-af91-a6eb-97ac-82d84bdadca5,student4136@synthetic.example.com,Cloud Engineer,weak,3,17,6,10,60.0
a9a53ee6-c7a5-b9a4-7c60-dbda993cb739,student4137@synthetic.example.com,Web Developer,average,4,12,5,9,55.6
3c5b1a10-f22d-761b-401b-c831c9f7fe32,student4138@synthetic.example.com,Software Developer,average,3,16,9,10,90.0
86221a9d-f64b-68af-8294-070a25333572,student4139@synthetic.example.com,Data Analyst,weak,4,4,1,9,11.1
f983ee4b-23ae-c7aa-ebc7-d89d62fcd7b3,student4140@synthetic.example.com,Software Developer,weak,4,14,8,10,80.0
de353b96-0ca6-ad84-7096-c01d2065408b,student4141@synthetic.example.com,Software Developer,average,1,15,8,10,80.0
d06b41dc-b004-86ad-333d-9d3a6b946a59,student4142@synthetic.example.com,Data Analyst,weak,2,1,0,9,0.0
8340504b-d625-acc4-0895-b061fcf6ca9c,student4143@synthetic.example.com,Data Scientist,average,3,20,7,9,77.8
6bdd8dcd-a28b-07da-b88e-8872cf924a51,student4144@synthetic.example.com,Software Developer,average,2,16,6,10,60.0
4765f206-cc80-8075-67c1-bb1629e8dfa1,student4145@synthetic.example.com,Data Analyst,weak,2,9,3,9,33.3
821ae420-5e22-7a7b-a456-30d8c89313e9,student4146@synthetic.example.com,Data Scientist,average,2,11,5,9,55.6
9bcfd333-96d1-b2f4-ba90-28a4ef30c971,student4147@synthetic.example.com,Data Analyst,strong,2,22,8,9,88.9
966ea25d-f74e-639c-8a4b-1e749ba6600b,student4148@synthetic.example.com,Data Scientist,weak,3,4,0,9,0.0
274b4dd6-80fd-75aa-736d-b828929fabab,student4149@synthetic.example.com,Data Analyst,average,4,16,6,9,66.7
f27eb784-d6f3-4e1f-e37c-25d74a7ea117,student4150@synthetic.example.com,Cloud Engineer,strong,1,22,8,10,80.0
4ec202e8-3feb-bdb7-4048-0c18b4af2912,student4151@synthetic.example.com,Data Analyst,average,3,18,8,9,88.9
b113a96f-0ba7-7ddf-2bc7-d4f0a0d99cb0,student4152@synthetic.example.com,Software Developer,strong,3,21,8,10,80.0
e5e35160-4e50-631f-d2a4-ccea748f855c,student4153@synthetic.example.com,Web Developer,average,3,15,7,9,77.8
b9b2668c-6878-9edf-0547-2745e85ad327,student4154@synthetic.example.com,Data Analyst,average,3,10,7,9,77.8
6f3fd3dd-b08f-abc0-f12d-1f3d470e2c73,student4155@synthetic.example.com,Software Developer,average,2,20,9,10,90.0
56f3a1ea-3c6c-0ff2-a234-a04aab15739a,student4156@synthetic.example.com,Cybersecurity Analyst,average,3,20,6,10,60.0
af815aa0-2b82-8f6d-a527-159d59262be5,student4157@synthetic.example.com,Data Analyst,average,4,18,5,9,55.6
0cb2d2af-339d-461b-0ac5-8eabfcc1ebb1,student4158@synthetic.example.com,Data Analyst,average,1,11,4,9,44.4
5f70ef68-8c21-1efa-6b95-cf0bb190ab88,student4159@synthetic.example.com,Software Developer,strong,2,22,9,10,90.0
2380e2e3-028a-60b9-19b9-53e8b1e10a86,student4160@synthetic.example.com,Data Analyst,average,3,19,7,9,77.8
0fbd035b-314c-ff5d-dce3-ca03c345ac07,student4161@synthetic.example.com,Software Developer,average,4,17,9,10,90.0
b6524278-6da5-7e46-cba8-99ebb8140c9b,student4162@synthetic.example.com,Software Developer,strong,3,26,9,10,90.0
6a360103-7c2e-9173-46a7-5c4713103607,student4163@synthetic.example.com,Software Developer,weak,4,13,7,10,70.0
f29202b2-443c-b2f7-68c0-9be541400086,student4164@synthetic.example.com,Data Scientist,average,3,19,5,9,55.6
cba62716-30f3-e5af-e9f6-9861bee25f78,student4165@synthetic.example.com,Data Analyst,strong,3,18,6,9,66.7
69a12fdb-34c4-6cee-9d71-db3d317d55f7,student4166@synthetic.example.com,Cloud Engineer,average,3,11,7,10,70.0
08b434d5-af86-ba09-b504-4578df533a2d,student4167@synthetic.example.com,Data Scientist,strong,2,23,9,9,100.0
59e66122-1fe3-4e4a-32d1-ce6e4a39ef3f,student4168@synthetic.example.com,Web Developer,average,3,22,8,9,88.9
98c95092-976a-31b6-ab0f-48a812ec46d6,student4169@synthetic.example.com,Cloud Engineer,strong,2,22,9,10,90.0
d6d506d7-3ec7-1cef-763e-9daba0bad76c,student4170@synthetic.example.com,Data Analyst,weak,3,12,5,9,55.6
68494004-a0d8-2dd3-8b93-48c50d18fd75,student4171@synthetic.example.com,Web Developer,strong,3,20,8,9,88.9
9a5803e7-c48e-cc8b-f84d-9eb96f84ab00,student4172@synthetic.example.com,Software Developer,strong,3,22,9,10,90.0
add7bc29-0a53-64e3-3f59-1f6d1f0ef81d,student4173@synthetic.example.com,Software Developer,average,4,18,8,10,80.0
3c4bd321-90f1-23d1-10ff-b1844b213892,student4174@synthetic.example.com,Data Scientist,strong,3,24,9,9,100.0
7346074a-64ec-0c8c-1442-ad731bb5d00f,student4175@synthetic.example.com,Data Analyst,strong,1,19,9,9,100.0
a7ee6e5b-0619-18b5-27b8-eb9b3c38a4b7,student4176@synthetic.example.com,Data Scientist,weak,2,8,3,9,33.3
934f4855-f42f-5890-c243-c288f33cd6bf,student4177@synthetic.example.com,Cybersecurity Analyst,average,4,23,7,10,70.0
eb56a7d3-629e-d446-4911-ba507d0bec7f,student4178@synthetic.example.com,Web Developer,weak,3,11,6,9,66.7
91319974-fb2f-cd93-d929-2b6ab37f1a79,student4179@synthetic.example.com,Web Developer,strong,1,21,8,9,88.9
c7056b82-0e45-f93e-caca-d2b065dcae46,student4180@synthetic.example.com,Data Analyst,weak,2,8,2,9,22.2
4c4fb9e6-0381-12bb-8146-183acda49ae0,student4181@synthetic.example.com,Software Developer,average,3,24,8,10,80.0
1697c8dc-ec32-01c3-2a96-09369351e3de,student4182@synthetic.example.com,Web Developer,weak,3,10,6,9,66.7
eb8fc815-5ebb-098e-f632-58376f9a25e2,student4183@synthetic.example.com,Data Analyst,strong,2,19,8,9,88.9
848c2121-1082-24cb-96ec-0137909085d0,student4184@synthetic.example.com,Cloud Engineer,weak,3,6,2,10,20.0
748983ec-79ab-04fc-6b2f-81abcf1ec217,student4185@synthetic.example.com,Data Analyst,average,3,12,8,9,88.9
78421556-8797-c06d-8437-e66911244295,student4186@synthetic.example.com,Software Developer,strong,3,19,9,10,90.0
789a65c6-c0d3-21f8-ec0e-609ea4f7b9ec,student4187@synthetic.example.com,Software Developer,strong,3,24,7,10,70.0
e51338ca-9b8f-81b8-2637-4a64e68960da,student4188@synthetic.example.com,Web Developer,strong,3,23,8,9,88.9
17df0c73-f768-2726-e72d-1f70d13c2b2a,student4189@synthetic.example.com,Cloud Engineer,average,1,15,8,10,80.0
34759da6-d491-4a09-e737-6b47a707c75e,student4190@synthetic.example.com,Cybersecurity Analyst,average,1,15,8,10,80.0
9dfff91a-7c76-7e6f-ee85-5457668989df,student4191@synthetic.example.com,Cybersecurity Analyst,average,2,17,8,10,80.0
caf2840f-439f-7199-1af0-8753ddc80d53,student4192@synthetic.example.com,Cloud Engineer,strong,3,22,8,10,80.0
3c97f1c9-1243-4b08-40f8-6d7a19502df5,student4193@synthetic.example.com,Data Analyst,average,2,14,6,9,66.7
c55bba57-4662-b292-9a4e-c902ffbce41e,student4194@synthetic.example.com,Web Developer,strong,2,17,8,9,88.9
2f3a049d-e6e4-1ae2-1fcb-eaebf26fd418,student4195@synthetic.example.com,Software Developer,average,2,13,8,10,80.0
027812bd-92cc-f2f0-7d9f-3db8663d9782,student4196@synthetic.example.com,Data Scientist,weak,2,9,6,9,66.7
6dff58b0-a05f-67a1-6a68-11511aa6d534,student4197@synthetic.example.com,Data Analyst,average,4,18,8,9,88.9
8675d7e5-a066-b8c7-f358-e8bbb4c3dc21,student4198@synthetic.example.com,Data Analyst,weak,3,8,5,9,55.6
6e0e7f5d-2435-977a-2d59-3d1150838018,student4199@synthetic.example.com,Web Developer,average,1,12,5,9,55.6
465f8be4-fe29-c32d-66ff-0d8793df6dfe,student4200@synthetic.example.com,Web Developer,average,3,15,7,9,77.8
61540cc1-c532-5534-fffe-7410f3ea45ee,student4201@synthetic.example.com,Data Analyst,weak,3,11,4,9,44.4
6b7d059a-7a5c-c96d-09a0-ee2ecb26b598,student4202@synthetic.example.com,Cloud Engineer,strong,4,27,10,10,100.0
dc1b1a1a-303c-5cd7-8315-53905b4cf861,student4203@synthetic.example.com,Cloud Engineer,weak,2,2,1,10,10.0
50219e67-49bc-9269-bfde-a39e0fa2dd36,student4204@synthetic.example.com,Web Developer,strong,4,22,8,9,88.9
811a82e1-eb4f-36c2-2454-694a9d63a1be,student4205@synthetic.example.com,Software Developer,average,2,18,8,10,80.0
6535d5c0-61b5-da69-85df-23e6722925e7,student4206@synthetic.example.com,Cloud Engineer,average,3,18,6,10,60.0
d79784c9-5e2a-7941-4a4f-49c6d1a67e22,student4207@synthetic.example.com,Software Developer,weak,4,11,2,10,20.0
f6f24f47-742b-e785-6e08-91e78119a46b,student4208@synthetic.example.com,Data Scientist,average,2,14,8,9,88.9
5aff7de5-50e3-4e84-b6b6-b022125b956f,student4209@synthetic.example.com,Cybersecurity Analyst,strong,4,28,9,10,90.0
a1d20da8-a644-7a79-f69f-32bf80d86378,student4210@synthetic.example.com,Software Developer,average,1,14,6,10,60.0
1074ba83-38c7-f468-4adb-42b5a7080933,student4211@synthetic.example.com,Software Developer,weak,2,12,4,10,40.0
dc03d384-94c8-acdc-5e21-e796366eea6a,student4212@synthetic.example.com,Software Developer,weak,4,10,3,10,30.0
b8818dda-bf47-b1bd-0400-485d444c5b43,student4213@synthetic.example.com,Data Analyst,average,2,21,9,9,100.0
fce856c5-5ad6-744b-5e63-684b2e5b94f3,student4214@synthetic.example.com,Cybersecurity Analyst,average,1,20,10,10,100.0
4f93eb66-fd4c-71a9-6e3b-dc36d197ff50,student4215@synthetic.example.com,Software Developer,strong,3,19,10,10,100.0
1af2a1b3-54b1-4be0-a625-8ed6806c6fab,student4216@synthetic.example.com,Cloud Engineer,average,2,26,7,10,70.0
25d3c1e8-6944-61ff-34a6-998d19e0870c,student4217@synthetic.example.com,Data Scientist,average,3,19,7,9,77.8
cd3eb707-5cfa-15e3-4a86-635337c38942,student4218@synthetic.example.com,Web Developer,strong,2,23,8,9,88.9
df6041b9-dc37-f929-204d-ece9199ff268,student4219@synthetic.example.com,Software Developer,weak,3,10,3,10,30.0
648a77a8-7ee6-816b-ff99-c96a806fae64,student4220@synthetic.example.com,Cybersecurity Analyst,weak,4,6,2,10,20.0
f43ea792-83c1-1f8c-3e61-5cbf05b59758,student4221@synthetic.example.com,Software Developer,average,2,17,8,10,80.0
dd78992a-21fe-9720-4202-aec7229b03cd,student4222@synthetic.example.com,Data Analyst,weak,3,7,2,9,22.2
e930e6eb-4c1c-a47b-ece9-135258c118e0,student4223@synthetic.example.com,Software Developer,average,2,16,8,10,80.0
f1e3f146-cb85-d255-0c21-46e9febaf139,student4224@synthetic.example.com,Software Developer,strong,4,22,8,10,80.0
c10fe23c-ebc4-0b9d-6f71-90b339db1e22,student4225@synthetic.example.com,Software Developer,average,4,16,9,10,90.0
5b62519e-b2b2-b7d3-c3e5-c2d1effd5b3b,student4226@synthetic.example.com,Cybersecurity Analyst,average,2,12,7,10,70.0
528b38ab-d10d-f7ed-02fa-909341c3316e,student4227@synthetic.example.com,Web Developer,strong,3,28,9,9,100.0
e860af75-6288-1a8d-8771-a66c5c005fa7,student4228@synthetic.example.com,Cloud Engineer,weak,3,11,5,10,50.0
0ea7d7be-c015-3886-cac0-fb9ab0767e26,student4229@synthetic.example.com,Cybersecurity Analyst,strong,1,25,9,10,90.0
db163356-3ab1-aa05-b4d4-2aa94deff36f,student4230@synthetic.example.com,Data Scientist,weak,3,13,2,9,22.2
d2559384-060a-974d-ee46-a92334cd175f,student4231@synthetic.example.com,Software Developer,average,2,9,3,10,30.0
9d8e1df2-b1f4-db72-5c7a-915f0dd92d2f,student4232@synthetic.example.com,Web Developer,weak,2,10,8,9,88.9
656f26e2-1862-4f51-3f3b-9521e29cef2a,student4233@synthetic.example.com,Data Analyst,strong,3,22,7,9,77.8
eef7f2f8-a019-ac84-2935-203b907aad4d,student4234@synthetic.example.com,Data Scientist,weak,2,10,7,9,77.8
98b40f8b-038a-9dfc-6a96-e15fec0b4ac3,student4235@synthetic.example.com,Data Analyst,weak,1,7,2,9,22.2
2e818963-2b6a-192d-7485-cd93c16372a5,student4236@synthetic.example.com,Web Developer,weak,2,11,5,9,55.6
b5c0ee77-3406-0aca-e5ea-38398f9bc387,student4237@synthetic.example.com,Software Developer,weak,1,13,4,10,40.0
ea86b64f-143a-2ffa-d094-37b2c3ba7a52,student4238@synthetic.example.com,Web Developer,average,2,19,3,9,33.3
b53dd970-d766-e671-ad9e-ba3a3e98605c,student4239@synthetic.example.com,Cloud Engineer,average,1,15,5,10,50.0
9efa8ee2-ebe4-6699-7707-f75852b65914,student4240@synthetic.example.com,Data Analyst,weak,4,10,4,9,44.4
3c9d4fa6-4612-67d7-2b88-5d71a746117f,student4241@synthetic.example.com,Data Analyst,average,2,13,9,9,100.0
bfa5126f-81db-3c74-48ce-f8847737ba28,student4242@synthetic.example.com,Data Analyst,weak,3,7,3,9,33.3
797b5f52-489d-b958-34b6-95e0836b7159,student4243@synthetic.example.com,Web Developer,strong,1,20,9,9,100.0
833e453a-c158-4210-e7b1-2864cc5a004f,student4244@synthetic.example.com,Data Analyst,weak,3,14,7,9,77.8
cf288b36-a6ee-ad99-d9b1-98843c7328a0,student4245@synthetic.example.com,Software Developer,weak,1,5,2,10,20.0
7d1bcf28-2e48-588f-952b-d18c32c98038,student4246@synthetic.example.com,Cloud Engineer,average,2,16,7,10,70.0
06ea6fe5-90e1-22f8-9801-85bfee6689f9,student4247@synthetic.example.com,Web Developer,average,2,10,7,9,77.8
f0f4a3fc-9835-03f4-2dd9-300d951d89a7,student4248@synthetic.example.com,Web Developer,strong,2,20,7,9,77.8
ddfdbd18-bb07-2102-6807-7f431d7013af,student4249@synthetic.example.com,Cybersecurity Analyst,average,3,16,7,10,70.0
7924d7d0-a50a-546a-28e2-7bc82b4cfff2,student4250@synthetic.example.com,Web Developer,average,3,19,8,9,88.9
e5e24e9d-6511-cb1c-a892-a1a667f19e3b,student4251@synthetic.example.com,Software Developer,weak,4,16,4,10,40.0
da174d69-6986-8af9-8ded-35513bf90e15,student4252@synthetic.example.com,Web Developer,average,4,10,4,9,44.4
c73762b9-37b8-15a9-fe47-e08a679aad89,student4253@synthetic.example.com,Data Analyst,strong,2,19,9,9,100.0
3a99583a-56db-bd73-d036-f4f9c0cbbd3e,student4254@synthetic.example.com,Cloud Engineer,average,3,21,8,10,80.0
b450fbe1-9cf5-8291-c612-5459923a23d7,student4255@synthetic.example.com,Software Developer,average,2,13,7,10,70.0
b6e81cab-479b-7c59-fcb6-7ebdda6279f1,student4256@synthetic.example.com,Cybersecurity Analyst,strong,4,33,10,10,100.0
29e02617-5f61-3e14-6874-a3ea0ff436e7,student4257@synthetic.example.com,Cloud Engineer,strong,2,19,9,10,90.0
baef2d48-2388-7039-69ca-47b1848536cb,student4258@synthetic.example.com,Cybersecurity Analyst,average,4,16,6,10,60.0
cb16a888-c877-ab9b-440c-cfd22a28b31e,student4259@synthetic.example.com,Cloud Engineer,average,1,11,4,10,40.0
9d82d868-bd3f-3f3e-0392-b36705d262c3,student4260@synthetic.example.com,Cloud Engineer,weak,1,10,5,10,50.0
e5352b68-e5f6-275e-9455-2e22b622aed6,student4261@synthetic.example.com,Data Scientist,weak,4,11,6,9,66.7
6f8ba062-f9af-249f-2ea6-25f07691ba19,student4262@synthetic.example.com,Software Developer,average,4,18,6,10,60.0
c3d01825-27df-d831-7e2f-0141c84c25ee,student4263@synthetic.example.com,Cybersecurity Analyst,weak,3,7,1,10,10.0
8dc2a854-f1d5-2fb4-dac1-16a2638b7327,student4264@synthetic.example.com,Data Analyst,weak,2,6,2,9,22.2
5df2a144-60c3-f4c9-16c5-1cacfac85f1c,student4265@synthetic.example.com,Cloud Engineer,weak,2,8,2,10,20.0
b037bd71-be34-3243-b8ae-aa437034bd77,student4266@synthetic.example.com,Web Developer,average,3,13,7,9,77.8
4420f8df-9c38-774e-fcad-53d6f8930944,student4267@synthetic.example.com,Web Developer,average,3,18,8,9,88.9
b3f14566-c392-7354-0253-c397a5a702ca,student4268@synthetic.example.com,Software Developer,average,4,21,8,10,80.0
1a7c7f26-4ab6-f07b-e644-cebda313c110,student4269@synthetic.example.com,Software Developer,weak,3,18,6,10,60.0
f47e221c-cfda-584a-2ce4-ec2dc59057b1,student4270@synthetic.example.com,Data Analyst,average,2,17,5,9,55.6
ff17ec9a-6340-2435-802e-e3fec3a22acb,student4271@synthetic.example.com,Web Developer,average,4,18,6,9,66.7
a1b5f478-a6ff-34a5-2d2b-1881b235c698,student4272@synthetic.example.com,Software Developer,average,4,15,5,10,50.0
861b7b78-cf2e-5997-eeaf-cdbf57901bf9,student4273@synthetic.example.com,Software Developer,strong,2,23,10,10,100.0
937c6621-ffc1-10de-28ff-30d431b0f46c,student4274@synthetic.example.com,Web Developer,weak,4,7,4,9,44.4
6b49ea6f-aece-0673-0b0f-7e30657e5732,student4275@synthetic.example.com,Software Developer,strong,2,21,10,10,100.0
cec0e23d-de36-a271-6741-6ccc01093523,student4276@synthetic.example.com,Web Developer,weak,2,8,6,9,66.7
24bf5dd3-9f79-f56f-16d4-b05b3c32b629,student4277@synthetic.example.com,Software Developer,strong,3,25,9,10,90.0
ccc6e540-c7c8-c801-1de3-6dc11cbbd029,student4278@synthetic.example.com,Cybersecurity Analyst,strong,1,19,8,10,80.0
5d60355b-0063-2da1-15f8-2ddf96e2b02e,student4279@synthetic.example.com,Cloud Engineer,average,4,17,7,10,70.0
499f7ac5-cc01-c842-a399-2aadcb3df8d2,student4280@synthetic.example.com,Software Developer,average,2,15,6,10,60.0
455800fc-6025-a900-3abb-eb9ff0424839,student4281@synthetic.example.com,Software Developer,average,2,14,8,10,80.0
0e288c9a-b116-8f41-6dd0-dc951b857082,student4282@synthetic.example.com,Software Developer,strong,4,23,9,10,90.0
72daf2d3-7961-37f9-0739-4829dfa3bbf4,student4283@synthetic.example.com,Data Analyst,average,3,14,4,9,44.4
66a6e6b2-7046-34a7-31ec-6ae6c022fd7c,student4284@synthetic.example.com,Web Developer,average,2,13,6,9,66.7
e5177069-8beb-2383-d5d7-de3e5497b0e5,student4285@synthetic.example.com,Cloud Engineer,average,4,12,7,10,70.0
b72ce6a5-b793-28ec-77ac-fcf2cd426d37,student4286@synthetic.example.com,Software Developer,average,2,9,5,10,50.0
d5a587c6-bd39-31d7-dc21-c05c561c821f,student4287@synthetic.example.com,Cloud Engineer,average,4,14,7,10,70.0
a9ce126e-6c5a-9adb-2f77-ac6215813a81,student4288@synthetic.example.com,Cloud Engineer,weak,2,10,3,10,30.0
ee08b6ed-f79c-8398-7fdb-aaf2da1600fe,student4289@synthetic.example.com,Software Developer,average,4,25,8,10,80.0
ab33158f-3665-7543-808b-d8a6f33d8f8f,student4290@synthetic.example.com,Software Developer,average,3,19,7,10,70.0
6355d949-492f-c6bb-aeac-89d7de4f542e,student4291@synthetic.example.com,Software Developer,average,2,12,5,10,50.0
b937f46c-4a6e-1fd4-83dc-941c2486d9ed,student4292@synthetic.example.com,Data Analyst,strong,2,22,9,9,100.0
1dba6dde-2cbf-dfbd-9883-13b856547d0f,student4293@synthetic.example.com,Data Analyst,strong,2,20,9,9,100.0
633b2ea4-9cc7-3f27-18e3-df2095dc0fbc,student4294@synthetic.example.com,Cybersecurity Analyst,strong,3,22,8,10,80.0
d46b45fb-f6fc-763a-2644-d1d10f74437e,student4295@synthetic.example.com,Cybersecurity Analyst,strong,2,28,8,10,80.0
61ed0941-eb08-a0e3-d1ba-c132476969bc,student4296@synthetic.example.com,Data Analyst,strong,3,17,8,9,88.9
eb7adf89-35a7-614b-c9bf-1e10bb9827e7,student4297@synthetic.example.com,Web Developer,weak,3,15,6,9,66.7
3c6e5d97-f24e-6120-06a7-54f44bf9bda4,student4298@synthetic.example.com,Data Analyst,average,4,14,8,9,88.9
cbf617dc-b20f-9dda-d189-3d1a78c82695,student4299@synthetic.example.com,Data Scientist,strong,4,18,9,9,100.0
9ea11d62-4a57-134f-3b4b-c230f356afcf,student4300@synthetic.example.com,Data Analyst,weak,3,15,7,9,77.8
42edca63-d265-9ad3-cd82-56cad5fefa7e,student4301@synthetic.example.com,Cybersecurity Analyst,average,2,18,8,10,80.0
3f759548-2ac3-1a05-b38a-e0b5512ae3e6,student4302@synthetic.example.com,Web Developer,weak,4,8,6,9,66.7
ccae2d9f-306c-9126-3b68-4b37ef9df6c4,student4303@synthetic.example.com,Data Analyst,strong,2,16,8,9,88.9
8f5081fb-6139-53cb-a3ae-8d94b5d1c1ae,student4304@synthetic.example.com,Data Analyst,strong,3,26,8,9,88.9
0b95082f-864f-3a20-58b3-1107261ac41b,student4305@synthetic.example.com,Software Developer,weak,3,13,6,10,60.0
cb68cfd1-c284-750a-650d-8fe844a6b508,student4306@synthetic.example.com,Data Scientist,weak,3,10,4,9,44.4
527e30af-ebfd-21a8-7379-2b141d2e48be,student4307@synthetic.example.com,Software Developer,strong,2,28,10,10,100.0
6a2e5c70-1794-d22e-c8b1-497bd63d8ed5,student4308@synthetic.example.com,Data Scientist,average,2,20,7,9,77.8
f5495887-b762-fc44-4590-b08fe3c2ef77,student4309@synthetic.example.com,Cybersecurity Analyst,strong,3,20,8,10,80.0
7fd23b33-426b-73ba-b96a-4d3166d889d4,student4310@synthetic.example.com,Data Scientist,average,2,17,5,9,55.6
9f652c85-27b1-6b39-c9dc-4f5b9d5e4bb7,student4311@synthetic.example.com,Web Developer,average,2,14,7,9,77.8
1fa5523b-4450-7263-ca3d-8c867ddbb38f,student4312@synthetic.example.com,Software Developer,average,3,22,8,10,80.0
ec7fc635-8de2-147a-b99b-3804dc17e886,student4313@synthetic.example.com,Cybersecurity Analyst,weak,2,9,2,10,20.0
2a2b604e-d462-bc61-ed42-9375768e7685,student4314@synthetic.example.com,Data Analyst,strong,3,27,9,9,100.0
a884e6ba-cb96-3bfa-3900-7670adaad258,student4315@synthetic.example.com,Cybersecurity Analyst,average,3,17,3,10,30.0
6277c9e4-eb42-b9ab-9a4d-319dbace3568,student4316@synthetic.example.com,Web Developer,strong,3,18,7,9,77.8
837e8d26-7188-6d45-29e8-d50b3e28a632,student4317@synthetic.example.com,Data Analyst,weak,1,11,2,9,22.2
1103aba0-d1a4-3b1a-d8ca-53dd8458566b,student4318@synthetic.example.com,Data Analyst,weak,3,5,3,9,33.3
258725b3-d3cf-64a9-8cd6-f60a586cc972,student4319@synthetic.example.com,Web Developer,strong,4,23,8,9,88.9
6128f09a-dc2a-5ca5-b414-941520f8f635,student4320@synthetic.example.com,Software Developer,strong,3,19,8,10,80.0
d429db6b-dd8f-f00f-8811-cce35a956d4d,student4321@synthetic.example.com,Cloud Engineer,weak,2,8,4,10,40.0
2562980c-6cca-52d6-1096-e8a201e08f03,student4322@synthetic.example.com,Cloud Engineer,average,3,19,8,10,80.0
461a33d2-d303-fa50-1ce1-09fd64117458,student4323@synthetic.example.com,Web Developer,average,3,15,3,9,33.3
64600eec-6371-cf06-bee1-1749d82ea36d,student4324@synthetic.example.com,Data Scientist,weak,1,8,5,9,55.6
9b46674e-8c7b-474d-0a29-2d8014c01056,student4325@synthetic.example.com,Cybersecurity Analyst,average,2,14,7,10,70.0
ab83367d-725f-be3a-d629-9fb50863c736,student4326@synthetic.example.com,Cybersecurity Analyst,weak,1,10,3,10,30.0
d1e7b96e-2a26-3236-217b-8c0100d6c7b8,student4327@synthetic.example.com,Web Developer,strong,2,15,8,9,88.9
ec8a0f69-ad33-57bb-bc32-716559db8322,student4328@synthetic.example.com,Cybersecurity Analyst,strong,2,25,10,10,100.0
aacdd4bb-851a-0fb1-ab36-f892dadbbec7,student4329@synthetic.example.com,Software Developer,strong,4,20,9,10,90.0
793ca74d-438e-c37e-152b-26f35465a190,student4330@synthetic.example.com,Data Scientist,strong,3,27,9,9,100.0
670bff1d-fa89-3421-3b4f-e9c9b2003dd4,student4331@synthetic.example.com,Data Scientist,average,1,11,6,9,66.7
424afc90-ebaa-c523-4ee9-7d960742d23c,student4332@synthetic.example.com,Software Developer,strong,3,24,8,10,80.0
4ef2ab41-a971-8d77-b767-a26de6a2aec9,student4333@synthetic.example.com,Data Analyst,average,3,17,8,9,88.9
3b4daf75-6da3-4479-c341-ed915bf164fb,student4334@synthetic.example.com,Data Scientist,average,3,16,9,9,100.0
6654d311-6d6b-c04b-ee90-fa69b3ecf769,student4335@synthetic.example.com,Data Analyst,average,3,22,9,9,100.0
1c785f42-d95a-ac30-ab38-22ab0eebad00,student4336@synthetic.example.com,Cloud Engineer,weak,2,8,6,10,60.0
a882f777-dd5c-0bfe-e961-0dd003e53ab6,student4337@synthetic.example.com,Data Analyst,average,3,12,8,9,88.9
228250dc-7c08-1d0a-ee7b-f04026aceebf,student4338@synthetic.example.com,Data Scientist,average,4,15,7,9,77.8
ecea8e93-3e85-1cb7-935e-5fe97b6df2f7,student4339@synthetic.example.com,Cybersecurity Analyst,average,4,19,8,10,80.0
49cdae48-797c-d4e4-efb6-1b3269d2ad5c,student4340@synthetic.example.com,Cybersecurity Analyst,average,4,15,8,10,80.0
c81563f2-af12-fe50-7948-138aab247e75,student4341@synthetic.example.com,Cybersecurity Analyst,weak,2,8,4,10,40.0
523c5a01-b7b8-9e81-cbe5-6725c0483693,student4342@synthetic.example.com,Data Scientist,weak,3,10,6,9,66.7
94acc35f-5e6f-36a7-6b78-53e154cef71f,student4343@synthetic.example.com,Data Analyst,average,1,12,7,9,77.8
14e1412f-b4b8-9dc5-9342-83499eb33b8f,student4344@synthetic.example.com,Data Analyst,strong,2,18,7,9,77.8
f7f3a616-d6c6-a5b2-3d85-136a627e1cca,student4345@synthetic.example.com,Software Developer,weak,3,8,2,10,20.0
633d7fa0-f721-7c2b-8140-c1f60814da4d,student4346@synthetic.example.com,Software Developer,weak,2,6,3,10,30.0
074a3d26-a475-ea56-a167-e55fc609b277,student4347@synthetic.example.com,Software Developer,weak,4,10,4,10,40.0
73d3bcc2-4d1d-e5f2-c2f7-7c5a299f925c,student4348@synthetic.example.com,Software Developer,strong,1,17,9,10,90.0
c60d6d0e-0fb4-8e3a-e176-4975f090ab93,student4349@synthetic.example.com,Data Analyst,average,3,13,6,9,66.7
a8c8a748-945a-2437-2a80-013771cd0c7c,student4350@synthetic.example.com,Web Developer,average,1,15,6,9,66.7
c9d72d92-34dd-b0e2-f134-0f333a782952,student4351@synthetic.example.com,Web Developer,average,2,19,5,9,55.6
0f7c0fad-153c-7a48-09b2-09f1d6e68337,student4352@synthetic.example.com,Data Scientist,strong,2,25,9,9,100.0
4cb97208-9a4c-e43f-67a3-3cab13698597,student4353@synthetic.example.com,Data Analyst,average,1,11,7,9,77.8
2fa3b089-63d8-5a35-e4b1-47466e51ae53,student4354@synthetic.example.com,Software Developer,strong,3,21,9,10,90.0
d5a39a2a-692f-4ae9-a4bc-57b9668277ad,student4355@synthetic.example.com,Software Developer,average,4,11,8,10,80.0
57025926-e8b3-b58d-5c4d-b7af6bf4f861,student4356@synthetic.example.com,Data Scientist,strong,2,19,7,9,77.8
ea5275aa-ecf6-cd45-3225-004681b9ec32,student4357@synthetic.example.com,Data Analyst,strong,3,21,9,9,100.0
c96ab20e-7816-1b3a-8d09-88fa01d44138,student4358@synthetic.example.com,Web Developer,average,3,11,5,9,55.6
40befdf8-fc38-01fb-63d0-70802b012d4b,student4359@synthetic.example.com,Cloud Engineer,average,4,17,8,10,80.0
94191c9b-54f8-63c8-e466-79cefd572109,student4360@synthetic.example.com,Cybersecurity Analyst,average,3,25,8,10,80.0
8e17258c-b45d-af7a-6417-e6b3ec5615d1,student4361@synthetic.example.com,Cybersecurity Analyst,weak,3,14,8,10,80.0
0299fc89-4153-22dc-d63a-5ccf4d822474,student4362@synthetic.example.com,Software Developer,weak,1,13,7,10,70.0
d5a4ab02-26f0-2e3a-58a5-cdf117694732,student4363@synthetic.example.com,Data Analyst,weak,2,8,2,9,22.2
d619a77f-b9ed-0dc4-e1c4-7b327986d414,student4364@synthetic.example.com,Software Developer,weak,3,18,5,10,50.0
dc11f096-cc76-8104-9e2f-c468c8b10ed3,student4365@synthetic.example.com,Cloud Engineer,average,3,15,5,10,50.0
8151cca6-ce37-ec1c-d792-7efcc9275ae4,student4366@synthetic.example.com,Data Scientist,average,2,13,6,9,66.7
45afc02c-4523-d939-dc5d-b864cb25a41c,student4367@synthetic.example.com,Web Developer,strong,3,23,8,9,88.9
6796fd92-2a3c-3ad6-0a18-8373f6fa5739,student4368@synthetic.example.com,Web Developer,average,1,15,4,9,44.4
ffa3d3d0-36a6-b11d-6ed7-fb9a08d028ac,student4369@synthetic.example.com,Cloud Engineer,weak,1,9,2,10,20.0
fe79a43c-6e40-946d-7da3-f817150be89b,student4370@synthetic.example.com,Cloud Engineer,strong,3,17,10,10,100.0
852c010b-13b4-e938-a951-60ae65084a10,student4371@synthetic.example.com,Software Developer,average,4,13,6,10,60.0
dc0881af-4252-9f29-c619-5a1fb043b7d8,student4372@synthetic.example.com,Software Developer,average,3,11,5,10,50.0
82b71232-a4a5-cb8f-c292-4c19d72c2d9f,student4373@synthetic.example.com,Software Developer,average,3,22,8,10,80.0
ae3d6419-5d5a-c888-4bee-3e7ee3a37de8,student4374@synthetic.example.com,Data Scientist,average,2,13,2,9,22.2
b16fbd74-293d-f54c-210f-2fa59ca9f63c,student4375@synthetic.example.com,Software Developer,average,4,14,9,10,90.0
f5b84b2d-36f4-060d-24c7-398e248d2ae3,student4376@synthetic.example.com,Software Developer,weak,3,13,4,10,40.0
4a155ef4-8468-935e-ee07-77fb4f36670f,student4377@synthetic.example.com,Cybersecurity Analyst,average,2,23,7,10,70.0
4237ad07-a6bb-4b0f-c7ee-e7158aeaaa89,student4378@synthetic.example.com,Cloud Engineer,weak,1,8,4,10,40.0
6458faa4-cbd8-3e8a-f050-4ef5a03cca8f,student4379@synthetic.example.com,Data Analyst,weak,4,11,2,9,22.2
95985797-afda-069c-3831-0827259025f4,student4380@synthetic.example.com,Web Developer,strong,3,26,8,9,88.9
49c147ac-3cc0-ca87-0426-eef8fd58572f,student4381@synthetic.example.com,Software Developer,average,2,22,7,10,70.0
b707061d-4bbe-4f33-5377-2a9aaa633a37,student4382@synthetic.example.com,Cybersecurity Analyst,strong,4,29,10,10,100.0
00696bc1-ac27-bc25-9349-99f7ad5f5615,student4383@synthetic.example.com,Web Developer,average,4,19,5,9,55.6
dcae714b-4451-3362-54d0-644ee3495198,student4384@synthetic.example.com,Data Analyst,weak,1,5,3,9,33.3
9226f4bf-ee0c-ba1b-5d93-232b8ecaf11d,student4385@synthetic.example.com,Data Scientist,strong,4,24,8,9,88.9
e1b7703d-58b0-6472-a7a8-4eec91ba2703,student4386@synthetic.example.com,Web Developer,average,1,14,7,9,77.8
99d41acc-9067-ae1a-465f-b119b6e6ba5c,student4387@synthetic.example.com,Software Developer,weak,3,8,3,10,30.0
3594c7bb-e55d-c9e0-803c-d87220c93eb4,student4388@synthetic.example.com,Web Developer,strong,3,24,7,9,77.8
aaf0e142-2c09-3298-c94c-6ee57ab6cbd1,student4389@synthetic.example.com,Software Developer,strong,2,17,8,10,80.0
ad5d8d24-191d-a7bb-0fe1-3b7fbdfe8344,student4390@synthetic.example.com,Data Analyst,average,2,11,4,9,44.4
197f9cf9-123b-c4f8-e071-7311910259a2,student4391@synthetic.example.com,Data Scientist,average,2,17,7,9,77.8
50e290fc-4636-ca20-cb30-c247b426f54e,student4392@synthetic.example.com,Software Developer,strong,4,25,9,10,90.0
12a0c352-c357-1d43-b526-cc3c1708b517,student4393@synthetic.example.com,Data Analyst,strong,1,20,9,9,100.0
2cb40bb9-9a2d-bee8-04db-a2d9661a9dd7,student4394@synthetic.example.com,Data Scientist,strong,1,20,8,9,88.9
12e5e2e4-eee4-e40a-ea1b-82787167063d,student4395@synthetic.example.com,Data Scientist,average,3,15,8,9,88.9
67d60f36-fbb4-1c66-2db5-23a73f7f9799,student4396@synthetic.example.com,Data Analyst,average,4,16,9,9,100.0
10e7372c-c390-f33d-073a-29d12d66f9d6,student4397@synthetic.example.com,Cloud Engineer,weak,3,9,4,10,40.0
9b65b25f-98c3-40cc-9651-b7d41b82aead,student4398@synthetic.example.com,Data Analyst,strong,3,16,9,9,100.0
c1ab1460-3589-7e42-d328-5051a7cadd4c,student4399@synthetic.example.com,Data Analyst,strong,4,13,6,9,66.7
62cb2026-0580-1813-5391-d0c1b6bdc8bb,student4400@synthetic.example.com,Software Developer,average,2,10,5,10,50.0
5cd02a56-da07-db6f-c8b7-08b6b233696e,student4401@synthetic.example.com,Software Developer,weak,4,5,2,10,20.0
7ce2228d-f94b-9444-475b-be134b5e45ef,student4402@synthetic.example.com,Data Analyst,average,2,15,5,9,55.6
138b78e3-2051-0d30-fda8-81833db53c6a,student4403@synthetic.example.com,Web Developer,weak,2,6,3,9,33.3
69acd20e-9a55-8d4e-9c5a-1d91a0a4a180,student4404@synthetic.example.com,Web Developer,strong,4,16,8,9,88.9
1d1c3d52-e96a-2849-7509-8f1fc3cfd3a6,student4405@synthetic.example.com,Web Developer,weak,1,12,3,9,33.3
2bf6e59a-d905-8d6a-c816-7dbbb46a94bb,student4406@synthetic.example.com,Data Analyst,weak,3,15,6,9,66.7
0a702613-0c0b-d55e-566c-149fa531782a,student4407@synthetic.example.com,Data Scientist,strong,4,17,7,9,77.8
00706165-79f8-5958-d0c0-69356049ebca,student4408@synthetic.example.com,Cybersecurity Analyst,average,3,21,5,10,50.0
ab2fb326-5fcf-75a9-433b-f5e4ccc8695a,student4409@synthetic.example.com,Cybersecurity Analyst,weak,3,9,4,10,40.0
bdabb3ef-df11-7df7-25a2-060263ef1f43,student4410@synthetic.example.com,Data Scientist,average,3,18,8,9,88.9
281ed1ef-3749-b3c6-8c3b-4bc588115ed2,student4411@synthetic.example.com,Cloud Engineer,strong,3,20,9,10,90.0
d2e3a212-47b2-6517-73a4-f96b7bd3e3cc,student4412@synthetic.example.com,Data Analyst,average,4,16,7,9,77.8
f28edf5b-41cd-da60-f61c-e582e9a73cb2,student4413@synthetic.example.com,Cloud Engineer,strong,3,21,8,10,80.0
8881d460-b00b-62a7-00eb-c03e6a1239bb,student4414@synthetic.example.com,Data Scientist,average,4,14,8,9,88.9
40632242-b2b4-7aba-86d8-c290ef509313,student4415@synthetic.example.com,Data Analyst,weak,4,9,6,9,66.7
ea4413ff-4cf9-54b8-6098-1552d40aa20c,student4416@synthetic.example.com,Data Scientist,average,2,14,4,9,44.4
9f36324b-177e-6681-ab40-6e0537259578,student4417@synthetic.example.com,Software Developer,average,3,20,7,10,70.0
a077384e-7621-dff4-3bc7-1f7f7ce38ebd,student4418@synthetic.example.com,Data Analyst,strong,3,17,9,9,100.0
7aff6af3-a49b-23f0-6987-6fe89340ec8e,student4419@synthetic.example.com,Web Developer,strong,3,26,9,9,100.0
70dcba44-f269-2efe-5f10-13ea528dd069,student4420@synthetic.example.com,Web Developer,weak,4,7,4,9,44.4
99561538-b551-fb62-f101-e4fe74275145,student4421@synthetic.example.com,Software Developer,strong,2,24,9,10,90.0
0b22e0f4-4fee-6b10-2c4b-41eda19d9098,student4422@synthetic.example.com,Software Developer,weak,4,12,5,10,50.0
c3e49607-9c79-87c7-3dfd-ee03b1a0bb89,student4423@synthetic.example.com,Cloud Engineer,average,3,16,5,10,50.0
280a0ecf-ac47-d2e1-9284-7f3799764d9a,student4424@synthetic.example.com,Data Scientist,weak,4,11,3,9,33.3
d78feed8-123a-aab9-fd8d-91ce57ac0409,student4425@synthetic.example.com,Data Scientist,strong,3,20,7,9,77.8
a68570fd-6de7-e03b-5251-4b35b2305c2e,student4426@synthetic.example.com,Software Developer,weak,4,8,3,10,30.0
f3f2e857-070a-e846-ba7a-bbd827640b76,student4427@synthetic.example.com,Software Developer,weak,4,13,5,10,50.0
a56633cf-9a86-c1ba-8334-4b6bd4b2199d,student4428@synthetic.example.com,Cybersecurity Analyst,weak,4,13,6,10,60.0
bf99fa7f-1e5a-1c8f-273c-b981df9b6761,student4429@synthetic.example.com,Cybersecurity Analyst,average,1,12,7,10,70.0
8b5ab59d-876b-90a1-d127-a74296e14233,student4430@synthetic.example.com,Data Analyst,weak,4,5,4,9,44.4
8b951a32-4476-e1d7-27a6-be2050e168d1,student4431@synthetic.example.com,Cloud Engineer,average,4,14,9,10,90.0
fefeddf0-c095-1d57-2e24-62d6afd8661c,student4432@synthetic.example.com,Web Developer,average,4,20,7,9,77.8
cb0d8834-25ef-c50e-18de-700847c9f7b1,student4433@synthetic.example.com,Software Developer,strong,4,19,9,10,90.0
73cd1cbe-ea3b-9ebc-0b38-172fcc2d1a4d,student4434@synthetic.example.com,Web Developer,weak,3,8,4,9,44.4
ae8a34b3-fe9f-cddd-8556-822f84198aec,student4435@synthetic.example.com,Data Analyst,average,1,11,6,9,66.7
ea82c835-86aa-791a-2a11-85bfee6965f1,student4436@synthetic.example.com,Data Scientist,strong,3,23,8,9,88.9
4d87475a-6a81-7c05-3c7c-ea88314649e7,student4437@synthetic.example.com,Software Developer,strong,2,23,9,10,90.0
34e456dd-2521-f763-908f-51d8a95eb41c,student4438@synthetic.example.com,Web Developer,strong,4,28,9,9,100.0
482df02f-c138-d590-e62b-b8ca5c184c5d,student4439@synthetic.example.com,Software Developer,weak,2,16,6,10,60.0
cb774f09-eeec-c586-54c4-cac1cb7cea82,student4440@synthetic.example.com,Data Analyst,weak,3,9,6,9,66.7
21c93884-4864-3406-fe76-25da597e072d,student4441@synthetic.example.com,Web Developer,strong,3,20,8,9,88.9
3dffe9d2-1d9f-5b7e-bd83-82d1ffab67f8,student4442@synthetic.example.com,Software Developer,average,4,21,10,10,100.0
b04905c0-030a-bdca-8f04-68058cc67496,student4443@synthetic.example.com,Web Developer,weak,3,10,4,9,44.4
f9aba97b-6d88-b375-0c5a-d8f78d67f8b9,student4444@synthetic.example.com,Data Analyst,weak,4,17,5,9,55.6
3050ab8f-e1ce-0707-c5b2-858322130e79,student4445@synthetic.example.com,Data Analyst,weak,3,4,2,9,22.2
84a35556-9ad8-1bb3-7b29-ddbe88c0ffe0,student4446@synthetic.example.com,Software Developer,strong,3,15,8,10,80.0
7a8568d5-9d78-ea6d-32d0-44903aad0752,student4447@synthetic.example.com,Data Scientist,average,2,18,7,9,77.8
5b5b2350-74bf-2405-6008-2e02997ac959,student4448@synthetic.example.com,Software Developer,average,1,14,6,10,60.0
14f4b607-2f49-c2f5-331a-b827891a2a66,student4449@synthetic.example.com,Software Developer,weak,3,10,4,10,40.0
0096e49e-1078-fa3d-c15f-b897f7bd8de7,student4450@synthetic.example.com,Cybersecurity Analyst,average,4,16,5,10,50.0
2ff53d06-d464-4573-b82b-c3183084db71,student4451@synthetic.example.com,Software Developer,weak,4,11,3,10,30.0
6428686e-0ad7-802f-0bee-9df0fcd5b277,student4452@synthetic.example.com,Data Scientist,average,3,21,7,9,77.8
8b5836c7-fcd3-fc06-67ef-45308fd0fdc0,student4453@synthetic.example.com,Data Scientist,average,3,14,6,9,66.7
c8288f8e-8f9d-7927-e500-9423945aca95,student4454@synthetic.example.com,Data Analyst,average,2,10,4,9,44.4
0e038f97-e5d6-8e2d-0a1d-ad6cda9b6bb5,student4455@synthetic.example.com,Cybersecurity Analyst,average,4,24,9,10,90.0
90c39a4d-65e6-8cdf-b0da-2bf1b3d7846b,student4456@synthetic.example.com,Cybersecurity Analyst,strong,3,26,9,10,90.0
0745ef55-61c8-fbba-41f4-f68e07558930,student4457@synthetic.example.com,Web Developer,average,3,18,7,9,77.8
b9696635-41fc-790b-77ad-db195840bf00,student4458@synthetic.example.com,Data Analyst,weak,2,7,2,9,22.2
6565eb96-f5f2-1aba-f61b-72a020605449,student4459@synthetic.example.com,Software Developer,average,3,14,8,10,80.0
572509e6-0e8e-7669-008b-c8aca1f6c6a0,student4460@synthetic.example.com,Cloud Engineer,average,4,22,7,10,70.0
10961260-65f6-8c0d-ef58-7a8cb39ee3d5,student4461@synthetic.example.com,Data Analyst,average,2,16,8,9,88.9
29ef1692-773d-11d7-57bd-cc09ebee74f4,student4462@synthetic.example.com,Cybersecurity Analyst,strong,3,16,9,10,90.0
83fb12eb-4e0c-bf27-6309-2871ff0534e3,student4463@synthetic.example.com,Web Developer,weak,3,16,7,9,77.8
e2ec641c-376d-34d4-9621-59f1208e41c5,student4464@synthetic.example.com,Software Developer,weak,4,12,7,10,70.0
727b26c1-50f4-d3e9-6ac1-97dfeffedcd5,student4465@synthetic.example.com,Data Scientist,strong,3,20,7,9,77.8
1b554b48-6e8d-cdb7-6d04-d3994ad7d533,student4466@synthetic.example.com,Data Analyst,average,2,12,4,9,44.4
78943432-826e-d679-4b86-c0d1e9059028,student4467@synthetic.example.com,Data Scientist,average,4,18,7,9,77.8
fbabfe3c-751a-bd2e-efc5-a6eef68aa337,student4468@synthetic.example.com,Software Developer,strong,2,19,8,10,80.0
c624619c-e95b-c06a-a427-74e387a2e1b5,student4469@synthetic.example.com,Web Developer,average,2,14,9,9,100.0
3ccb9a27-13eb-27b1-6d86-8d0b40311fa7,student4470@synthetic.example.com,Data Analyst,average,3,19,7,9,77.8
5d506f61-9544-55b1-46ac-3629795ce33e,student4471@synthetic.example.com,Data Analyst,strong,3,22,6,9,66.7
04818af9-ae83-ec4a-aff2-3064bd16cc5a,student4472@synthetic.example.com,Data Analyst,average,2,16,8,9,88.9
de7e4c4e-ee97-901d-e614-3bd6752f6217,student4473@synthetic.example.com,Cloud Engineer,strong,2,24,10,10,100.0
f649f3db-5cda-fec7-151a-cbb7b6feeddb,student4474@synthetic.example.com,Data Analyst,weak,1,11,6,9,66.7
6112a5f4-1650-2332-29fc-44c15b5d30bf,student4475@synthetic.example.com,Data Scientist,average,3,15,8,9,88.9
36261ff9-6f28-4a0c-8b7a-798d9bbab10c,student4476@synthetic.example.com,Data Analyst,average,2,17,6,9,66.7
9b344e22-2e6e-8d50-d284-79ccdc5f17be,student4477@synthetic.example.com,Software Developer,weak,1,14,7,10,70.0
3ec2763b-f177-e46d-820d-c9ec6c11e1ce,student4478@synthetic.example.com,Data Analyst,average,2,9,4,9,44.4
4e1f5a0e-f8a3-a2cf-c9b9-c8c3adfe088c,student4479@synthetic.example.com,Web Developer,average,3,13,7,9,77.8
62514d9a-2513-cf21-1988-3ab3752a28b7,student4480@synthetic.example.com,Cloud Engineer,average,1,16,7,10,70.0
074cfb09-47b8-70fa-1b43-7b5158fde84b,student4481@synthetic.example.com,Data Analyst,average,2,15,9,9,100.0
f554bc23-6602-f3c6-e746-2d2893ae2b81,student4482@synthetic.example.com,Software Developer,weak,2,7,4,10,40.0
63ce489b-4063-d2f7-343c-b2e21e280bab,student4483@synthetic.example.com,Web Developer,average,2,20,6,9,66.7
905342e6-1f1b-0bfa-b4bc-550171c035bb,student4484@synthetic.example.com,Cybersecurity Analyst,strong,4,25,8,10,80.0
29c46e12-f8d2-0f33-6150-a636013ef8f2,student4485@synthetic.example.com,Software Developer,strong,3,23,9,10,90.0
0247e577-41a9-ae84-4bd7-cdf2b5325343,student4486@synthetic.example.com,Software Developer,average,1,15,8,10,80.0
6f48d936-c95a-661d-e76e-74ef6d8748b0,student4487@synthetic.example.com,Data Analyst,weak,1,8,3,9,33.3
3ad20ea0-10ac-2f32-2b65-4caee784d1b6,student4488@synthetic.example.com,Cloud Engineer,weak,2,9,4,10,40.0
969f4b3a-e366-d923-b0bd-2568a33089f0,student4489@synthetic.example.com,Data Scientist,average,4,13,9,9,100.0
3fd53ad2-51f4-543c-48b7-a79af7bd0652,student4490@synthetic.example.com,Software Developer,strong,3,18,8,10,80.0
6f7acb8e-bbd3-9aee-d9a5-4992cfab6d7c,student4491@synthetic.example.com,Data Scientist,strong,3,23,9,9,100.0
bfd24d92-1fa0-d7fc-4c02-a225fa1c0c76,student4492@synthetic.example.com,Data Analyst,average,2,12,6,9,66.7
be1ce59e-43b3-cb9f-4371-bff95df998e2,student4493@synthetic.example.com,Software Developer,weak,2,9,5,10,50.0
f0fceb06-7ff1-64f2-ed65-aa8a643bfc6e,student4494@synthetic.example.com,Data Scientist,average,2,17,7,9,77.8
40dc5c12-45a4-39ef-261e-40f6f538950f,student4495@synthetic.example.com,Web Developer,average,3,13,6,9,66.7
4caec5ec-f0a9-86d6-e332-cbdc840979a1,student4496@synthetic.example.com,Software Developer,strong,1,19,10,10,100.0
062b7802-0114-259b-70cf-7d5a9c05b931,student4497@synthetic.example.com,Software Developer,weak,3,7,4,10,40.0
41360310-3381-8db1-8acb-29302a2b2f00,student4498@synthetic.example.com,Web Developer,weak,4,15,2,9,22.2
f318d396-d360-127a-4bc6-25966ecde812,student4499@synthetic.example.com,Software Developer,average,3,14,7,10,70.0
07e63398-cd57-30a8-2aaf-fd7c3d5e9888,student4500@synthetic.example.com,Data Analyst,average,4,20,8,9,88.9
7a761959-be53-1c8d-41fe-b0b2339a6b94,student4501@synthetic.example.com,Software Developer,average,2,11,7,10,70.0
c3b6932f-9339-37d3-ef96-6778af85622e,student4502@synthetic.example.com,Web Developer,weak,4,14,4,9,44.4
b35845de-cbf5-1869-3fcc-c198b7722887,student4503@synthetic.example.com,Software Developer,average,2,13,6,10,60.0
cbaed7e7-4c65-16ea-128d-19d6942d64ee,student4504@synthetic.example.com,Software Developer,weak,2,16,8,10,80.0
acadff9a-b682-f58a-4671-a0ffbcf0a63d,student4505@synthetic.example.com,Software Developer,weak,4,11,3,10,30.0
c876b92f-efe6-14e9-2517-d049155ef91e,student4506@synthetic.example.com,Web Developer,average,2,11,6,9,66.7
03ba2119-9e74-7bd8-1b2b-29dd99bbef38,student4507@synthetic.example.com,Cloud Engineer,weak,3,16,8,10,80.0
ad73caf9-09d8-d70c-9c6d-f2f478ec749d,student4508@synthetic.example.com,Data Analyst,average,3,20,7,9,77.8
f60f3d9b-3d7b-0ad0-33ea-34dbf0600139,student4509@synthetic.example.com,Web Developer,weak,1,4,1,9,11.1
9b86a3aa-386f-77fd-8ef1-87592f34270f,student4510@synthetic.example.com,Cybersecurity Analyst,average,3,23,9,10,90.0
48e7ee17-9d41-3568-3d53-22dde4f27cd9,student4511@synthetic.example.com,Cloud Engineer,average,3,19,9,10,90.0
f9600252-a1eb-9891-25cc-4682b5164c8d,student4512@synthetic.example.com,Data Analyst,strong,3,17,5,9,55.6
45040cbe-2c2b-29f0-49a6-7176eda791c8,student4513@synthetic.example.com,Software Developer,average,3,18,8,10,80.0
df306bf9-e896-44c0-8905-2cb4b7d8fd17,student4514@synthetic.example.com,Web Developer,average,2,12,8,9,88.9
46ff3f78-cbaf-2970-0c16-065cb484968d,student4515@synthetic.example.com,Data Analyst,strong,2,19,9,9,100.0
29eb1de9-d910-965a-769a-02dfb3802667,student4516@synthetic.example.com,Web Developer,average,3,22,7,9,77.8
ccaeea58-f2ab-9b41-0326-15dbc528435b,student4517@synthetic.example.com,Data Analyst,weak,3,9,4,9,44.4
c693af8a-2bb0-7e37-295d-5daf004e9e22,student4518@synthetic.example.com,Cybersecurity Analyst,average,2,17,6,10,60.0
11219539-c8e5-e4ae-0657-2fdc03b9cbcc,student4519@synthetic.example.com,Software Developer,weak,3,6,2,10,20.0
4238b16b-4471-eb2f-544b-a3527afa18ea,student4520@synthetic.example.com,Software Developer,strong,4,23,8,10,80.0
0d6054cb-ca35-52cb-e757-33a01b722f7c,student4521@synthetic.example.com,Software Developer,average,3,13,7,10,70.0
49feffe9-2107-13fc-4bdb-be8e9c7d2afd,student4522@synthetic.example.com,Data Analyst,average,3,13,6,9,66.7
774addfa-656c-22e4-86ac-140e0d6806cf,student4523@synthetic.example.com,Data Analyst,average,1,19,7,9,77.8
c5b87df3-4afe-81a5-2a2d-bb42ce5d09a3,student4524@synthetic.example.com,Data Analyst,weak,2,6,3,9,33.3
ff5685a5-c39c-5220-6e4e-529435bcc388,student4525@synthetic.example.com,Data Analyst,average,3,13,5,9,55.6
36f9bc15-2538-fafa-e021-b17c91a00db1,student4526@synthetic.example.com,Cybersecurity Analyst,average,2,19,6,10,60.0
08e9cd7b-56a3-e7df-6c68-bb023ec6f042,student4527@synthetic.example.com,Data Scientist,strong,2,23,8,9,88.9
5da4a319-90b3-327f-cfba-cec1343a7970,student4528@synthetic.example.com,Data Scientist,weak,1,7,6,9,66.7
035137f9-e43e-3646-eb52-876fd98dd3da,student4529@synthetic.example.com,Cybersecurity Analyst,average,2,17,7,10,70.0
b6e6b417-b3d9-e524-94cc-92f927b1c634,student4530@synthetic.example.com,Data Analyst,average,3,17,5,9,55.6
9da35718-d029-e156-7c84-08c0f2d0fa9f,student4531@synthetic.example.com,Cybersecurity Analyst,average,2,15,4,10,40.0
e64213f7-ae50-4945-2991-5eaafedfe05a,student4532@synthetic.example.com,Web Developer,weak,2,16,5,9,55.6
5dce1c01-87fc-2368-ca08-f99b6f440258,student4533@synthetic.example.com,Web Developer,weak,3,7,4,9,44.4
e072af9e-f1d4-b0af-6636-47ab576bf411,student4534@synthetic.example.com,Cloud Engineer,average,1,8,2,10,20.0
e9d35ae2-48d6-1253-1a5e-e5a2018c7316,student4535@synthetic.example.com,Data Scientist,strong,3,20,9,9,100.0
e4e2c4c9-3cd5-33a7-0149-f7e85868a2e6,student4536@synthetic.example.com,Software Developer,weak,3,11,6,10,60.0
00cc02ea-e29a-2df4-2000-9270efad4759,student4537@synthetic.example.com,Cybersecurity Analyst,weak,4,14,4,10,40.0
4e9f549b-3ff7-324d-396c-a7e51e16c93c,student4538@synthetic.example.com,Data Analyst,average,1,13,9,9,100.0
f387eb21-de5a-b710-b5fb-50c0273c3ce8,student4539@synthetic.example.com,Software Developer,strong,3,21,9,10,90.0
186a00a6-409e-d297-6f0c-46ef13841ede,student4540@synthetic.example.com,Data Analyst,average,1,16,6,9,66.7
a0d04427-30dd-ca9a-e42c-18c6a98e877c,student4541@synthetic.example.com,Cybersecurity Analyst,average,3,22,7,10,70.0
29c00972-df6c-d284-50ce-56009b810e0b,student4542@synthetic.example.com,Cloud Engineer,average,2,15,6,10,60.0
1f9ad273-03d0-270d-d0fa-00560acdf09c,student4543@synthetic.example.com,Cybersecurity Analyst,average,4,11,3,10,30.0
801d0969-53ea-916b-2d43-c14e7c2b80f8,student4544@synthetic.example.com,Cybersecurity Analyst,average,1,14,7,10,70.0
72812686-d93d-2b93-0388-119b6729b463,student4545@synthetic.example.com,Software Developer,average,4,18,7,10,70.0
0b37a232-80f4-70fb-7d1d-63252c337e5f,student4546@synthetic.example.com,Data Analyst,average,3,18,9,9,100.0
8cab3981-46e0-8679-91be-568af8a1bdeb,student4547@synthetic.example.com,Web Developer,strong,3,22,9,9,100.0
6287eaf1-4c3e-dc53-badd-8a6896d9977c,student4548@synthetic.example.com,Data Analyst,strong,1,17,8,9,88.9
493f264d-bf86-1dd1-8530-1d81c430344b,student4549@synthetic.example.com,Data Analyst,average,2,19,8,9,88.9
306ac59a-74d3-35f7-1699-f1377ed6902a,student4550@synthetic.example.com,Web Developer,average,2,16,8,9,88.9
a9eaae24-32fd-7af9-3a57-3300cad5baf7,student4551@synthetic.example.com,Data Scientist,average,2,13,7,9,77.8
68088702-59f4-35cc-0054-6546a517efc9,student4552@synthetic.example.com,Software Developer,weak,2,11,7,10,70.0
2824ad0e-99ee-b703-846c-1e72ac7d275c,student4553@synthetic.example.com,Data Analyst,strong,1,18,9,9,100.0
a38a0e67-75f1-233a-6d56-427f5226797e,student4554@synthetic.example.com,Cloud Engineer,average,4,11,6,10,60.0
ea4dc7c0-521e-05fb-a33b-a5f3a7aeb9b8,student4555@synthetic.example.com,Web Developer,average,3,18,6,9,66.7
1a02959c-e484-013a-481b-862ebe53d746,student4556@synthetic.example.com,Data Analyst,average,1,11,5,9,55.6
3b9e1c28-6052-c10f-9971-1f34ad8034d5,student4557@synthetic.example.com,Cloud Engineer,average,3,12,5,10,50.0
a5fe0d41-2e3b-30b5-97a1-84ef93126de8,student4558@synthetic.example.com,Data Analyst,average,4,15,6,9,66.7
d2db283e-b27e-fcf1-cc7c-863e87a5d005,student4559@synthetic.example.com,Cloud Engineer,average,4,14,8,10,80.0
e38459c4-8cdc-9cbb-11d1-fd6e635e57fe,student4560@synthetic.example.com,Web Developer,average,2,16,6,9,66.7
f2ac4f62-a83f-4418-9055-8182eeeee1da,student4561@synthetic.example.com,Cybersecurity Analyst,average,2,18,4,10,40.0
5b28385a-df1a-bd63-037a-b97b85493862,student4562@synthetic.example.com,Software Developer,weak,2,12,7,10,70.0
df84d43a-4e3f-0ac9-4826-1bbdf4057d9d,student4563@synthetic.example.com,Web Developer,average,4,14,9,9,100.0
e25437af-b680-396a-b6c9-abaf3354a49c,student4564@synthetic.example.com,Cybersecurity Analyst,average,3,15,9,10,90.0
ba5bf02b-7bdb-3008-c1f5-245df85559c5,student4565@synthetic.example.com,Data Analyst,weak,1,8,4,9,44.4
f9eca41e-0f04-ea6d-5397-f217d48e598d,student4566@synthetic.example.com,Cloud Engineer,strong,3,21,9,10,90.0
50466989-0c7a-c5ea-ed53-da3deeb09ff4,student4567@synthetic.example.com,Cybersecurity Analyst,average,4,18,6,10,60.0
ba671d7e-6702-3df1-2295-798a13198db4,student4568@synthetic.example.com,Data Analyst,average,4,16,5,9,55.6
29364e8b-621d-35dc-c935-23f789c006ee,student4569@synthetic.example.com,Software Developer,average,2,21,9,10,90.0
289044b4-a63e-75b9-1fb5-2b27dbad457d,student4570@synthetic.example.com,Web Developer,average,2,16,8,9,88.9
31155712-eb45-7b88-ec31-bcd1ef901548,student4571@synthetic.example.com,Web Developer,average,3,14,6,9,66.7
325db1e8-85c1-4d67-a887-88cae6601328,student4572@synthetic.example.com,Cybersecurity Analyst,average,4,17,7,10,70.0
f1f1ca6d-9ea1-c881-6d07-6a90d6626817,student4573@synthetic.example.com,Cybersecurity Analyst,strong,3,26,9,10,90.0
5307d5f0-27ad-0190-089a-15a2e9f45dd0,student4574@synthetic.example.com,Cybersecurity Analyst,weak,4,12,1,10,10.0
50f116aa-dc26-fd78-f718-9a2ca8463f1e,student4575@synthetic.example.com,Cloud Engineer,average,4,23,7,10,70.0
1688c477-db5b-cff7-d626-b8684d60482c,student4576@synthetic.example.com,Software Developer,average,3,18,9,10,90.0
a04f19f6-db82-b76e-979b-e30655ef9bfa,student4577@synthetic.example.com,Data Scientist,strong,1,21,8,9,88.9
fdc31387-84c0-1702-4ec2-4b2a67cd3514,student4578@synthetic.example.com,Cloud Engineer,weak,3,10,6,10,60.0
6fc20066-95ae-342a-d8b5-df8ea7e55d87,student4579@synthetic.example.com,Data Analyst,average,2,17,9,9,100.0
78d52e94-e7ef-598b-8bd8-c068e49aaf62,student4580@synthetic.example.com,Data Analyst,strong,3,23,9,9,100.0
d55af6d8-569f-101f-3946-e9a9c845e2bb,student4581@synthetic.example.com,Software Developer,average,1,16,5,10,50.0
de7c759d-b4f3-b5f6-6852-ca1da82117c6,student4582@synthetic.example.com,Data Analyst,weak,3,7,3,9,33.3
10a23f60-503c-d92b-52cb-99a7e83dbace,student4583@synthetic.example.com,Cloud Engineer,weak,2,4,2,10,20.0
a6ab1ff3-df42-7b93-c0f8-bb37e55f1307,student4584@synthetic.example.com,Cloud Engineer,average,2,14,10,10,100.0
733363dd-f30c-903e-7a6e-e71391f28f3b,student4585@synthetic.example.com,Software Developer,average,3,14,8,10,80.0
4686a6d0-cb59-b13f-5147-7215cf0d306e,student4586@synthetic.example.com,Data Analyst,average,4,14,9,9,100.0
4a6a2b0b-2b99-2112-cd86-826107324469,student4587@synthetic.example.com,Cybersecurity Analyst,average,3,16,9,10,90.0
4c7eff6f-d799-1821-00c5-a75632e9e985,student4588@synthetic.example.com,Cybersecurity Analyst,strong,3,22,9,10,90.0
975b0cd7-3057-ffaf-9a2c-539c81fed701,student4589@synthetic.example.com,Data Scientist,average,2,11,5,9,55.6
e9938422-bd2b-d16c-8751-1e0f3de950c1,student4590@synthetic.example.com,Data Analyst,weak,4,13,5,9,55.6
4667dc5e-3de1-ea73-2c14-26a0eeed44f4,student4591@synthetic.example.com,Data Analyst,strong,4,23,9,9,100.0
57e06ea8-6f6c-ecc8-b45d-8d96103cbb33,student4592@synthetic.example.com,Data Scientist,average,3,17,8,9,88.9
9931a924-ee74-63aa-7496-a1f6dd434078,student4593@synthetic.example.com,Cloud Engineer,average,2,13,7,10,70.0
5119deeb-b768-2f63-28d0-b29f9270710b,student4594@synthetic.example.com,Software Developer,average,1,12,7,10,70.0
3cabba20-6bcb-fc0e-d052-c7e3dc5f6f96,student4595@synthetic.example.com,Software Developer,average,2,14,8,10,80.0
afc2f8f5-eb6b-98c8-2e0e-5a5447270fc3,student4596@synthetic.example.com,Cybersecurity Analyst,average,2,18,5,10,50.0
d4f6df38-b844-bd90-5a34-8805e5112aca,student4597@synthetic.example.com,Data Scientist,strong,3,25,9,9,100.0
3f56e002-5d45-eaae-7afa-a10c172a3b8e,student4598@synthetic.example.com,Web Developer,average,2,24,8,9,88.9
5437000a-8f3e-bdcb-a046-e2a9022d0ad5,student4599@synthetic.example.com,Data Analyst,average,3,14,6,9,66.7
504f9e4f-13a6-ee01-6ea5-91f95934fe48,student4600@synthetic.example.com,Data Scientist,strong,2,18,9,9,100.0
8fa9249d-d87d-e52c-0ef4-7c183e4889bf,student4601@synthetic.example.com,Data Scientist,average,3,18,7,9,77.8
2c78ea2b-8b73-1233-a3fe-c1aad6d5d466,student4602@synthetic.example.com,Data Analyst,average,1,14,5,9,55.6
d16f10b2-0c5a-b6e1-1a39-76025dae1c9e,student4603@synthetic.example.com,Software Developer,average,1,12,7,10,70.0
5f840d1f-a195-ffcc-df24-1bed95b4962c,student4604@synthetic.example.com,Data Scientist,average,3,17,5,9,55.6
38d5ab62-ee08-ad26-f259-806e1a6e1dd3,student4605@synthetic.example.com,Data Analyst,average,3,15,7,9,77.8
33bab34f-3831-dbaa-fa46-25d79e4630a3,student4606@synthetic.example.com,Software Developer,average,2,15,7,10,70.0
8560f02a-f6d0-d61c-7b44-c9afa3de17ac,student4607@synthetic.example.com,Cloud Engineer,average,3,14,5,10,50.0
3bcb6e13-bae6-6ac1-d180-33ae53ce902c,student4608@synthetic.example.com,Software Developer,average,4,13,7,10,70.0
d739feeb-9d35-f562-255d-cd281631b0f9,student4609@synthetic.example.com,Cybersecurity Analyst,average,2,19,5,10,50.0
f883bf91-897b-2f2b-4ea2-bec7da83a321,student4610@synthetic.example.com,Web Developer,weak,4,5,1,9,11.1
454b10f8-ca71-2b31-ca8a-fb25584badcb,student4611@synthetic.example.com,Software Developer,strong,3,24,9,10,90.0
34a923b9-2b5d-4129-684e-6ff5e46d9555,student4612@synthetic.example.com,Software Developer,strong,3,15,8,10,80.0
629c162d-351c-06ea-9f0e-6e1f4d93b05a,student4613@synthetic.example.com,Web Developer,weak,2,9,4,9,44.4
add8a6f1-6222-1494-166a-d37a1985f4ec,student4614@synthetic.example.com,Web Developer,strong,2,18,6,9,66.7
0311cfdc-9bf3-d2f8-8b04-3f656b4d40b6,student4615@synthetic.example.com,Cloud Engineer,strong,3,20,10,10,100.0
573dcf01-307f-0295-e01c-814d96151af6,student4616@synthetic.example.com,Web Developer,weak,4,9,7,9,77.8
bb0c535d-d58b-31f5-524f-f4f28124da7c,student4617@synthetic.example.com,Data Analyst,average,4,13,5,9,55.6
c67feb09-da0e-1e81-9fce-cdb040a48a0f,student4618@synthetic.example.com,Web Developer,weak,2,8,4,9,44.4
2d047bc0-45cf-30e5-e5be-68f6fcc7207f,student4619@synthetic.example.com,Software Developer,weak,3,7,2,10,20.0
11962c94-13b6-d3ed-7ad9-b7664f8e9f4b,student4620@synthetic.example.com,Cybersecurity Analyst,weak,1,15,6,10,60.0
bbb606b1-e16f-6927-9027-c9c70e4a13bb,student4621@synthetic.example.com,Web Developer,average,3,17,8,9,88.9
a3f045da-38cd-bd6d-58eb-c3d201e146a0,student4622@synthetic.example.com,Cybersecurity Analyst,average,3,16,5,10,50.0
50d23f95-29ac-891f-afb2-78151d3d5840,student4623@synthetic.example.com,Software Developer,average,2,22,8,10,80.0
0c7dc4ef-78c1-0f4c-9fac-54f44c17a457,student4624@synthetic.example.com,Cloud Engineer,weak,2,11,3,10,30.0
d7791ae4-da84-b391-6747-2f8e051c3896,student4625@synthetic.example.com,Software Developer,weak,3,11,7,10,70.0
268bbda7-4bd4-b1e8-0548-bfbd261e34a9,student4626@synthetic.example.com,Data Analyst,average,4,17,6,9,66.7
9d73eacb-30c5-c41d-ac3f-56d3dc2ab8c8,student4627@synthetic.example.com,Data Analyst,average,1,15,5,9,55.6
d6d61c56-7fbd-1aa3-d3f8-879388376549,student4628@synthetic.example.com,Software Developer,strong,3,23,10,10,100.0
e78bb538-9c04-f55c-46e8-496cec04209f,student4629@synthetic.example.com,Web Developer,weak,4,8,1,9,11.1
32ac5b3a-1fec-a58e-be86-cf0f7fbcd6d5,student4630@synthetic.example.com,Software Developer,average,2,18,5,10,50.0
b564192b-e602-3530-3541-5fbe0fd80723,student4631@synthetic.example.com,Web Developer,weak,4,10,2,9,22.2
38641953-82d4-de08-598c-d4521f0b3022,student4632@synthetic.example.com,Data Analyst,weak,3,6,2,9,22.2
3b4c6bf7-a7ba-0436-4f52-b30f8fe7dedb,student4633@synthetic.example.com,Data Scientist,average,3,17,6,9,66.7
3d908fb2-6678-9648-9c9e-bcd27ee9a415,student4634@synthetic.example.com,Web Developer,average,2,12,4,9,44.4
86d66ea8-c2dc-207c-ca51-d5c515ade8dd,student4635@synthetic.example.com,Cybersecurity Analyst,strong,4,21,8,10,80.0
56f26b29-e189-0ddb-9fdf-cfd9e85a9869,student4636@synthetic.example.com,Cybersecurity Analyst,average,3,14,8,10,80.0
43c2b033-ff60-2b7c-cfbb-40d1a7705cd8,student4637@synthetic.example.com,Data Scientist,average,4,18,7,9,77.8
f6d5d32d-1b81-2e7d-6a36-faf531ecf31c,student4638@synthetic.example.com,Web Developer,average,2,17,6,9,66.7
b66f2ad8-8c9d-4313-c8b5-a40e23d63dbb,student4639@synthetic.example.com,Data Scientist,weak,4,10,6,9,66.7
f64cce69-9e20-f095-72cd-2a70c03f793a,student4640@synthetic.example.com,Data Scientist,weak,2,10,6,9,66.7
26938827-743b-0557-c40e-8c45388e4df7,student4641@synthetic.example.com,Software Developer,average,4,18,8,10,80.0
672635bd-ed1f-ea46-7183-aeee658fcea1,student4642@synthetic.example.com,Software Developer,strong,3,27,8,10,80.0
9de8b7fa-d1d3-99b4-7c67-377240799169,student4643@synthetic.example.com,Web Developer,average,3,11,6,9,66.7
af5dd579-8b75-3424-2c9a-eda478471bf2,student4644@synthetic.example.com,Cybersecurity Analyst,weak,2,11,5,10,50.0
0819529d-41f4-70b9-a5ee-23eba28aabda,student4645@synthetic.example.com,Data Analyst,strong,2,22,8,9,88.9
e9cb59f0-8ebb-0db0-784f-8bf2a6bf3eb1,student4646@synthetic.example.com,Data Analyst,average,4,14,3,9,33.3
e0bd27f9-7273-456d-4676-a87a6454e630,student4647@synthetic.example.com,Web Developer,average,2,16,8,9,88.9
2b9b4c0e-1c58-2929-078a-db31e127ae5c,student4648@synthetic.example.com,Data Analyst,strong,3,25,9,9,100.0
f8bec37e-9066-74a6-89a4-62ab31974567,student4649@synthetic.example.com,Software Developer,weak,2,5,3,10,30.0
35da4abb-36d0-1c03-1f0f-d6d653b6d006,student4650@synthetic.example.com,Cybersecurity Analyst,average,2,15,7,10,70.0
b3ab76a9-3aee-709c-f411-768a69344e06,student4651@synthetic.example.com,Web Developer,weak,1,8,5,9,55.6
68d623b6-c370-6337-01a1-37b2a36d338a,student4652@synthetic.example.com,Data Analyst,weak,2,13,2,9,22.2
8e9930db-5ab2-b111-cc76-d759c4879d7d,student4653@synthetic.example.com,Software Developer,average,1,8,3,10,30.0
a707ad11-97fb-f0fc-9cd9-a7b73fd4c7d1,student4654@synthetic.example.com,Web Developer,average,2,21,7,9,77.8
1c8bebb9-e209-1cd5-36fe-698d855cbe4d,student4655@synthetic.example.com,Web Developer,average,4,16,7,9,77.8
e8bc4639-72e6-e999-ba95-230a64289393,student4656@synthetic.example.com,Data Analyst,average,4,17,7,9,77.8
cc9e4107-7c25-646b-607a-8b0c336a2372,student4657@synthetic.example.com,Software Developer,average,2,18,9,10,90.0
cbb1388e-7cc5-bddc-60e6-b239029b518f,student4658@synthetic.example.com,Software Developer,average,3,12,5,10,50.0
dc3d2ab2-fa0a-2cbf-a75e-2f3cf0f29bb7,student4659@synthetic.example.com,Software Developer,average,4,16,7,10,70.0
1e333061-5731-eca3-23ae-9abc41075fe2,student4660@synthetic.example.com,Web Developer,average,3,13,4,9,44.4
958ef90e-b54a-c896-b6dd-61ca6ba35f1a,student4661@synthetic.example.com,Web Developer,weak,3,13,4,9,44.4
7e71fc96-12f0-21da-9ceb-664993fa414a,student4662@synthetic.example.com,Software Developer,weak,3,4,0,10,0.0
01f8810f-2e16-2ca1-e347-1f7cfed4d5e1,student4663@synthetic.example.com,Software Developer,average,4,18,9,10,90.0
162f0add-6098-a195-2f85-a37620515fd8,student4664@synthetic.example.com,Software Developer,average,2,20,8,10,80.0
bd355e8e-b18d-410a-7ffe-cac9826216f1,student4665@synthetic.example.com,Cybersecurity Analyst,weak,4,9,4,10,40.0
65f66b37-fa92-89ad-e118-024ff58627b5,student4666@synthetic.example.com,Cybersecurity Analyst,weak,3,6,5,10,50.0
1afa9cb4-4db4-6dbe-168b-e2f034d0b501,student4667@synthetic.example.com,Web Developer,strong,2,21,8,9,88.9
337ffc83-e4df-1a26-2bef-438cfae91371,student4668@synthetic.example.com,Web Developer,average,3,14,7,9,77.8
3091c3ad-7f0d-8777-30d2-a7d009a322bd,student4669@synthetic.example.com,Software Developer,average,3,20,8,10,80.0
aef26a73-bf68-30e2-ff4c-54133289a974,student4670@synthetic.example.com,Web Developer,weak,3,10,5,9,55.6
26def05f-44b5-0a28-f76e-cb25770847dc,student4671@synthetic.example.com,Data Analyst,average,1,16,9,9,100.0
b081b5c7-a70b-5250-fca2-e801f4bde6d8,student4672@synthetic.example.com,Data Analyst,strong,3,18,9,9,100.0
aa4d41d4-a1f4-3def-1c7c-fe5d510314c6,student4673@synthetic.example.com,Software Developer,average,1,14,9,10,90.0
787b1733-0603-6d7d-242b-b6aa64e103e6,student4674@synthetic.example.com,Web Developer,average,3,17,8,9,88.9
905f1e3c-6000-df4b-2056-7cebbac88b11,student4675@synthetic.example.com,Cloud Engineer,strong,1,22,9,10,90.0
0c3ce5b0-e734-1f36-6408-d0f00e053620,student4676@synthetic.example.com,Data Analyst,strong,4,24,9,9,100.0
fdfc081e-382e-c2f4-e34a-f6d7910be88f,student4677@synthetic.example.com,Data Scientist,weak,1,8,6,9,66.7
591e25de-8394-6c21-7191-632f8a259582,student4678@synthetic.example.com,Data Scientist,average,4,13,4,9,44.4
2bbecad2-aa70-f5ec-643c-11605cb9f4de,student4679@synthetic.example.com,Software Developer,average,1,22,10,10,100.0
c838b732-a8f1-94ff-4194-fbd24f84fa89,student4680@synthetic.example.com,Web Developer,strong,3,22,7,9,77.8
3e0133d1-9287-6b5e-eaa9-a62e4f042841,student4681@synthetic.example.com,Software Developer,average,3,16,7,10,70.0
5c296ee3-bc21-d385-06d2-e409b3e77b61,student4682@synthetic.example.com,Software Developer,weak,2,8,2,10,20.0
fac56312-e54d-a6da-2c26-43b91b68134e,student4683@synthetic.example.com,Data Analyst,average,2,19,7,9,77.8
639c908e-26cb-a765-f161-99856565c7ca,student4684@synthetic.example.com,Web Developer,average,3,11,6,9,66.7
2ad8204c-0f50-53ee-0f49-8c5ff4f3a0af,student4685@synthetic.example.com,Data Analyst,strong,3,18,8,9,88.9
d1935cf8-1322-0f05-c9e4-508fccde1121,student4686@synthetic.example.com,Data Scientist,weak,3,5,3,9,33.3
b078419d-7103-e053-450e-070bb426599f,student4687@synthetic.example.com,Cybersecurity Analyst,weak,2,8,3,10,30.0
2dc67d86-eb05-eb2a-ca5a-54cac04f3768,student4688@synthetic.example.com,Data Scientist,weak,3,5,2,9,22.2
1fc39ff6-2351-f508-97a6-f30399540a47,student4689@synthetic.example.com,Data Analyst,weak,3,10,4,9,44.4
cc0362db-fcd1-73c3-fabe-23e5cf75c16e,student4690@synthetic.example.com,Software Developer,weak,3,14,6,10,60.0
b2d089a4-5064-78b6-a335-3675e33d7002,student4691@synthetic.example.com,Cybersecurity Analyst,strong,2,29,10,10,100.0
bf687999-9d0f-460a-a4c6-3db8edfe69c5,student4692@synthetic.example.com,Cybersecurity Analyst,average,3,19,4,10,40.0
6a946ace-ab80-211f-29d6-a8a99cea5acc,student4693@synthetic.example.com,Web Developer,weak,3,10,4,9,44.4
23ef2d47-56c8-e826-dd6a-d45358fb7800,student4694@synthetic.example.com,Cybersecurity Analyst,average,1,17,5,10,50.0
68765456-1621-a3e5-1621-1ae4a3cbba8b,student4695@synthetic.example.com,Data Analyst,weak,1,11,5,9,55.6
9cceadce-874b-576d-1f28-668612d197c5,student4696@synthetic.example.com,Software Developer,average,3,11,5,10,50.0
b503bc91-a532-99ab-cf38-0565c3315f1e,student4697@synthetic.example.com,Cloud Engineer,weak,2,8,1,10,10.0
775f287c-e4a4-8f6d-966d-3d01f19d0994,student4698@synthetic.example.com,Cybersecurity Analyst,strong,2,24,7,10,70.0
b079ccd7-590b-db77-3254-2f861345b44b,student4699@synthetic.example.com,Cybersecurity Analyst,strong,2,26,8,10,80.0
c39f3cff-638a-2e36-e23c-5efa321a0ccf,student4700@synthetic.example.com,Data Scientist,average,4,14,5,9,55.6
48de9012-7676-df64-28fb-ad93e865b0c0,student4701@synthetic.example.com,Software Developer,strong,3,26,9,10,90.0
0e8409e0-6129-b999-02d8-13e4422d01ef,student4702@synthetic.example.com,Cloud Engineer,weak,2,9,4,10,40.0
2e32a1c7-b007-7259-46da-d42cf8f8a82f,student4703@synthetic.example.com,Software Developer,average,1,17,6,10,60.0
9a697af5-d620-c07b-ba12-616bd2b07d80,student4704@synthetic.example.com,Web Developer,strong,4,26,9,9,100.0
1dd9b454-cca4-7b9b-689b-0460bcd2c799,student4705@synthetic.example.com,Data Analyst,average,2,8,4,9,44.4
6f39c001-f5e9-e188-abd1-c75e4c2fb749,student4706@synthetic.example.com,Software Developer,weak,1,5,1,10,10.0
bd82a7e2-4a1b-a151-769c-1549823eff5b,student4707@synthetic.example.com,Software Developer,average,2,16,8,10,80.0
e7fe1df2-5754-66d3-2b0b-35fc852e3ee5,student4708@synthetic.example.com,Cybersecurity Analyst,average,4,15,5,10,50.0
58275175-a839-ab54-9361-a373240e3167,student4709@synthetic.example.com,Software Developer,strong,2,19,8,10,80.0
dd39ddf8-8bb4-c125-45dd-361d6bd2503f,student4710@synthetic.example.com,Data Analyst,average,2,13,6,9,66.7
73c19fe9-93ed-5fb9-d131-9486599783a6,student4711@synthetic.example.com,Data Analyst,average,3,11,4,9,44.4
b7fea4df-1bf7-b0ce-eac3-f38a240fa737,student4712@synthetic.example.com,Software Developer,average,3,15,6,10,60.0
d22855d7-246f-f9aa-5d31-f1bbba4a04a0,student4713@synthetic.example.com,Software Developer,average,4,21,10,10,100.0
c30f96d1-f33c-f6c1-ce8c-9af6b70fff0d,student4714@synthetic.example.com,Data Analyst,strong,3,17,8,9,88.9
329da3c3-c415-192e-9e07-60dc032a507c,student4715@synthetic.example.com,Web Developer,weak,3,8,2,9,22.2
c99d034c-97d4-3f20-4534-fec5a1af04d5,student4716@synthetic.example.com,Software Developer,average,4,24,5,10,50.0
34604d83-fa73-3aa2-8d7b-c8dca837433b,student4717@synthetic.example.com,Cybersecurity Analyst,strong,2,23,8,10,80.0
dbd7c934-e218-deb3-7f85-17edb0e80d71,student4718@synthetic.example.com,Cybersecurity Analyst,strong,2,29,9,10,90.0
65fba954-6af2-622d-02f4-5ee45d419217,student4719@synthetic.example.com,Data Analyst,weak,2,6,2,9,22.2
59cbd355-7fe8-dfe4-82a4-e202c2298b87,student4720@synthetic.example.com,Software Developer,average,3,13,6,10,60.0
b8800b54-de98-c50c-62ef-aadecfca13fe,student4721@synthetic.example.com,Cybersecurity Analyst,strong,3,29,10,10,100.0
a66b2d5f-4544-3bf1-2e1b-1907092b8821,student4722@synthetic.example.com,Web Developer,average,2,13,7,9,77.8
b74e0190-2384-9ce2-fb02-0e881f30ce92,student4723@synthetic.example.com,Data Analyst,strong,2,15,6,9,66.7
7d298610-668f-a9d8-ced6-b28815f18f1c,student4724@synthetic.example.com,Cybersecurity Analyst,weak,1,8,3,10,30.0
44847709-bedb-9f05-ea0a-0a2b365a368f,student4725@synthetic.example.com,Software Developer,weak,2,9,6,10,60.0
7b1e72a7-0855-1aa8-a62d-c8195431a6d3,student4726@synthetic.example.com,Cybersecurity Analyst,strong,4,28,10,10,100.0
a7e3ed6e-a754-791c-5a97-3b0366143cfc,student4727@synthetic.example.com,Software Developer,weak,3,14,4,10,40.0
f5f1eb92-8505-1a50-b49d-f5310cacfe17,student4728@synthetic.example.com,Cloud Engineer,weak,2,6,4,10,40.0
ddeaef13-33af-f16e-b25e-a31a3de202de,student4729@synthetic.example.com,Web Developer,weak,2,7,4,9,44.4
e4b51236-6d0f-8c57-2924-c1136ae6cdc1,student4730@synthetic.example.com,Data Scientist,average,4,22,9,9,100.0
6c7924de-98ab-1560-151b-0fc4da24d193,student4731@synthetic.example.com,Software Developer,average,4,18,8,10,80.0
6011423c-7bbd-3d99-91db-3a0aa8c90232,student4732@synthetic.example.com,Software Developer,average,2,21,7,10,70.0
e7fbfd6e-4c48-5969-f8a7-19fc8e15033e,student4733@synthetic.example.com,Software Developer,average,4,16,8,10,80.0
04531958-fe8f-6021-1334-1f118d70c945,student4734@synthetic.example.com,Data Scientist,weak,3,13,8,9,88.9
aa2ec8e1-9e3c-58f7-2ff3-5c64a4ccbfa0,student4735@synthetic.example.com,Data Analyst,strong,1,16,8,9,88.9
dd9797af-8c5e-3767-e971-63ab141a261a,student4736@synthetic.example.com,Web Developer,weak,3,8,4,9,44.4
6fbb8e98-813b-4712-6f80-2f8661b819fa,student4737@synthetic.example.com,Software Developer,weak,2,7,5,10,50.0
5c3adba2-cc0b-aea3-3b99-38bb3af47ef0,student4738@synthetic.example.com,Data Analyst,strong,1,21,9,9,100.0
94fc748e-0079-6c07-e29e-ccebfa51dfb9,student4739@synthetic.example.com,Data Analyst,strong,2,19,7,9,77.8
c49de8d2-b529-607c-20b6-4faaf736ff4e,student4740@synthetic.example.com,Data Scientist,weak,3,7,2,9,22.2
a9f00c27-68ac-f7f1-6ea2-912d92c732e9,student4741@synthetic.example.com,Data Analyst,strong,2,23,6,9,66.7
e3c8a9df-5ffd-4d44-651c-4e7234047e85,student4742@synthetic.example.com,Web Developer,average,3,13,7,9,77.8
f95e4060-6eb7-f6c3-4acd-43bf27a57e0a,student4743@synthetic.example.com,Web Developer,average,2,12,5,9,55.6
4d0885f6-fa9b-8616-e327-2be162d9dbba,student4744@synthetic.example.com,Data Analyst,weak,3,14,5,9,55.6
d7072b71-9700-619e-282c-41be9293d97e,student4745@synthetic.example.com,Data Analyst,average,3,17,8,9,88.9
f697c895-db01-edfa-b2c6-98659291f58d,student4746@synthetic.example.com,Software Developer,strong,1,20,10,10,100.0
85735169-9c3f-a814-7d71-b6843d920a61,student4747@synthetic.example.com,Data Analyst,average,2,18,6,9,66.7
e9c35083-5e6d-207b-c346-82f78368b7de,student4748@synthetic.example.com,Cybersecurity Analyst,weak,1,8,3,10,30.0
bf8a1c8a-4ec7-2309-8943-4cbaf5fcc6c2,student4749@synthetic.example.com,Data Analyst,average,1,15,5,9,55.6
fe901e76-14c8-68ef-0e17-40b8e5ef4d7d,student4750@synthetic.example.com,Cloud Engineer,average,1,9,5,10,50.0
6d1d5c78-c8ea-623a-8196-b338d8064df7,student4751@synthetic.example.com,Cloud Engineer,weak,2,11,2,10,20.0
5160f62a-66aa-1f86-5f1f-5d8b73c6bb6f,student4752@synthetic.example.com,Data Analyst,average,1,17,7,9,77.8
e53de1ae-e889-3ba4-1634-1aa8ffb675f9,student4753@synthetic.example.com,Data Analyst,weak,2,8,7,9,77.8
8c675007-cac3-d745-a93a-b9b9dc849cee,student4754@synthetic.example.com,Data Analyst,weak,1,10,2,9,22.2
29572b65-a449-7c4a-d0f3-c67a50caecc1,student4755@synthetic.example.com,Software Developer,average,3,14,6,10,60.0
d77ffe23-a810-39fb-bbdd-35a26e491857,student4756@synthetic.example.com,Data Analyst,weak,2,11,5,9,55.6
ebe33f03-ec04-f683-3ca6-9752070f51ef,student4757@synthetic.example.com,Software Developer,average,4,13,6,10,60.0
0867e914-d76a-9042-6b5e-4b504db85ed3,student4758@synthetic.example.com,Data Scientist,weak,3,12,5,9,55.6
edfa8563-0fcc-2198-9930-d350c1a7c74e,student4759@synthetic.example.com,Cloud Engineer,average,3,10,6,10,60.0
87725f2c-5b81-496d-7ed5-d19b0c706e14,student4760@synthetic.example.com,Software Developer,weak,2,12,2,10,20.0
14a277e5-9b94-85e0-b031-e2cde387cd28,student4761@synthetic.example.com,Software Developer,weak,3,6,3,10,30.0
de3d5f84-2704-bbcd-0f22-fe9786343387,student4762@synthetic.example.com,Software Developer,weak,4,9,5,10,50.0
470dc0d0-ade0-99a7-2daf-7ada20387b7e,student4763@synthetic.example.com,Software Developer,strong,3,22,8,10,80.0
4293bb85-f1ad-a9ad-52c4-3e70424085e2,student4764@synthetic.example.com,Cybersecurity Analyst,weak,2,16,2,10,20.0
e8e5df6d-946e-a0c5-c38e-d55a8f77111a,student4765@synthetic.example.com,Data Analyst,weak,4,11,3,9,33.3
8ee813c6-55dc-f063-8504-1ac80f651f61,student4766@synthetic.example.com,Software Developer,average,1,19,9,10,90.0
591e8e49-89ed-0730-5493-ea394be799c2,student4767@synthetic.example.com,Data Scientist,average,4,22,7,9,77.8
7b8ce777-4beb-cd78-97c5-120db7244045,student4768@synthetic.example.com,Software Developer,weak,1,11,5,10,50.0
401c7378-f406-829a-fb43-cac12c2bb2fb,student4769@synthetic.example.com,Data Analyst,average,2,14,8,9,88.9
86d8a581-dae2-acf1-9d28-6ea062f5103e,student4770@synthetic.example.com,Web Developer,average,2,14,5,9,55.6
cf435a9c-024f-7dcd-320f-c735de4e82a0,student4771@synthetic.example.com,Web Developer,average,2,13,3,9,33.3
545f68e9-0d65-1a7f-5430-1b2bab668eb4,student4772@synthetic.example.com,Software Developer,strong,3,18,8,10,80.0
8e7d0850-2482-2a79-a724-4f664a08facb,student4773@synthetic.example.com,Cloud Engineer,weak,2,9,4,10,40.0
0356c562-ca07-4610-a3d8-79f744096843,student4774@synthetic.example.com,Software Developer,weak,3,11,7,10,70.0
825f2e7f-13e9-05de-444b-a2d62dde9120,student4775@synthetic.example.com,Data Analyst,weak,4,15,7,9,77.8
ebd69acc-3931-4623-175f-fbe279f31611,student4776@synthetic.example.com,Cloud Engineer,weak,3,9,2,10,20.0
1b1cd91d-2474-b591-08a0-14512d162ad0,student4777@synthetic.example.com,Cybersecurity Analyst,average,3,19,7,10,70.0
1002be9d-b177-a988-933a-b0a601ee2256,student4778@synthetic.example.com,Cybersecurity Analyst,strong,1,27,9,10,90.0
7e99e96d-227b-bf4d-bbc5-c00b6a3f8389,student4779@synthetic.example.com,Software Developer,average,1,15,7,10,70.0
08a70b46-0ebb-6d12-3634-42c53ad490f8,student4780@synthetic.example.com,Data Analyst,average,1,17,9,9,100.0
f87b558d-63af-361c-3890-bb97491e27f2,student4781@synthetic.example.com,Data Analyst,average,3,17,9,9,100.0
7aa62491-c238-1966-8252-a9a096d1f5ec,student4782@synthetic.example.com,Cybersecurity Analyst,weak,2,5,3,10,30.0
6c08e82a-3715-d980-22e8-b42b2f7a84e7,student4783@synthetic.example.com,Data Analyst,weak,2,5,4,9,44.4
d966a5d1-35a6-284a-be15-d6ec6f482edd,student4784@synthetic.example.com,Cybersecurity Analyst,strong,3,23,8,10,80.0
e58ee39d-b60c-a8c2-49e1-7482b02b5343,student4785@synthetic.example.com,Cybersecurity Analyst,average,3,14,6,10,60.0
abf8319d-d4b6-0dfd-8284-bf3bfaf59494,student4786@synthetic.example.com,Web Developer,average,4,21,9,9,100.0
b6a6435d-7f77-2817-4a84-c7564327fc00,student4787@synthetic.example.com,Data Scientist,strong,2,21,9,9,100.0
eb74afe0-84c7-6917-9bf1-916d6881fa68,student4788@synthetic.example.com,Data Analyst,average,4,11,7,9,77.8
e90fc33f-840d-a9a7-fff4-54353c237179,student4789@synthetic.example.com,Software Developer,average,3,13,5,10,50.0
ed823678-f2c1-7b8a-71b1-4f850a8664cb,student4790@synthetic.example.com,Web Developer,average,3,11,6,9,66.7
0843c658-5487-6821-0d98-f82aa19ddfd6,student4791@synthetic.example.com,Cloud Engineer,average,3,13,7,10,70.0
8b8afa56-89ba-d691-8e84-835e270e9f1e,student4792@synthetic.example.com,Data Analyst,average,2,14,6,9,66.7
aaa7f71c-22bd-646e-ef59-1b15754f0940,student4793@synthetic.example.com,Software Developer,weak,2,12,4,10,40.0
3165d3a7-b5e8-a271-6a75-c131ebff5bc1,student4794@synthetic.example.com,Cybersecurity Analyst,weak,4,12,1,10,10.0
782f12e0-0f49-9418-dab5-cba07bb6aecb,student4795@synthetic.example.com,Software Developer,average,3,14,7,10,70.0
0cc24340-c66e-755a-a005-55fb15641de6,student4796@synthetic.example.com,Data Scientist,average,1,20,6,9,66.7
29d888e3-0131-7d35-560e-adc33f8a6a18,student4797@synthetic.example.com,Cybersecurity Analyst,average,2,19,7,10,70.0
9b30ca17-31a6-5d3d-1046-cf04b02da1f8,student4798@synthetic.example.com,Cloud Engineer,average,2,14,9,10,90.0
260c09af-9fae-55d7-272f-d068afe38746,student4799@synthetic.example.com,Data Analyst,average,2,16,5,9,55.6
0ba68ecd-fd62-27d5-2efa-dcc730431615,student4800@synthetic.example.com,Data Scientist,average,2,12,6,9,66.7
27cbcad7-5ec4-6f2c-4b14-c10cb986cfc8,student4801@synthetic.example.com,Software Developer,weak,3,12,7,10,70.0
77d2a476-6b67-d666-1a9a-2f1398b22fac,student4802@synthetic.example.com,Cybersecurity Analyst,average,3,15,6,10,60.0
d2a49bd6-be2b-d36f-f9f0-7b013c45ff2e,student4803@synthetic.example.com,Software Developer,average,3,20,9,10,90.0
6850548a-36ae-0af9-2561-8c64a8ee325c,student4804@synthetic.example.com,Data Analyst,average,4,14,6,9,66.7
55363e26-1a2e-175e-4ee2-78c65324891b,student4805@synthetic.example.com,Data Analyst,weak,2,16,5,9,55.6
fd98baec-5bb2-eb4a-d707-1eb11071ab44,student4806@synthetic.example.com,Web Developer,strong,1,21,8,9,88.9
6cd2dd91-3011-e160-4035-6e1498d465e3,student4807@synthetic.example.com,Data Scientist,average,4,14,8,9,88.9
bfc3b6a5-b93d-5a78-bc3d-50a732c50fcc,student4808@synthetic.example.com,Data Analyst,strong,1,26,8,9,88.9
5ade4ea2-28c7-a9d8-7176-c210abc2d078,student4809@synthetic.example.com,Software Developer,weak,1,9,3,10,30.0
8722cb79-f3a0-6f0a-3ab1-e3fe727ce55b,student4810@synthetic.example.com,Software Developer,weak,3,3,1,10,10.0
7f7bc1b1-5d30-39e8-eb0e-430e4b73c07e,student4811@synthetic.example.com,Software Developer,average,3,15,6,10,60.0
c8322983-be1b-c252-48d6-a1ccba6da6f1,student4812@synthetic.example.com,Cybersecurity Analyst,strong,2,21,10,10,100.0
ce7c5c52-0445-ee1f-05e7-b8589c6df3da,student4813@synthetic.example.com,Data Scientist,strong,1,24,7,9,77.8
69b315c2-b45a-5ff6-0e28-6968ecf8258d,student4814@synthetic.example.com,Cybersecurity Analyst,strong,4,30,9,10,90.0
01b3ba0a-2b44-731b-1879-1a38e0fea16b,student4815@synthetic.example.com,Data Scientist,weak,3,3,2,9,22.2
7421a0f1-6c21-3d81-8504-21d52a42e69a,student4816@synthetic.example.com,Cloud Engineer,strong,1,25,10,10,100.0
85779e17-582b-ce16-426b-9825cc899e0c,student4817@synthetic.example.com,Data Analyst,weak,4,11,6,9,66.7
c752bc6e-d53c-4c30-20d0-dd58b29e7ded,student4818@synthetic.example.com,Software Developer,average,2,16,9,10,90.0
3872d285-09e1-36a8-0cae-f72a1390576b,student4819@synthetic.example.com,Web Developer,average,1,14,7,9,77.8
57a2664b-d59a-f3e8-d542-f69afc07ef3e,student4820@synthetic.example.com,Cybersecurity Analyst,strong,3,33,10,10,100.0
278e4ed4-d8f0-a101-411e-1475e34ebae2,student4821@synthetic.example.com,Cloud Engineer,weak,3,7,4,10,40.0
4c4a17a4-439f-a14f-bc08-aec7ecb4b771,student4822@synthetic.example.com,Cybersecurity Analyst,weak,1,4,4,10,40.0
c29adfd1-ce51-adbc-390e-107ec4faf3a1,student4823@synthetic.example.com,Software Developer,average,4,13,9,10,90.0
3abf14d1-c654-7ef9-3714-9ff6b330562a,student4824@synthetic.example.com,Web Developer,weak,3,14,3,9,33.3
b9b68f96-5e57-0402-7d93-8ee7838647e5,student4825@synthetic.example.com,Web Developer,average,3,25,6,9,66.7
069cbb95-9f38-544e-0102-cd309c463901,student4826@synthetic.example.com,Data Analyst,average,2,18,8,9,88.9
9b7c4817-3582-b427-1238-6644793b3bfa,student4827@synthetic.example.com,Data Analyst,average,2,8,5,9,55.6
0d14bce5-37e4-d6fe-d6e8-8daed87b5c3c,student4828@synthetic.example.com,Cybersecurity Analyst,average,4,21,4,10,40.0
b2b8b431-7c1d-fd20-cdea-1ed018930c22,student4829@synthetic.example.com,Cloud Engineer,average,2,19,6,10,60.0
099c6aed-75e1-1a5b-c6cc-705231778bbe,student4830@synthetic.example.com,Cybersecurity Analyst,weak,4,15,5,10,50.0
8f919491-eede-4bd0-47f4-e7bc94ca9f69,student4831@synthetic.example.com,Software Developer,average,4,11,6,10,60.0
de0bfaa1-b565-6e15-e1eb-f20f048439e0,student4832@synthetic.example.com,Software Developer,strong,3,23,9,10,90.0
f7b98477-5f74-bed5-0d1c-8e45afc626bd,student4833@synthetic.example.com,Data Analyst,average,4,12,6,9,66.7
64a5144f-e4f4-07bd-474a-8a1b45e9a6c7,student4834@synthetic.example.com,Web Developer,strong,1,18,7,9,77.8
d5912644-4781-c42a-72c3-e324aeb64a27,student4835@synthetic.example.com,Cybersecurity Analyst,average,4,22,9,10,90.0
ae1dd69c-5aee-4a1e-4023-b6b5e43c7325,student4836@synthetic.example.com,Software Developer,strong,3,29,8,10,80.0
8867197d-c8af-11bd-4b79-875933a3dbb8,student4837@synthetic.example.com,Cybersecurity Analyst,weak,3,18,4,10,40.0
50659e98-1363-93db-367a-b4d10975c247,student4838@synthetic.example.com,Cloud Engineer,strong,4,25,10,10,100.0
b7dac503-4431-f262-c07a-d65dc075a2bb,student4839@synthetic.example.com,Data Analyst,weak,4,11,0,9,0.0
1e53609d-e5dc-bbc1-03bd-c86346302f32,student4840@synthetic.example.com,Data Scientist,strong,1,25,7,9,77.8
70aaa863-32e1-95b8-7ee7-072ed6dc7503,student4841@synthetic.example.com,Data Analyst,strong,1,22,8,9,88.9
ffcd51cf-0101-658a-cdf0-2579f473012d,student4842@synthetic.example.com,Data Analyst,weak,4,14,2,9,22.2
3483833e-3993-efc1-c2e1-caa1800751d8,student4843@synthetic.example.com,Cloud Engineer,strong,3,22,10,10,100.0
d6e0dc0a-c0da-412f-6c4e-5c4fac24778a,student4844@synthetic.example.com,Data Analyst,weak,3,4,2,9,22.2
af7d1655-b35e-652e-0005-783baa551494,student4845@synthetic.example.com,Data Scientist,average,4,16,8,9,88.9
4fc1eb0d-f2ce-de37-4c1d-9397124d139a,student4846@synthetic.example.com,Data Scientist,average,2,19,6,9,66.7
9e10a0c5-37b8-0ac9-4cef-f18c22b447e3,student4847@synthetic.example.com,Cloud Engineer,strong,2,18,9,10,90.0
8a5120e0-79a3-eb7e-4493-4d57e44a2a6c,student4848@synthetic.example.com,Cybersecurity Analyst,average,2,10,6,10,60.0
4c15f882-ef7e-7031-94e4-375cb436edbd,student4849@synthetic.example.com,Software Developer,average,3,15,7,10,70.0
5576126e-b0b4-0402-d916-6f0c1353b4f5,student4850@synthetic.example.com,Cloud Engineer,average,2,10,5,10,50.0
81420c1c-40da-fd36-ca8c-c1f0701917d3,student4851@synthetic.example.com,Data Analyst,weak,2,11,1,9,11.1
be04738d-dddc-4395-5f49-c7740df5c442,student4852@synthetic.example.com,Web Developer,average,3,13,8,9,88.9
bb633a1c-3388-e3d6-b403-dd3484e1eea8,student4853@synthetic.example.com,Software Developer,average,3,17,9,10,90.0
8a0b116d-8c1e-29e1-b332-ee5ae6b4f3d3,student4854@synthetic.example.com,Data Scientist,average,4,21,7,9,77.8
4c983772-7d04-addd-c577-ed844eca6c1e,student4855@synthetic.example.com,Cloud Engineer,average,3,19,8,10,80.0
8b4bac59-0151-420b-c5b8-884562712066,student4856@synthetic.example.com,Cybersecurity Analyst,weak,4,11,3,10,30.0
8a1c1b7d-112a-19ab-08a9-1882bf57550f,student4857@synthetic.example.com,Cybersecurity Analyst,weak,2,7,2,10,20.0
9f24620f-05a2-368f-6b46-bee4dfa5d41d,student4858@synthetic.example.com,Cybersecurity Analyst,average,3,18,9,10,90.0
d48e4dfa-b349-5437-f132-078a960c4f94,student4859@synthetic.example.com,Cybersecurity Analyst,average,2,17,7,10,70.0
d06f5af3-2867-4210-3531-939f6e57b370,student4860@synthetic.example.com,Web Developer,average,2,23,7,9,77.8
3086de11-1615-ebff-8bb4-5e4f77d65c95,student4861@synthetic.example.com,Cloud Engineer,strong,3,16,9,10,90.0
dbb6098a-90f5-eacf-df18-29a50991afb1,student4862@synthetic.example.com,Data Analyst,weak,3,13,5,9,55.6
2586f596-c012-6c32-97f2-29cb300a9866,student4863@synthetic.example.com,Software Developer,average,2,26,7,10,70.0
a5641164-e352-c44c-781a-717dfc1dae83,student4864@synthetic.example.com,Web Developer,average,4,12,6,9,66.7
790f4bcb-c667-3f05-d06d-ee7d29afd897,student4865@synthetic.example.com,Data Scientist,average,3,17,6,9,66.7
bfe4027c-e85f-642e-18d2-df311f6fb15c,student4866@synthetic.example.com,Cloud Engineer,average,4,18,9,10,90.0
22b1b33c-2ce2-c385-0afd-565be34b213a,student4867@synthetic.example.com,Software Developer,strong,2,26,10,10,100.0
d5e59cca-bc6e-86fc-4fc9-b3de4f4fc9da,student4868@synthetic.example.com,Data Analyst,average,3,20,6,9,66.7
8cd92275-3a9f-f69c-a77c-2059596ac0c1,student4869@synthetic.example.com,Data Scientist,average,3,14,7,9,77.8
c3ffef6a-1815-667b-5b6c-cb7f85b1ef15,student4870@synthetic.example.com,Cybersecurity Analyst,average,3,15,5,10,50.0
264abbc2-86d4-ca94-6610-c6890b54251b,student4871@synthetic.example.com,Software Developer,average,3,16,7,10,70.0
eebbf8ed-0d40-d06e-3d0b-6888b5f7fad9,student4872@synthetic.example.com,Data Analyst,strong,3,24,8,9,88.9
fe1e24d1-0726-dae1-f9d2-3ba6627dfd4c,student4873@synthetic.example.com,Web Developer,average,2,16,6,9,66.7
6afdc4e9-1696-191f-0a8e-e64ad0eef6f5,student4874@synthetic.example.com,Software Developer,average,1,15,5,10,50.0
99495d57-974f-cee3-870a-f0351cd9d4d2,student4875@synthetic.example.com,Software Developer,weak,3,12,4,10,40.0
1773ccae-ce93-b652-c94b-d997520ae8ff,student4876@synthetic.example.com,Data Scientist,strong,2,23,7,9,77.8
6f0a28e3-3877-67f3-b9fd-00f8bfa3bd0c,student4877@synthetic.example.com,Cybersecurity Analyst,weak,3,12,4,10,40.0
7e9c16ec-7895-9c65-3ee6-e7f9cd62107c,student4878@synthetic.example.com,Data Analyst,weak,2,13,6,9,66.7
9fe167e6-a190-31ee-7ebb-bc43311de741,student4879@synthetic.example.com,Software Developer,weak,2,10,3,10,30.0
75af0caa-92e3-b6eb-9514-50eea9f5cc78,student4880@synthetic.example.com,Web Developer,weak,3,11,3,9,33.3
ae950f36-3dc7-94ea-06e4-fd3560d26ff0,student4881@synthetic.example.com,Data Scientist,weak,3,11,6,9,66.7
c8ad3915-1da0-d9cc-b67b-d592f30eac2e,student4882@synthetic.example.com,Web Developer,strong,2,22,8,9,88.9
51bdb21f-871b-7ea8-f960-ebf4ca584a69,student4883@synthetic.example.com,Data Analyst,average,2,14,8,9,88.9
f72cc5bb-d318-b691-6a2d-8b61689b054f,student4884@synthetic.example.com,Cybersecurity Analyst,strong,2,29,10,10,100.0
45bb827c-0c51-84db-4866-fe0ee9500752,student4885@synthetic.example.com,Data Scientist,average,1,12,5,9,55.6
2928a963-7117-5416-0451-b52eee263402,student4886@synthetic.example.com,Software Developer,average,4,16,8,10,80.0
34be2515-c2ec-42da-f566-a9d87f710403,student4887@synthetic.example.com,Data Analyst,average,3,18,8,9,88.9
af6f88c9-175d-92e7-d457-dc91d4b1ff94,student4888@synthetic.example.com,Web Developer,average,3,16,9,9,100.0
603146d0-42bf-4a94-7ae0-d395017c7d1f,student4889@synthetic.example.com,Web Developer,weak,4,17,6,9,66.7
35737374-4ab0-eb41-6525-6e43523d787a,student4890@synthetic.example.com,Cloud Engineer,weak,1,18,3,10,30.0
f3db088e-ca1c-f948-09bb-ed2b92f143c6,student4891@synthetic.example.com,Cybersecurity Analyst,average,3,16,9,10,90.0
0e3eccbc-5267-974b-a651-351f35a0adb1,student4892@synthetic.example.com,Software Developer,average,3,12,9,10,90.0
f4542ed7-88b0-b792-0d88-ba9a642c0213,student4893@synthetic.example.com,Web Developer,weak,3,14,4,9,44.4
607ffa2d-655e-d3d0-1645-dd4eacf6eaf7,student4894@synthetic.example.com,Data Analyst,strong,3,17,8,9,88.9
3015bc74-41c2-a9c6-a36b-0f0beefdd951,student4895@synthetic.example.com,Cloud Engineer,strong,2,18,8,10,80.0
43a4c0b6-bf2c-11e5-9fb1-d4e1094748b8,student4896@synthetic.example.com,Data Scientist,strong,4,26,9,9,100.0
cab55487-0ba6-79ce-bb96-459a85e71aa3,student4897@synthetic.example.com,Software Developer,average,3,16,8,10,80.0
131802cb-7e24-602a-8d64-ea16f24fcf74,student4898@synthetic.example.com,Software Developer,strong,1,27,10,10,100.0
9b6be3ef-12ff-99f8-2001-2fcdd77edd33,student4899@synthetic.example.com,Data Scientist,weak,4,8,3,9,33.3
60393a97-cd0a-92c5-aee9-d23d795a4ba1,student4900@synthetic.example.com,Web Developer,average,2,24,6,9,66.7
b9be6543-b09e-4509-9c45-82b6e6b9eb1c,student4901@synthetic.example.com,Cloud Engineer,weak,3,12,3,10,30.0
c0e1a764-204d-72b2-2aff-0e25ee24a076,student4902@synthetic.example.com,Cybersecurity Analyst,strong,3,24,9,10,90.0
ee20528b-c9e6-e245-f50f-37f650a83d30,student4903@synthetic.example.com,Software Developer,average,2,14,7,10,70.0
65091ef4-3542-02b1-a661-3f340cdd6a34,student4904@synthetic.example.com,Cloud Engineer,average,3,15,5,10,50.0
a03959c9-d477-8c3f-570b-ff2980d5661a,student4905@synthetic.example.com,Data Scientist,average,3,16,7,9,77.8
dc11bc59-80bd-c087-719b-354ec02dfe8a,student4906@synthetic.example.com,Software Developer,average,4,21,7,10,70.0
ba23647d-0954-0ccf-74c2-ac30e9f2c942,student4907@synthetic.example.com,Web Developer,average,4,16,7,9,77.8
0a9e978a-9cfc-4323-7fe4-6e8b64c319e7,student4908@synthetic.example.com,Cybersecurity Analyst,weak,2,12,5,10,50.0
a3f105fa-0162-f966-b74f-30fccfb24df1,student4909@synthetic.example.com,Cybersecurity Analyst,average,1,15,7,10,70.0
ee07dfca-45f3-624d-4ff6-5e7a7afebde0,student4910@synthetic.example.com,Web Developer,average,2,13,7,9,77.8
48d5b7a8-6b0b-4c97-7570-bf823574fd85,student4911@synthetic.example.com,Data Scientist,strong,4,26,9,9,100.0
ba65a9c8-ba7b-04b4-2532-33167f913ecc,student4912@synthetic.example.com,Software Developer,average,1,12,7,10,70.0
7f3d5958-9b86-15b9-b59c-044618ec8622,student4913@synthetic.example.com,Cloud Engineer,average,2,15,9,10,90.0
f37569cd-5167-b453-9858-4c334b5e8eed,student4914@synthetic.example.com,Data Analyst,weak,1,11,3,9,33.3
64553fcb-7ceb-cf32-add5-795acb6fc5ee,student4915@synthetic.example.com,Web Developer,average,4,19,7,9,77.8
9ea872ed-b0f7-00de-ad61-0cd8bd47ab0c,student4916@synthetic.example.com,Cybersecurity Analyst,strong,1,22,7,10,70.0
142c8a4c-9b0d-77c3-fb7b-59c134f4bdd4,student4917@synthetic.example.com,Data Scientist,weak,3,7,1,9,11.1
15dd28d0-f2c6-315a-c49e-5920888ef784,student4918@synthetic.example.com,Web Developer,weak,3,9,5,9,55.6
94b5e131-90f6-826c-2f0e-e45ea56fe2ed,student4919@synthetic.example.com,Data Scientist,weak,2,5,1,9,11.1
0443bded-a19d-8c8d-ad72-dff7bbe6f666,student4920@synthetic.example.com,Web Developer,weak,2,10,1,9,11.1
65f68703-5798-22a1-7d1c-c4f30595875c,student4921@synthetic.example.com,Data Scientist,average,2,22,6,9,66.7
2f6aeeb5-088e-17fc-cfb3-5d5aadc506c9,student4922@synthetic.example.com,Data Scientist,weak,3,6,5,9,55.6
17cc431d-778a-ee6b-1674-1ef7f2dcf632,student4923@synthetic.example.com,Data Analyst,average,2,17,7,9,77.8
4e5081a0-f569-825c-7f43-4d4731e04c26,student4924@synthetic.example.com,Web Developer,weak,3,13,3,9,33.3
48e9e7f6-6a91-ae6b-644e-08c83bac5b5f,student4925@synthetic.example.com,Software Developer,average,3,13,9,10,90.0
0c531a63-5271-b1b3-8dbf-948399a30097,student4926@synthetic.example.com,Software Developer,strong,3,30,8,10,80.0
d51a5203-c806-4534-bb26-438814a6f6ee,student4927@synthetic.example.com,Web Developer,average,2,21,7,9,77.8
b761f5ee-5a0a-a9d7-e189-f7b8280e7b1e,student4928@synthetic.example.com,Cybersecurity Analyst,weak,4,13,3,10,30.0
31bf40ae-bd0c-97f4-0850-49a7dffd1592,student4929@synthetic.example.com,Software Developer,strong,2,27,9,10,90.0
c77fdfa3-f51c-9eb1-3e40-b6062f327bc1,student4930@synthetic.example.com,Data Analyst,average,2,13,7,9,77.8
bb761b00-24ba-d336-0c30-d69b8ac4a58f,student4931@synthetic.example.com,Software Developer,weak,1,14,5,10,50.0
e88d7fa5-182f-e053-2545-61feaffeb92a,student4932@synthetic.example.com,Software Developer,weak,3,11,4,10,40.0
fcf86b59-2e5a-9c60-1772-4f464809dccb,student4933@synthetic.example.com,Cybersecurity Analyst,average,3,19,5,10,50.0
68362e64-d168-5cfe-377d-9c21f486fddf,student4934@synthetic.example.com,Data Scientist,average,4,16,8,9,88.9
4858cef2-9e09-d125-9e8c-2d5b9dffaeb5,student4935@synthetic.example.com,Software Developer,weak,2,8,2,10,20.0
699c9129-4641-20e4-c502-8c2f7560428d,student4936@synthetic.example.com,Cybersecurity Analyst,weak,4,12,3,10,30.0
e609dae1-2619-5849-c09b-404901b56e37,student4937@synthetic.example.com,Cloud Engineer,strong,3,19,9,10,90.0
7d0704e5-52e0-ee38-7689-1b406580c107,student4938@synthetic.example.com,Data Scientist,weak,3,7,2,9,22.2
00e321b3-7db1-c4d0-6e0a-8ffbc3f1e722,student4939@synthetic.example.com,Web Developer,strong,3,25,9,9,100.0
e7b0007c-89e5-e97d-f57e-d897f035e9b7,student4940@synthetic.example.com,Web Developer,average,3,21,9,9,100.0
0a704dce-5428-fe66-c906-dc452d3aa865,student4941@synthetic.example.com,Software Developer,weak,2,11,5,10,50.0
d8f6acfd-1298-b10e-9784-dae799ad7c54,student4942@synthetic.example.com,Software Developer,average,3,14,6,10,60.0
79b7417a-69ab-2312-00d2-2ddc6fbd6216,student4943@synthetic.example.com,Software Developer,strong,1,18,7,10,70.0
b7a68405-2991-cb72-8859-7b49caef6c08,student4944@synthetic.example.com,Cybersecurity Analyst,weak,1,10,3,10,30.0
5a1a0bd1-a099-25b1-4af8-704310189ff6,student4945@synthetic.example.com,Cybersecurity Analyst,weak,2,10,5,10,50.0
0cb5a798-610a-fa6c-4a6c-d9cb0f2fba7e,student4946@synthetic.example.com,Data Scientist,strong,1,15,6,9,66.7
b29da03d-82c7-0abf-2ab7-8e909deb0a13,student4947@synthetic.example.com,Web Developer,average,3,13,6,9,66.7
2c2f6b8c-0f88-46c5-8659-269c8e71f6eb,student4948@synthetic.example.com,Data Analyst,weak,3,9,1,9,11.1
501ab08d-7aa7-0e4b-5bc0-0d1f5f0f98d7,student4949@synthetic.example.com,Data Scientist,weak,3,7,3,9,33.3
c022e018-b2bc-03a8-08c8-48d7b6ca91b6,student4950@synthetic.example.com,Software Developer,average,3,18,7,10,70.0
def7bc35-65a6-3885-5338-1a0c8829dd60,student4951@synthetic.example.com,Software Developer,strong,1,27,10,10,100.0
b3a8c60b-33b1-a0cf-c9c6-f4512dda3fb8,student4952@synthetic.example.com,Software Developer,strong,3,22,9,10,90.0
63192eae-e155-28d2-f604-cdecfd88dfd2,student4953@synthetic.example.com,Data Analyst,average,1,15,7,9,77.8
65b80af8-9f79-f2bf-f3a4-1c4e3878dbbb,student4954@synthetic.example.com,Software Developer,weak,3,7,3,10,30.0
76424979-44bf-5311-ac4d-d627671fc3bf,student4955@synthetic.example.com,Software Developer,weak,4,12,6,10,60.0
f49233a6-574a-49f9-e07c-afc3e89da994,student4956@synthetic.example.com,Cybersecurity Analyst,weak,1,9,3,10,30.0
7d74a0e1-331c-4885-4fb3-0a6a2a52d206,student4957@synthetic.example.com,Software Developer,average,1,19,8,10,80.0
37290807-8c30-7ad1-aeac-cbe36ca4ad2d,student4958@synthetic.example.com,Software Developer,average,2,11,6,10,60.0
ea2e079e-29be-a159-5afd-12896eb9a3fc,student4959@synthetic.example.com,Software Developer,average,3,19,7,10,70.0
f66ea954-62a6-a2cc-1d0e-73b63b7c99f5,student4960@synthetic.example.com,Data Analyst,strong,3,17,9,9,100.0
511a20f2-f6fc-af64-9f89-4b66f9749631,student4961@synthetic.example.com,Software Developer,average,3,10,6,10,60.0
27718099-9b20-90c6-27f7-3832d5e54376,student4962@synthetic.example.com,Software Developer,average,1,14,7,10,70.0
b483ffd8-0105-19dd-72f7-73d1272f275f,student4963@synthetic.example.com,Web Developer,strong,2,17,9,9,100.0
6a3b54b4-6d09-c6ba-8c55-efc01baee61b,student4964@synthetic.example.com,Data Analyst,average,1,17,9,9,100.0
2448671b-ed3f-d027-5b5e-c349f7b878a1,student4965@synthetic.example.com,Data Scientist,weak,2,13,3,9,33.3
3a0c9eb0-1c32-7ec9-2882-df13d4331c17,student4966@synthetic.example.com,Cybersecurity Analyst,strong,1,21,9,10,90.0
a42f25f4-52bf-be2f-84f4-a10d1c4598fa,student4967@synthetic.example.com,Software Developer,weak,3,13,5,10,50.0
d0f56182-1858-635c-4c3e-6c10f5a01b96,student4968@synthetic.example.com,Data Scientist,weak,1,9,4,9,44.4
5930c39a-713a-8674-b0ef-ad477de0c131,student4969@synthetic.example.com,Software Developer,average,2,16,7,10,70.0
c8bc57f7-439e-31fe-4517-7907f9658d35,student4970@synthetic.example.com,Web Developer,weak,2,8,5,9,55.6
e6d7f71b-34a3-5f18-f08c-885ca69e80e0,student4971@synthetic.example.com,Web Developer,average,3,14,7,9,77.8
8f14d0f9-6552-2f65-baa2-48a6c40d6efc,student4972@synthetic.example.com,Cybersecurity Analyst,average,1,17,6,10,60.0
b9c04371-8f46-ddc7-94de-77d5ccfd4453,student4973@synthetic.example.com,Web Developer,strong,4,23,9,9,100.0
d7488fe3-1d72-396e-b425-77ca716f0026,student4974@synthetic.example.com,Web Developer,weak,2,11,4,9,44.4
92adafea-78b7-20ca-ac5f-91e90caec018,student4975@synthetic.example.com,Data Scientist,average,1,11,5,9,55.6
dbdc4b51-c507-f636-1631-8e967ebfd12b,student4976@synthetic.example.com,Data Scientist,average,4,17,6,9,66.7
e26ab658-3bc2-320e-a0ee-087f85a94154,student4977@synthetic.example.com,Web Developer,average,4,20,7,9,77.8
c8824ceb-3739-0ddd-efdb-7cf9fa4ef8d6,student4978@synthetic.example.com,Web Developer,strong,4,18,8,9,88.9
d3d1a878-686d-49bd-c667-4371f6a8ebbc,student4979@synthetic.example.com,Cybersecurity Analyst,strong,4,26,9,10,90.0
57bf16cb-a7cb-9856-d25d-c7144035f10b,student4980@synthetic.example.com,Data Scientist,weak,3,13,5,9,55.6
66f9ac43-dda6-9c0d-886f-3838e4ccd79d,student4981@synthetic.example.com,Software Developer,weak,1,12,3,10,30.0
dd757382-3ace-6c14-c01d-90f13e9f680c,student4982@synthetic.example.com,Web Developer,average,4,15,8,9,88.9
af85e761-a16c-5a1c-eec1-3b567a797ad9,student4983@synthetic.example.com,Cloud Engineer,weak,4,9,3,10,30.0
37acbee3-35f2-1520-5a73-97c6ebb1456d,student4984@synthetic.example.com,Software Developer,average,3,14,6,10,60.0
4106b144-c814-bc2b-dcc7-bde69e02fe89,student4985@synthetic.example.com,Cloud Engineer,strong,2,18,9,10,90.0
f46ff9b3-e1f7-14c3-18c2-b17a8a17c600,student4986@synthetic.example.com,Data Analyst,average,2,15,7,9,77.8
b12b3c1b-62f7-63c0-b2e0-fc1b9442e88d,student4987@synthetic.example.com,Web Developer,average,1,7,5,9,55.6
8fc7886a-be35-261e-67d8-5bb823311289,student4988@synthetic.example.com,Web Developer,average,3,17,7,9,77.8
5fd66ff3-db0f-7c52-6762-a388a9c1fc70,student4989@synthetic.example.com,Software Developer,average,2,16,7,10,70.0
daa1eaee-e103-9282-4a5e-e9a6c6d37f77,student4990@synthetic.example.com,Data Scientist,average,3,12,6,9,66.7
add307e8-2e31-82a2-11db-f4bf862bb071,student4991@synthetic.example.com,Cybersecurity Analyst,average,3,14,5,10,50.0
ef8c5b67-bf65-fef0-962c-ad41f4645754,student4992@synthetic.example.com,Web Developer,weak,3,7,4,9,44.4
f2ff3ff9-fdfb-e42f-3e78-abef18a4693c,student4993@synthetic.example.com,Software Developer,strong,2,23,8,10,80.0
039de424-863c-40f1-8810-a4d20a11ea4a,student4994@synthetic.example.com,Data Analyst,weak,2,10,4,9,44.4
7efde32c-636f-63ed-471f-e665e174f913,student4995@synthetic.example.com,Data Analyst,average,3,21,8,9,88.9
f7a23322-4e29-f7cf-b52c-0d0da002a62d,student4996@synthetic.example.com,Data Scientist,average,4,15,6,9,66.7
2d4c9704-0c41-02d3-84ee-5486532e6c80,student4997@synthetic.example.com,Software Developer,weak,2,12,3,10,30.0
9de480b8-02c0-cd28-ca93-a46e6c360404,student4998@synthetic.example.com,Web Developer,average,3,11,5,9,55.6
e059525c-7d80-c074-4cc1-63eecb4972ae,student4999@synthetic.example.com,Software Developer,weak,2,13,7,10,70.0
efa8af10-8fb1-6da2-0d11-548f61eae32c,student5000@synthetic.example.com,Data Analyst,weak,1,8,4,9,44.4
