student_skill_id,profile_id,skill_name,proficiency_level,evidence_type,evidence_notes,added_at
a5e5a5ab-aefc-fad8-efc8-9849b3aa7efe,bd9c66b3-ad3c-2d6d-1a3d-1fa7bc8960a9,AI Literacy,intermediate,"{""coursework""}",,2026-07-13 05:09:00
6123fdf7-7656-af72-29d4-beef3eabedcb,bd9c66b3-ad3c-2d6d-1a3d-1fa7bc8960a9,Azure,intermediate,"{""coursework""}",,2026-07-13 05:09:00
8e944239-b02b-61c4-a3d7-0628ece66fa2,bd9c66b3-ad3c-2d6d-1a3d-1fa7bc8960a9,Cloud Computing,intermediate,"{""coursework""}",,2026-07-13 05:09:00
0837b8a3-d261-a7ab-3aa2-e4f90e51f30d,bd9c66b3-ad3c-2d6d-1a3d-1fa7bc8960a9,Data Analysis,intermediate,"{""project"",""coursework""}",Applied in project work.,2026-07-13 05:09:00
3602f8ac-10f1-bc81-448a-aa9e66b2bc5b,bd9c66b3-ad3c-2d6d-1a3d-1fa7bc8960a9,Deep Learning,advanced,"{""project""}",Applied in project work.,2026-07-13 05:09:00
654821d0-7fcd-9eb1-a7ca-d415366eb16f,bd9c66b3-ad3c-2d6d-1a3d-1fa7bc8960a9,Git,beginner,"{""coursework""}",,2026-07-13 05:09:00
43cf2fde-2493-3b83-7577-50a9a491f0b2,bd9c66b3-ad3c-2d6d-1a3d-1fa7bc8960a9,Leadership,intermediate,"{""coursework""}",,2026-07-13 05:09:00
e5d7b875-6dad-d6c7-95a7-6d79bf3c4c06,bd9c66b3-ad3c-2d6d-1a3d-1fa7bc8960a9,Machine Learning,intermediate,"{""project"",""coursework""}",Applied in project work.,2026-07-13 05:09:00
ff5e9ff0-ff50-bde4-3825-67b85cabcc97,bd9c66b3-ad3c-2d6d-1a3d-1fa7bc8960a9,Problem Solving,intermediate,"{""coursework""}",,2026-07-13 05:09:00
a0a04dc4-2720-9bdf-1c11-f735dc713d96,bd9c66b3-ad3c-2d6d-1a3d-1fa7bc8960a9,Python,intermediate,"{""project"",""coursework""}",Applied in project work.,2026-07-13 05:09:00
10435a10-98ae-4334-6c12-ace8ae340454,bd9c66b3-ad3c-2d6d-1a3d-1fa7bc8960a9,R,advanced,"{""project"",""coursework""}",Applied in project work.,2026-07-13 05:09:00
dc5c0eed-8da0-365b-f898-97b9405cacec,bd9c66b3-ad3c-2d6d-1a3d-1fa7bc8960a9,SQL,intermediate,"{""coursework""}",,2026-07-13 05:09:00
ae849217-1d53-434b-b881-39b9ae270da7,bd9c66b3-ad3c-2d6d-1a3d-1fa7bc8960a9,Statistical Analysis,intermediate,"{""project""}",Applied in project work.,2026-07-13 05:09:00
6f4cc69a-4b22-d308-1c8e-aee95715bd6f,bd9c66b3-ad3c-2d6d-1a3d-1fa7bc8960a9,Teamwork,intermediate,"{""coursework""}",,2026-07-13 05:09:00
e037e5ed-b8db-0672-f42d-47cc00d4af59,bd9c66b3-ad3c-2d6d-1a3d-1fa7bc8960a9,Time Management,beginner,"{""coursework""}",,2026-07-13 05:09:00
922fe15a-e1e3-db63-ef7d-dc76b92da22b,c754108f-f418-8f3f-8a14-be62295b4715,AWS,beginner,"{""coursework""}",,2026-07-02 05:26:00
18d0752b-1825-bc54-30be-b45f683514f2,c754108f-f418-8f3f-8a14-be62295b4715,Cloud Computing,intermediate,"{""coursework""}",,2026-07-02 05:26:00
778eedb3-693d-ffbc-6c6f-a6115ab33edf,c754108f-f418-8f3f-8a14-be62295b4715,Docker,intermediate,"{""coursework""}",,2026-07-02 05:26:00
6712303a-0f84-4fef-1931-e9eea56c0941,c754108f-f418-8f3f-8a14-be62295b4715,Flask,advanced,"{""project""}",Applied in project work.,2026-07-02 05:26:00
3fa7f104-1bf9-0e27-dc96-925eccf3a171,c754108f-f418-8f3f-8a14-be62295b4715,Linux,intermediate,"{""project"",""certification""}",Applied in project work.,2026-07-02 05:26:00
3ff350bf-766e-cb15-474e-bc192ef91276,c754108f-f418-8f3f-8a14-be62295b4715,Natural Language Processing,beginner,"{""coursework""}",,2026-07-02 05:26:00
dc815fe7-ceda-8bbb-7171-0434134c6c92,c754108f-f418-8f3f-8a14-be62295b4715,Problem Solving,intermediate,"{""project"",""certification""}",Applied in project work.,2026-07-02 05:26:00
f8102383-03c7-2ba8-d605-e7708a63f881,c754108f-f418-8f3f-8a14-be62295b4715,Python,advanced,"{""project""}",Applied in project work.,2026-07-02 05:26:00
2a935d62-3c83-5dc0-d944-1fa5c0e9ab30,c754108f-f418-8f3f-8a14-be62295b4715,SQL,intermediate,"{""project"",""coursework""}",Applied in project work.,2026-07-02 05:26:00
610461e3-2a25-a888-0f02-bad0e7067ef4,c754108f-f418-8f3f-8a14-be62295b4715,Teamwork,beginner,"{""project"",""coursework""}",Applied in project work.,2026-07-02 05:26:00
8b10550c-d570-4f32-702c-dd20286218b8,27a0c3d7-7c96-7f79-b7e9-9acaa97065e1,Azure,intermediate,"{""certification""}",,2026-09-14 03:30:00
ce9e1a11-fcbb-4e59-fbdd-cf7c9c96e9ec,27a0c3d7-7c96-7f79-b7e9-9acaa97065e1,Cloud Computing,beginner,"{""certification""}",,2026-09-14 03:30:00
1a84a51a-a9d3-d7c7-ee87-905e4ca415ea,27a0c3d7-7c96-7f79-b7e9-9acaa97065e1,Communication,intermediate,"{""coursework""}",,2026-09-14 03:30:00
e3c43657-1d8c-bbac-43b4-09ef2260e70f,27a0c3d7-7c96-7f79-b7e9-9acaa97065e1,Data Analysis,intermediate,"{""certification""}",,2026-09-14 03:30:00
57c700aa-b7b5-6ea7-35eb-d32d9ad620ab,27a0c3d7-7c96-7f79-b7e9-9acaa97065e1,Excel,beginner,"{""project"",""coursework""}",Applied in project work.,2026-09-14 03:30:00
81627cf1-4394-72e6-da58-7e8aa25d6b29,27a0c3d7-7c96-7f79-b7e9-9acaa97065e1,Leadership,beginner,"{""coursework""}",,2026-09-14 03:30:00
d450281c-6c6f-7633-a260-772317a0df49,27a0c3d7-7c96-7f79-b7e9-9acaa97065e1,Machine Learning,intermediate,"{""coursework""}",,2026-09-14 03:30:00
217d65a0-c568-11cd-5563-f61600e85ece,27a0c3d7-7c96-7f79-b7e9-9acaa97065e1,Node.js,beginner,"{""coursework""}",,2026-09-14 03:30:00
8f9797b0-6d7c-e3c9-b4a6-9f3c8d3aed99,27a0c3d7-7c96-7f79-b7e9-9acaa97065e1,Python,beginner,"{""coursework""}",,2026-09-14 03:30:00
b0e6a969-e213-42b0-f1ee-dba313432e61,27a0c3d7-7c96-7f79-b7e9-9acaa97065e1,R,advanced,"{""certification"",""coursework""}",,2026-09-14 03:30:00
6e068097-25e9-7977-8d72-48e2951f58d0,27a0c3d7-7c96-7f79-b7e9-9acaa97065e1,SQL,beginner,"{""project"",""certification""}",Applied in project work.,2026-09-14 03:30:00
eededb07-e623-a689-5d59-cd2a4eea04e7,27a0c3d7-7c96-7f79-b7e9-9acaa97065e1,Statistical Analysis,beginner,"{""coursework""}",,2026-09-14 03:30:00
aabc25fa-3fe1-2e47-ae9b-ec3635c7936c,27a0c3d7-7c96-7f79-b7e9-9acaa97065e1,Tableau,intermediate,"{""certification""}",,2026-09-14 03:30:00
abae4f43-bcae-8081-bdf0-70aaf0b5156b,cf8ebc5a-ccc5-6569-f9e8-a3692999b735,Azure,intermediate,"{""internship""}",Used during internship.,2026-07-23 20:20:00
aa0b7b14-f2e9-702d-11e9-cdaa6e6981a3,cf8ebc5a-ccc5-6569-f9e8-a3692999b735,Communication,beginner,"{""coursework""}",,2026-07-23 20:20:00
4ce1eb90-e669-7833-b841-d0a01fe771d6,cf8ebc5a-ccc5-6569-f9e8-a3692999b735,Docker,intermediate,"{""project""}",Applied in project work.,2026-07-23 20:20:00
6703b636-5380-b904-688c-7015aab97e49,cf8ebc5a-ccc5-6569-f9e8-a3692999b735,Git,intermediate,"{""project""}",Applied in project work.,2026-07-23 20:20:00
ad64b56c-610f-aa3f-f0bb-ac67aa38d0a1,cf8ebc5a-ccc5-6569-f9e8-a3692999b735,Leadership,intermediate,"{""coursework""}",,2026-07-23 20:20:00
4d0b0d1a-91b0-e1d9-9d92-62af2c8d0e44,cf8ebc5a-ccc5-6569-f9e8-a3692999b735,Linux,intermediate,"{""project""}",Applied in project work.,2026-07-23 20:20:00
9479e1e6-c927-7d9b-6e0d-264835ce8841,cf8ebc5a-ccc5-6569-f9e8-a3692999b735,Machine Learning,intermediate,"{""project"",""internship"",""coursework""}",Applied in project work.,2026-07-23 20:20:00
71316269-7118-e364-7709-7749527eecfa,cf8ebc5a-ccc5-6569-f9e8-a3692999b735,Natural Language Processing,intermediate,"{""project""}",Applied in project work.,2026-07-23 20:20:00
2b70e525-bc67-f831-cbc8-4759f5b78cc7,cf8ebc5a-ccc5-6569-f9e8-a3692999b735,Problem Solving,beginner,"{""coursework""}",,2026-07-23 20:20:00
a2086977-a9f2-5336-83f4-a9a948a639d0,cf8ebc5a-ccc5-6569-f9e8-a3692999b735,Python,intermediate,"{""project""}",Applied in project work.,2026-07-23 20:20:00
39820cff-4f77-a665-ac3c-56403c20592f,cf8ebc5a-ccc5-6569-f9e8-a3692999b735,Time Management,advanced,"{""internship""}",Used during internship.,2026-07-23 20:20:00
e7a37e81-63b4-c08b-6b8e-869fd5385b0e,31c681ec-935f-2b0a-a138-4ddce2d9de5d,AWS,intermediate,"{""project"",""coursework""}",Applied in project work.,2026-07-20 07:23:00
db52ca58-0500-0bc6-b20d-cb6ef2311f17,31c681ec-935f-2b0a-a138-4ddce2d9de5d,Azure,intermediate,"{""project""}",Applied in project work.,2026-07-20 07:23:00
c0e3befd-4c71-e0fe-5a0c-dd7cf1578470,31c681ec-935f-2b0a-a138-4ddce2d9de5d,Cloud Computing,intermediate,"{""project""}",Applied in project work.,2026-07-20 07:23:00
6b44fa8d-d5f2-5073-f414-02b1e4429ebb,31c681ec-935f-2b0a-a138-4ddce2d9de5d,Linux,intermediate,"{""project"",""coursework""}",Applied in project work.,2026-07-20 07:23:00
382c043f-7cfc-9b79-3875-394ce5d6f6e6,31c681ec-935f-2b0a-a138-4ddce2d9de5d,Node.js,intermediate,"{""coursework""}",,2026-07-20 07:23:00
560c95ee-638c-254c-076e-2bba7c5308bf,31c681ec-935f-2b0a-a138-4ddce2d9de5d,Python,beginner,"{""project"",""coursework""}",Applied in project work.,2026-07-20 07:23:00
20ac3703-eb67-146a-77a6-e17cd72b6108,31c681ec-935f-2b0a-a138-4ddce2d9de5d,SQL,intermediate,"{""project""}",Applied in project work.,2026-07-20 07:23:00
64de82e6-e82c-7d7b-06e7-45f988bc539c,31c681ec-935f-2b0a-a138-4ddce2d9de5d,Statistical Analysis,beginner,"{""coursework""}",,2026-07-20 07:23:00
7631de9d-dde9-f863-22bd-33886db99102,31c681ec-935f-2b0a-a138-4ddce2d9de5d,Teamwork,intermediate,"{""coursework""}",,2026-07-20 07:23:00
6daa2e68-8861-fe18-58e2-58880a8381be,6bebac31-d4f8-fd72-f382-1cfdc083b73a,C++,intermediate,"{""project""}",Applied in project work.,2026-07-04 03:24:00
575aed2c-a5c5-650c-8186-a57611a72609,6bebac31-d4f8-fd72-f382-1cfdc083b73a,FastAPI,beginner,"{""coursework""}",,2026-07-04 03:24:00
a2b5b498-5cb8-5aed-f5f6-2c976efb63b1,6bebac31-d4f8-fd72-f382-1cfdc083b73a,Git,beginner,"{""project"",""coursework""}",Applied in project work.,2026-07-04 03:24:00
6f7c15ea-272a-6d8e-b512-2df875b17a55,6bebac31-d4f8-fd72-f382-1cfdc083b73a,Java,intermediate,"{""coursework""}",,2026-07-04 03:24:00
89c5b31a-eb6c-1016-cee6-24d09dac6e83,6bebac31-d4f8-fd72-f382-1cfdc083b73a,JavaScript,beginner,"{""coursework""}",,2026-07-04 03:24:00
bb2488a3-d363-57b6-6f81-cf4f7701f7bb,6bebac31-d4f8-fd72-f382-1cfdc083b73a,Problem Solving,beginner,"{""coursework""}",,2026-07-04 03:24:00
e1b294de-4767-d76c-162f-8a24ef43613c,6bebac31-d4f8-fd72-f382-1cfdc083b73a,Python,intermediate,"{""certification""}",,2026-07-04 03:24:00
9c3eb2d5-91e1-aa96-76f7-2255c01f36bf,6bebac31-d4f8-fd72-f382-1cfdc083b73a,SQL,intermediate,"{""coursework""}",,2026-07-04 03:24:00
40a26c60-0d27-0659-f72a-da9b2f32751e,e14eb70d-b380-c73a-989d-9d4ae15ca666,C++,intermediate,"{""project"",""coursework""}",Applied in project work.,2026-07-25 11:55:00
93b7a886-12f7-0c97-7de3-1a516694c343,e14eb70d-b380-c73a-989d-9d4ae15ca666,Docker,beginner,"{""coursework""}",,2026-07-25 11:55:00
cfa701cd-2631-d00b-26d7-94d30db95301,e14eb70d-b380-c73a-989d-9d4ae15ca666,FastAPI,advanced,"{""project""}",Applied in project work.,2026-07-25 11:55:00
6a8a616f-c3b2-90d0-8edd-dfcd1e52d770,e14eb70d-b380-c73a-989d-9d4ae15ca666,Git,intermediate,"{""project""}",Applied in project work.,2026-07-25 11:55:00
c693da11-39c6-a1ca-9e50-aa42ca6dfda1,e14eb70d-b380-c73a-989d-9d4ae15ca666,Java,advanced,"{""project""}",Applied in project work.,2026-07-25 11:55:00
6dc7cac7-fd72-b050-96a9-954fdc33e1f9,e14eb70d-b380-c73a-989d-9d4ae15ca666,JavaScript,intermediate,"{""certification""}",,2026-07-25 11:55:00
f5c9b047-9c10-c572-0f6b-40d09efba58b,e14eb70d-b380-c73a-989d-9d4ae15ca666,Leadership,intermediate,"{""coursework""}",,2026-07-25 11:55:00
14c8b3b4-a911-d192-43bf-d9313605bf54,e14eb70d-b380-c73a-989d-9d4ae15ca666,Problem Solving,intermediate,"{""coursework""}",,2026-07-25 11:55:00
2812859a-1337-739e-8d4f-5d272c7f0b79,e14eb70d-b380-c73a-989d-9d4ae15ca666,Python,intermediate,"{""project"",""coursework""}",Applied in project work.,2026-07-25 11:55:00
49c13de7-3b42-06c5-085b-15fb4a8ff810,e14eb70d-b380-c73a-989d-9d4ae15ca666,React,intermediate,"{""certification"",""coursework""}",,2026-07-25 11:55:00
1238d630-743b-65a2-dc0f-2fcfb3f6fe0d,e14eb70d-b380-c73a-989d-9d4ae15ca666,SQL,advanced,"{""project""}",Applied in project work.,2026-07-25 11:55:00
cdccc33a-a943-4aa0-96fc-734da003cd28,e14eb70d-b380-c73a-989d-9d4ae15ca666,Teamwork,advanced,"{""coursework""}",,2026-07-25 11:55:00
398d1ca6-8b68-70b5-1d61-fac36cd5e859,e14eb70d-b380-c73a-989d-9d4ae15ca666,Time Management,intermediate,"{""coursework""}",,2026-07-25 11:55:00
168b1625-746f-7891-0964-fbbf8cd321b0,b04d3376-77fc-9703-1fd5-a423706c5c56,Cloud Computing,advanced,"{""coursework""}",,2026-09-04 03:25:00
d32e6dcd-83bc-9478-dd6a-c7b86778043b,b04d3376-77fc-9703-1fd5-a423706c5c56,Communication,beginner,"{""coursework""}",,2026-09-04 03:25:00
764414fd-8ae7-69ed-de8e-de0ba85c6e4a,b04d3376-77fc-9703-1fd5-a423706c5c56,Git,advanced,"{""coursework""}",,2026-09-04 03:25:00
71299889-a01a-c992-7f9d-3e64c1a6423b,b04d3376-77fc-9703-1fd5-a423706c5c56,Leadership,intermediate,"{""coursework""}",,2026-09-04 03:25:00
218a1536-8c99-a894-445d-cc38341c6494,b04d3376-77fc-9703-1fd5-a423706c5c56,Linux,advanced,"{""project""}",Applied in project work.,2026-09-04 03:25:00
a14923c2-f920-264c-0763-fcd01f15c7b6,b04d3376-77fc-9703-1fd5-a423706c5c56,Python,beginner,"{""coursework""}",,2026-09-04 03:25:00
4f8d5238-288b-78b5-b5b4-53ca3d42993c,b04d3376-77fc-9703-1fd5-a423706c5c56,Time Management,intermediate,"{""coursework""}",,2026-09-04 03:25:00
da330aa1-541c-dfcd-da0d-4a5f148f8b74,b495db4e-8245-6fb4-4ab7-706eb77350ca,Data Analysis,intermediate,"{""certification"",""coursework""}",,2026-08-02 00:35:00
c268283e-e32f-2e63-b7fd-dd71a075e927,b495db4e-8245-6fb4-4ab7-706eb77350ca,Deep Learning,intermediate,"{""project""}",Applied in project work.,2026-08-02 00:35:00
118405ad-9e11-d2cd-0930-aef68a80068d,b495db4e-8245-6fb4-4ab7-706eb77350ca,Docker,intermediate,"{""coursework""}",,2026-08-02 00:35:00
6f18c108-1723-199d-bf2c-14a03a3c8a71,b495db4e-8245-6fb4-4ab7-706eb77350ca,FastAPI,intermediate,"{""coursework""}",,2026-08-02 00:35:00
df615a5c-b432-3070-a23d-4c2fc2a79689,b495db4e-8245-6fb4-4ab7-706eb77350ca,Flask,intermediate,"{""project""}",Applied in project work.,2026-08-02 00:35:00
cbd00ef2-530a-37df-0bc6-10660769165f,b495db4e-8245-6fb4-4ab7-706eb77350ca,JavaScript,advanced,"{""project"",""coursework""}",Applied in project work.,2026-08-02 00:35:00
25440fe0-6e41-7d47-5ff5-95ea5bc440f1,b495db4e-8245-6fb4-4ab7-706eb77350ca,Leadership,advanced,"{""coursework""}",,2026-08-02 00:35:00
14374509-2cd1-586a-2b84-0c672e183554,b495db4e-8245-6fb4-4ab7-706eb77350ca,Machine Learning,intermediate,"{""project"",""coursework""}",Applied in project work.,2026-08-02 00:35:00
3da70577-aee1-e86b-9ea5-56aa61ee6c5b,b495db4e-8245-6fb4-4ab7-706eb77350ca,Node.js,advanced,"{""coursework""}",,2026-08-02 00:35:00
415d174a-75a6-6981-4104-a8b5a34db7c5,b495db4e-8245-6fb4-4ab7-706eb77350ca,Problem Solving,intermediate,"{""coursework""}",,2026-08-02 00:35:00
e6b5a92c-771a-d655-cdfc-6ee0e61ede90,b495db4e-8245-6fb4-4ab7-706eb77350ca,Python,advanced,"{""project""}",Applied in project work.,2026-08-02 00:35:00
966b1964-fcd6-bdca-5876-fd09f1faf665,b495db4e-8245-6fb4-4ab7-706eb77350ca,R,advanced,"{""certification"",""coursework""}",,2026-08-02 00:35:00
40066ff2-b0b8-62ef-6c9f-82b9f6478986,b495db4e-8245-6fb4-4ab7-706eb77350ca,React,advanced,"{""project"",""coursework""}",Applied in project work.,2026-08-02 00:35:00
3cb98350-1b4d-a0fe-7bb3-8605da743152,b495db4e-8245-6fb4-4ab7-706eb77350ca,SQL,intermediate,"{""project"",""certification"",""coursework""}",Applied in project work.,2026-08-02 00:35:00
fe2110d0-4bbe-4aff-9326-dffd5be4bf51,b495db4e-8245-6fb4-4ab7-706eb77350ca,Statistical Analysis,advanced,"{""project"",""coursework""}",Applied in project work.,2026-08-02 00:35:00
90e0b95f-0212-b554-4644-58b46553867d,b495db4e-8245-6fb4-4ab7-706eb77350ca,Tableau,advanced,"{""certification""}",,2026-08-02 00:35:00
0c8e29e3-f93e-08d5-bea2-9dfec73f6e1b,b495db4e-8245-6fb4-4ab7-706eb77350ca,Teamwork,advanced,"{""project""}",Applied in project work.,2026-08-02 00:35:00
cc8218da-c696-f5e6-4944-051be726be23,b495db4e-8245-6fb4-4ab7-706eb77350ca,Time Management,intermediate,"{""coursework""}",,2026-08-02 00:35:00
f1738856-e25d-36eb-9e9a-9f83066803ee,2303f6c6-d69d-42f1-ae4c-84ffa8c01f05,AWS,advanced,"{""project""}",Applied in project work.,2026-08-26 10:08:00
a5cc8bf7-38ab-854c-9c2e-58deea4e3617,2303f6c6-d69d-42f1-ae4c-84ffa8c01f05,Cloud Computing,intermediate,"{""project""}",Applied in project work.,2026-08-26 10:08:00
1dde7969-6886-13db-a634-8e784d5c55c7,2303f6c6-d69d-42f1-ae4c-84ffa8c01f05,Data Analysis,intermediate,"{""coursework""}",,2026-08-26 10:08:00
fef518a6-4dea-d645-0986-bbebf23e323d,2303f6c6-d69d-42f1-ae4c-84ffa8c01f05,Leadership,beginner,"{""coursework""}",,2026-08-26 10:08:00
5efa9c5b-7421-ff46-637e-4b0122bae10e,2303f6c6-d69d-42f1-ae4c-84ffa8c01f05,Machine Learning,advanced,"{""project"",""coursework""}",Applied in project work.,2026-08-26 10:08:00
8a4a0e2d-f22b-5b98-b24c-c64fbe3e6e57,2303f6c6-d69d-42f1-ae4c-84ffa8c01f05,Python,advanced,"{""project""}",Applied in project work.,2026-08-26 10:08:00
d56ce8ea-1959-7b5a-a7a8-f6366a35df59,2303f6c6-d69d-42f1-ae4c-84ffa8c01f05,SQL,intermediate,"{""coursework""}",,2026-08-26 10:08:00
479d0cda-f396-ea37-f065-c817687a4850,2303f6c6-d69d-42f1-ae4c-84ffa8c01f05,Statistical Analysis,intermediate,"{""project"",""coursework""}",Applied in project work.,2026-08-26 10:08:00
5cd8fe1a-dafe-c8a9-3c71-e0bef3579560,2303f6c6-d69d-42f1-ae4c-84ffa8c01f05,Time Management,intermediate,"{""coursework""}",,2026-08-26 10:08:00
a4b1f991-7542-4646-4d37-a539857dd3b3,a9ab364a-1777-e8cb-7468-5b98d2fe2fde,Excel,intermediate,"{""certification"",""coursework""}",,2026-07-07 20:23:00
d8e88ebb-7a9e-8eef-ffa3-61be0f9240e1,a9ab364a-1777-e8cb-7468-5b98d2fe2fde,FastAPI,beginner,"{""project""}",Applied in project work.,2026-07-07 20:23:00
e63658c9-12d0-498d-718d-4d05e8e22743,a9ab364a-1777-e8cb-7468-5b98d2fe2fde,Git,intermediate,"{""project"",""coursework""}",Applied in project work.,2026-07-07 20:23:00
204e178c-10d0-8d11-25f9-34bf9bb96155,a9ab364a-1777-e8cb-7468-5b98d2fe2fde,Leadership,beginner,"{""coursework""}",,2026-07-07 20:23:00
98eeac2b-fe9f-ecaa-6182-f347533f5a72,a9ab364a-1777-e8cb-7468-5b98d2fe2fde,Python,intermediate,"{""project"",""coursework""}",Applied in project work.,2026-07-07 20:23:00
6e218b09-9afd-4015-816b-cb9f7426b193,a9ab364a-1777-e8cb-7468-5b98d2fe2fde,SQL,intermediate,"{""project""}",Applied in project work.,2026-07-07 20:23:00
8d244e3e-c4da-bddb-e0b1-5abaa6a27967,a9ab364a-1777-e8cb-7468-5b98d2fe2fde,Teamwork,beginner,"{""coursework""}",,2026-07-07 20:23:00
604e46cb-3712-f2d1-87cd-b6a1bf012e32,4140752c-aa44-8259-5001-8b7b6d4067f4,Data Visualisation,intermediate,"{""project"",""coursework""}",Applied in project work.,2026-07-09 12:06:00
4fc77768-5ebb-cca5-284b-f9625744f596,4140752c-aa44-8259-5001-8b7b6d4067f4,Excel,intermediate,"{""project"",""internship"",""coursework""}",Applied in project work.,2026-07-09 12:06:00
27d415b6-0d77-c5a0-e222-b6a615bfbe97,4140752c-aa44-8259-5001-8b7b6d4067f4,Java,intermediate,"{""coursework""}",,2026-07-09 12:06:00
14e286e5-ac89-36bc-0cbd-3c039e2aa4ac,4140752c-aa44-8259-5001-8b7b6d4067f4,JavaScript,intermediate,"{""project"",""coursework""}",Applied in project work.,2026-07-09 12:06:00
372f871a-45ee-432d-6a07-f2137129cec7,4140752c-aa44-8259-5001-8b7b6d4067f4,Machine Learning,intermediate,"{""project"",""coursework""}",Applied in project work.,2026-07-09 12:06:00
1c6345ab-6e0e-d1e8-585d-3f861d2324e6,4140752c-aa44-8259-5001-8b7b6d4067f4,Power BI,intermediate,"{""project""}",Applied in project work.,2026-07-09 12:06:00
3873e57f-0ba0-78e8-4ef4-92c1aac93316,4140752c-aa44-8259-5001-8b7b6d4067f4,Problem Solving,intermediate,"{""internship"",""coursework""}",Used during internship.,2026-07-09 12:06:00
345512f7-01f7-c7ec-0e06-30cd996d5c50,4140752c-aa44-8259-5001-8b7b6d4067f4,Python,intermediate,"{""project"",""coursework""}",Applied in project work.,2026-07-09 12:06:00
1eb74b56-53ff-d3a2-4a19-35014169b9fc,4140752c-aa44-8259-5001-8b7b6d4067f4,Statistical Analysis,advanced,"{""project"",""coursework""}",Applied in project work.,2026-07-09 12:06:00
2112507c-2cfa-55b0-6e3f-683abf3c5140,4140752c-aa44-8259-5001-8b7b6d4067f4,Tableau,advanced,"{""internship"",""coursework""}",Used during internship.,2026-07-09 12:06:00
5aaab32f-ce63-22b6-ab05-347fd556b37d,4140752c-aa44-8259-5001-8b7b6d4067f4,Teamwork,intermediate,"{""coursework""}",,2026-07-09 12:06:00
7674456f-626d-719d-81cf-325298159d6c,b5a1b949-6788-4209-92ca-525a6de59332,Communication,intermediate,"{""coursework""}",,2026-08-11 14:51:00
e5582e16-bd29-ede9-cab4-923bf4488385,b5a1b949-6788-4209-92ca-525a6de59332,Data Analysis,intermediate,"{""project"",""internship""}",Applied in project work.,2026-08-11 14:51:00
79c2d2e4-9ae1-a991-524f-93ff30307633,b5a1b949-6788-4209-92ca-525a6de59332,Data Visualisation,advanced,"{""project"",""coursework""}",Applied in project work.,2026-08-11 14:51:00
1a7f195b-7355-7b9d-0fd6-f47ef52d4af2,b5a1b949-6788-4209-92ca-525a6de59332,Excel,intermediate,"{""project""}",Applied in project work.,2026-08-11 14:51:00
2c2cd22b-a568-95c6-812a-1f9b15969802,b5a1b949-6788-4209-92ca-525a6de59332,Linux,advanced,"{""certification"",""internship""}",Used during internship.,2026-08-11 14:51:00
707df251-fdb1-429e-7010-ed13b526b22d,b5a1b949-6788-4209-92ca-525a6de59332,Machine Learning,beginner,"{""internship"",""coursework""}",Used during internship.,2026-08-11 14:51:00
68a51c68-632d-bb5e-486b-b6bfeafde7d9,b5a1b949-6788-4209-92ca-525a6de59332,Problem Solving,intermediate,"{""certification""}",,2026-08-11 14:51:00
ca0ac6ac-0d67-d38e-990f-0c5badcc3daf,b5a1b949-6788-4209-92ca-525a6de59332,Python,intermediate,"{""project""}",Applied in project work.,2026-08-11 14:51:00
48bddb3e-62f5-df2b-adaa-44ca8ed6ad5e,b5a1b949-6788-4209-92ca-525a6de59332,SQL,intermediate,"{""project""}",Applied in project work.,2026-08-11 14:51:00
e806133c-f6e3-9356-a814-9562da003f16,b5a1b949-6788-4209-92ca-525a6de59332,Statistical Analysis,advanced,"{""project"",""coursework""}",Applied in project work.,2026-08-11 14:51:00
598ddaec-eaaf-e543-2434-a678a9e27ba9,b5a1b949-6788-4209-92ca-525a6de59332,Teamwork,intermediate,"{""coursework""}",,2026-08-11 14:51:00
331f63fb-d11f-c8c0-297c-a4fff75d599f,b3ecb951-ab8c-bf97-20b7-1785d02ce0c1,Cloud Computing,beginner,"{""coursework""}",,2026-08-25 02:21:00
0d5ba7cd-4000-35f0-df7d-0dd7236e1608,b3ecb951-ab8c-bf97-20b7-1785d02ce0c1,Data Visualisation,intermediate,"{""project""}",Applied in project work.,2026-08-25 02:21:00
8412a335-d88c-656d-b61e-5fdb1a435206,b3ecb951-ab8c-bf97-20b7-1785d02ce0c1,Docker,intermediate,"{""certification""}",,2026-08-25 02:21:00
290a3abb-c35b-9fea-1578-d70948f9e3d0,b3ecb951-ab8c-bf97-20b7-1785d02ce0c1,Git,beginner,"{""coursework""}",,2026-08-25 02:21:00
e916da57-f248-23ab-177a-8a5f6ffe33b3,b3ecb951-ab8c-bf97-20b7-1785d02ce0c1,JavaScript,intermediate,"{""project"",""coursework""}",Applied in project work.,2026-08-25 02:21:00
ee33688d-597e-6845-e277-18c5737d1fb6,b3ecb951-ab8c-bf97-20b7-1785d02ce0c1,Linux,intermediate,"{""coursework""}",,2026-08-25 02:21:00
14e4180c-fe99-36a3-62db-c8503c5bf3a7,b3ecb951-ab8c-bf97-20b7-1785d02ce0c1,Machine Learning,advanced,"{""project"",""coursework""}",Applied in project work.,2026-08-25 02:21:00
195d82f8-ee4a-9b5d-5195-54e307374c86,b3ecb951-ab8c-bf97-20b7-1785d02ce0c1,Natural Language Processing,intermediate,"{""project"",""coursework""}",Applied in project work.,2026-08-25 02:21:00
eada79a3-4970-ed9a-09ce-3cfb2339ba19,b3ecb951-ab8c-bf97-20b7-1785d02ce0c1,Python,beginner,"{""project""}",Applied in project work.,2026-08-25 02:21:00
c24369e7-2387-eaf6-d4c3-a832b231c60b,b3ecb951-ab8c-bf97-20b7-1785d02ce0c1,R,beginner,"{""coursework""}",,2026-08-25 02:21:00
56ab087a-8bc7-8e81-5a30-45280b599562,c6b33fe6-1c76-bdf6-6c5a-6c93871c0884,Azure,beginner,"{""coursework""}",,2026-07-07 17:08:00
7a8104de-b205-07bb-fb16-f75776f186ab,c6b33fe6-1c76-bdf6-6c5a-6c93871c0884,Linux,intermediate,"{""project""}",Applied in project work.,2026-07-07 17:08:00
b74eba93-1027-5b53-2285-b2efcfbe4fe9,c6b33fe6-1c76-bdf6-6c5a-6c93871c0884,Problem Solving,intermediate,"{""project""}",Applied in project work.,2026-07-07 17:08:00
e2c328aa-3310-7475-ca86-22250b36e356,c6b33fe6-1c76-bdf6-6c5a-6c93871c0884,Statistical Analysis,beginner,"{""coursework""}",,2026-07-07 17:08:00
65f202f9-83f0-2dc7-4f61-2217eef16694,c6b33fe6-1c76-bdf6-6c5a-6c93871c0884,Teamwork,intermediate,"{""project"",""coursework""}",Applied in project work.,2026-07-07 17:08:00
878aaed9-233f-fc82-92ec-89af13aec376,5e368127-cca1-b45c-1fdd-980a45f18619,Linux,beginner,"{""coursework""}",,2026-08-19 20:34:00
bc55300b-06a2-41af-1d0a-f7f7f5e4a471,5e368127-cca1-b45c-1fdd-980a45f18619,Machine Learning,intermediate,"{""project"",""coursework""}",Applied in project work.,2026-08-19 20:34:00
8fc9c86b-e9dd-ebf5-6311-9aca848af440,5e368127-cca1-b45c-1fdd-980a45f18619,Natural Language Processing,intermediate,"{""project"",""internship"",""coursework""}",Applied in project work.,2026-08-19 20:34:00
491b90e9-9ca3-fbb3-ff11-c8ba36ee1640,5e368127-cca1-b45c-1fdd-980a45f18619,Python,intermediate,"{""project"",""internship"",""coursework""}",Applied in project work.,2026-08-19 20:34:00
1f652a87-333e-e344-7dbf-4bc1ffa623d0,5e368127-cca1-b45c-1fdd-980a45f18619,SQL,beginner,"{""internship""}",Used during internship.,2026-08-19 20:34:00
1679742f-ff4c-96d6-71f2-ce8fb69f68c3,5e368127-cca1-b45c-1fdd-980a45f18619,Statistical Analysis,intermediate,"{""project"",""coursework""}",Applied in project work.,2026-08-19 20:34:00
17eaec83-8892-042f-9d4b-2bf94d85e9c7,5c8ac066-cb2f-afa3-2c91-3a7ca3404f08,Flask,beginner,"{""project""}",Applied in project work.,2026-07-18 17:04:00
94a53fde-f10d-27c8-9780-c2152b2bb8e9,5c8ac066-cb2f-afa3-2c91-3a7ca3404f08,Git,beginner,"{""coursework""}",,2026-07-18 17:04:00
ec86a890-d7b0-0bdc-566e-3cbe9aea622f,5c8ac066-cb2f-afa3-2c91-3a7ca3404f08,JavaScript,beginner,"{""project"",""coursework""}",Applied in project work.,2026-07-18 17:04:00
14cb0564-0743-7c3b-dd20-c3bfd342af08,5c8ac066-cb2f-afa3-2c91-3a7ca3404f08,Leadership,beginner,"{""coursework""}",,2026-07-18 17:04:00
92779574-c457-6cc3-35f7-89bca6b07458,5c8ac066-cb2f-afa3-2c91-3a7ca3404f08,Linux,beginner,"{""certification"",""coursework""}",,2026-07-18 17:04:00
e3954cb1-7f7f-6c0a-07c0-d116a394ed54,5c8ac066-cb2f-afa3-2c91-3a7ca3404f08,Problem Solving,beginner,"{""certification"",""coursework""}",,2026-07-18 17:04:00
ceae71cf-ce00-0af0-3eb0-51817ba24588,5c8ac066-cb2f-afa3-2c91-3a7ca3404f08,Python,beginner,"{""coursework""}",,2026-07-18 17:04:00
b048faa1-12ae-5c22-741b-77f54c24a053,5c8ac066-cb2f-afa3-2c91-3a7ca3404f08,React,advanced,"{""project""}",Applied in project work.,2026-07-18 17:04:00
24c778a5-9b4e-164b-5716-dc2e343ada2a,5c8ac066-cb2f-afa3-2c91-3a7ca3404f08,SQL,beginner,"{""project"",""coursework""}",Applied in project work.,2026-07-18 17:04:00
fcef1972-bbf4-83ce-51be-b80eb7e6a14c,5c8ac066-cb2f-afa3-2c91-3a7ca3404f08,Teamwork,intermediate,"{""project"",""coursework""}",Applied in project work.,2026-07-18 17:04:00
1b2ededb-8fc8-5fc0-83d5-bceb5edbb8ee,5c8ac066-cb2f-afa3-2c91-3a7ca3404f08,Time Management,intermediate,"{""coursework""}",,2026-07-18 17:04:00
fd98fe33-6498-abe9-2999-bbef518b2f21,f6729464-3f8e-a40a-6b0a-e0e39d896047,Communication,advanced,"{""coursework""}",,2026-07-21 20:10:00
561c9210-97fe-56c5-4c9a-9f24d7b4c294,f6729464-3f8e-a40a-6b0a-e0e39d896047,Data Analysis,advanced,"{""coursework""}",,2026-07-21 20:10:00
d0d4ea67-7992-8faa-4cbf-131d901bcdef,f6729464-3f8e-a40a-6b0a-e0e39d896047,Data Visualisation,intermediate,"{""project"",""internship""}",Applied in project work.,2026-07-21 20:10:00
fada98f5-1c0f-0bdc-ac7e-937c54cc1e2a,f6729464-3f8e-a40a-6b0a-e0e39d896047,Deep Learning,advanced,"{""coursework""}",,2026-07-21 20:10:00
06d25913-a117-3719-b023-a0eadf41e335,f6729464-3f8e-a40a-6b0a-e0e39d896047,Excel,advanced,"{""project"",""coursework""}",Applied in project work.,2026-07-21 20:10:00
c86c6544-a7d4-cf50-f791-f1e543f9cd6b,f6729464-3f8e-a40a-6b0a-e0e39d896047,Java,advanced,"{""certification""}",,2026-07-21 20:10:00
2ba6adb3-7afe-b114-9561-c8130d259caa,f6729464-3f8e-a40a-6b0a-e0e39d896047,JavaScript,advanced,"{""project""}",Applied in project work.,2026-07-21 20:10:00
d756ba9c-c64c-9647-9ea7-017cb89f7039,f6729464-3f8e-a40a-6b0a-e0e39d896047,Machine Learning,advanced,"{""internship""}",Used during internship.,2026-07-21 20:10:00
1c221cea-b355-56a5-f2bd-92f29293f705,f6729464-3f8e-a40a-6b0a-e0e39d896047,Power BI,advanced,"{""project"",""coursework""}",Applied in project work.,2026-07-21 20:10:00
26c432f6-6b35-2f85-504e-268770e7e756,f6729464-3f8e-a40a-6b0a-e0e39d896047,Problem Solving,advanced,"{""internship"",""coursework""}",Used during internship.,2026-07-21 20:10:00
df70fb2a-78bb-22a5-eba7-42d29c89d374,f6729464-3f8e-a40a-6b0a-e0e39d896047,Python,advanced,"{""project"",""coursework""}",Applied in project work.,2026-07-21 20:10:00
23595fa4-b4ad-af89-0ff1-aa9fba370623,f6729464-3f8e-a40a-6b0a-e0e39d896047,SQL,advanced,"{""project""}",Applied in project work.,2026-07-21 20:10:00
50521700-6077-96a3-8685-abaa7a768555,f6729464-3f8e-a40a-6b0a-e0e39d896047,Time Management,beginner,"{""coursework""}",,2026-07-21 20:10:00
e0decc3d-e172-1c83-ef5e-4376a723fb72,9c2dfa97-43ad-3d62-b17c-fb21cdbc2c1c,Communication,intermediate,"{""coursework""}",,2026-09-10 19:11:00
f6c31218-c183-6315-330f-8be1a689b424,9c2dfa97-43ad-3d62-b17c-fb21cdbc2c1c,Deep Learning,intermediate,"{""project"",""coursework""}",Applied in project work.,2026-09-10 19:11:00
92fa675f-a6fd-0cb1-16e6-e5c0c4cb294f,9c2dfa97-43ad-3d62-b17c-fb21cdbc2c1c,JavaScript,intermediate,"{""project"",""coursework""}",Applied in project work.,2026-09-10 19:11:00
efc9909e-d9af-6e09-b91e-3d6ebd1a8f4b,9c2dfa97-43ad-3d62-b17c-fb21cdbc2c1c,Leadership,intermediate,"{""coursework""}",,2026-09-10 19:11:00
eb6d2fed-ef15-8d5b-2d00-7d05d66d4627,9c2dfa97-43ad-3d62-b17c-fb21cdbc2c1c,Node.js,intermediate,"{""project"",""coursework""}",Applied in project work.,2026-09-10 19:11:00
7ed17aab-c9b7-c9bc-65a1-6fa9d61169a1,9c2dfa97-43ad-3d62-b17c-fb21cdbc2c1c,Problem Solving,beginner,"{""coursework""}",,2026-09-10 19:11:00
025f5543-0997-623a-e072-3d964a1a81f5,9c2dfa97-43ad-3d62-b17c-fb21cdbc2c1c,Python,intermediate,"{""project"",""coursework""}",Applied in project work.,2026-09-10 19:11:00
fba57cc8-edaf-3766-1b78-0ede9a4ffc0c,9c2dfa97-43ad-3d62-b17c-fb21cdbc2c1c,React,beginner,"{""project"",""coursework""}",Applied in project work.,2026-09-10 19:11:00
f0458043-e3a6-8a70-7e71-0b558639bd41,9c2dfa97-43ad-3d62-b17c-fb21cdbc2c1c,SQL,beginner,"{""project"",""coursework""}",Applied in project work.,2026-09-10 19:11:00
315c167a-45d8-a6ad-77d0-359e811414f8,9c2dfa97-43ad-3d62-b17c-fb21cdbc2c1c,Teamwork,intermediate,"{""coursework""}",,2026-09-10 19:11:00
aa0217d0-cd4f-8b2b-899a-c252c1e1b94a,c1dd484a-aca5-8d95-915a-1c304b86b5a1,AI Literacy,intermediate,"{""coursework""}",,2026-08-25 02:35:00
14f573d0-c991-2032-df85-c77798874bfe,c1dd484a-aca5-8d95-915a-1c304b86b5a1,Communication,intermediate,"{""coursework""}",,2026-08-25 02:35:00
13fe8a29-5c9d-eee0-b42a-045687365a84,c1dd484a-aca5-8d95-915a-1c304b86b5a1,Data Analysis,beginner,"{""coursework""}",,2026-08-25 02:35:00
929c93b3-33c0-8bf1-8167-999fe723ada3,c1dd484a-aca5-8d95-915a-1c304b86b5a1,Data Visualisation,intermediate,"{""coursework""}",,2026-08-25 02:35:00
85351a69-dabf-984e-53ff-84612a1f1b61,c1dd484a-aca5-8d95-915a-1c304b86b5a1,Deep Learning,advanced,"{""project""}",Applied in project work.,2026-08-25 02:35:00
82a7f586-e61d-9cde-1747-f3877d23d479,c1dd484a-aca5-8d95-915a-1c304b86b5a1,Git,beginner,"{""coursework""}",,2026-08-25 02:35:00
836435e3-21c7-1aa3-7414-23b50e3e25f2,c1dd484a-aca5-8d95-915a-1c304b86b5a1,Machine Learning,beginner,"{""coursework""}",,2026-08-25 02:35:00
b928e23f-4ee4-334e-ce92-0136ac3a812f,c1dd484a-aca5-8d95-915a-1c304b86b5a1,Natural Language Processing,beginner,"{""coursework""}",,2026-08-25 02:35:00
beed0af9-00c5-9f30-d103-142441241bb4,c1dd484a-aca5-8d95-915a-1c304b86b5a1,Python,intermediate,"{""project"",""coursework""}",Applied in project work.,2026-08-25 02:35:00
fe7ee362-8a89-b0f0-1052-91d3b34c6c73,c1dd484a-aca5-8d95-915a-1c304b86b5a1,SQL,intermediate,"{""coursework""}",,2026-08-25 02:35:00
ef0bea4f-fc73-7d92-11ab-3d11e4eb8000,c1dd484a-aca5-8d95-915a-1c304b86b5a1,Statistical Analysis,intermediate,"{""coursework""}",,2026-08-25 02:35:00
fa740cc8-a43a-fb7a-c40d-487422ab7752,c1dd484a-aca5-8d95-915a-1c304b86b5a1,Teamwork,intermediate,"{""coursework""}",,2026-08-25 02:35:00
ea98fef8-d0d7-5e37-3bf2-025f4a0d2b73,8a0f9508-dfe2-c0a0-a96b-3c42f6d22a7b,Flask,intermediate,"{""project""}",Applied in project work.,2026-07-24 03:20:00
c5c51060-9911-21e7-93d5-63ae51a3ac26,8a0f9508-dfe2-c0a0-a96b-3c42f6d22a7b,Git,beginner,"{""coursework""}",,2026-07-24 03:20:00
8570b59f-a903-ae67-fc56-8b5324acb722,8a0f9508-dfe2-c0a0-a96b-3c42f6d22a7b,Node.js,beginner,"{""coursework""}",,2026-07-24 03:20:00
8e85140d-0f9a-eb70-4670-7cd64ceda164,8a0f9508-dfe2-c0a0-a96b-3c42f6d22a7b,Python,intermediate,"{""project"",""coursework""}",Applied in project work.,2026-07-24 03:20:00
8e4c3ab5-6d5d-0477-adc2-9178a0411612,8a0f9508-dfe2-c0a0-a96b-3c42f6d22a7b,SQL,intermediate,"{""project""}",Applied in project work.,2026-07-24 03:20:00
a4b05c89-f10b-ce9c-582b-91eef8e8035b,8a0f9508-dfe2-c0a0-a96b-3c42f6d22a7b,Time Management,beginner,"{""coursework""}",,2026-07-24 03:20:00
774c0afa-7f4d-908c-e1ff-f6c08347f1da,24f43c62-b523-c0de-db87-d29c4cfd0fc1,Data Analysis,beginner,"{""project"",""coursework""}",Applied in project work.,2026-08-24 04:01:00
340029c3-ea11-905b-51fa-cefad6f89f7a,24f43c62-b523-c0de-db87-d29c4cfd0fc1,Excel,intermediate,"{""project"",""coursework""}",Applied in project work.,2026-08-24 04:01:00
dd34aa18-9001-9ed4-0bb4-01e769f753f1,24f43c62-b523-c0de-db87-d29c4cfd0fc1,Leadership,beginner,"{""coursework""}",,2026-08-24 04:01:00
b852b3cd-9442-b5e6-9583-1d58ef4c5119,24f43c62-b523-c0de-db87-d29c4cfd0fc1,Power BI,intermediate,"{""coursework""}",,2026-08-24 04:01:00
3ae28023-5472-0d2d-3239-9ffb27046f25,24f43c62-b523-c0de-db87-d29c4cfd0fc1,Python,intermediate,"{""project"",""coursework""}",Applied in project work.,2026-08-24 04:01:00
566a9ce7-af52-1b94-f186-e47aa7946320,24f43c62-b523-c0de-db87-d29c4cfd0fc1,SQL,intermediate,"{""project"",""coursework""}",Applied in project work.,2026-08-24 04:01:00
b93b17fb-f76d-15fd-7d16-45a0d253d966,24f43c62-b523-c0de-db87-d29c4cfd0fc1,Statistical Analysis,beginner,"{""project"",""coursework""}",Applied in project work.,2026-08-24 04:01:00
7ff6b824-152a-eaec-2bdf-cb41b3eda8f1,f50d7a37-a44d-9fec-fd85-d7fa8ac97b01,C++,advanced,"{""project""}",Applied in project work.,2026-07-07 09:13:00
1869a217-f94d-8fcb-dba3-496ffa323f69,f50d7a37-a44d-9fec-fd85-d7fa8ac97b01,Data Analysis,intermediate,"{""certification""}",,2026-07-07 09:13:00
361f6d90-3ad1-fa33-0ae4-ac11eb4d8f42,f50d7a37-a44d-9fec-fd85-d7fa8ac97b01,Docker,beginner,"{""coursework""}",,2026-07-07 09:13:00
13087974-ec95-b3ac-0beb-7c3445667c48,f50d7a37-a44d-9fec-fd85-d7fa8ac97b01,FastAPI,intermediate,"{""project""}",Applied in project work.,2026-07-07 09:13:00
90422eb7-8b04-0f53-e639-49d447c68688,f50d7a37-a44d-9fec-fd85-d7fa8ac97b01,Git,beginner,"{""project""}",Applied in project work.,2026-07-07 09:13:00
9647ff9f-3508-507a-f622-d84204022b3c,f50d7a37-a44d-9fec-fd85-d7fa8ac97b01,Java,intermediate,"{""coursework""}",,2026-07-07 09:13:00
65f6ba53-d226-a8b3-b674-410dd218c9d6,f50d7a37-a44d-9fec-fd85-d7fa8ac97b01,Problem Solving,advanced,"{""coursework""}",,2026-07-07 09:13:00
639fc471-d975-0f00-d5ab-a8ae9112fbc0,f50d7a37-a44d-9fec-fd85-d7fa8ac97b01,Python,intermediate,"{""project""}",Applied in project work.,2026-07-07 09:13:00
c16f9bcc-6243-bed7-54ec-3f338a624cbd,f50d7a37-a44d-9fec-fd85-d7fa8ac97b01,R,advanced,"{""certification""}",,2026-07-07 09:13:00
f96d40f8-bed6-3da0-8033-f5c21413d64d,f50d7a37-a44d-9fec-fd85-d7fa8ac97b01,SQL,intermediate,"{""project"",""certification""}",Applied in project work.,2026-07-07 09:13:00
d6b361e4-3b6d-ca0d-6fe5-040b1901ef87,f50d7a37-a44d-9fec-fd85-d7fa8ac97b01,Tableau,beginner,"{""certification"",""coursework""}",,2026-07-07 09:13:00
4cbc9044-6bcd-5ce7-46a5-6fe86f46f1b1,735741e5-fe1a-1ba9-c896-9c5b45f8c28d,AWS,intermediate,"{""project"",""coursework""}",Applied in project work.,2026-08-18 23:44:00
7eece88d-a002-352a-b88c-ddde3f2086c2,735741e5-fe1a-1ba9-c896-9c5b45f8c28d,Azure,intermediate,"{""project"",""coursework""}",Applied in project work.,2026-08-18 23:44:00
22af711f-1b62-8a9d-7536-6b9f320f72c0,735741e5-fe1a-1ba9-c896-9c5b45f8c28d,Cloud Computing,intermediate,"{""project""}",Applied in project work.,2026-08-18 23:44:00
dcb9075e-cdd7-f460-6140-77d39ec4ea48,735741e5-fe1a-1ba9-c896-9c5b45f8c28d,Data Analysis,intermediate,"{""coursework""}",,2026-08-18 23:44:00
d2d33488-d0c3-0018-6e3c-dd4f55b145e4,735741e5-fe1a-1ba9-c896-9c5b45f8c28d,Docker,intermediate,"{""coursework""}",,2026-08-18 23:44:00
b1fead13-f280-df1d-9a6c-0db952171c88,735741e5-fe1a-1ba9-c896-9c5b45f8c28d,Leadership,intermediate,"{""coursework""}",,2026-08-18 23:44:00
65f30779-f6ee-5cdb-2d79-a2d1506e50c7,735741e5-fe1a-1ba9-c896-9c5b45f8c28d,Linux,intermediate,"{""coursework""}",,2026-08-18 23:44:00
c82f78fd-936c-d31c-f7bf-52447db2a7aa,735741e5-fe1a-1ba9-c896-9c5b45f8c28d,Node.js,beginner,"{""coursework""}",,2026-08-18 23:44:00
c92e8c93-d105-c8d6-47c1-c01760452909,735741e5-fe1a-1ba9-c896-9c5b45f8c28d,Problem Solving,intermediate,"{""coursework""}",,2026-08-18 23:44:00
2e0fb5b3-8bae-591e-ff4c-c10f979c30cf,735741e5-fe1a-1ba9-c896-9c5b45f8c28d,Python,intermediate,"{""project"",""coursework""}",Applied in project work.,2026-08-18 23:44:00
ba2aa7ba-f3f8-1c31-06e3-f9498cd34c62,735741e5-fe1a-1ba9-c896-9c5b45f8c28d,Research Skills,intermediate,"{""coursework""}",,2026-08-18 23:44:00
11b461e9-b15d-a72d-d4ce-e27c4a94ae9f,735741e5-fe1a-1ba9-c896-9c5b45f8c28d,SQL,intermediate,"{""project"",""coursework""}",Applied in project work.,2026-08-18 23:44:00
ac484366-68bd-80d7-cb88-1c32cbb02a8b,735741e5-fe1a-1ba9-c896-9c5b45f8c28d,Teamwork,beginner,"{""coursework""}",,2026-08-18 23:44:00
6c521d13-b719-bb68-2775-ee42a89e22f2,735741e5-fe1a-1ba9-c896-9c5b45f8c28d,Time Management,beginner,"{""coursework""}",,2026-08-18 23:44:00
51a40d2a-73d3-9457-b25f-13dfb8d49848,ca6caf9b-0969-7101-8b2c-550a6b15c11b,Azure,intermediate,"{""project""}",Applied in project work.,2026-09-08 05:16:00
1d763a66-b5f5-9cb0-cf68-58780b705933,ca6caf9b-0969-7101-8b2c-550a6b15c11b,Cloud Computing,intermediate,"{""project"",""coursework""}",Applied in project work.,2026-09-08 05:16:00
fbe0e6b8-ee0f-65a8-2a13-1c1fccd015c1,ca6caf9b-0969-7101-8b2c-550a6b15c11b,Communication,intermediate,"{""coursework""}",,2026-09-08 05:16:00
28fea761-8d49-fe3f-2ca8-f78384182d35,ca6caf9b-0969-7101-8b2c-550a6b15c11b,Data Analysis,intermediate,"{""certification"",""internship""}",Used during internship.,2026-09-08 05:16:00
2f383b43-a137-f8e4-67b1-3040cc39b925,ca6caf9b-0969-7101-8b2c-550a6b15c11b,Data Visualisation,beginner,"{""coursework""}",,2026-09-08 05:16:00
0779250a-6544-e313-6ea0-5d13a84554c3,ca6caf9b-0969-7101-8b2c-550a6b15c11b,Git,intermediate,"{""internship"",""coursework""}",Used during internship.,2026-09-08 05:16:00
b4698db3-0123-a348-638a-bdf66df72cd3,ca6caf9b-0969-7101-8b2c-550a6b15c11b,JavaScript,intermediate,"{""coursework""}",,2026-09-08 05:16:00
cf08ea54-b429-9924-c098-675047419b48,ca6caf9b-0969-7101-8b2c-550a6b15c11b,R,intermediate,"{""certification"",""internship"",""coursework""}",Used during internship.,2026-09-08 05:16:00
5373bf4d-5da4-9cb9-2fdc-999289718eea,ca6caf9b-0969-7101-8b2c-550a6b15c11b,React,beginner,"{""coursework""}",,2026-09-08 05:16:00
dcd5bfae-abb3-16a7-4329-97801d2c2721,ca6caf9b-0969-7101-8b2c-550a6b15c11b,SQL,intermediate,"{""project"",""certification"",""coursework""}",Applied in project work.,2026-09-08 05:16:00
9645f0e4-647d-c392-9c7e-b575637ddcd6,ca6caf9b-0969-7101-8b2c-550a6b15c11b,Tableau,advanced,"{""certification"",""coursework""}",,2026-09-08 05:16:00
9e0b7b01-7536-59ef-d873-dad95a1baf0e,ca6caf9b-0969-7101-8b2c-550a6b15c11b,Teamwork,intermediate,"{""coursework""}",,2026-09-08 05:16:00
d2c2a960-8b09-01ab-c66d-ceb344945e09,2edc017e-1df0-5d18-4e2d-62553d131a3d,Docker,intermediate,"{""project""}",Applied in project work.,2026-08-19 23:16:00
8bddcee3-70fd-6672-b80f-16c5c28fa16b,2edc017e-1df0-5d18-4e2d-62553d131a3d,Git,beginner,"{""project""}",Applied in project work.,2026-08-19 23:16:00
d47f83b1-bc69-c155-1a37-f6bd6cd6f011,2edc017e-1df0-5d18-4e2d-62553d131a3d,Linux,intermediate,"{""project"",""coursework""}",Applied in project work.,2026-08-19 23:16:00
593c572b-4347-dbca-7321-a8b20840405a,2edc017e-1df0-5d18-4e2d-62553d131a3d,Python,intermediate,"{""coursework""}",,2026-08-19 23:16:00
fe7402cd-dd83-ad03-7066-e289164484a0,2edc017e-1df0-5d18-4e2d-62553d131a3d,Teamwork,advanced,"{""coursework""}",,2026-08-19 23:16:00
59c2f153-b06b-0f0c-9682-2e22bcd4344f,2edc017e-1df0-5d18-4e2d-62553d131a3d,Time Management,intermediate,"{""coursework""}",,2026-08-19 23:16:00
94fb09f0-53c9-3ae7-7cf0-7bb3f343d9eb,52daf681-2b1a-c76c-89ec-bc5198cbaa52,Cloud Computing,intermediate,"{""coursework""}",,2026-08-07 18:52:00
17d821b8-bb93-cd40-d8df-f535c62dbaea,52daf681-2b1a-c76c-89ec-bc5198cbaa52,Linux,beginner,"{""coursework""}",,2026-08-07 18:52:00
cbb18c79-1036-708d-d9a0-90075bb47c18,52daf681-2b1a-c76c-89ec-bc5198cbaa52,Teamwork,beginner,"{""coursework""}",,2026-08-07 18:52:00
3a9c4308-1221-cddf-7a4a-902f21d63b0f,c9ce44bd-7c3f-1add-da38-5db590eeb067,Data Analysis,intermediate,"{""project""}",Applied in project work.,2026-07-14 06:22:00
1a6b6a7d-1a38-aad6-ce53-2ffdbb134f02,c9ce44bd-7c3f-1add-da38-5db590eeb067,Excel,beginner,"{""coursework""}",,2026-07-14 06:22:00
dfdf0e05-c0ce-f31b-d038-e153c601818b,c9ce44bd-7c3f-1add-da38-5db590eeb067,Java,intermediate,"{""coursework""}",,2026-07-14 06:22:00
11836c4f-2492-04c7-ad58-db1bfe31537a,c9ce44bd-7c3f-1add-da38-5db590eeb067,Natural Language Processing,beginner,"{""coursework""}",,2026-07-14 06:22:00
368acd40-b8f1-4e3c-59e7-703a70aa5b0d,c9ce44bd-7c3f-1add-da38-5db590eeb067,Problem Solving,intermediate,"{""coursework""}",,2026-07-14 06:22:00
9db7284b-6965-d1d1-eb7e-2e6426c0747e,c9ce44bd-7c3f-1add-da38-5db590eeb067,Python,intermediate,"{""project""}",Applied in project work.,2026-07-14 06:22:00
1f873b46-c0a0-473a-23d7-e6a119b814fc,c9ce44bd-7c3f-1add-da38-5db590eeb067,Statistical Analysis,intermediate,"{""project""}",Applied in project work.,2026-07-14 06:22:00
6dec6bbd-f697-77a1-59fe-3d53624fea4b,c9ce44bd-7c3f-1add-da38-5db590eeb067,Teamwork,beginner,"{""coursework""}",,2026-07-14 06:22:00
c362a810-a261-1b8d-9620-bee66406face,d90f74e9-06dd-f6ca-b0c3-0a59f0f7ad22,Data Visualisation,intermediate,"{""project"",""internship""}",Applied in project work.,2026-09-17 02:23:00
f413db19-bade-8d5d-6fff-15ccb2dc6c34,d90f74e9-06dd-f6ca-b0c3-0a59f0f7ad22,Excel,intermediate,"{""project"",""internship""}",Applied in project work.,2026-09-17 02:23:00
ecb4678c-1612-0aa6-3e96-39ba0ed2ec9d,d90f74e9-06dd-f6ca-b0c3-0a59f0f7ad22,Power BI,intermediate,"{""project""}",Applied in project work.,2026-09-17 02:23:00
a8761e85-bddf-a03a-aa84-30f84f2da233,d90f74e9-06dd-f6ca-b0c3-0a59f0f7ad22,Problem Solving,beginner,"{""coursework""}",,2026-09-17 02:23:00
23204ff5-b538-f96c-033e-02f71e93d127,d90f74e9-06dd-f6ca-b0c3-0a59f0f7ad22,SQL,intermediate,"{""project"",""internship""}",Applied in project work.,2026-09-17 02:23:00
1e910f36-5f70-5b25-9250-2e5913f06822,44cdbfdd-df9b-141e-c7f7-bda1bff15840,Communication,advanced,"{""coursework""}",,2026-08-24 18:17:00
0bc1f9e5-fb3d-f063-8409-c5eacde918b3,44cdbfdd-df9b-141e-c7f7-bda1bff15840,Data Visualisation,intermediate,"{""certification""}",,2026-08-24 18:17:00
ddb449dc-7710-6966-e082-7f7611a529b4,44cdbfdd-df9b-141e-c7f7-bda1bff15840,JavaScript,beginner,"{""coursework""}",,2026-08-24 18:17:00
5e717fca-020a-4497-74ed-51458d9765c7,44cdbfdd-df9b-141e-c7f7-bda1bff15840,Tableau,intermediate,"{""certification"",""coursework""}",,2026-08-24 18:17:00
bd54da04-4dcd-0009-c8d5-77179055a36f,44cdbfdd-df9b-141e-c7f7-bda1bff15840,Time Management,beginner,"{""coursework""}",,2026-08-24 18:17:00
516c3b0a-5385-3918-bc40-15fad4f76322,01a1fb0f-268b-84b6-3ec0-a285cbc4ec0e,Communication,intermediate,"{""coursework""}",,2026-07-04 16:57:00
95af6d0c-c528-5425-c7a9-f33c22d839d3,01a1fb0f-268b-84b6-3ec0-a285cbc4ec0e,Data Analysis,intermediate,"{""coursework""}",,2026-07-04 16:57:00
774f6354-7316-ce64-2a14-7a961b0c62eb,01a1fb0f-268b-84b6-3ec0-a285cbc4ec0e,Docker,advanced,"{""coursework""}",,2026-07-04 16:57:00
4eed4124-73b0-d676-3527-a5c8c534ca08,01a1fb0f-268b-84b6-3ec0-a285cbc4ec0e,Linux,intermediate,"{""project"",""coursework""}",Applied in project work.,2026-07-04 16:57:00
28597b34-1725-d2c7-1eb2-a7b8da3c45ca,01a1fb0f-268b-84b6-3ec0-a285cbc4ec0e,Research Skills,intermediate,"{""project"",""coursework""}",Applied in project work.,2026-07-04 16:57:00
d5ff2a1f-370b-9a29-0a53-0df99a72083c,01a1fb0f-268b-84b6-3ec0-a285cbc4ec0e,SQL,beginner,"{""coursework""}",,2026-07-04 16:57:00
61eb64e6-fd49-8e20-04ff-eab2cb7b0b3a,67863fb3-f3bc-9a71-07f4-fee52c82989f,Communication,intermediate,"{""coursework""}",,2026-09-11 03:46:00
c80c2195-8b65-84ce-7acc-99705beec570,67863fb3-f3bc-9a71-07f4-fee52c82989f,Data Analysis,intermediate,"{""project""}",Applied in project work.,2026-09-11 03:46:00
06ac1010-2e08-69c1-453b-45fe636cf499,67863fb3-f3bc-9a71-07f4-fee52c82989f,Data Visualisation,advanced,"{""project"",""coursework""}",Applied in project work.,2026-09-11 03:46:00
cf89569d-e550-d736-0780-6e713811b519,67863fb3-f3bc-9a71-07f4-fee52c82989f,Excel,intermediate,"{""project"",""coursework""}",Applied in project work.,2026-09-11 03:46:00
95804c2a-c44f-c4b8-5b80-b8d18788dfed,67863fb3-f3bc-9a71-07f4-fee52c82989f,Linux,advanced,"{""certification""}",,2026-09-11 03:46:00
3f738f50-19a2-676f-28dd-2bfdf956be95,67863fb3-f3bc-9a71-07f4-fee52c82989f,Power BI,advanced,"{""project""}",Applied in project work.,2026-09-11 03:46:00
c398c332-0e50-0785-bcaf-f931ead18464,67863fb3-f3bc-9a71-07f4-fee52c82989f,Problem Solving,intermediate,"{""certification""}",,2026-09-11 03:46:00
fb8fe8c4-d8b4-8ead-9360-8edf382b5b86,67863fb3-f3bc-9a71-07f4-fee52c82989f,Python,advanced,"{""project""}",Applied in project work.,2026-09-11 03:46:00
3c8e9d78-2d14-e9f4-2c78-644fd86065a2,67863fb3-f3bc-9a71-07f4-fee52c82989f,SQL,intermediate,"{""project""}",Applied in project work.,2026-09-11 03:46:00
5bd93609-b297-a782-bcf4-74aace63cb1a,67863fb3-f3bc-9a71-07f4-fee52c82989f,Statistical Analysis,advanced,"{""project""}",Applied in project work.,2026-09-11 03:46:00
2460d0d2-9048-83c1-9151-9998f2933585,67863fb3-f3bc-9a71-07f4-fee52c82989f,Time Management,advanced,"{""coursework""}",,2026-09-11 03:46:00
efcac577-1aa6-f7cb-90c7-e6aca3bfe403,9d37efb6-eafb-3e90-54ec-84ce002ccb25,C++,advanced,"{""project"",""coursework""}",Applied in project work.,2026-07-23 20:02:00
3ced4d1f-13eb-22c9-bece-d21a54c7743b,9d37efb6-eafb-3e90-54ec-84ce002ccb25,FastAPI,beginner,"{""coursework""}",,2026-07-23 20:02:00
b57ec883-d258-6d90-16b6-bf61f68c62e6,9d37efb6-eafb-3e90-54ec-84ce002ccb25,Flask,intermediate,"{""coursework""}",,2026-07-23 20:02:00
725656e3-55f3-ad50-e2fb-b984bab27bce,9d37efb6-eafb-3e90-54ec-84ce002ccb25,Git,advanced,"{""project""}",Applied in project work.,2026-07-23 20:02:00
1ba827c6-c97a-24ad-41b4-55b859b9222c,9d37efb6-eafb-3e90-54ec-84ce002ccb25,Java,intermediate,"{""coursework""}",,2026-07-23 20:02:00
bb8aa843-702f-31e5-62cc-c6040c53644b,9d37efb6-eafb-3e90-54ec-84ce002ccb25,Leadership,advanced,"{""coursework""}",,2026-07-23 20:02:00
8bc83a02-59ea-4936-60f3-4ebce1bbb8cd,9d37efb6-eafb-3e90-54ec-84ce002ccb25,Linux,intermediate,"{""coursework""}",,2026-07-23 20:02:00
dd326d9c-c9ea-356a-7abf-cebfd42cb1ae,9d37efb6-eafb-3e90-54ec-84ce002ccb25,Node.js,intermediate,"{""coursework""}",,2026-07-23 20:02:00
d883e3f8-cc98-03de-12de-9e5a7387928a,9d37efb6-eafb-3e90-54ec-84ce002ccb25,Problem Solving,intermediate,"{""coursework""}",,2026-07-23 20:02:00
f3a02120-42d9-43ee-5197-6e750523d4fd,9d37efb6-eafb-3e90-54ec-84ce002ccb25,Teamwork,intermediate,"{""coursework""}",,2026-07-23 20:02:00
798e175f-efb5-6207-ddec-c40bafe3af13,9d17d218-fc3b-0de5-9812-62ac5683ede0,C++,advanced,"{""project""}",Applied in project work.,2026-07-04 23:43:00
b6dcbd05-da9b-ccc1-e71c-681a6511e61a,9d17d218-fc3b-0de5-9812-62ac5683ede0,Communication,advanced,"{""coursework""}",,2026-07-04 23:43:00
ccea5031-844e-250b-e684-390c923b7820,9d17d218-fc3b-0de5-9812-62ac5683ede0,Docker,advanced,"{""coursework""}",,2026-07-04 23:43:00
2c41cbd3-72f4-44ab-c1d7-1f4af3025d16,9d17d218-fc3b-0de5-9812-62ac5683ede0,FastAPI,advanced,"{""project""}",Applied in project work.,2026-07-04 23:43:00
cef74829-363e-6ef4-f8df-cc3a2acb4fbd,9d17d218-fc3b-0de5-9812-62ac5683ede0,Flask,advanced,"{""coursework""}",,2026-07-04 23:43:00
ff4d0930-33b0-fb53-6f75-ee8aaee14f87,9d17d218-fc3b-0de5-9812-62ac5683ede0,Git,advanced,"{""project"",""coursework""}",Applied in project work.,2026-07-04 23:43:00
4204d733-9855-0b1e-d588-1c1c25db5946,9d17d218-fc3b-0de5-9812-62ac5683ede0,Java,advanced,"{""project"",""internship""}",Applied in project work.,2026-07-04 23:43:00
65b90e94-8e6d-e263-635a-775d16476e3f,9d17d218-fc3b-0de5-9812-62ac5683ede0,JavaScript,intermediate,"{""coursework""}",,2026-07-04 23:43:00
7549c9f9-850a-48d4-46b5-18dedb4bb8eb,9d17d218-fc3b-0de5-9812-62ac5683ede0,Leadership,intermediate,"{""internship""}",Used during internship.,2026-07-04 23:43:00
6b6a8061-c81c-8d31-85c6-9fbf966b62ea,9d17d218-fc3b-0de5-9812-62ac5683ede0,Linux,advanced,"{""project""}",Applied in project work.,2026-07-04 23:43:00
9682d9ff-910c-4cb7-25f0-6b0a264ef59d,9d17d218-fc3b-0de5-9812-62ac5683ede0,Node.js,advanced,"{""coursework""}",,2026-07-04 23:43:00
19da8262-c790-3dc5-900c-0af71b0ae22e,9d17d218-fc3b-0de5-9812-62ac5683ede0,Problem Solving,advanced,"{""coursework""}",,2026-07-04 23:43:00
5807cf74-e150-9425-891f-4683de12dbf1,9d17d218-fc3b-0de5-9812-62ac5683ede0,Python,advanced,"{""project""}",Applied in project work.,2026-07-04 23:43:00
099759a3-7919-955c-9be4-f19f92701d60,9d17d218-fc3b-0de5-9812-62ac5683ede0,Research Skills,advanced,"{""project"",""internship""}",Applied in project work.,2026-07-04 23:43:00
9bd0d4c7-9e45-455e-24d3-875167294d3c,9d17d218-fc3b-0de5-9812-62ac5683ede0,SQL,advanced,"{""project"",""coursework""}",Applied in project work.,2026-07-04 23:43:00
0706fec2-48fa-4e98-1723-ecdbb0588256,d1403430-567e-642e-052d-fb9a5f584603,Cloud Computing,intermediate,"{""coursework""}",,2026-07-30 13:35:00
38aa76df-db6b-a39b-36dd-9529f704d72f,d1403430-567e-642e-052d-fb9a5f584603,Communication,advanced,"{""coursework""}",,2026-07-30 13:35:00
a6ce6d7a-44e2-a94b-34ec-5264ad7d6f81,d1403430-567e-642e-052d-fb9a5f584603,Data Analysis,advanced,"{""project""}",Applied in project work.,2026-07-30 13:35:00
795e6f2b-0247-2360-aea4-a441c47fa57e,d1403430-567e-642e-052d-fb9a5f584603,Data Visualisation,advanced,"{""certification"",""coursework""}",,2026-07-30 13:35:00
cd0579e2-99e4-704c-2c56-e0cda5ba2472,d1403430-567e-642e-052d-fb9a5f584603,Deep Learning,intermediate,"{""coursework""}",,2026-07-30 13:35:00
b599277f-f78e-e9e8-b676-291d4e329b4b,d1403430-567e-642e-052d-fb9a5f584603,Git,intermediate,"{""coursework""}",,2026-07-30 13:35:00
da018d29-6060-b1eb-e53e-5f4c6c7e9a2c,d1403430-567e-642e-052d-fb9a5f584603,Machine Learning,advanced,"{""project""}",Applied in project work.,2026-07-30 13:35:00
9fa4a627-d306-08be-8548-867bad5cba24,d1403430-567e-642e-052d-fb9a5f584603,Natural Language Processing,intermediate,"{""project"",""coursework""}",Applied in project work.,2026-07-30 13:35:00
ffda9a93-82f2-9004-01e1-87d81a312044,d1403430-567e-642e-052d-fb9a5f584603,Problem Solving,advanced,"{""coursework""}",,2026-07-30 13:35:00
485d831c-9bea-b529-9801-7a2fa5b83693,d1403430-567e-642e-052d-fb9a5f584603,Python,advanced,"{""project""}",Applied in project work.,2026-07-30 13:35:00
5616af7e-1057-a002-7b53-359e1bacbd0d,d1403430-567e-642e-052d-fb9a5f584603,R,intermediate,"{""project"",""coursework""}",Applied in project work.,2026-07-30 13:35:00
f3c2944a-b60a-3dcc-a7f7-745142da8609,d1403430-567e-642e-052d-fb9a5f584603,SQL,intermediate,"{""coursework""}",,2026-07-30 13:35:00
846d5a3b-2661-c426-3038-5dd74c7d9313,d1403430-567e-642e-052d-fb9a5f584603,Statistical Analysis,beginner,"{""coursework""}",,2026-07-30 13:35:00
6772fe9f-999b-c859-cf5e-0f0bcd67b5df,d1403430-567e-642e-052d-fb9a5f584603,Tableau,advanced,"{""certification""}",,2026-07-30 13:35:00
2e2bdc6c-b736-0c4f-dcc5-d97550fe8199,d0e656e5-9271-5f6e-fea8-2e3ab54401cb,Communication,intermediate,"{""coursework""}",,2026-08-31 07:55:00
fc9476b1-a18b-5d15-5527-34077cd2192f,d0e656e5-9271-5f6e-fea8-2e3ab54401cb,Data Analysis,beginner,"{""coursework""}",,2026-08-31 07:55:00
c606ddc4-c2dd-901d-359a-15334605ec0e,d0e656e5-9271-5f6e-fea8-2e3ab54401cb,Data Visualisation,intermediate,"{""project"",""certification"",""coursework""}",Applied in project work.,2026-08-31 07:55:00
c90394ea-7d54-ec82-288f-3435c3b534db,d0e656e5-9271-5f6e-fea8-2e3ab54401cb,Excel,intermediate,"{""project"",""coursework""}",Applied in project work.,2026-08-31 07:55:00
6dd49c96-6744-cb9e-6ded-cba5a22c3d4f,d0e656e5-9271-5f6e-fea8-2e3ab54401cb,Git,intermediate,"{""coursework""}",,2026-08-31 07:55:00
88a5fa0d-09a8-5dc5-0131-ff3b62210670,d0e656e5-9271-5f6e-fea8-2e3ab54401cb,Machine Learning,intermediate,"{""coursework""}",,2026-08-31 07:55:00
87f1d48c-d54e-7948-c1c0-c5e3527c8f50,d0e656e5-9271-5f6e-fea8-2e3ab54401cb,Power BI,intermediate,"{""project"",""certification"",""coursework""}",Applied in project work.,2026-08-31 07:55:00
bbcd6c18-a06e-8de5-010e-4265ad3f5dd4,d0e656e5-9271-5f6e-fea8-2e3ab54401cb,Problem Solving,intermediate,"{""coursework""}",,2026-08-31 07:55:00
80daa8ca-6230-5d27-1a4b-160621019bff,d0e656e5-9271-5f6e-fea8-2e3ab54401cb,Statistical Analysis,intermediate,"{""coursework""}",,2026-08-31 07:55:00
0bb432b3-d2e7-6deb-10b6-a6622ac1d5ca,d0e656e5-9271-5f6e-fea8-2e3ab54401cb,Time Management,beginner,"{""coursework""}",,2026-08-31 07:55:00
b02e21aa-352b-6ec8-e90d-21cb7f111a36,5bf7dda1-7d7c-59a5-e6c1-1650ff02f5b0,Communication,intermediate,"{""coursework""}",,2026-07-30 16:39:00
1c453357-e829-4a67-16c8-e3d7abf0263e,5bf7dda1-7d7c-59a5-e6c1-1650ff02f5b0,Data Visualisation,intermediate,"{""project""}",Applied in project work.,2026-07-30 16:39:00
f30ee4fe-262e-5559-7e7d-9a19ab450578,5bf7dda1-7d7c-59a5-e6c1-1650ff02f5b0,Docker,intermediate,"{""internship""}",Used during internship.,2026-07-30 16:39:00
a4f34185-4182-2509-e79f-9f3d19ee2c3b,5bf7dda1-7d7c-59a5-e6c1-1650ff02f5b0,Excel,beginner,"{""project"",""coursework""}",Applied in project work.,2026-07-30 16:39:00
439db29d-4bc8-1c16-fa2f-bd74fd1935cc,5bf7dda1-7d7c-59a5-e6c1-1650ff02f5b0,Git,intermediate,"{""internship"",""coursework""}",Used during internship.,2026-07-30 16:39:00
5c370739-4a62-9c5e-da2c-f8520a190939,5bf7dda1-7d7c-59a5-e6c1-1650ff02f5b0,Leadership,intermediate,"{""coursework""}",,2026-07-30 16:39:00
1dabb10a-bd10-f87c-6d0e-0597500d92a7,5bf7dda1-7d7c-59a5-e6c1-1650ff02f5b0,Machine Learning,intermediate,"{""project"",""internship""}",Applied in project work.,2026-07-30 16:39:00
a5aecf37-a9d1-a28e-236d-d176da1c96ae,5bf7dda1-7d7c-59a5-e6c1-1650ff02f5b0,Power BI,intermediate,"{""project"",""coursework""}",Applied in project work.,2026-07-30 16:39:00
f480b91e-700e-0efc-e4ff-c31a5b86ea69,5bf7dda1-7d7c-59a5-e6c1-1650ff02f5b0,Problem Solving,intermediate,"{""coursework""}",,2026-07-30 16:39:00
1d24181c-2ed0-87d4-57bc-ad3ad0a17fe8,5bf7dda1-7d7c-59a5-e6c1-1650ff02f5b0,Python,intermediate,"{""project"",""certification""}",Applied in project work.,2026-07-30 16:39:00
d5f0fb6a-4596-da75-74df-b83ff659f188,5bf7dda1-7d7c-59a5-e6c1-1650ff02f5b0,React,intermediate,"{""coursework""}",,2026-07-30 16:39:00
2ab202c2-cc02-43c6-e2d9-03c8a61acd8e,5bf7dda1-7d7c-59a5-e6c1-1650ff02f5b0,SQL,intermediate,"{""coursework""}",,2026-07-30 16:39:00
fb481ded-0f03-7337-b9f6-143bb2383056,5bf7dda1-7d7c-59a5-e6c1-1650ff02f5b0,Teamwork,beginner,"{""coursework""}",,2026-07-30 16:39:00
bec7fb11-7f53-dc0a-fb0d-3cda1e639261,0760801f-9c81-fc46-5bcd-236cc7774fae,Data Visualisation,advanced,"{""project"",""internship"",""coursework""}",Applied in project work.,2026-07-18 01:29:00
d36ec1bd-000b-1f5e-8c91-bd138ea02346,0760801f-9c81-fc46-5bcd-236cc7774fae,Docker,advanced,"{""project""}",Applied in project work.,2026-07-18 01:29:00
a335b2c8-9e7b-1e95-f692-641a9aad10ce,0760801f-9c81-fc46-5bcd-236cc7774fae,Git,advanced,"{""project"",""coursework""}",Applied in project work.,2026-07-18 01:29:00
57423882-f34a-7949-74ca-0ad7abe5be96,0760801f-9c81-fc46-5bcd-236cc7774fae,JavaScript,intermediate,"{""project"",""internship"",""coursework""}",Applied in project work.,2026-07-18 01:29:00
d8253010-3911-2943-d10b-f4dc0de4faf4,0760801f-9c81-fc46-5bcd-236cc7774fae,Linux,intermediate,"{""project"",""coursework""}",Applied in project work.,2026-07-18 01:29:00
5d00df1b-a83c-1c2b-b776-e729791f49f6,0760801f-9c81-fc46-5bcd-236cc7774fae,Python,intermediate,"{""certification"",""coursework""}",,2026-07-18 01:29:00
a8ae57b9-c262-cad0-18f1-a1e41d30a290,0760801f-9c81-fc46-5bcd-236cc7774fae,React,intermediate,"{""internship""}",Used during internship.,2026-07-18 01:29:00
460a6125-3f8c-93d4-c32a-fc4ab148b2a6,7e0f60b2-2a06-1609-e599-bd3c0bb81d38,Docker,beginner,"{""coursework""}",,2026-08-03 05:51:00
69a9aff9-235f-c3d5-2224-a806ce072a52,7e0f60b2-2a06-1609-e599-bd3c0bb81d38,Git,beginner,"{""coursework""}",,2026-08-03 05:51:00
4c859233-8325-bd9e-bf98-e734e2ed8686,7e0f60b2-2a06-1609-e599-bd3c0bb81d38,Machine Learning,intermediate,"{""project""}",Applied in project work.,2026-08-03 05:51:00
a1f0fa7a-8db7-8572-ef7d-b821bca0258e,7e0f60b2-2a06-1609-e599-bd3c0bb81d38,Natural Language Processing,intermediate,"{""project""}",Applied in project work.,2026-08-03 05:51:00
4a636af5-b6e1-e7ac-9fc9-726435afbb2d,7e0f60b2-2a06-1609-e599-bd3c0bb81d38,Problem Solving,intermediate,"{""coursework""}",,2026-08-03 05:51:00
f554e1f8-f9a5-5cf2-a66c-0fa1b5dc8a9a,7e0f60b2-2a06-1609-e599-bd3c0bb81d38,Python,intermediate,"{""project""}",Applied in project work.,2026-08-03 05:51:00
5287964d-a30a-6658-b1be-6df28ae0b8a0,7e0f60b2-2a06-1609-e599-bd3c0bb81d38,Teamwork,intermediate,"{""coursework""}",,2026-08-03 05:51:00
2c7dd667-f664-c720-2fdd-b26a13106665,ceed0ffc-6c21-835d-d8e8-b97ce0a25901,AWS,beginner,"{""project""}",Applied in project work.,2026-08-18 13:57:00
214c0a4d-43a5-34d2-8e7d-3f5a4773e66a,ceed0ffc-6c21-835d-d8e8-b97ce0a25901,C++,intermediate,"{""coursework""}",,2026-08-18 13:57:00
549fc34c-0171-f5a7-4148-bd11d89462e8,ceed0ffc-6c21-835d-d8e8-b97ce0a25901,Cloud Computing,intermediate,"{""project"",""coursework""}",Applied in project work.,2026-08-18 13:57:00
0d04dcb6-98cd-2655-5297-e1adedba9484,ceed0ffc-6c21-835d-d8e8-b97ce0a25901,Data Analysis,intermediate,"{""project"",""coursework""}",Applied in project work.,2026-08-18 13:57:00
a971a31f-d7d8-0594-9d98-87bca0180791,ceed0ffc-6c21-835d-d8e8-b97ce0a25901,Deep Learning,beginner,"{""coursework""}",,2026-08-18 13:57:00
515f352c-b52a-9e6b-c8b6-48e012a850c5,ceed0ffc-6c21-835d-d8e8-b97ce0a25901,Git,intermediate,"{""coursework""}",,2026-08-18 13:57:00
11740357-8546-7426-2f12-0b9ef4fd25b7,ceed0ffc-6c21-835d-d8e8-b97ce0a25901,Machine Learning,beginner,"{""project""}",Applied in project work.,2026-08-18 13:57:00
38a06ffe-5972-78c5-1789-be6367465743,ceed0ffc-6c21-835d-d8e8-b97ce0a25901,Natural Language Processing,intermediate,"{""coursework""}",,2026-08-18 13:57:00
5c5d3f1b-54c0-c6c2-54f6-516ea9d049dc,ceed0ffc-6c21-835d-d8e8-b97ce0a25901,Python,intermediate,"{""project""}",Applied in project work.,2026-08-18 13:57:00
d2dd3e26-8fb3-a134-ff23-36e979903d96,ceed0ffc-6c21-835d-d8e8-b97ce0a25901,R,intermediate,"{""project"",""coursework""}",Applied in project work.,2026-08-18 13:57:00
ab3f8d22-1d5e-6aee-0240-f59aa6388854,ceed0ffc-6c21-835d-d8e8-b97ce0a25901,Statistical Analysis,beginner,"{""coursework""}",,2026-08-18 13:57:00
f57a431e-3e6b-74fd-9f02-7cbfeb29d912,ceed0ffc-6c21-835d-d8e8-b97ce0a25901,Time Management,beginner,"{""coursework""}",,2026-08-18 13:57:00
0452f779-50ff-de64-6eda-ba8c6789e7d0,84517303-e94d-4fbe-0653-1d4748677b30,AWS,beginner,"{""coursework""}",,2026-09-01 10:29:00
a43447fb-0182-9782-88ea-e7d41e494952,84517303-e94d-4fbe-0653-1d4748677b30,C++,intermediate,"{""project"",""coursework""}",Applied in project work.,2026-09-01 10:29:00
129538df-d926-fe41-b36d-01210ba6fe09,84517303-e94d-4fbe-0653-1d4748677b30,Cloud Computing,intermediate,"{""coursework""}",,2026-09-01 10:29:00
c971bf51-4a32-bb22-1b2b-b2ec80b9ec30,84517303-e94d-4fbe-0653-1d4748677b30,Git,intermediate,"{""project"",""coursework""}",Applied in project work.,2026-09-01 10:29:00
65262474-61a4-51ff-700b-8b43ed3b9d13,84517303-e94d-4fbe-0653-1d4748677b30,Linux,beginner,"{""coursework""}",,2026-09-01 10:29:00
889157fd-2804-d0ac-7957-41bb07e3c39a,84517303-e94d-4fbe-0653-1d4748677b30,Teamwork,beginner,"{""coursework""}",,2026-09-01 10:29:00
9dc89e1a-540e-7d01-735d-88f37c6166df,bab503fb-ddfc-d1d5-cb86-3deaf7222fbe,Cloud Computing,beginner,"{""coursework""}",,2026-09-10 13:49:00
50fb35b0-cec5-6969-5d4f-7107911ddc79,bab503fb-ddfc-d1d5-cb86-3deaf7222fbe,Communication,beginner,"{""coursework""}",,2026-09-10 13:49:00
3f05557c-502e-d818-013c-a9982b2bf58c,bab503fb-ddfc-d1d5-cb86-3deaf7222fbe,Data Visualisation,intermediate,"{""project""}",Applied in project work.,2026-09-10 13:49:00
2261ddef-5c07-4653-d711-73e446d47d41,bab503fb-ddfc-d1d5-cb86-3deaf7222fbe,Excel,intermediate,"{""project""}",Applied in project work.,2026-09-10 13:49:00
767d3b27-7ade-4367-e0bd-202c54e14f3a,bab503fb-ddfc-d1d5-cb86-3deaf7222fbe,Git,beginner,"{""coursework""}",,2026-09-10 13:49:00
9b4bf377-a542-deb9-2cff-45f81bdc74a9,bab503fb-ddfc-d1d5-cb86-3deaf7222fbe,Power BI,intermediate,"{""project"",""coursework""}",Applied in project work.,2026-09-10 13:49:00
23d7263d-d391-d017-dbd4-a86d47d6723c,bab503fb-ddfc-d1d5-cb86-3deaf7222fbe,R,beginner,"{""coursework""}",,2026-09-10 13:49:00
134d695a-ba38-8c8f-1393-09d1a06a187d,bab503fb-ddfc-d1d5-cb86-3deaf7222fbe,SQL,intermediate,"{""coursework""}",,2026-09-10 13:49:00
07fc584e-a1b2-4627-81d6-7019d97e8d3c,bab503fb-ddfc-d1d5-cb86-3deaf7222fbe,Tableau,intermediate,"{""coursework""}",,2026-09-10 13:49:00
8d3543be-0962-4ec9-e803-82eb36777be4,bab503fb-ddfc-d1d5-cb86-3deaf7222fbe,Time Management,beginner,"{""coursework""}",,2026-09-10 13:49:00
a5b2c7ea-2947-6f54-973e-129c35f0b1be,80499bbf-76f6-a778-2246-0ac94a7eebc2,Azure,intermediate,"{""coursework""}",,2026-09-03 09:21:00
20bd1422-0b0b-81de-3e61-2d6605bf0618,80499bbf-76f6-a778-2246-0ac94a7eebc2,Communication,intermediate,"{""coursework""}",,2026-09-03 09:21:00
2598f383-9280-3da2-e40b-50e40a086989,80499bbf-76f6-a778-2246-0ac94a7eebc2,Data Analysis,advanced,"{""project"",""certification""}",Applied in project work.,2026-09-03 09:21:00
8442906f-2e16-f0b6-ec25-7a75421d4dca,80499bbf-76f6-a778-2246-0ac94a7eebc2,Data Visualisation,advanced,"{""project"",""internship"",""coursework""}",Applied in project work.,2026-09-03 09:21:00
ba5c865d-b834-4070-e0e5-f6e504c44853,80499bbf-76f6-a778-2246-0ac94a7eebc2,Excel,intermediate,"{""project""}",Applied in project work.,2026-09-03 09:21:00
3772aa97-15f3-9d39-f27f-3ad748907b6d,80499bbf-76f6-a778-2246-0ac94a7eebc2,Git,intermediate,"{""internship""}",Used during internship.,2026-09-03 09:21:00
6928043e-d492-b51a-3828-3a052baa43c9,80499bbf-76f6-a778-2246-0ac94a7eebc2,Machine Learning,advanced,"{""certification"",""internship"",""coursework""}",Used during internship.,2026-09-03 09:21:00
c47a3b7e-d209-383b-9528-4c0acb6bf562,80499bbf-76f6-a778-2246-0ac94a7eebc2,Power BI,advanced,"{""project""}",Applied in project work.,2026-09-03 09:21:00
ec1f41ce-57b9-4dfb-af82-e70cb9644e4f,80499bbf-76f6-a778-2246-0ac94a7eebc2,Problem Solving,intermediate,"{""coursework""}",,2026-09-03 09:21:00
60d2759a-3ad5-1382-119f-b03e97314c91,80499bbf-76f6-a778-2246-0ac94a7eebc2,Python,intermediate,"{""project"",""certification"",""coursework""}",Applied in project work.,2026-09-03 09:21:00
af32baf8-811d-b4af-e8ca-7483dc0e3375,80499bbf-76f6-a778-2246-0ac94a7eebc2,R,advanced,"{""certification"",""coursework""}",,2026-09-03 09:21:00
2d6b8a4e-18a7-0609-9b02-c5352649a478,80499bbf-76f6-a778-2246-0ac94a7eebc2,SQL,advanced,"{""project"",""certification"",""coursework""}",Applied in project work.,2026-09-03 09:21:00
c09c2ebe-80da-2ed7-880b-cb0ec8ab96ac,80499bbf-76f6-a778-2246-0ac94a7eebc2,Statistical Analysis,advanced,"{""project"",""coursework""}",Applied in project work.,2026-09-03 09:21:00
e6e8790b-215d-3b1f-a8cd-f44d7b742440,80499bbf-76f6-a778-2246-0ac94a7eebc2,Tableau,advanced,"{""certification"",""coursework""}",,2026-09-03 09:21:00
a8c6c2df-dd23-ff41-dae1-35862358755c,6198b718-c4c7-aab4-ca20-508d7b6c7129,AWS,intermediate,"{""project"",""coursework""}",Applied in project work.,2026-08-24 13:34:00
36e6ba85-19ab-dc15-296b-67bff301bb6c,6198b718-c4c7-aab4-ca20-508d7b6c7129,Cloud Computing,intermediate,"{""project"",""coursework""}",Applied in project work.,2026-08-24 13:34:00
8cf29000-cd04-c001-56a3-dcccc93c9cc6,6198b718-c4c7-aab4-ca20-508d7b6c7129,Communication,advanced,"{""coursework""}",,2026-08-24 13:34:00
015aba1d-a2c8-cf62-f6ee-137d639c4c6c,6198b718-c4c7-aab4-ca20-508d7b6c7129,Leadership,intermediate,"{""coursework""}",,2026-08-24 13:34:00
ed054732-78bf-46fa-2534-3e85d2c0dec2,6198b718-c4c7-aab4-ca20-508d7b6c7129,Linux,intermediate,"{""coursework""}",,2026-08-24 13:34:00
09aa5570-9be9-50c7-147d-7bfc5eef0d1e,6198b718-c4c7-aab4-ca20-508d7b6c7129,Python,intermediate,"{""project""}",Applied in project work.,2026-08-24 13:34:00
7bcf2b31-902b-d154-6088-5550f74f6900,ee462fcd-a829-907c-d9be-ccff33a315f3,Git,beginner,"{""coursework""}",,2026-09-05 02:36:00
c68da4b2-f613-bda0-56f4-01e5c1e9c4fa,ee462fcd-a829-907c-d9be-ccff33a315f3,Linux,beginner,"{""project""}",Applied in project work.,2026-09-05 02:36:00
420079f5-1dc3-c26e-7b62-659e0700749a,ee462fcd-a829-907c-d9be-ccff33a315f3,Problem Solving,beginner,"{""coursework""}",,2026-09-05 02:36:00
386af9dd-fe83-c32a-c9e5-5c47a237a8c1,ee462fcd-a829-907c-d9be-ccff33a315f3,Python,intermediate,"{""certification"",""coursework""}",,2026-09-05 02:36:00
89207bc4-8439-9ed9-5a64-845ef49816ad,ee462fcd-a829-907c-d9be-ccff33a315f3,Research Skills,intermediate,"{""project""}",Applied in project work.,2026-09-05 02:36:00
498bcf67-3f8d-cf96-436a-e2bbd5098e07,ee462fcd-a829-907c-d9be-ccff33a315f3,Teamwork,intermediate,"{""coursework""}",,2026-09-05 02:36:00
84a91789-b2c0-27e8-1ed0-72e9f9fc6034,2ecaf629-44e2-2691-92de-d495e4f1e8e8,FastAPI,beginner,"{""coursework""}",,2026-07-26 02:01:00
19ca9c1b-94bc-f47a-6122-318935f3de4a,2ecaf629-44e2-2691-92de-d495e4f1e8e8,JavaScript,intermediate,"{""certification"",""coursework""}",,2026-07-26 02:01:00
2fe938e4-427b-bffb-dca1-adcc9cdf0664,2ecaf629-44e2-2691-92de-d495e4f1e8e8,Node.js,beginner,"{""coursework""}",,2026-07-26 02:01:00
2f14f777-5dad-348e-57d5-2b789cf3137e,2ecaf629-44e2-2691-92de-d495e4f1e8e8,Problem Solving,beginner,"{""coursework""}",,2026-07-26 02:01:00
c08fe6d7-b361-e70a-6b49-acc635e574e0,2ecaf629-44e2-2691-92de-d495e4f1e8e8,Python,intermediate,"{""certification"",""coursework""}",,2026-07-26 02:01:00
fab1996a-2192-5613-9247-e8512e0d3860,2ecaf629-44e2-2691-92de-d495e4f1e8e8,React,intermediate,"{""certification"",""coursework""}",,2026-07-26 02:01:00
49599bed-9d19-11a5-618d-de71141283fb,ce40483b-7915-ad7e-2648-c819bd1116ee,Data Analysis,intermediate,"{""certification""}",,2026-07-19 06:31:00
2ae63af6-de46-222e-2514-c7cef4e35f7b,ce40483b-7915-ad7e-2648-c819bd1116ee,Flask,beginner,"{""coursework""}",,2026-07-19 06:31:00
d9518f98-679f-2f42-9256-d7079cc05b67,ce40483b-7915-ad7e-2648-c819bd1116ee,Leadership,intermediate,"{""coursework""}",,2026-07-19 06:31:00
3a6c7da6-57f7-d71f-2978-cc731440adec,ce40483b-7915-ad7e-2648-c819bd1116ee,Problem Solving,beginner,"{""coursework""}",,2026-07-19 06:31:00
457083e4-653c-8f74-a507-68979afa8267,ce40483b-7915-ad7e-2648-c819bd1116ee,R,beginner,"{""certification"",""coursework""}",,2026-07-19 06:31:00
5cf85eeb-f053-3851-dce0-e2bbc7edea02,ce40483b-7915-ad7e-2648-c819bd1116ee,SQL,beginner,"{""certification""}",,2026-07-19 06:31:00
05e9f407-daad-a0b1-2f13-2a6d2ad55c0b,ce40483b-7915-ad7e-2648-c819bd1116ee,Tableau,beginner,"{""certification""}",,2026-07-19 06:31:00
781d5b6c-4969-4032-5808-d79022e49628,efd1b588-1054-b2d5-1876-35761a5ed196,Azure,beginner,"{""certification"",""coursework""}",,2026-09-09 10:50:00
f26bcebf-7def-3b8e-ec0d-fc3ab011b125,efd1b588-1054-b2d5-1876-35761a5ed196,Cloud Computing,intermediate,"{""certification""}",,2026-09-09 10:50:00
3b30ee97-98d5-3cf5-4afc-f9e8cc476b72,efd1b588-1054-b2d5-1876-35761a5ed196,Flask,intermediate,"{""project""}",Applied in project work.,2026-09-09 10:50:00
69678586-3046-3008-5fa7-20128c57a277,efd1b588-1054-b2d5-1876-35761a5ed196,Git,intermediate,"{""coursework""}",,2026-09-09 10:50:00
63c4e76d-a55f-a725-bcb3-c168b7062cfa,efd1b588-1054-b2d5-1876-35761a5ed196,JavaScript,beginner,"{""project""}",Applied in project work.,2026-09-09 10:50:00
6c17e150-1447-16cc-4352-acea3878becf,efd1b588-1054-b2d5-1876-35761a5ed196,Linux,intermediate,"{""project""}",Applied in project work.,2026-09-09 10:50:00
af449605-b1a5-0a3d-cebd-3b2b9cfbbce7,efd1b588-1054-b2d5-1876-35761a5ed196,SQL,beginner,"{""project""}",Applied in project work.,2026-09-09 10:50:00
cf0e1567-882d-7fc1-be30-74f8a60147c3,efd1b588-1054-b2d5-1876-35761a5ed196,Tableau,beginner,"{""coursework""}",,2026-09-09 10:50:00
a30b669c-1c40-5045-4a22-eae922f9cafe,efd1b588-1054-b2d5-1876-35761a5ed196,Teamwork,intermediate,"{""project"",""coursework""}",Applied in project work.,2026-09-09 10:50:00
9f6ccab4-b352-2c18-45aa-950373e88db6,efd1b588-1054-b2d5-1876-35761a5ed196,Time Management,intermediate,"{""coursework""}",,2026-09-09 10:50:00
0f4d6c40-0f5f-9707-a008-ac20c27288e6,ba23b07a-703c-1286-b717-14cd200291bb,AWS,advanced,"{""project""}",Applied in project work.,2026-07-03 01:50:00
3b90908e-7ce3-4563-2036-3a731b7e0502,ba23b07a-703c-1286-b717-14cd200291bb,Azure,advanced,"{""project"",""coursework""}",Applied in project work.,2026-07-03 01:50:00
c1b6edd4-a507-84cb-c9df-301e8ef00de1,ba23b07a-703c-1286-b717-14cd200291bb,Cloud Computing,advanced,"{""project"",""coursework""}",Applied in project work.,2026-07-03 01:50:00
5bb0dd76-60b5-7717-b072-afc805776108,ba23b07a-703c-1286-b717-14cd200291bb,Docker,advanced,"{""project"",""certification"",""coursework""}",Applied in project work.,2026-07-03 01:50:00
7c3cc2bc-0a1b-ebd3-e60e-c813402da0fa,ba23b07a-703c-1286-b717-14cd200291bb,Git,intermediate,"{""project""}",Applied in project work.,2026-07-03 01:50:00
2fc6c4e6-9113-5d7e-3095-26217d76ab58,ba23b07a-703c-1286-b717-14cd200291bb,Leadership,intermediate,"{""coursework""}",,2026-07-03 01:50:00
467ba9e5-77e8-b762-bb7e-b97952dcbffd,ba23b07a-703c-1286-b717-14cd200291bb,Linux,intermediate,"{""project"",""certification""}",Applied in project work.,2026-07-03 01:50:00
27afbff9-87f8-9f62-11a1-e557290c4414,ba23b07a-703c-1286-b717-14cd200291bb,Machine Learning,intermediate,"{""certification""}",,2026-07-03 01:50:00
5dfb1922-8aa6-b006-436a-db9dd1c56a00,ba23b07a-703c-1286-b717-14cd200291bb,Node.js,intermediate,"{""coursework""}",,2026-07-03 01:50:00
04cad30a-e207-db20-2f7f-2cd7bbd0fe6c,ba23b07a-703c-1286-b717-14cd200291bb,Python,advanced,"{""project"",""certification"",""coursework""}",Applied in project work.,2026-07-03 01:50:00
3d211daf-9ec5-405d-c6a9-05985d340833,ba23b07a-703c-1286-b717-14cd200291bb,SQL,intermediate,"{""project""}",Applied in project work.,2026-07-03 01:50:00
86296fbe-309b-48dd-6332-9992d1ad3e51,ba23b07a-703c-1286-b717-14cd200291bb,Teamwork,advanced,"{""coursework""}",,2026-07-03 01:50:00
5ba37cb5-9399-ad15-a37c-e1c5c42b266b,df9d3910-2dbb-45bd-2138-e2e6f013a170,C++,beginner,"{""coursework""}",,2026-07-25 12:22:00
e200c157-6d54-c95a-aa4d-52a8b3da5808,df9d3910-2dbb-45bd-2138-e2e6f013a170,Communication,intermediate,"{""coursework""}",,2026-07-25 12:22:00
287e4086-a854-027e-5667-3e4981338bdc,df9d3910-2dbb-45bd-2138-e2e6f013a170,Data Analysis,intermediate,"{""coursework""}",,2026-07-25 12:22:00
5a31e916-eefb-2a24-7169-3ed5999413cc,df9d3910-2dbb-45bd-2138-e2e6f013a170,Data Visualisation,intermediate,"{""project""}",Applied in project work.,2026-07-25 12:22:00
c3a1962d-698f-546d-5f29-0290d8485a54,df9d3910-2dbb-45bd-2138-e2e6f013a170,Excel,beginner,"{""project""}",Applied in project work.,2026-07-25 12:22:00
9bc0fa93-52cd-adef-b9d2-76f4d37ee471,df9d3910-2dbb-45bd-2138-e2e6f013a170,Leadership,beginner,"{""coursework""}",,2026-07-25 12:22:00
410bfc29-be9c-afcf-ed17-f6e98cdc718d,df9d3910-2dbb-45bd-2138-e2e6f013a170,Linux,beginner,"{""coursework""}",,2026-07-25 12:22:00
65a7ba30-f5b7-0dd9-728f-589773d0b6c7,df9d3910-2dbb-45bd-2138-e2e6f013a170,Machine Learning,intermediate,"{""coursework""}",,2026-07-25 12:22:00
fe503fdc-2294-fa0a-8482-0c08042c65ad,df9d3910-2dbb-45bd-2138-e2e6f013a170,Power BI,advanced,"{""project"",""coursework""}",Applied in project work.,2026-07-25 12:22:00
38cd9122-fc01-45e1-4ce2-afa201ae7eb1,df9d3910-2dbb-45bd-2138-e2e6f013a170,Problem Solving,intermediate,"{""coursework""}",,2026-07-25 12:22:00
46a52064-d284-b528-b091-6fb7f17f3f92,df9d3910-2dbb-45bd-2138-e2e6f013a170,Python,intermediate,"{""certification"",""coursework""}",,2026-07-25 12:22:00
ed0940f7-9217-4fb0-8e6b-308582e2b02d,df9d3910-2dbb-45bd-2138-e2e6f013a170,R,advanced,"{""coursework""}",,2026-07-25 12:22:00
5df924fb-43d6-43ed-236e-b83227f6a2ac,df9d3910-2dbb-45bd-2138-e2e6f013a170,SQL,intermediate,"{""coursework""}",,2026-07-25 12:22:00
cfa28fb8-4199-322e-3ba5-81263ff69f41,df9d3910-2dbb-45bd-2138-e2e6f013a170,Statistical Analysis,intermediate,"{""coursework""}",,2026-07-25 12:22:00
7b1dbca3-2286-e3f8-c314-96ea2160446e,b3edd6ed-b089-4de4-e626-7164d3616b3a,AWS,intermediate,"{""certification""}",,2026-07-06 04:40:00
ff408dcc-9db1-f7f9-8fa8-ae3432339053,b3edd6ed-b089-4de4-e626-7164d3616b3a,Cloud Computing,beginner,"{""certification""}",,2026-07-06 04:40:00
44296ca2-1257-429e-3e08-5cb73f09f7a6,b3edd6ed-b089-4de4-e626-7164d3616b3a,Flask,intermediate,"{""project""}",Applied in project work.,2026-07-06 04:40:00
69e08370-abf7-a5d0-1cce-c1ef16efacdf,b3edd6ed-b089-4de4-e626-7164d3616b3a,JavaScript,beginner,"{""project""}",Applied in project work.,2026-07-06 04:40:00
5832c8de-521b-e8c2-30c3-ef8a592ab43d,b3edd6ed-b089-4de4-e626-7164d3616b3a,Leadership,advanced,"{""coursework""}",,2026-07-06 04:40:00
d2535515-9dc0-a8b5-5987-038afcd6c18e,b3edd6ed-b089-4de4-e626-7164d3616b3a,Machine Learning,intermediate,"{""coursework""}",,2026-07-06 04:40:00
70c23600-2554-5c1a-9f88-dda37134ae6e,b3edd6ed-b089-4de4-e626-7164d3616b3a,Research Skills,intermediate,"{""coursework""}",,2026-07-06 04:40:00
ba7e1b86-c1fa-d753-27ef-0a4b5fb2b838,b3edd6ed-b089-4de4-e626-7164d3616b3a,SQL,intermediate,"{""project"",""coursework""}",Applied in project work.,2026-07-06 04:40:00
3e3869e2-0df6-3417-bd55-38c71cc464ed,b3edd6ed-b089-4de4-e626-7164d3616b3a,Statistical Analysis,beginner,"{""coursework""}",,2026-07-06 04:40:00
57e0a1f1-0384-0661-49a5-baebd1f44c8d,b3edd6ed-b089-4de4-e626-7164d3616b3a,Teamwork,advanced,"{""project""}",Applied in project work.,2026-07-06 04:40:00
577f4c16-26d6-58fb-39bf-c9b647bac8aa,9f7fae0c-7ba7-9d05-8c7e-29044237692a,C++,advanced,"{""coursework""}",,2026-09-14 07:38:00
bada0c94-1679-bbe0-2323-8416a82cae18,9f7fae0c-7ba7-9d05-8c7e-29044237692a,Docker,intermediate,"{""project""}",Applied in project work.,2026-09-14 07:38:00
6ad65b8c-3a38-b844-afbf-fde4a0226155,9f7fae0c-7ba7-9d05-8c7e-29044237692a,FastAPI,advanced,"{""project"",""coursework""}",Applied in project work.,2026-09-14 07:38:00
4ff85111-f875-1fd4-6d2c-cf42271a919f,9f7fae0c-7ba7-9d05-8c7e-29044237692a,Git,intermediate,"{""project"",""coursework""}",Applied in project work.,2026-09-14 07:38:00
94be6d9f-2379-c05f-a708-728034ee0b67,9f7fae0c-7ba7-9d05-8c7e-29044237692a,Java,intermediate,"{""project""}",Applied in project work.,2026-09-14 07:38:00
235b275b-dcd2-8b97-33ca-9a6bccd3af7c,9f7fae0c-7ba7-9d05-8c7e-29044237692a,Node.js,advanced,"{""project""}",Applied in project work.,2026-09-14 07:38:00
e8b45c6a-fee5-43b3-6e18-b184229fe85b,9f7fae0c-7ba7-9d05-8c7e-29044237692a,Problem Solving,intermediate,"{""coursework""}",,2026-09-14 07:38:00
9099a283-eedb-0ce5-a7fe-cdcd2528b516,9f7fae0c-7ba7-9d05-8c7e-29044237692a,Python,intermediate,"{""project""}",Applied in project work.,2026-09-14 07:38:00
2f237c4d-1e4e-a133-b82d-40def2d78d53,9f7fae0c-7ba7-9d05-8c7e-29044237692a,SQL,intermediate,"{""project""}",Applied in project work.,2026-09-14 07:38:00
078c3875-ba21-e269-2540-fbfee12ff6cd,9f7fae0c-7ba7-9d05-8c7e-29044237692a,Teamwork,intermediate,"{""coursework""}",,2026-09-14 07:38:00
bee04762-7168-bdec-4da8-38b76947cbac,9f7fae0c-7ba7-9d05-8c7e-29044237692a,Time Management,intermediate,"{""coursework""}",,2026-09-14 07:38:00
76ad1c33-2469-d0c2-e757-499784581f73,3b1d0181-9cc3-c1f5-9129-bc759b08e5a8,C++,intermediate,"{""coursework""}",,2026-07-12 08:29:00
802b1bf4-b8ff-615c-1727-20fa73a27c7b,3b1d0181-9cc3-c1f5-9129-bc759b08e5a8,Data Analysis,advanced,"{""certification""}",,2026-07-12 08:29:00
64a0053f-22a3-7556-8be1-5610b2348948,3b1d0181-9cc3-c1f5-9129-bc759b08e5a8,Docker,advanced,"{""project"",""internship"",""coursework""}",Applied in project work.,2026-07-12 08:29:00
74246baa-2dca-fc82-0660-a3e9736d417c,3b1d0181-9cc3-c1f5-9129-bc759b08e5a8,FastAPI,intermediate,"{""project"",""coursework""}",Applied in project work.,2026-07-12 08:29:00
52f69081-4005-64b8-1716-03b174661e6f,3b1d0181-9cc3-c1f5-9129-bc759b08e5a8,Flask,intermediate,"{""coursework""}",,2026-07-12 08:29:00
29fb832c-cbe6-8571-b622-e18ee83bcc84,3b1d0181-9cc3-c1f5-9129-bc759b08e5a8,Git,intermediate,"{""project""}",Applied in project work.,2026-07-12 08:29:00
15d6a658-5ce9-dbbc-a252-91f3730bc657,3b1d0181-9cc3-c1f5-9129-bc759b08e5a8,Java,advanced,"{""project""}",Applied in project work.,2026-07-12 08:29:00
f9a62522-ca83-5709-ba14-675762538cdf,3b1d0181-9cc3-c1f5-9129-bc759b08e5a8,JavaScript,advanced,"{""project"",""internship""}",Applied in project work.,2026-07-12 08:29:00
2bbf1e35-c4ac-b57d-0b3d-6dc9616f760a,3b1d0181-9cc3-c1f5-9129-bc759b08e5a8,Linux,advanced,"{""coursework""}",,2026-07-12 08:29:00
dcd81a8b-a8d6-faf6-df0d-def190c40e45,3b1d0181-9cc3-c1f5-9129-bc759b08e5a8,Node.js,advanced,"{""project"",""internship""}",Applied in project work.,2026-07-12 08:29:00
4edd2a2a-6b69-b4ae-0d22-af35b648be8a,3b1d0181-9cc3-c1f5-9129-bc759b08e5a8,Python,advanced,"{""project"",""coursework""}",Applied in project work.,2026-07-12 08:29:00
49ed856e-723d-facd-f601-e005c4c4f69f,3b1d0181-9cc3-c1f5-9129-bc759b08e5a8,R,intermediate,"{""certification"",""coursework""}",,2026-07-12 08:29:00
c3f0fac3-9f60-1d17-00e7-882433ee16e7,3b1d0181-9cc3-c1f5-9129-bc759b08e5a8,React,advanced,"{""project""}",Applied in project work.,2026-07-12 08:29:00
7fa70485-dafc-3805-7f64-85de75699aef,3b1d0181-9cc3-c1f5-9129-bc759b08e5a8,SQL,advanced,"{""project"",""certification"",""coursework""}",Applied in project work.,2026-07-12 08:29:00
a8d3110e-96bf-ae6e-3785-0b5c3ce5988c,3b1d0181-9cc3-c1f5-9129-bc759b08e5a8,Tableau,advanced,"{""certification""}",,2026-07-12 08:29:00
99e95433-1453-e17e-711e-be6f68ffae17,3b1d0181-9cc3-c1f5-9129-bc759b08e5a8,Time Management,intermediate,"{""coursework""}",,2026-07-12 08:29:00
557368cf-0ba5-6050-69fe-99a96a25542e,da948e70-2537-41e4-0966-8d0859595d27,AWS,advanced,"{""coursework""}",,2026-08-08 20:18:00
4818b004-b0a4-f557-3381-001fa3ff8fd2,da948e70-2537-41e4-0966-8d0859595d27,C++,advanced,"{""coursework""}",,2026-08-08 20:18:00
81b66951-4cdf-697f-4eca-2e96115db44f,da948e70-2537-41e4-0966-8d0859595d27,Cloud Computing,intermediate,"{""coursework""}",,2026-08-08 20:18:00
b9720eec-6563-7d1f-5763-790255520712,da948e70-2537-41e4-0966-8d0859595d27,Communication,advanced,"{""internship""}",Used during internship.,2026-08-08 20:18:00
2cf6073b-d500-c147-0774-3c94f5c9f459,da948e70-2537-41e4-0966-8d0859595d27,Docker,intermediate,"{""coursework""}",,2026-08-08 20:18:00
cc18dd0e-7978-dc84-ea89-a9797aa6d6ea,da948e70-2537-41e4-0966-8d0859595d27,FastAPI,advanced,"{""project"",""coursework""}",Applied in project work.,2026-08-08 20:18:00
a090360d-27c7-655a-7b43-4a7222c0c475,da948e70-2537-41e4-0966-8d0859595d27,Flask,intermediate,"{""project"",""coursework""}",Applied in project work.,2026-08-08 20:18:00
69f8d3e4-d06d-3943-c8b3-815e76647043,da948e70-2537-41e4-0966-8d0859595d27,Git,advanced,"{""project"",""coursework""}",Applied in project work.,2026-08-08 20:18:00
4ca1cabd-8565-0e0b-d5c9-7d5d0e5779ec,da948e70-2537-41e4-0966-8d0859595d27,Linux,intermediate,"{""project""}",Applied in project work.,2026-08-08 20:18:00
af7c7d2b-93d0-54e4-3550-b07e04cabb38,da948e70-2537-41e4-0966-8d0859595d27,Problem Solving,advanced,"{""project""}",Applied in project work.,2026-08-08 20:18:00
5a853cd8-cbb8-6be0-e355-e636ea8b31f5,da948e70-2537-41e4-0966-8d0859595d27,Python,intermediate,"{""project"",""certification"",""coursework""}",Applied in project work.,2026-08-08 20:18:00
a06303ca-600f-c79c-fbce-708756d2b14d,da948e70-2537-41e4-0966-8d0859595d27,Research Skills,advanced,"{""project"",""coursework""}",Applied in project work.,2026-08-08 20:18:00
63ba9d86-9b0e-70ad-922b-da482a7cf9e9,da948e70-2537-41e4-0966-8d0859595d27,SQL,advanced,"{""project"",""internship""}",Applied in project work.,2026-08-08 20:18:00
50830841-db9a-0eb7-b48c-531b4eeb87ff,da948e70-2537-41e4-0966-8d0859595d27,Teamwork,advanced,"{""project"",""internship"",""coursework""}",Applied in project work.,2026-08-08 20:18:00
7f3ef59b-1638-6137-69f3-5b2d4580dac2,da948e70-2537-41e4-0966-8d0859595d27,Time Management,advanced,"{""coursework""}",,2026-08-08 20:18:00
9f795228-f553-0567-03e7-dd211d4d46d6,17b4e75b-e9d1-8ec2-33bc-b8a9c71d4564,AWS,beginner,"{""coursework""}",,2026-09-03 14:15:00
243d116d-4563-abbe-5188-3a268ca33a54,17b4e75b-e9d1-8ec2-33bc-b8a9c71d4564,C++,advanced,"{""project""}",Applied in project work.,2026-09-03 14:15:00
3eacdb28-92f7-1993-4884-3b5bcdd3214c,17b4e75b-e9d1-8ec2-33bc-b8a9c71d4564,Flask,intermediate,"{""coursework""}",,2026-09-03 14:15:00
214c87b1-0cfc-6420-7192-e4438a6342ca,17b4e75b-e9d1-8ec2-33bc-b8a9c71d4564,Git,intermediate,"{""project"",""coursework""}",Applied in project work.,2026-09-03 14:15:00
1b1e06c3-0cea-af73-aced-4d55e73e2bc5,17b4e75b-e9d1-8ec2-33bc-b8a9c71d4564,Leadership,advanced,"{""coursework""}",,2026-09-03 14:15:00
97bedf31-e42a-a836-989b-68c0b465c027,17b4e75b-e9d1-8ec2-33bc-b8a9c71d4564,Natural Language Processing,intermediate,"{""coursework""}",,2026-09-03 14:15:00
9dc6d783-7222-534d-b309-9e0db0ac0677,17b4e75b-e9d1-8ec2-33bc-b8a9c71d4564,Python,intermediate,"{""coursework""}",,2026-09-03 14:15:00
889277fe-cf2e-45ef-abbe-274ac226ab53,17b4e75b-e9d1-8ec2-33bc-b8a9c71d4564,Teamwork,intermediate,"{""coursework""}",,2026-09-03 14:15:00
b1b2b5f8-8b66-1d1f-579a-7954c98e3f5b,c438eae0-b5d0-b595-a4f8-9e23af39f2ce,Azure,beginner,"{""coursework""}",,2026-07-20 06:03:00
bd472885-13f0-e33f-ab6b-3f08a9a0f4ef,c438eae0-b5d0-b595-a4f8-9e23af39f2ce,Cloud Computing,beginner,"{""coursework""}",,2026-07-20 06:03:00
534bfa86-7681-2ad7-9898-6758979800c3,c438eae0-b5d0-b595-a4f8-9e23af39f2ce,Docker,beginner,"{""project""}",Applied in project work.,2026-07-20 06:03:00
4edb6dc8-2d19-bd52-71f9-b0e2d2701a52,c438eae0-b5d0-b595-a4f8-9e23af39f2ce,Git,beginner,"{""project""}",Applied in project work.,2026-07-20 06:03:00
d1e2b878-c576-c26d-98ae-0666d066ad21,c438eae0-b5d0-b595-a4f8-9e23af39f2ce,Linux,intermediate,"{""project""}",Applied in project work.,2026-07-20 06:03:00
0fbd4c81-a900-8ecd-a51e-01ad7e8a2078,c438eae0-b5d0-b595-a4f8-9e23af39f2ce,Teamwork,beginner,"{""coursework""}",,2026-07-20 06:03:00
cf51a203-a2d9-99ba-c146-ed52e73bc913,c438eae0-b5d0-b595-a4f8-9e23af39f2ce,Time Management,intermediate,"{""coursework""}",,2026-07-20 06:03:00
2320de16-15ac-80e4-22c2-3308fd7ee75c,4cbb7460-510c-8c48-e09e-f2a3ae77e249,Communication,intermediate,"{""internship""}",Used during internship.,2026-08-14 12:02:00
e4c1d210-74be-4b20-dc32-f8a06a7580e2,4cbb7460-510c-8c48-e09e-f2a3ae77e249,Data Visualisation,intermediate,"{""project"",""internship""}",Applied in project work.,2026-08-14 12:02:00
6c936f69-8269-041a-7453-30442e07336d,4cbb7460-510c-8c48-e09e-f2a3ae77e249,Docker,beginner,"{""coursework""}",,2026-08-14 12:02:00
39ca2826-5af5-6a23-627c-a9f773363302,4cbb7460-510c-8c48-e09e-f2a3ae77e249,JavaScript,intermediate,"{""project""}",Applied in project work.,2026-08-14 12:02:00
b64e26cf-3c9b-a542-bb1d-23a8d8c823b0,4cbb7460-510c-8c48-e09e-f2a3ae77e249,Node.js,beginner,"{""coursework""}",,2026-08-14 12:02:00
938bd3f8-8bd1-8d4b-ed33-53fc692caaae,4cbb7460-510c-8c48-e09e-f2a3ae77e249,Python,intermediate,"{""internship""}",Used during internship.,2026-08-14 12:02:00
dcacfa54-8702-f4ad-cca3-a4c42e4982cf,fbcbd6ec-86c2-ad8f-bb36-07b0baed6f49,Excel,advanced,"{""project"",""coursework""}",Applied in project work.,2026-08-06 00:52:00
277664d0-d25c-7d37-ef16-d03b987593c3,fbcbd6ec-86c2-ad8f-bb36-07b0baed6f49,Leadership,advanced,"{""coursework""}",,2026-08-06 00:52:00
c536d2ce-69b6-f3b7-fe5b-9fc9c0b4f6d6,fbcbd6ec-86c2-ad8f-bb36-07b0baed6f49,Linux,intermediate,"{""project""}",Applied in project work.,2026-08-06 00:52:00
bbff16e9-93e7-e893-35fa-b5282ad3136f,fbcbd6ec-86c2-ad8f-bb36-07b0baed6f49,Machine Learning,intermediate,"{""project"",""certification"",""coursework""}",Applied in project work.,2026-08-06 00:52:00
c1676505-43af-6c46-a46b-39320de84b63,fbcbd6ec-86c2-ad8f-bb36-07b0baed6f49,Natural Language Processing,beginner,"{""coursework""}",,2026-08-06 00:52:00
bf03b8c2-79ec-958b-4d26-657479ea5621,fbcbd6ec-86c2-ad8f-bb36-07b0baed6f49,Python,advanced,"{""project"",""certification""}",Applied in project work.,2026-08-06 00:52:00
613a9ff9-3bd1-3a43-8853-490bec264a0c,fbcbd6ec-86c2-ad8f-bb36-07b0baed6f49,R,intermediate,"{""coursework""}",,2026-08-06 00:52:00
030974c0-6f4a-bfcc-deca-859887cb0e2a,fbcbd6ec-86c2-ad8f-bb36-07b0baed6f49,Research Skills,intermediate,"{""project""}",Applied in project work.,2026-08-06 00:52:00
adb1be7a-61cb-0527-72e5-e892cc1c7204,fbcbd6ec-86c2-ad8f-bb36-07b0baed6f49,SQL,intermediate,"{""project"",""coursework""}",Applied in project work.,2026-08-06 00:52:00
a32e3ab5-8802-d74a-eaef-2ec218ecde2b,fbcbd6ec-86c2-ad8f-bb36-07b0baed6f49,Statistical Analysis,beginner,"{""project"",""coursework""}",Applied in project work.,2026-08-06 00:52:00
eb04cd29-9c48-c830-6e89-84f4d82010d1,fbcbd6ec-86c2-ad8f-bb36-07b0baed6f49,Time Management,intermediate,"{""coursework""}",,2026-08-06 00:52:00
1bc2197e-7df7-7791-a53e-62ba2dae62c0,96b6a287-ac00-f929-bbfb-f76c3de667f9,Communication,intermediate,"{""coursework""}",,2026-09-09 09:21:00
710b7fa9-e9a0-c20d-1b33-2e43a4b1cf6a,96b6a287-ac00-f929-bbfb-f76c3de667f9,Data Analysis,intermediate,"{""coursework""}",,2026-09-09 09:21:00
12068ad6-12aa-da4b-08ec-a4c81a71064d,96b6a287-ac00-f929-bbfb-f76c3de667f9,Data Visualisation,intermediate,"{""coursework""}",,2026-09-09 09:21:00
a7222ea2-261b-5048-7f69-5b97e581d601,96b6a287-ac00-f929-bbfb-f76c3de667f9,Excel,intermediate,"{""coursework""}",,2026-09-09 09:21:00
63f6bf77-aa23-9ba2-09af-9883eed21f94,96b6a287-ac00-f929-bbfb-f76c3de667f9,FastAPI,intermediate,"{""coursework""}",,2026-09-09 09:21:00
b525a4d9-83f0-23fd-00f2-baa4931b9fae,96b6a287-ac00-f929-bbfb-f76c3de667f9,Flask,intermediate,"{""project"",""coursework""}",Applied in project work.,2026-09-09 09:21:00
6766d37b-6fa1-79a5-7a67-58707d9d2b3b,96b6a287-ac00-f929-bbfb-f76c3de667f9,Linux,beginner,"{""project"",""certification""}",Applied in project work.,2026-09-09 09:21:00
62699a44-00d8-c046-39d1-19508a45e02e,96b6a287-ac00-f929-bbfb-f76c3de667f9,Power BI,intermediate,"{""coursework""}",,2026-09-09 09:21:00
1f0733df-7b68-b323-c7a2-ee6fd166eb08,96b6a287-ac00-f929-bbfb-f76c3de667f9,Problem Solving,beginner,"{""certification""}",,2026-09-09 09:21:00
0e213ce5-668e-b10e-4d86-2412ae8cc97b,96b6a287-ac00-f929-bbfb-f76c3de667f9,Python,advanced,"{""project""}",Applied in project work.,2026-09-09 09:21:00
5d87edd2-1735-f36b-a5a6-ab3af5757b77,96b6a287-ac00-f929-bbfb-f76c3de667f9,Research Skills,intermediate,"{""project""}",Applied in project work.,2026-09-09 09:21:00
4a3abb3a-c439-dfcf-c2ad-0d9775aaecb0,96b6a287-ac00-f929-bbfb-f76c3de667f9,SQL,intermediate,"{""project""}",Applied in project work.,2026-09-09 09:21:00
f7aeede8-0a11-9bac-8df2-1ad52d36db7e,96b6a287-ac00-f929-bbfb-f76c3de667f9,Statistical Analysis,intermediate,"{""coursework""}",,2026-09-09 09:21:00
b057fcd4-a170-1e8e-1b55-2618e57e72d3,96b6a287-ac00-f929-bbfb-f76c3de667f9,Time Management,intermediate,"{""coursework""}",,2026-09-09 09:21:00
d8ed0649-ca82-6730-1997-7e2e22249813,638644e0-7d3e-5830-3d0d-5c8f97cb4585,AWS,advanced,"{""certification"",""coursework""}",,2026-09-03 03:13:00
04005940-2862-8b4e-c714-d549604a1fe2,638644e0-7d3e-5830-3d0d-5c8f97cb4585,Cloud Computing,advanced,"{""certification""}",,2026-09-03 03:13:00
a6d977a1-b4ec-fe8d-16d1-f5caed174fdd,638644e0-7d3e-5830-3d0d-5c8f97cb4585,Communication,advanced,"{""coursework""}",,2026-09-03 03:13:00
ceb28a32-b189-727f-6a8d-8a7048a2a172,638644e0-7d3e-5830-3d0d-5c8f97cb4585,Data Analysis,advanced,"{""coursework""}",,2026-09-03 03:13:00
85e9054f-455c-f668-a3cb-9e1824a167fd,638644e0-7d3e-5830-3d0d-5c8f97cb4585,Data Visualisation,advanced,"{""certification""}",,2026-09-03 03:13:00
9c4c37b3-2caf-3d2f-f026-a4183d3fbbec,638644e0-7d3e-5830-3d0d-5c8f97cb4585,Deep Learning,advanced,"{""project"",""certification"",""internship"",""coursework""}",Applied in project work.,2026-09-03 03:13:00
a08fa1c6-1688-8e84-f346-bbe79caf4bfe,638644e0-7d3e-5830-3d0d-5c8f97cb4585,Leadership,intermediate,"{""coursework""}",,2026-09-03 03:13:00
012b809e-6b35-8d15-590c-ee674d1b6d80,638644e0-7d3e-5830-3d0d-5c8f97cb4585,Machine Learning,intermediate,"{""project""}",Applied in project work.,2026-09-03 03:13:00
5ca59057-9e71-9a56-187e-bca4fa0f01a4,638644e0-7d3e-5830-3d0d-5c8f97cb4585,Natural Language Processing,advanced,"{""project"",""internship""}",Applied in project work.,2026-09-03 03:13:00
38227b0d-81ee-30e4-8a2b-466efc9dc0d0,638644e0-7d3e-5830-3d0d-5c8f97cb4585,Power BI,advanced,"{""certification""}",,2026-09-03 03:13:00
cbeed3e3-1cd8-89e2-3197-91670d95ee72,638644e0-7d3e-5830-3d0d-5c8f97cb4585,Python,advanced,"{""project"",""coursework""}",Applied in project work.,2026-09-03 03:13:00
79731ea8-e957-0a2a-f7f4-7477d80213ba,638644e0-7d3e-5830-3d0d-5c8f97cb4585,Research Skills,advanced,"{""internship"",""coursework""}",Used during internship.,2026-09-03 03:13:00
48f9fd0d-5d3b-c1d3-a515-99820dd4c0e6,638644e0-7d3e-5830-3d0d-5c8f97cb4585,SQL,advanced,"{""coursework""}",,2026-09-03 03:13:00
ce1e8d1f-9de7-df7b-5594-552b405a8e7e,638644e0-7d3e-5830-3d0d-5c8f97cb4585,Statistical Analysis,advanced,"{""project"",""coursework""}",Applied in project work.,2026-09-03 03:13:00
2d06f862-8990-779c-ecc3-b6990d6dcb42,638644e0-7d3e-5830-3d0d-5c8f97cb4585,Teamwork,intermediate,"{""coursework""}",,2026-09-03 03:13:00
87f797fa-6cfa-855f-089b-5b4981145252,ad463549-bf41-13cb-32e1-5f176b47ed61,C++,advanced,"{""project"",""coursework""}",Applied in project work.,2026-07-30 12:45:00
d24025ea-b257-e257-cc4a-e02ccf4994e0,ad463549-bf41-13cb-32e1-5f176b47ed61,Communication,intermediate,"{""coursework""}",,2026-07-30 12:45:00
bb56588b-b172-ec53-032e-2730c0c9c3ed,ad463549-bf41-13cb-32e1-5f176b47ed61,Deep Learning,intermediate,"{""coursework""}",,2026-07-30 12:45:00
4bb8ebe2-5bc0-7988-21f9-69e937cf45f6,ad463549-bf41-13cb-32e1-5f176b47ed61,FastAPI,advanced,"{""project"",""coursework""}",Applied in project work.,2026-07-30 12:45:00
b40bc353-296b-e903-4e09-c596ab45eaf0,ad463549-bf41-13cb-32e1-5f176b47ed61,Flask,intermediate,"{""coursework""}",,2026-07-30 12:45:00
063ff61e-956a-bfdf-bf4e-2e46920479ce,ad463549-bf41-13cb-32e1-5f176b47ed61,Git,intermediate,"{""project"",""coursework""}",Applied in project work.,2026-07-30 12:45:00
ca342e3c-2f58-9a81-67c5-b29bb400a5e1,ad463549-bf41-13cb-32e1-5f176b47ed61,Java,intermediate,"{""project"",""certification""}",Applied in project work.,2026-07-30 12:45:00
a226a75b-b432-ece9-76dc-16b5a076aed6,ad463549-bf41-13cb-32e1-5f176b47ed61,JavaScript,intermediate,"{""coursework""}",,2026-07-30 12:45:00
085ff4d1-87ea-651b-5539-562bb0d508a9,ad463549-bf41-13cb-32e1-5f176b47ed61,Leadership,intermediate,"{""coursework""}",,2026-07-30 12:45:00
f2335074-b2b3-bb39-4510-eaadc0bd44c0,ad463549-bf41-13cb-32e1-5f176b47ed61,Linux,intermediate,"{""coursework""}",,2026-07-30 12:45:00
e17f348d-9ed6-2705-14b9-bb4daf4637b3,ad463549-bf41-13cb-32e1-5f176b47ed61,Problem Solving,intermediate,"{""coursework""}",,2026-07-30 12:45:00
f200a32c-83c5-c510-0e08-2343eea77ea8,ad463549-bf41-13cb-32e1-5f176b47ed61,Python,intermediate,"{""project"",""certification"",""coursework""}",Applied in project work.,2026-07-30 12:45:00
9e7f87a7-7721-5daa-5d97-5cdc620956a8,ad463549-bf41-13cb-32e1-5f176b47ed61,React,intermediate,"{""coursework""}",,2026-07-30 12:45:00
8f0ce422-a5ee-a4a2-2cde-531f5dce8d9b,ad463549-bf41-13cb-32e1-5f176b47ed61,SQL,advanced,"{""project"",""coursework""}",Applied in project work.,2026-07-30 12:45:00
3d170879-55bd-f39e-fb33-4e61236e9007,ad463549-bf41-13cb-32e1-5f176b47ed61,Teamwork,beginner,"{""coursework""}",,2026-07-30 12:45:00
f06bffa4-bcc4-f087-7a7e-8c31a6276167,ad463549-bf41-13cb-32e1-5f176b47ed61,Time Management,intermediate,"{""coursework""}",,2026-07-30 12:45:00
9e5e8cfe-2a96-c526-f4ca-6e7074b799ec,86d4aba8-805f-0892-7c79-5dd973d12f3e,AWS,advanced,"{""internship"",""coursework""}",Used during internship.,2026-08-08 00:25:00
b546c5c0-d6de-70c5-2ce4-599df92408c3,86d4aba8-805f-0892-7c79-5dd973d12f3e,Data Visualisation,intermediate,"{""project""}",Applied in project work.,2026-08-08 00:25:00
2947fd26-274a-c7a7-cb61-8d75aa964dfb,86d4aba8-805f-0892-7c79-5dd973d12f3e,Docker,intermediate,"{""internship""}",Used during internship.,2026-08-08 00:25:00
5ea2d56b-42aa-0bc7-70de-13fc2060917a,86d4aba8-805f-0892-7c79-5dd973d12f3e,FastAPI,intermediate,"{""coursework""}",,2026-08-08 00:25:00
aa61b32f-08e1-624e-b506-c24d8fff29f7,86d4aba8-805f-0892-7c79-5dd973d12f3e,Flask,intermediate,"{""project"",""internship"",""coursework""}",Applied in project work.,2026-08-08 00:25:00
889cd33d-299f-ff30-f9b8-1e658a34b26b,86d4aba8-805f-0892-7c79-5dd973d12f3e,JavaScript,intermediate,"{""project"",""coursework""}",Applied in project work.,2026-08-08 00:25:00
ee5a8856-6791-659c-0661-7f95eba18fa8,86d4aba8-805f-0892-7c79-5dd973d12f3e,Machine Learning,intermediate,"{""coursework""}",,2026-08-08 00:25:00
f85bc2d3-0119-6e6d-27f3-1b7851f9cd77,86d4aba8-805f-0892-7c79-5dd973d12f3e,Node.js,intermediate,"{""coursework""}",,2026-08-08 00:25:00
a5b1c799-54ce-cee7-81e5-8eeef9c0fd4d,86d4aba8-805f-0892-7c79-5dd973d12f3e,Python,advanced,"{""project""}",Applied in project work.,2026-08-08 00:25:00
fe7b178d-fb0e-7c28-c110-bcfef1aa9ba0,86d4aba8-805f-0892-7c79-5dd973d12f3e,React,intermediate,"{""project""}",Applied in project work.,2026-08-08 00:25:00
ba81d860-90b3-032d-ccb1-063d25a74338,86d4aba8-805f-0892-7c79-5dd973d12f3e,SQL,intermediate,"{""project""}",Applied in project work.,2026-08-08 00:25:00
9162f6db-b5d2-bf7f-764d-7e7c8e49d0f9,5b7e24ca-722b-4439-3869-d3c9d743b5a8,Azure,advanced,"{""project"",""internship"",""coursework""}",Applied in project work.,2026-07-26 04:54:00
7d9704fe-8dca-3908-4a1a-421961bba5fb,5b7e24ca-722b-4439-3869-d3c9d743b5a8,Cloud Computing,intermediate,"{""project""}",Applied in project work.,2026-07-26 04:54:00
95d03545-d5a7-6023-4d4f-6814d3850240,5b7e24ca-722b-4439-3869-d3c9d743b5a8,Communication,intermediate,"{""coursework""}",,2026-07-26 04:54:00
276e1d67-00a0-586e-ca8d-5d5a06defca8,5b7e24ca-722b-4439-3869-d3c9d743b5a8,Docker,intermediate,"{""project"",""coursework""}",Applied in project work.,2026-07-26 04:54:00
a2f5a68b-d590-f435-a3fb-6d0bf4be28b4,5b7e24ca-722b-4439-3869-d3c9d743b5a8,Git,intermediate,"{""project"",""internship"",""coursework""}",Applied in project work.,2026-07-26 04:54:00
e8239943-7dec-4605-2deb-57f96acac954,5b7e24ca-722b-4439-3869-d3c9d743b5a8,Linux,intermediate,"{""project"",""certification"",""coursework""}",Applied in project work.,2026-07-26 04:54:00
c3c49506-1e8e-06ed-0748-03793ea7f419,5b7e24ca-722b-4439-3869-d3c9d743b5a8,Problem Solving,beginner,"{""internship""}",Used during internship.,2026-07-26 04:54:00
7b011fdd-94c0-b9e0-5c9c-4570bedd62a7,5b7e24ca-722b-4439-3869-d3c9d743b5a8,SQL,intermediate,"{""project"",""coursework""}",Applied in project work.,2026-07-26 04:54:00
af97fbd2-a0c4-5942-4206-7d80de4beb12,5b7e24ca-722b-4439-3869-d3c9d743b5a8,Teamwork,intermediate,"{""coursework""}",,2026-07-26 04:54:00
047dd583-9344-7b2f-bba3-16688334e524,5b7e24ca-722b-4439-3869-d3c9d743b5a8,Time Management,intermediate,"{""coursework""}",,2026-07-26 04:54:00
18b475b1-c12a-34f4-02a1-3629aae6f1a1,f4852088-e97f-b025-a2e1-17986b65450b,Azure,advanced,"{""certification"",""coursework""}",,2026-09-07 06:48:00
966d2735-3495-2c00-9a0f-09e9eb8b8c11,f4852088-e97f-b025-a2e1-17986b65450b,C++,advanced,"{""internship""}",Used during internship.,2026-09-07 06:48:00
bf06d520-d88a-617b-2543-38df173d5030,f4852088-e97f-b025-a2e1-17986b65450b,Cloud Computing,advanced,"{""certification""}",,2026-09-07 06:48:00
5a29fe6b-590b-d0c6-946a-95a6f2e401af,f4852088-e97f-b025-a2e1-17986b65450b,Communication,advanced,"{""coursework""}",,2026-09-07 06:48:00
117e894e-91fa-f1c7-8141-bb373de814ac,f4852088-e97f-b025-a2e1-17986b65450b,Data Analysis,intermediate,"{""certification"",""coursework""}",,2026-09-07 06:48:00
8761f9da-0394-79c1-c363-f61f94009191,f4852088-e97f-b025-a2e1-17986b65450b,Flask,advanced,"{""project"",""coursework""}",Applied in project work.,2026-09-07 06:48:00
011bb348-8981-1f35-c107-50bce6d33572,f4852088-e97f-b025-a2e1-17986b65450b,Git,advanced,"{""coursework""}",,2026-09-07 06:48:00
eba46463-36c9-b657-ec9a-799e19437791,f4852088-e97f-b025-a2e1-17986b65450b,Linux,advanced,"{""project"",""internship""}",Applied in project work.,2026-09-07 06:48:00
ac6c2e1b-708d-f094-2f64-672f96e1a522,f4852088-e97f-b025-a2e1-17986b65450b,Machine Learning,advanced,"{""project""}",Applied in project work.,2026-09-07 06:48:00
fb368cf4-5ad5-a309-d5b1-a96a2e4c16e2,f4852088-e97f-b025-a2e1-17986b65450b,Problem Solving,intermediate,"{""project""}",Applied in project work.,2026-09-07 06:48:00
5074ac13-fc0f-94cd-c2eb-baa21ce370ed,f4852088-e97f-b025-a2e1-17986b65450b,Python,advanced,"{""project"",""coursework""}",Applied in project work.,2026-09-07 06:48:00
7eedcc65-22cb-2720-850c-ddfd1c3dae19,f4852088-e97f-b025-a2e1-17986b65450b,R,advanced,"{""certification"",""coursework""}",,2026-09-07 06:48:00
7e63f654-53ff-5f1f-150e-33880a6552a5,f4852088-e97f-b025-a2e1-17986b65450b,Research Skills,advanced,"{""project""}",Applied in project work.,2026-09-07 06:48:00
bc75ed53-99b3-2070-74fa-65ce489ac27e,f4852088-e97f-b025-a2e1-17986b65450b,SQL,intermediate,"{""project"",""certification"",""coursework""}",Applied in project work.,2026-09-07 06:48:00
fc267da6-4a64-0fc1-6843-a5c38dcd6e9b,f4852088-e97f-b025-a2e1-17986b65450b,Tableau,advanced,"{""certification"",""coursework""}",,2026-09-07 06:48:00
e50ea3ec-11d1-e7d5-db55-86423054366b,f4852088-e97f-b025-a2e1-17986b65450b,Teamwork,advanced,"{""project""}",Applied in project work.,2026-09-07 06:48:00
ac95adb1-ffac-54fd-0345-eeda2de66d5b,f4852088-e97f-b025-a2e1-17986b65450b,Time Management,intermediate,"{""internship""}",Used during internship.,2026-09-07 06:48:00
733ac54f-6235-9144-1e7f-92adea3973ff,fa549893-e476-231a-ecdf-d364bdce7f65,AWS,advanced,"{""internship""}",Used during internship.,2026-08-13 15:50:00
09360f02-75ac-0819-714b-5c03605797cf,fa549893-e476-231a-ecdf-d364bdce7f65,Communication,intermediate,"{""coursework""}",,2026-08-13 15:50:00
2a055b69-b4c0-4bdf-e27b-b6c44d945434,fa549893-e476-231a-ecdf-d364bdce7f65,Deep Learning,beginner,"{""coursework""}",,2026-08-13 15:50:00
639ac771-b739-a28a-4ffd-5b7a226dd24f,fa549893-e476-231a-ecdf-d364bdce7f65,FastAPI,intermediate,"{""project"",""coursework""}",Applied in project work.,2026-08-13 15:50:00
8a159e92-af74-ae63-8dc4-c81fa8fae904,fa549893-e476-231a-ecdf-d364bdce7f65,Git,advanced,"{""project"",""coursework""}",Applied in project work.,2026-08-13 15:50:00
2803feb5-dab6-c73d-8fef-f87b79d54e9f,fa549893-e476-231a-ecdf-d364bdce7f65,Java,advanced,"{""project"",""internship""}",Applied in project work.,2026-08-13 15:50:00
ad2e4db8-9def-c23f-60b7-59a9f88afc64,fa549893-e476-231a-ecdf-d364bdce7f65,Leadership,beginner,"{""coursework""}",,2026-08-13 15:50:00
0fb97b5d-520b-28f6-48d0-e602fa4ffba8,fa549893-e476-231a-ecdf-d364bdce7f65,Python,advanced,"{""project"",""certification"",""coursework""}",Applied in project work.,2026-08-13 15:50:00
957edc3c-bdf7-74c8-cf3e-e4aa594ffd27,fa549893-e476-231a-ecdf-d364bdce7f65,SQL,advanced,"{""project"",""internship"",""coursework""}",Applied in project work.,2026-08-13 15:50:00
616d41c8-575c-9669-a00a-06e6e42f0c28,fa549893-e476-231a-ecdf-d364bdce7f65,Time Management,intermediate,"{""coursework""}",,2026-08-13 15:50:00
9ffda1e7-4052-e3a5-66fd-32156a107fb7,e90f4137-15be-bdd0-97b0-27ce4fe5c13b,AWS,advanced,"{""project"",""coursework""}",Applied in project work.,2026-07-22 09:40:00
b40d8aef-a0ba-6142-04c3-2fede182701b,e90f4137-15be-bdd0-97b0-27ce4fe5c13b,Cloud Computing,intermediate,"{""project""}",Applied in project work.,2026-07-22 09:40:00
36841339-7fcb-cf31-93ac-009a2fc10403,e90f4137-15be-bdd0-97b0-27ce4fe5c13b,Data Analysis,intermediate,"{""project"",""certification""}",Applied in project work.,2026-07-22 09:40:00
88604b56-a34f-2452-efe9-e8c94497734d,e90f4137-15be-bdd0-97b0-27ce4fe5c13b,Data Visualisation,advanced,"{""project""}",Applied in project work.,2026-07-22 09:40:00
6f089155-e826-6484-c4e4-fe52da4f706b,e90f4137-15be-bdd0-97b0-27ce4fe5c13b,Excel,intermediate,"{""project""}",Applied in project work.,2026-07-22 09:40:00
25d287d0-7665-8707-5d41-1ac5335dab46,e90f4137-15be-bdd0-97b0-27ce4fe5c13b,Flask,intermediate,"{""coursework""}",,2026-07-22 09:40:00
4cdedddb-c3f9-c78c-af70-4164bf164454,e90f4137-15be-bdd0-97b0-27ce4fe5c13b,Git,intermediate,"{""coursework""}",,2026-07-22 09:40:00
341c612a-a249-1260-107e-528ce94053af,e90f4137-15be-bdd0-97b0-27ce4fe5c13b,Power BI,intermediate,"{""project""}",Applied in project work.,2026-07-22 09:40:00
a5630d3a-497b-c13b-d2de-b47d4455d60e,e90f4137-15be-bdd0-97b0-27ce4fe5c13b,Problem Solving,advanced,"{""coursework""}",,2026-07-22 09:40:00
31216863-2663-ed11-1d12-2ccf3d0d3ffd,e90f4137-15be-bdd0-97b0-27ce4fe5c13b,Python,advanced,"{""project"",""coursework""}",Applied in project work.,2026-07-22 09:40:00
76d32b96-4f7f-963e-d3c5-44a3cc0b200d,e90f4137-15be-bdd0-97b0-27ce4fe5c13b,R,intermediate,"{""certification"",""coursework""}",,2026-07-22 09:40:00
28cbb7ca-33b5-a667-0979-13a0e7d90c1b,e90f4137-15be-bdd0-97b0-27ce4fe5c13b,SQL,advanced,"{""certification"",""coursework""}",,2026-07-22 09:40:00
cdb4adab-ca27-cd69-4226-4ba40775d778,e90f4137-15be-bdd0-97b0-27ce4fe5c13b,Statistical Analysis,advanced,"{""project"",""coursework""}",Applied in project work.,2026-07-22 09:40:00
7c602399-b8f4-0e5e-f6ba-bccc0acfbd89,e90f4137-15be-bdd0-97b0-27ce4fe5c13b,Tableau,intermediate,"{""certification"",""coursework""}",,2026-07-22 09:40:00
157c6813-e581-620f-dc0d-b2660e29ed9a,e90f4137-15be-bdd0-97b0-27ce4fe5c13b,Time Management,intermediate,"{""coursework""}",,2026-07-22 09:40:00
fa5dbd40-ed71-1fe9-649a-0bf9f5f3943a,23fbc01f-d7be-7b4f-b967-6dc6d6fdd1a5,Communication,intermediate,"{""coursework""}",,2026-07-17 02:48:00
35dbe396-4c23-e844-3c47-22f3c1b4fd44,23fbc01f-d7be-7b4f-b967-6dc6d6fdd1a5,Data Visualisation,intermediate,"{""project""}",Applied in project work.,2026-07-17 02:48:00
a1a054a9-7058-3380-ea77-d1d62904a6d6,23fbc01f-d7be-7b4f-b967-6dc6d6fdd1a5,Excel,advanced,"{""project""}",Applied in project work.,2026-07-17 02:48:00
ddcf5003-4627-41ec-08ac-784fca10b499,23fbc01f-d7be-7b4f-b967-6dc6d6fdd1a5,Leadership,intermediate,"{""coursework""}",,2026-07-17 02:48:00
78997035-7ddf-8484-f0c4-4ecbc78a7900,23fbc01f-d7be-7b4f-b967-6dc6d6fdd1a5,Linux,intermediate,"{""project"",""certification"",""coursework""}",Applied in project work.,2026-07-17 02:48:00
d1fb55b1-eb25-d7e7-e073-6c706c202d89,23fbc01f-d7be-7b4f-b967-6dc6d6fdd1a5,Machine Learning,advanced,"{""certification""}",,2026-07-17 02:48:00
819f2393-42ce-ef41-b2cf-ba8b290c42f8,23fbc01f-d7be-7b4f-b967-6dc6d6fdd1a5,Node.js,intermediate,"{""coursework""}",,2026-07-17 02:48:00
7408f646-53a7-1719-bcdf-83028c37e264,23fbc01f-d7be-7b4f-b967-6dc6d6fdd1a5,Power BI,intermediate,"{""project"",""coursework""}",Applied in project work.,2026-07-17 02:48:00
a43f683a-a431-01e4-0d56-5923c310d2a2,23fbc01f-d7be-7b4f-b967-6dc6d6fdd1a5,Problem Solving,advanced,"{""certification""}",,2026-07-17 02:48:00
a0d80651-3338-22d1-6691-c66400c99370,23fbc01f-d7be-7b4f-b967-6dc6d6fdd1a5,Python,intermediate,"{""certification"",""coursework""}",,2026-07-17 02:48:00
c83924d7-d03b-cbfc-dca7-e284f2307c22,690a7b80-af8d-888d-9811-70c1d8d2660e,Machine Learning,intermediate,"{""project"",""coursework""}",Applied in project work.,2026-08-03 14:55:00
2154be4a-61cf-91fb-7e81-cdfabf16e3e9,690a7b80-af8d-888d-9811-70c1d8d2660e,Natural Language Processing,intermediate,"{""project"",""coursework""}",Applied in project work.,2026-08-03 14:55:00
ad5c3c49-ba09-8a27-4870-8a92d2f77d5d,690a7b80-af8d-888d-9811-70c1d8d2660e,Problem Solving,beginner,"{""coursework""}",,2026-08-03 14:55:00
255c82c7-cade-e3ec-6895-09082e2cb850,690a7b80-af8d-888d-9811-70c1d8d2660e,Python,intermediate,"{""project"",""coursework""}",Applied in project work.,2026-08-03 14:55:00
5ea0942c-3f91-c419-e846-a9df73733554,690a7b80-af8d-888d-9811-70c1d8d2660e,SQL,intermediate,"{""coursework""}",,2026-08-03 14:55:00
02a458e1-15f2-f85a-754a-3e48a5b13afd,690a7b80-af8d-888d-9811-70c1d8d2660e,Time Management,beginner,"{""coursework""}",,2026-08-03 14:55:00
d5bf85f3-2e3f-674c-48bb-db12de4097c3,8e978ce1-1864-3b6a-12b3-c5eb41980029,Communication,advanced,"{""coursework""}",,2026-08-30 21:05:00
365f982b-95ee-f45c-a9c3-640de411a9d7,8e978ce1-1864-3b6a-12b3-c5eb41980029,Data Analysis,intermediate,"{""project"",""internship"",""coursework""}",Applied in project work.,2026-08-30 21:05:00
c4502052-86a8-f21a-010e-622bf8bc920c,8e978ce1-1864-3b6a-12b3-c5eb41980029,Data Visualisation,intermediate,"{""certification"",""internship""}",Used during internship.,2026-08-30 21:05:00
18246315-ad49-e072-7f84-3004c4ac41b5,8e978ce1-1864-3b6a-12b3-c5eb41980029,Leadership,intermediate,"{""coursework""}",,2026-08-30 21:05:00
fb38bc6c-ae6a-7c48-48c6-a7ed06a574ec,8e978ce1-1864-3b6a-12b3-c5eb41980029,Machine Learning,advanced,"{""project""}",Applied in project work.,2026-08-30 21:05:00
52d36897-d644-2365-1b27-65f6f38324f7,8e978ce1-1864-3b6a-12b3-c5eb41980029,Python,intermediate,"{""project"",""internship""}",Applied in project work.,2026-08-30 21:05:00
b52c4358-d4a8-b45a-75d1-d77614c08f6d,8e978ce1-1864-3b6a-12b3-c5eb41980029,R,advanced,"{""project"",""coursework""}",Applied in project work.,2026-08-30 21:05:00
54555290-017c-75c5-a873-19fe981dc530,8e978ce1-1864-3b6a-12b3-c5eb41980029,Research Skills,beginner,"{""coursework""}",,2026-08-30 21:05:00
73fe7e1d-f36d-eb13-9f53-4d9aa7faf009,8e978ce1-1864-3b6a-12b3-c5eb41980029,Statistical Analysis,advanced,"{""project""}",Applied in project work.,2026-08-30 21:05:00
211b20eb-91b4-5e06-cc0a-628bf5185923,8e978ce1-1864-3b6a-12b3-c5eb41980029,Tableau,intermediate,"{""certification"",""coursework""}",,2026-08-30 21:05:00
486fac8f-a4c5-dae5-cd32-e7120c767092,8e978ce1-1864-3b6a-12b3-c5eb41980029,Teamwork,beginner,"{""coursework""}",,2026-08-30 21:05:00
17b16c43-61a2-d612-9a2f-c701f3afbb09,8e978ce1-1864-3b6a-12b3-c5eb41980029,Time Management,intermediate,"{""coursework""}",,2026-08-30 21:05:00
40dd8895-d015-4898-9187-c9a0b8663c7c,f455af73-c0a7-ad9c-a5ac-cd5a48f18eed,Communication,beginner,"{""coursework""}",,2026-08-10 08:22:00
80e1be4d-c4c6-08eb-14ee-d98795e7c6e4,f455af73-c0a7-ad9c-a5ac-cd5a48f18eed,Linux,intermediate,"{""project"",""certification"",""coursework""}",Applied in project work.,2026-08-10 08:22:00
6498da39-d7c8-f02c-2ea5-312ac942e6e8,f455af73-c0a7-ad9c-a5ac-cd5a48f18eed,Problem Solving,intermediate,"{""certification"",""coursework""}",,2026-08-10 08:22:00
4c32a0a2-b452-2738-e073-09de6a8f7654,f455af73-c0a7-ad9c-a5ac-cd5a48f18eed,React,beginner,"{""coursework""}",,2026-08-10 08:22:00
43dbea42-cece-36ae-9fb2-09b1732fc932,f455af73-c0a7-ad9c-a5ac-cd5a48f18eed,Time Management,beginner,"{""coursework""}",,2026-08-10 08:22:00
7ce71cca-de1d-4653-d112-8bb8e7b2df91,1ddea07d-651a-6277-017f-319f04961795,Azure,intermediate,"{""project""}",Applied in project work.,2026-08-22 07:27:00
6c087d6c-04de-78f8-873f-3f030f8a579c,1ddea07d-651a-6277-017f-319f04961795,Cloud Computing,beginner,"{""project"",""coursework""}",Applied in project work.,2026-08-22 07:27:00
792cad76-e39e-b7c2-6ac9-8528a5f701fe,1ddea07d-651a-6277-017f-319f04961795,Docker,intermediate,"{""project""}",Applied in project work.,2026-08-22 07:27:00
58c58875-a56c-0a56-f05f-f9c39f690cde,1ddea07d-651a-6277-017f-319f04961795,Flask,intermediate,"{""coursework""}",,2026-08-22 07:27:00
580661f1-7820-2426-3134-1ab8b9e8d781,1ddea07d-651a-6277-017f-319f04961795,Git,intermediate,"{""project"",""coursework""}",Applied in project work.,2026-08-22 07:27:00
e8b8d252-9670-cd19-383e-69a481f46dfd,1ddea07d-651a-6277-017f-319f04961795,Linux,advanced,"{""project"",""certification"",""coursework""}",Applied in project work.,2026-08-22 07:27:00
21939b93-77ed-78d9-a82e-6889b7174acf,1ddea07d-651a-6277-017f-319f04961795,Node.js,advanced,"{""internship""}",Used during internship.,2026-08-22 07:27:00
f5b5ac71-63ef-5e69-b61d-56f5b9163357,1ddea07d-651a-6277-017f-319f04961795,Problem Solving,intermediate,"{""internship""}",Used during internship.,2026-08-22 07:27:00
ccbcbf4b-78ea-47e2-cbc4-dd425c39b57d,1ddea07d-651a-6277-017f-319f04961795,SQL,advanced,"{""project"",""coursework""}",Applied in project work.,2026-08-22 07:27:00
484f1db9-350b-9f51-9f31-0fff297a8503,1ddea07d-651a-6277-017f-319f04961795,Teamwork,intermediate,"{""coursework""}",,2026-08-22 07:27:00
9b125dfb-2804-335a-3311-65e02c5cce54,1ddea07d-651a-6277-017f-319f04961795,Time Management,advanced,"{""internship""}",Used during internship.,2026-08-22 07:27:00
c13d8929-b717-548d-5f57-fd27441999b6,ad4b24ec-5b67-3a25-42c4-5041e1831003,Data Analysis,intermediate,"{""project"",""coursework""}",Applied in project work.,2026-07-09 20:31:00
26cffe04-3ed5-e52e-aa3d-2111a1230193,ad4b24ec-5b67-3a25-42c4-5041e1831003,Data Visualisation,advanced,"{""project"",""certification"",""coursework""}",Applied in project work.,2026-07-09 20:31:00
69d53317-6dc7-5587-cd40-b648235398a6,ad4b24ec-5b67-3a25-42c4-5041e1831003,Excel,intermediate,"{""project""}",Applied in project work.,2026-07-09 20:31:00
da36433a-f3ab-d246-7570-d730e5e79add,ad4b24ec-5b67-3a25-42c4-5041e1831003,Machine Learning,intermediate,"{""project""}",Applied in project work.,2026-07-09 20:31:00
028bffb6-c528-ac36-2545-034c714cd65e,ad4b24ec-5b67-3a25-42c4-5041e1831003,Power BI,intermediate,"{""project""}",Applied in project work.,2026-07-09 20:31:00
15b4066e-11d0-12a7-f192-93c98470f6c8,ad4b24ec-5b67-3a25-42c4-5041e1831003,Problem Solving,beginner,"{""coursework""}",,2026-07-09 20:31:00
c25a6eb3-64ad-1905-0fbc-63776f1f5c6a,ad4b24ec-5b67-3a25-42c4-5041e1831003,Python,intermediate,"{""project"",""coursework""}",Applied in project work.,2026-07-09 20:31:00
e70af828-26a4-cbef-a437-199cec2a322b,ad4b24ec-5b67-3a25-42c4-5041e1831003,R,advanced,"{""project"",""coursework""}",Applied in project work.,2026-07-09 20:31:00
851031c0-e035-4d75-a90d-75adcc8fe6ce,ad4b24ec-5b67-3a25-42c4-5041e1831003,SQL,advanced,"{""project""}",Applied in project work.,2026-07-09 20:31:00
ae4d8a19-e2c2-aa24-66e9-a80e6b579789,ad4b24ec-5b67-3a25-42c4-5041e1831003,Tableau,intermediate,"{""certification""}",,2026-07-09 20:31:00
0205e16a-581a-b26c-e8c3-5a79504e54ac,ad4b24ec-5b67-3a25-42c4-5041e1831003,Teamwork,advanced,"{""coursework""}",,2026-07-09 20:31:00
eba2a67c-9c43-3e67-871d-5bfce67410de,ad4b24ec-5b67-3a25-42c4-5041e1831003,Time Management,intermediate,"{""coursework""}",,2026-07-09 20:31:00
60aeb372-b6df-b4a6-23d5-2be0ac249f30,cfd42949-e33e-a976-5862-5813b28d7506,Data Visualisation,advanced,"{""coursework""}",,2026-07-11 10:15:00
c74f054f-d2a5-d216-314b-4d3695162359,cfd42949-e33e-a976-5862-5813b28d7506,Docker,intermediate,"{""coursework""}",,2026-07-11 10:15:00
6cfa28cf-b62e-110a-2584-83851915bb1c,cfd42949-e33e-a976-5862-5813b28d7506,Git,intermediate,"{""coursework""}",,2026-07-11 10:15:00
36fc1c46-79eb-b8bb-214b-d473e3755867,cfd42949-e33e-a976-5862-5813b28d7506,Java,intermediate,"{""project""}",Applied in project work.,2026-07-11 10:15:00
671adde5-86b8-afef-ad44-3c485e8a10da,cfd42949-e33e-a976-5862-5813b28d7506,Linux,intermediate,"{""certification"",""coursework""}",,2026-07-11 10:15:00
a2ef1e21-7fb3-2568-9594-eea843816e47,cfd42949-e33e-a976-5862-5813b28d7506,SQL,intermediate,"{""project""}",Applied in project work.,2026-07-11 10:15:00
f2a45575-ee58-5967-b063-796a70a91477,cfd42949-e33e-a976-5862-5813b28d7506,Teamwork,intermediate,"{""coursework""}",,2026-07-11 10:15:00
7c198515-208b-326a-817b-2f2124f3df14,cfd42949-e33e-a976-5862-5813b28d7506,Time Management,advanced,"{""coursework""}",,2026-07-11 10:15:00
c2fd6177-75ff-e99a-a2ef-0f5381383447,da317fd7-9a02-78a6-1e67-73d7f3aa972b,Data Visualisation,beginner,"{""coursework""}",,2026-09-12 18:53:00
ba554e35-ddc8-d27b-2623-b91a72f68fe1,da317fd7-9a02-78a6-1e67-73d7f3aa972b,Git,beginner,"{""coursework""}",,2026-09-12 18:53:00
e6766b0a-3b9a-3daf-6321-d75368dd66fd,da317fd7-9a02-78a6-1e67-73d7f3aa972b,JavaScript,intermediate,"{""coursework""}",,2026-09-12 18:53:00
aba23511-f544-b28c-0bba-d72a8a7e9cce,da317fd7-9a02-78a6-1e67-73d7f3aa972b,Leadership,beginner,"{""coursework""}",,2026-09-12 18:53:00
06598f83-b50b-9ff8-2a65-bae3ddaf2233,da317fd7-9a02-78a6-1e67-73d7f3aa972b,Natural Language Processing,beginner,"{""coursework""}",,2026-09-12 18:53:00
4f10aae3-b518-174f-c587-4243cbd10fdc,da317fd7-9a02-78a6-1e67-73d7f3aa972b,Node.js,beginner,"{""coursework""}",,2026-09-12 18:53:00
8ab5a799-9e63-638c-f485-e9443142e0c7,da317fd7-9a02-78a6-1e67-73d7f3aa972b,Problem Solving,intermediate,"{""coursework""}",,2026-09-12 18:53:00
8591a818-91fb-8925-f511-24380d892ced,da317fd7-9a02-78a6-1e67-73d7f3aa972b,Python,intermediate,"{""coursework""}",,2026-09-12 18:53:00
8827f0b5-efa9-9c7e-a883-5c661ecae0c0,da317fd7-9a02-78a6-1e67-73d7f3aa972b,React,beginner,"{""coursework""}",,2026-09-12 18:53:00
34afa2e1-c968-e8ee-4663-f1a104db73f3,da317fd7-9a02-78a6-1e67-73d7f3aa972b,SQL,intermediate,"{""coursework""}",,2026-09-12 18:53:00
889654b2-ce92-6059-15ab-7cd271b905c8,da317fd7-9a02-78a6-1e67-73d7f3aa972b,Teamwork,beginner,"{""coursework""}",,2026-09-12 18:53:00
73a55d2e-8e1e-7525-e957-967af61b2bfd,1d59598c-174d-6b87-41d6-676a61cb78c3,Communication,intermediate,"{""coursework""}",,2026-09-08 14:44:00
d451b59f-f60b-9881-76f3-6fc7d0096b2a,1d59598c-174d-6b87-41d6-676a61cb78c3,Data Analysis,advanced,"{""coursework""}",,2026-09-08 14:44:00
7b708f15-ebfb-c97a-eefa-4d760f67a174,1d59598c-174d-6b87-41d6-676a61cb78c3,Data Visualisation,intermediate,"{""project"",""certification""}",Applied in project work.,2026-09-08 14:44:00
6151bd93-ae14-55f4-d6e8-aad3403a423a,1d59598c-174d-6b87-41d6-676a61cb78c3,Excel,intermediate,"{""project"",""coursework""}",Applied in project work.,2026-09-08 14:44:00
0ba4e32b-4804-044c-82a4-e22ed7371450,1d59598c-174d-6b87-41d6-676a61cb78c3,Git,intermediate,"{""coursework""}",,2026-09-08 14:44:00
4cf6a297-11e7-4656-9026-1d4c88ba135e,1d59598c-174d-6b87-41d6-676a61cb78c3,JavaScript,intermediate,"{""coursework""}",,2026-09-08 14:44:00
478a943a-ffb2-bfe1-8e75-69bcb99e6f7b,1d59598c-174d-6b87-41d6-676a61cb78c3,Leadership,intermediate,"{""coursework""}",,2026-09-08 14:44:00
f5194ab9-813b-e64b-9c46-24d335fa46fe,1d59598c-174d-6b87-41d6-676a61cb78c3,Linux,intermediate,"{""project"",""certification""}",Applied in project work.,2026-09-08 14:44:00
c0b08dd0-fac9-b5b6-42e8-8605a29a7e5f,1d59598c-174d-6b87-41d6-676a61cb78c3,Power BI,advanced,"{""project"",""certification""}",Applied in project work.,2026-09-08 14:44:00
fba75385-a98a-fcb0-3ef5-27fe45e4307a,1d59598c-174d-6b87-41d6-676a61cb78c3,Problem Solving,intermediate,"{""certification""}",,2026-09-08 14:44:00
b11cc20e-e9fd-1972-0410-5bd15415c636,1d59598c-174d-6b87-41d6-676a61cb78c3,Python,intermediate,"{""coursework""}",,2026-09-08 14:44:00
79fdcd33-9bd9-72ca-0086-2f9eec191606,1d59598c-174d-6b87-41d6-676a61cb78c3,R,advanced,"{""coursework""}",,2026-09-08 14:44:00
b40b7288-b24d-2a35-e530-4b878e484bc0,1d59598c-174d-6b87-41d6-676a61cb78c3,Research Skills,advanced,"{""project"",""coursework""}",Applied in project work.,2026-09-08 14:44:00
c98cd5fb-14c6-2aba-89c2-fba5648df4c0,1d59598c-174d-6b87-41d6-676a61cb78c3,SQL,intermediate,"{""coursework""}",,2026-09-08 14:44:00
abeed5b2-d0e9-15d4-d503-72a8e47f9c7e,1d59598c-174d-6b87-41d6-676a61cb78c3,Statistical Analysis,intermediate,"{""coursework""}",,2026-09-08 14:44:00
d0126e91-f8d7-8cbc-5a5d-dcc51f982a0d,1d59598c-174d-6b87-41d6-676a61cb78c3,Tableau,intermediate,"{""coursework""}",,2026-09-08 14:44:00
b2709103-cfd6-b161-c499-68ddd6d24227,1d59598c-174d-6b87-41d6-676a61cb78c3,Time Management,intermediate,"{""coursework""}",,2026-09-08 14:44:00
3f4574d4-401a-d5cd-d72b-81545594d9c6,3106e8ce-5b9a-289a-b58d-fc59ebe0c8c1,AWS,intermediate,"{""project"",""internship""}",Applied in project work.,2026-07-29 16:59:00
d51fde3f-573e-cc3a-f574-175b3d051bf4,3106e8ce-5b9a-289a-b58d-fc59ebe0c8c1,Cloud Computing,advanced,"{""project"",""coursework""}",Applied in project work.,2026-07-29 16:59:00
9997496b-c697-8476-12aa-48cff18c5581,3106e8ce-5b9a-289a-b58d-fc59ebe0c8c1,Data Analysis,intermediate,"{""certification"",""coursework""}",,2026-07-29 16:59:00
724af3fb-a016-db34-187d-e0c5c39bf6de,3106e8ce-5b9a-289a-b58d-fc59ebe0c8c1,Data Visualisation,advanced,"{""project"",""certification""}",Applied in project work.,2026-07-29 16:59:00
e3dc8702-5033-14b1-609c-f7af0889360f,3106e8ce-5b9a-289a-b58d-fc59ebe0c8c1,Docker,advanced,"{""project""}",Applied in project work.,2026-07-29 16:59:00
0fdf60d5-20a6-2f9b-c85b-811b10a5b073,3106e8ce-5b9a-289a-b58d-fc59ebe0c8c1,Flask,advanced,"{""project""}",Applied in project work.,2026-07-29 16:59:00
1a115f59-10d7-a164-6e8d-0018a04dac84,3106e8ce-5b9a-289a-b58d-fc59ebe0c8c1,Git,advanced,"{""project""}",Applied in project work.,2026-07-29 16:59:00
d994f7ba-4b7f-aa4c-0d5d-2f648f2b892b,3106e8ce-5b9a-289a-b58d-fc59ebe0c8c1,JavaScript,advanced,"{""project""}",Applied in project work.,2026-07-29 16:59:00
c997f2fa-997d-cd9a-dd55-4b7d3bad3a0d,3106e8ce-5b9a-289a-b58d-fc59ebe0c8c1,Leadership,advanced,"{""coursework""}",,2026-07-29 16:59:00
76d6682f-6248-953e-7412-c27202b71c51,3106e8ce-5b9a-289a-b58d-fc59ebe0c8c1,Linux,advanced,"{""project""}",Applied in project work.,2026-07-29 16:59:00
acffa99f-f005-8f9a-a6a2-c94556f11afb,3106e8ce-5b9a-289a-b58d-fc59ebe0c8c1,Node.js,advanced,"{""coursework""}",,2026-07-29 16:59:00
967aefbb-5404-801d-8468-1060743e5fef,3106e8ce-5b9a-289a-b58d-fc59ebe0c8c1,Power BI,intermediate,"{""certification""}",,2026-07-29 16:59:00
d73d52ba-ca17-31d0-97c7-68d6114a9827,3106e8ce-5b9a-289a-b58d-fc59ebe0c8c1,Problem Solving,advanced,"{""coursework""}",,2026-07-29 16:59:00
824723c3-a32a-4516-2040-54fb92be07c4,3106e8ce-5b9a-289a-b58d-fc59ebe0c8c1,Python,advanced,"{""project"",""internship"",""coursework""}",Applied in project work.,2026-07-29 16:59:00
233e84ac-3e3f-3da0-2f98-ad3371d2e63f,3106e8ce-5b9a-289a-b58d-fc59ebe0c8c1,R,intermediate,"{""certification"",""coursework""}",,2026-07-29 16:59:00
95a340d9-4fc9-663f-20af-af9e0f7c59ad,3106e8ce-5b9a-289a-b58d-fc59ebe0c8c1,React,advanced,"{""project"",""internship""}",Applied in project work.,2026-07-29 16:59:00
8a8864c7-e29d-e722-956b-212f4faa0851,3106e8ce-5b9a-289a-b58d-fc59ebe0c8c1,SQL,advanced,"{""project"",""certification"",""coursework""}",Applied in project work.,2026-07-29 16:59:00
9a73cd2f-4f05-495e-7832-b59c25bc99ae,3106e8ce-5b9a-289a-b58d-fc59ebe0c8c1,Tableau,advanced,"{""certification""}",,2026-07-29 16:59:00
250487e4-ada5-17e3-a85d-81db9620ed14,3106e8ce-5b9a-289a-b58d-fc59ebe0c8c1,Teamwork,advanced,"{""project"",""coursework""}",Applied in project work.,2026-07-29 16:59:00
610114f4-2322-6464-ad6d-84efd4d9a0ae,1182e8e7-c907-0c97-3385-db3be893786d,AWS,intermediate,"{""coursework""}",,2026-09-16 08:38:00
efa52c8a-56a0-4943-1c68-7714e2901d96,1182e8e7-c907-0c97-3385-db3be893786d,Data Analysis,intermediate,"{""certification""}",,2026-09-16 08:38:00
f0effa1e-2bde-3c78-a931-50445f5258ab,1182e8e7-c907-0c97-3385-db3be893786d,Flask,intermediate,"{""project"",""coursework""}",Applied in project work.,2026-09-16 08:38:00
e1b4b7ef-9f8a-4862-ff68-ef1acc8cc291,1182e8e7-c907-0c97-3385-db3be893786d,Git,intermediate,"{""coursework""}",,2026-09-16 08:38:00
cb7e717c-217b-c29e-ec95-73e9e1fa2466,1182e8e7-c907-0c97-3385-db3be893786d,Machine Learning,intermediate,"{""project"",""coursework""}",Applied in project work.,2026-09-16 08:38:00
5fcf3219-b1c1-2d4b-60d1-6c168855817d,1182e8e7-c907-0c97-3385-db3be893786d,Problem Solving,beginner,"{""coursework""}",,2026-09-16 08:38:00
9db402f1-c359-5dc2-0bd3-72a9ebc78c06,1182e8e7-c907-0c97-3385-db3be893786d,Python,beginner,"{""project"",""coursework""}",Applied in project work.,2026-09-16 08:38:00
ca226cfe-4b4f-8f74-8914-741cdabc47ce,1182e8e7-c907-0c97-3385-db3be893786d,R,intermediate,"{""certification""}",,2026-09-16 08:38:00
d9fc13b8-205f-9619-df73-321d47b2e24d,1182e8e7-c907-0c97-3385-db3be893786d,SQL,intermediate,"{""project"",""certification"",""coursework""}",Applied in project work.,2026-09-16 08:38:00
359097e0-7d2e-7d9e-e2c6-093e95866982,1182e8e7-c907-0c97-3385-db3be893786d,Tableau,advanced,"{""certification""}",,2026-09-16 08:38:00
823483a8-2adc-ecb5-109b-851a9d6932c9,1182e8e7-c907-0c97-3385-db3be893786d,Time Management,intermediate,"{""coursework""}",,2026-09-16 08:38:00
030b4532-a7c2-4c68-c1ff-94279477d9d7,44b1a1ee-7948-36f2-7eaa-b0a1f4ac27ef,AWS,intermediate,"{""coursework""}",,2026-07-27 16:29:00
f394c60d-c2db-6aab-fd41-1a05833cd4f2,44b1a1ee-7948-36f2-7eaa-b0a1f4ac27ef,C++,advanced,"{""project"",""coursework""}",Applied in project work.,2026-07-27 16:29:00
3bd54863-7974-c90b-35ba-5e93bfc77282,44b1a1ee-7948-36f2-7eaa-b0a1f4ac27ef,Data Visualisation,intermediate,"{""certification"",""coursework""}",,2026-07-27 16:29:00
77ff3c31-c1f3-7837-8d78-3178c935a278,44b1a1ee-7948-36f2-7eaa-b0a1f4ac27ef,Docker,intermediate,"{""coursework""}",,2026-07-27 16:29:00
6dc56044-3016-b62b-d886-75455025ac18,44b1a1ee-7948-36f2-7eaa-b0a1f4ac27ef,Git,intermediate,"{""project""}",Applied in project work.,2026-07-27 16:29:00
704d628f-35a7-58ab-6aed-979fb2ac4768,44b1a1ee-7948-36f2-7eaa-b0a1f4ac27ef,Java,advanced,"{""project""}",Applied in project work.,2026-07-27 16:29:00
4e39f65a-20db-4294-dfae-180393d797e7,44b1a1ee-7948-36f2-7eaa-b0a1f4ac27ef,JavaScript,intermediate,"{""coursework""}",,2026-07-27 16:29:00
a8aa454e-cf76-770a-7ff2-e80a027a76dc,44b1a1ee-7948-36f2-7eaa-b0a1f4ac27ef,Linux,intermediate,"{""project""}",Applied in project work.,2026-07-27 16:29:00
c34995ff-6743-2c04-c0ac-1c00af8e26b2,44b1a1ee-7948-36f2-7eaa-b0a1f4ac27ef,Power BI,intermediate,"{""certification""}",,2026-07-27 16:29:00
9642b052-5379-f279-4cb5-062589a06a99,44b1a1ee-7948-36f2-7eaa-b0a1f4ac27ef,Problem Solving,advanced,"{""coursework""}",,2026-07-27 16:29:00
fe87a6bc-f3e0-0dc5-fa2c-9e7927584f1a,44b1a1ee-7948-36f2-7eaa-b0a1f4ac27ef,Python,intermediate,"{""coursework""}",,2026-07-27 16:29:00
e9eba9fe-9a5e-63f5-cc94-d15ca13d2600,44b1a1ee-7948-36f2-7eaa-b0a1f4ac27ef,Research Skills,beginner,"{""project"",""coursework""}",Applied in project work.,2026-07-27 16:29:00
104f3fc5-6400-bb0e-f2dd-85f63446c0f0,44b1a1ee-7948-36f2-7eaa-b0a1f4ac27ef,SQL,advanced,"{""project""}",Applied in project work.,2026-07-27 16:29:00
e66414db-2df8-d4a8-3fc7-4cb86a40e5cc,0835075f-2d79-8f3e-8d8b-4c60acc54c62,AWS,advanced,"{""project"",""coursework""}",Applied in project work.,2026-07-26 11:22:00
e92c5b92-6279-67a3-7534-39c06e9c92ba,0835075f-2d79-8f3e-8d8b-4c60acc54c62,Azure,beginner,"{""coursework""}",,2026-07-26 11:22:00
3d5cab0e-0b2d-983a-f218-9128b2da61f7,0835075f-2d79-8f3e-8d8b-4c60acc54c62,Cloud Computing,intermediate,"{""project""}",Applied in project work.,2026-07-26 11:22:00
a0ca0f8e-e1ef-2dd3-4616-33bc286e3f0a,0835075f-2d79-8f3e-8d8b-4c60acc54c62,Docker,intermediate,"{""certification""}",,2026-07-26 11:22:00
379e03dd-e6f8-dac3-b8ef-d250b9fe60c6,0835075f-2d79-8f3e-8d8b-4c60acc54c62,Excel,intermediate,"{""certification"",""internship""}",Used during internship.,2026-07-26 11:22:00
8d85ddf1-c309-4f28-fe0d-40b469498671,0835075f-2d79-8f3e-8d8b-4c60acc54c62,Git,intermediate,"{""internship""}",Used during internship.,2026-07-26 11:22:00
537598d4-c78e-0272-c43b-e7af8120053d,0835075f-2d79-8f3e-8d8b-4c60acc54c62,Machine Learning,intermediate,"{""project"",""coursework""}",Applied in project work.,2026-07-26 11:22:00
818d72af-3516-567d-40b5-50232a32e553,0835075f-2d79-8f3e-8d8b-4c60acc54c62,Natural Language Processing,advanced,"{""project"",""internship"",""coursework""}",Applied in project work.,2026-07-26 11:22:00
61936947-763f-56ac-bfee-b533acf59149,0835075f-2d79-8f3e-8d8b-4c60acc54c62,Problem Solving,advanced,"{""coursework""}",,2026-07-26 11:22:00
658c72ee-31c4-6ef9-db13-f2ec663b4427,0835075f-2d79-8f3e-8d8b-4c60acc54c62,Python,advanced,"{""project"",""coursework""}",Applied in project work.,2026-07-26 11:22:00
bfa93b6e-ab98-7d93-53bd-812822f06403,0835075f-2d79-8f3e-8d8b-4c60acc54c62,Teamwork,intermediate,"{""coursework""}",,2026-07-26 11:22:00
03113626-50f5-1e97-a76c-11cb66f29d1d,2babba12-294f-513f-d770-a46e4775d7ab,AI Literacy,intermediate,"{""certification"",""coursework""}",,2026-07-17 03:14:00
a8702d97-10e6-7176-3858-3966757256f6,2babba12-294f-513f-d770-a46e4775d7ab,Data Analysis,intermediate,"{""internship"",""coursework""}",Used during internship.,2026-07-17 03:14:00
693da46c-37f3-9aac-e2ad-828b113c9f25,2babba12-294f-513f-d770-a46e4775d7ab,Deep Learning,intermediate,"{""coursework""}",,2026-07-17 03:14:00
fd8fb938-fbac-9ade-7fe4-36d1994f7c31,2babba12-294f-513f-d770-a46e4775d7ab,FastAPI,intermediate,"{""project"",""internship"",""coursework""}",Applied in project work.,2026-07-17 03:14:00
407f2654-2be4-be9c-91b7-6c45d9b81389,2babba12-294f-513f-d770-a46e4775d7ab,Flask,beginner,"{""project"",""coursework""}",Applied in project work.,2026-07-17 03:14:00
a180f402-fb3e-127f-5308-e1f29990e4a9,2babba12-294f-513f-d770-a46e4775d7ab,Git,intermediate,"{""project""}",Applied in project work.,2026-07-17 03:14:00
2ce27ec9-5501-00bf-2207-cb65b197aed1,2babba12-294f-513f-d770-a46e4775d7ab,Leadership,intermediate,"{""internship""}",Used during internship.,2026-07-17 03:14:00
fa5f9e72-5166-488b-b008-32dae24ba9d4,2babba12-294f-513f-d770-a46e4775d7ab,Machine Learning,beginner,"{""project""}",Applied in project work.,2026-07-17 03:14:00
72ebde4e-95c4-fab0-e97f-995d9bc8d6f6,2babba12-294f-513f-d770-a46e4775d7ab,Natural Language Processing,intermediate,"{""project""}",Applied in project work.,2026-07-17 03:14:00
80e022c8-3b80-3c61-bde7-8473a3fdd59c,2babba12-294f-513f-d770-a46e4775d7ab,Problem Solving,intermediate,"{""coursework""}",,2026-07-17 03:14:00
1fc22517-e593-562b-c249-f59a9dc906df,2babba12-294f-513f-d770-a46e4775d7ab,Python,advanced,"{""project""}",Applied in project work.,2026-07-17 03:14:00
3e59034b-c1da-db7d-6db2-094bbce7e298,2babba12-294f-513f-d770-a46e4775d7ab,R,intermediate,"{""coursework""}",,2026-07-17 03:14:00
60310461-26d3-e222-33b7-0b634beef160,2babba12-294f-513f-d770-a46e4775d7ab,SQL,advanced,"{""project""}",Applied in project work.,2026-07-17 03:14:00
27e7a6bd-c2a4-9fd8-6ef5-4ceebc243f9f,cab21438-8557-ec6c-0a23-b722c2afba28,AI Literacy,beginner,"{""coursework""}",,2026-08-06 09:48:00
c30dcc74-0512-56b8-7b64-665ccb26a809,cab21438-8557-ec6c-0a23-b722c2afba28,C++,intermediate,"{""project""}",Applied in project work.,2026-08-06 09:48:00
8985c98d-985d-efc4-4cdb-f99eebe98dd4,cab21438-8557-ec6c-0a23-b722c2afba28,Docker,advanced,"{""project"",""coursework""}",Applied in project work.,2026-08-06 09:48:00
61652fd3-41dd-dedf-2cfa-a174ba059e68,cab21438-8557-ec6c-0a23-b722c2afba28,Git,beginner,"{""project"",""coursework""}",Applied in project work.,2026-08-06 09:48:00
554ed52c-126a-a315-7b18-9d5d9b247a55,cab21438-8557-ec6c-0a23-b722c2afba28,Machine Learning,beginner,"{""coursework""}",,2026-08-06 09:48:00
ea879f65-279c-058a-321a-6d71782152e0,cab21438-8557-ec6c-0a23-b722c2afba28,Node.js,intermediate,"{""project"",""internship"",""coursework""}",Applied in project work.,2026-08-06 09:48:00
6790eee0-7dcf-e924-5fcf-5c22b9b03c1a,cab21438-8557-ec6c-0a23-b722c2afba28,Python,advanced,"{""certification"",""internship"",""coursework""}",Used during internship.,2026-08-06 09:48:00
be006ccb-f872-3487-6507-c321f0b6844f,cab21438-8557-ec6c-0a23-b722c2afba28,Research Skills,intermediate,"{""coursework""}",,2026-08-06 09:48:00
e28f5537-68a6-4d97-123c-6a29969b6b4b,cab21438-8557-ec6c-0a23-b722c2afba28,SQL,beginner,"{""project"",""coursework""}",Applied in project work.,2026-08-06 09:48:00
eea00af9-6283-f50f-1fdd-c20aebee30cf,cab21438-8557-ec6c-0a23-b722c2afba28,Statistical Analysis,intermediate,"{""internship"",""coursework""}",Used during internship.,2026-08-06 09:48:00
c0676073-e9c0-00f0-c571-f9ab41589d90,cab21438-8557-ec6c-0a23-b722c2afba28,Time Management,intermediate,"{""coursework""}",,2026-08-06 09:48:00
7c89617d-32b1-792b-2263-960ab43c6fef,b4e10c33-a186-1de1-5c85-a58cd0290d6b,Azure,intermediate,"{""coursework""}",,2026-09-17 00:32:00
912cf322-735e-8153-1c38-92e8f2cfcd63,b4e10c33-a186-1de1-5c85-a58cd0290d6b,Cloud Computing,advanced,"{""coursework""}",,2026-09-17 00:32:00
311f5d4a-c258-9de2-cf26-54892ec75a83,b4e10c33-a186-1de1-5c85-a58cd0290d6b,Data Visualisation,advanced,"{""project""}",Applied in project work.,2026-09-17 00:32:00
70d3b5f7-68a6-9e71-df22-3246e6fb61d3,b4e10c33-a186-1de1-5c85-a58cd0290d6b,Docker,intermediate,"{""coursework""}",,2026-09-17 00:32:00
15f0e5ea-4b0a-4742-146e-6a4f2a873e02,b4e10c33-a186-1de1-5c85-a58cd0290d6b,Git,intermediate,"{""internship""}",Used during internship.,2026-09-17 00:32:00
07983bc0-5797-44ba-1073-80cb46d9e34d,b4e10c33-a186-1de1-5c85-a58cd0290d6b,Linux,intermediate,"{""project"",""coursework""}",Applied in project work.,2026-09-17 00:32:00
441dde33-0fa1-659f-026f-05f619cea0c3,b4e10c33-a186-1de1-5c85-a58cd0290d6b,Natural Language Processing,intermediate,"{""internship""}",Used during internship.,2026-09-17 00:32:00
ca097b17-951b-2503-aa52-8f8501d99b33,b4e10c33-a186-1de1-5c85-a58cd0290d6b,Python,advanced,"{""project""}",Applied in project work.,2026-09-17 00:32:00
852393d7-9a5d-376e-602b-a25601dbeb73,b4e10c33-a186-1de1-5c85-a58cd0290d6b,R,advanced,"{""internship""}",Used during internship.,2026-09-17 00:32:00
7c65a804-ee9f-f73c-440d-d09fc2e8bfc2,b4e10c33-a186-1de1-5c85-a58cd0290d6b,SQL,advanced,"{""project""}",Applied in project work.,2026-09-17 00:32:00
57d3ec63-e3e1-03bb-ae8e-60755eebc618,b4e10c33-a186-1de1-5c85-a58cd0290d6b,Teamwork,intermediate,"{""coursework""}",,2026-09-17 00:32:00
5c784ca4-f0e4-ca0b-3d56-3b0ed11ce5c8,b4e10c33-a186-1de1-5c85-a58cd0290d6b,Time Management,advanced,"{""coursework""}",,2026-09-17 00:32:00
22c0eee9-aa5c-a8cd-1f83-5b8dabac8660,238c8712-eccf-3b91-e352-09a0d5de293b,C++,intermediate,"{""coursework""}",,2026-08-06 08:52:00
df377ff8-5532-7432-b118-cad6cba88a28,238c8712-eccf-3b91-e352-09a0d5de293b,Cloud Computing,intermediate,"{""coursework""}",,2026-08-06 08:52:00
99c6207f-ec81-4510-c42e-afc89372e80d,238c8712-eccf-3b91-e352-09a0d5de293b,Communication,intermediate,"{""coursework""}",,2026-08-06 08:52:00
61b3d8f3-b99b-70d6-bc6a-a8a7be332380,238c8712-eccf-3b91-e352-09a0d5de293b,Data Analysis,intermediate,"{""certification"",""coursework""}",,2026-08-06 08:52:00
db2c0eb7-f75c-0751-8fd8-acb4c8fb2050,238c8712-eccf-3b91-e352-09a0d5de293b,Excel,advanced,"{""project""}",Applied in project work.,2026-08-06 08:52:00
16d1d768-1c83-90ba-1672-380e4a7d6fa1,238c8712-eccf-3b91-e352-09a0d5de293b,Git,intermediate,"{""coursework""}",,2026-08-06 08:52:00
be9f44cb-302b-0401-efed-098b979a7368,238c8712-eccf-3b91-e352-09a0d5de293b,Linux,advanced,"{""project"",""coursework""}",Applied in project work.,2026-08-06 08:52:00
93b0d27e-6154-7769-f43d-d74050392a8c,238c8712-eccf-3b91-e352-09a0d5de293b,Machine Learning,intermediate,"{""project"",""internship""}",Applied in project work.,2026-08-06 08:52:00
891d47fe-970e-287a-0fd7-b0f24f908490,238c8712-eccf-3b91-e352-09a0d5de293b,Problem Solving,advanced,"{""project"",""internship""}",Applied in project work.,2026-08-06 08:52:00
ade6bf3c-cc2a-261d-5d72-33dbc572aa5b,238c8712-eccf-3b91-e352-09a0d5de293b,Python,intermediate,"{""project"",""coursework""}",Applied in project work.,2026-08-06 08:52:00
9a039d06-a9eb-0bf9-850e-6d302055adec,238c8712-eccf-3b91-e352-09a0d5de293b,R,advanced,"{""certification"",""internship""}",Used during internship.,2026-08-06 08:52:00
250b1c5a-50e0-8a81-75ea-1023da3465d9,238c8712-eccf-3b91-e352-09a0d5de293b,Research Skills,advanced,"{""project""}",Applied in project work.,2026-08-06 08:52:00
7ff5088e-380a-1bb7-d653-d4bb4bfca0ca,238c8712-eccf-3b91-e352-09a0d5de293b,SQL,advanced,"{""project"",""certification""}",Applied in project work.,2026-08-06 08:52:00
cd2174d3-d960-6af0-aa54-6c79bf3f51d5,238c8712-eccf-3b91-e352-09a0d5de293b,Tableau,advanced,"{""certification""}",,2026-08-06 08:52:00
4f13823b-51f4-a724-9950-385808cac260,238c8712-eccf-3b91-e352-09a0d5de293b,Teamwork,advanced,"{""project""}",Applied in project work.,2026-08-06 08:52:00
7a70bcf8-92ef-d363-b4de-a4a4d900da4b,238c8712-eccf-3b91-e352-09a0d5de293b,Time Management,intermediate,"{""coursework""}",,2026-08-06 08:52:00
b9d859f5-5cba-d410-0256-8225a6b78891,cf7798cc-ef36-feb1-bb8f-7b2bd91b1cb6,Excel,beginner,"{""coursework""}",,2026-09-01 22:22:00
fa236dbb-6c4d-1774-2bee-2fff8b5f93fe,0d6ed01e-f1ef-a963-2dfc-6b9c794febef,Communication,intermediate,"{""coursework""}",,2026-09-14 23:48:00
0bd18d4a-4cf4-1edd-3f93-04fa00059b9d,0d6ed01e-f1ef-a963-2dfc-6b9c794febef,Data Analysis,advanced,"{""project"",""internship""}",Applied in project work.,2026-09-14 23:48:00
23cd8a44-71e6-4bce-88ba-ef4aa8be8d1f,0d6ed01e-f1ef-a963-2dfc-6b9c794febef,Data Visualisation,intermediate,"{""certification""}",,2026-09-14 23:48:00
e92915a3-85cd-74bf-501c-93a3b1f22be5,0d6ed01e-f1ef-a963-2dfc-6b9c794febef,Deep Learning,advanced,"{""project"",""certification""}",Applied in project work.,2026-09-14 23:48:00
a9a14475-1958-a981-b01c-337e35b80aae,0d6ed01e-f1ef-a963-2dfc-6b9c794febef,Java,intermediate,"{""coursework""}",,2026-09-14 23:48:00
24444f64-3025-9856-0967-65693cb29bf1,0d6ed01e-f1ef-a963-2dfc-6b9c794febef,Leadership,advanced,"{""coursework""}",,2026-09-14 23:48:00
977f199a-374e-6538-8d54-80389a262279,0d6ed01e-f1ef-a963-2dfc-6b9c794febef,Machine Learning,advanced,"{""project"",""coursework""}",Applied in project work.,2026-09-14 23:48:00
6c092d0a-9f4f-e355-baa6-961c20e4dbfe,0d6ed01e-f1ef-a963-2dfc-6b9c794febef,Natural Language Processing,intermediate,"{""project"",""coursework""}",Applied in project work.,2026-09-14 23:48:00
74c0db3e-666a-4a82-29cf-4c70e75641e0,0d6ed01e-f1ef-a963-2dfc-6b9c794febef,Node.js,advanced,"{""project"",""internship"",""coursework""}",Applied in project work.,2026-09-14 23:48:00
f0b0e729-6ce3-4d67-ad30-c94b4111e681,0d6ed01e-f1ef-a963-2dfc-6b9c794febef,Power BI,advanced,"{""certification"",""coursework""}",,2026-09-14 23:48:00
a214245c-fecf-dd72-44f7-60a8bb909511,0d6ed01e-f1ef-a963-2dfc-6b9c794febef,Problem Solving,intermediate,"{""coursework""}",,2026-09-14 23:48:00
904ada37-5f44-b716-b6e5-dd9a315007d2,0d6ed01e-f1ef-a963-2dfc-6b9c794febef,Python,advanced,"{""project""}",Applied in project work.,2026-09-14 23:48:00
50fcfdaa-274b-369e-d252-44876b709287,0d6ed01e-f1ef-a963-2dfc-6b9c794febef,R,advanced,"{""project""}",Applied in project work.,2026-09-14 23:48:00
f6c9dd38-06a2-074c-6102-56376f023006,0d6ed01e-f1ef-a963-2dfc-6b9c794febef,React,intermediate,"{""project""}",Applied in project work.,2026-09-14 23:48:00
6822d128-8c61-e59f-af19-43901c285022,0d6ed01e-f1ef-a963-2dfc-6b9c794febef,SQL,advanced,"{""project""}",Applied in project work.,2026-09-14 23:48:00
e8c44e4c-5ce1-bcc2-16c7-02a1a3e2ac17,0d6ed01e-f1ef-a963-2dfc-6b9c794febef,Statistical Analysis,advanced,"{""internship"",""coursework""}",Used during internship.,2026-09-14 23:48:00
19130b90-0286-675d-460d-b75139cbc41a,0d6ed01e-f1ef-a963-2dfc-6b9c794febef,Time Management,intermediate,"{""coursework""}",,2026-09-14 23:48:00
ceefd2c9-7e2b-73ce-edf9-8b8d8ddd6a3e,59518620-8769-ee24-1875-589a7d57a51f,Azure,advanced,"{""project"",""coursework""}",Applied in project work.,2026-09-16 12:22:00
ad5209e7-6c8a-30c1-f2ca-2002f6508852,59518620-8769-ee24-1875-589a7d57a51f,Cloud Computing,advanced,"{""project"",""internship""}",Applied in project work.,2026-09-16 12:22:00
ad411244-ff79-f0f4-af64-257283d7cafc,59518620-8769-ee24-1875-589a7d57a51f,Data Analysis,intermediate,"{""project""}",Applied in project work.,2026-09-16 12:22:00
038ef7af-67cc-fa38-1feb-c9afb2a86456,59518620-8769-ee24-1875-589a7d57a51f,FastAPI,intermediate,"{""internship""}",Used during internship.,2026-09-16 12:22:00
88c982ec-b3dd-0cfb-6ccb-6ae1b6d331ca,59518620-8769-ee24-1875-589a7d57a51f,Git,advanced,"{""coursework""}",,2026-09-16 12:22:00
a942b4d7-bd2d-ffff-fe85-544c3e859c67,59518620-8769-ee24-1875-589a7d57a51f,JavaScript,intermediate,"{""coursework""}",,2026-09-16 12:22:00
0ad7d77c-9bf4-1cc6-af1f-be1687324f52,59518620-8769-ee24-1875-589a7d57a51f,Machine Learning,advanced,"{""project""}",Applied in project work.,2026-09-16 12:22:00
ee20a0b5-acad-7c07-2b24-ef63f6f32192,59518620-8769-ee24-1875-589a7d57a51f,Node.js,beginner,"{""coursework""}",,2026-09-16 12:22:00
22212e52-d6e3-8103-5df7-0cc1133b385e,59518620-8769-ee24-1875-589a7d57a51f,Python,intermediate,"{""coursework""}",,2026-09-16 12:22:00
7ed99a6b-6c37-86c2-0d08-367ef3d5f737,59518620-8769-ee24-1875-589a7d57a51f,R,intermediate,"{""project""}",Applied in project work.,2026-09-16 12:22:00
d4ec0595-3ff0-9d13-add7-1599e9fedd48,59518620-8769-ee24-1875-589a7d57a51f,React,intermediate,"{""coursework""}",,2026-09-16 12:22:00
4a41aed8-1e2c-6d4b-db99-2f51c433b3bd,59518620-8769-ee24-1875-589a7d57a51f,Research Skills,advanced,"{""internship""}",Used during internship.,2026-09-16 12:22:00
64c46086-919f-a02e-a194-c7b1bcef40f8,59518620-8769-ee24-1875-589a7d57a51f,SQL,intermediate,"{""project"",""coursework""}",Applied in project work.,2026-09-16 12:22:00
f589de14-eee0-6433-edda-16774e08ab81,59518620-8769-ee24-1875-589a7d57a51f,Teamwork,intermediate,"{""coursework""}",,2026-09-16 12:22:00
d92d9519-9e24-c724-e47a-7b03768ae6fb,59518620-8769-ee24-1875-589a7d57a51f,Time Management,intermediate,"{""coursework""}",,2026-09-16 12:22:00
037e7f60-8000-0fac-5818-48c527d19990,0244e4d7-5ac2-a176-66ed-ef302fa80808,Data Analysis,intermediate,"{""coursework""}",,2026-07-12 03:03:00
d4701dd2-ada5-beb9-0d52-7b893c8b966c,0244e4d7-5ac2-a176-66ed-ef302fa80808,Data Visualisation,intermediate,"{""project""}",Applied in project work.,2026-07-12 03:03:00
483fca72-4a1a-7c2e-7aed-edf46f302743,0244e4d7-5ac2-a176-66ed-ef302fa80808,Excel,advanced,"{""internship"",""coursework""}",Used during internship.,2026-07-12 03:03:00
9e1be56d-3f6c-5de5-6dcf-cb58c2ca55ed,0244e4d7-5ac2-a176-66ed-ef302fa80808,Flask,intermediate,"{""coursework""}",,2026-07-12 03:03:00
4376bff9-dd3a-0936-1d71-f339c44842af,0244e4d7-5ac2-a176-66ed-ef302fa80808,Leadership,intermediate,"{""coursework""}",,2026-07-12 03:03:00
6ddd5c02-d213-7565-aa94-a1d43f529dae,0244e4d7-5ac2-a176-66ed-ef302fa80808,Linux,intermediate,"{""project""}",Applied in project work.,2026-07-12 03:03:00
9c711439-8098-f50d-baff-361ab37e3c41,0244e4d7-5ac2-a176-66ed-ef302fa80808,Machine Learning,intermediate,"{""certification"",""internship"",""coursework""}",Used during internship.,2026-07-12 03:03:00
a1001bc8-9758-a25f-dad8-e2dafe17ddb3,0244e4d7-5ac2-a176-66ed-ef302fa80808,Python,beginner,"{""project"",""certification"",""coursework""}",Applied in project work.,2026-07-12 03:03:00
31328995-fd8a-c696-461b-cbc309d261e0,0244e4d7-5ac2-a176-66ed-ef302fa80808,Research Skills,intermediate,"{""project""}",Applied in project work.,2026-07-12 03:03:00
331bd602-9dd0-ce04-0485-742a6d22313c,0244e4d7-5ac2-a176-66ed-ef302fa80808,SQL,intermediate,"{""project""}",Applied in project work.,2026-07-12 03:03:00
fae96dd3-a220-9a31-b33d-9c7c4e733dcc,0244e4d7-5ac2-a176-66ed-ef302fa80808,Statistical Analysis,intermediate,"{""coursework""}",,2026-07-12 03:03:00
0fb49d98-7aac-8a0a-6d13-4ea8560fc071,0244e4d7-5ac2-a176-66ed-ef302fa80808,Teamwork,intermediate,"{""internship"",""coursework""}",Used during internship.,2026-07-12 03:03:00
861550f6-6b43-db40-7b9a-21c41155581f,00231f70-0a77-b5cc-2e87-46510c2ca7fa,Azure,intermediate,"{""coursework""}",,2026-08-07 01:06:00
f7ad3965-b25b-56dc-462e-9af399622263,00231f70-0a77-b5cc-2e87-46510c2ca7fa,Communication,intermediate,"{""coursework""}",,2026-08-07 01:06:00
0f9027d5-90f0-d47c-f4af-80050ba24c4f,00231f70-0a77-b5cc-2e87-46510c2ca7fa,Data Analysis,intermediate,"{""project"",""coursework""}",Applied in project work.,2026-08-07 01:06:00
884ff1a7-af48-1fc0-7eba-046465c227c0,00231f70-0a77-b5cc-2e87-46510c2ca7fa,Data Visualisation,beginner,"{""coursework""}",,2026-08-07 01:06:00
70100d7e-2a5f-66e4-1332-406ff8b6bdee,00231f70-0a77-b5cc-2e87-46510c2ca7fa,Excel,beginner,"{""project""}",Applied in project work.,2026-08-07 01:06:00
34f902b7-4580-a4ae-9b72-a9fe669e098d,00231f70-0a77-b5cc-2e87-46510c2ca7fa,Leadership,beginner,"{""coursework""}",,2026-08-07 01:06:00
9794b389-37c2-3f27-9267-e7e628f5f5c2,00231f70-0a77-b5cc-2e87-46510c2ca7fa,Machine Learning,advanced,"{""certification"",""coursework""}",,2026-08-07 01:06:00
b877e049-b52f-5e0d-80fa-33637497c7d9,00231f70-0a77-b5cc-2e87-46510c2ca7fa,Python,advanced,"{""project"",""certification""}",Applied in project work.,2026-08-07 01:06:00
4bde7d88-3867-f62d-da3b-ce8e4dac49f6,00231f70-0a77-b5cc-2e87-46510c2ca7fa,SQL,beginner,"{""project""}",Applied in project work.,2026-08-07 01:06:00
4ab63e0f-3cfb-c642-8897-c4970bad4234,00231f70-0a77-b5cc-2e87-46510c2ca7fa,Statistical Analysis,intermediate,"{""project""}",Applied in project work.,2026-08-07 01:06:00
471b0cc7-e233-c597-f129-ed2f25ec77e4,00231f70-0a77-b5cc-2e87-46510c2ca7fa,Time Management,intermediate,"{""coursework""}",,2026-08-07 01:06:00
19a8ec19-670a-858c-f86b-2e95a52680b3,a1f78157-58f3-4359-a60d-a1aa005bbf73,AI Literacy,advanced,"{""coursework""}",,2026-08-03 13:33:00
60bc6cbc-1987-e6d0-9a71-71aa030492b3,a1f78157-58f3-4359-a60d-a1aa005bbf73,Data Analysis,advanced,"{""coursework""}",,2026-08-03 13:33:00
c3712e42-0378-25da-d399-956c1c2b498f,a1f78157-58f3-4359-a60d-a1aa005bbf73,Deep Learning,advanced,"{""project"",""coursework""}",Applied in project work.,2026-08-03 13:33:00
2483c458-4485-2295-1566-8483c5266dc8,a1f78157-58f3-4359-a60d-a1aa005bbf73,Machine Learning,advanced,"{""project""}",Applied in project work.,2026-08-03 13:33:00
f7636b4d-cada-c122-0374-88649981d28f,a1f78157-58f3-4359-a60d-a1aa005bbf73,Natural Language Processing,intermediate,"{""project""}",Applied in project work.,2026-08-03 13:33:00
b51bd20f-da4b-df2d-56a0-b8b4d1792ee0,a1f78157-58f3-4359-a60d-a1aa005bbf73,Python,advanced,"{""project"",""certification"",""coursework""}",Applied in project work.,2026-08-03 13:33:00
901704a8-c279-d913-7afd-292323a49571,a1f78157-58f3-4359-a60d-a1aa005bbf73,Research Skills,intermediate,"{""coursework""}",,2026-08-03 13:33:00
0e4ddb72-3e6a-41f1-278e-2f607a99bd76,a1f78157-58f3-4359-a60d-a1aa005bbf73,Statistical Analysis,advanced,"{""project""}",Applied in project work.,2026-08-03 13:33:00
7a7a852e-f9f1-5e65-c919-8c69cbfe68f0,396c8f79-e983-c62e-004f-5362244f4ce3,C++,advanced,"{""project"",""coursework""}",Applied in project work.,2026-07-19 21:03:00
f5a7620d-6d6d-91e1-93ed-82c51cf85164,396c8f79-e983-c62e-004f-5362244f4ce3,Communication,intermediate,"{""coursework""}",,2026-07-19 21:03:00
62908017-c47d-336f-2e8f-2f7f20a62edf,396c8f79-e983-c62e-004f-5362244f4ce3,FastAPI,intermediate,"{""coursework""}",,2026-07-19 21:03:00
b184071c-7b35-b9f9-6c80-423a7e8450d7,396c8f79-e983-c62e-004f-5362244f4ce3,Git,advanced,"{""project"",""coursework""}",Applied in project work.,2026-07-19 21:03:00
a7698b2d-f1ab-f7a0-cd59-1b8c23627835,396c8f79-e983-c62e-004f-5362244f4ce3,Machine Learning,intermediate,"{""project""}",Applied in project work.,2026-07-19 21:03:00
7f421889-8ca1-7f75-6b2d-470a62186d10,396c8f79-e983-c62e-004f-5362244f4ce3,Problem Solving,beginner,"{""coursework""}",,2026-07-19 21:03:00
94ba0d7c-1567-f88e-6276-ee873ae8c8f8,396c8f79-e983-c62e-004f-5362244f4ce3,Python,intermediate,"{""project""}",Applied in project work.,2026-07-19 21:03:00
b18925a6-c6ce-c51b-93ef-b5c486e5edf4,396c8f79-e983-c62e-004f-5362244f4ce3,Teamwork,intermediate,"{""coursework""}",,2026-07-19 21:03:00
fe709416-340a-22d7-00bb-d5435c98fd57,396c8f79-e983-c62e-004f-5362244f4ce3,Time Management,intermediate,"{""coursework""}",,2026-07-19 21:03:00
d28faf65-2f06-8e12-646d-2e33380a402d,23ac64e5-d1aa-ab53-c755-66c2dde4cd87,AWS,advanced,"{""project"",""coursework""}",Applied in project work.,2026-08-23 17:16:00
13c3fc1b-d77a-80b8-9ae6-befe8f2de908,23ac64e5-d1aa-ab53-c755-66c2dde4cd87,Azure,advanced,"{""project""}",Applied in project work.,2026-08-23 17:16:00
61667c7c-d3c6-e5a0-67b4-a019a452f530,23ac64e5-d1aa-ab53-c755-66c2dde4cd87,Cloud Computing,intermediate,"{""project""}",Applied in project work.,2026-08-23 17:16:00
6c99ce56-a58a-abb5-5f19-30e0cda7a451,23ac64e5-d1aa-ab53-c755-66c2dde4cd87,Docker,advanced,"{""project"",""coursework""}",Applied in project work.,2026-08-23 17:16:00
55e17880-d8bb-62b7-c75f-41dc9a6aabb1,23ac64e5-d1aa-ab53-c755-66c2dde4cd87,Git,advanced,"{""project"",""coursework""}",Applied in project work.,2026-08-23 17:16:00
1b4142aa-8aa4-31e9-29aa-aa7e483eb6a1,23ac64e5-d1aa-ab53-c755-66c2dde4cd87,Leadership,intermediate,"{""coursework""}",,2026-08-23 17:16:00
33a44f40-8d3b-a57f-300f-fa684f227efa,23ac64e5-d1aa-ab53-c755-66c2dde4cd87,Linux,intermediate,"{""project"",""certification"",""coursework""}",Applied in project work.,2026-08-23 17:16:00
15c52392-44e8-31e1-3d86-9ad2084930a1,23ac64e5-d1aa-ab53-c755-66c2dde4cd87,Problem Solving,intermediate,"{""coursework""}",,2026-08-23 17:16:00
0c4ceedf-0bb1-b984-7bda-c670ca4c3b4d,23ac64e5-d1aa-ab53-c755-66c2dde4cd87,Python,intermediate,"{""project""}",Applied in project work.,2026-08-23 17:16:00
fb04c6b1-022b-a960-4f00-ba6af189d0b1,23ac64e5-d1aa-ab53-c755-66c2dde4cd87,SQL,intermediate,"{""project"",""coursework""}",Applied in project work.,2026-08-23 17:16:00
6401118d-c078-bc3e-5081-440731e3e608,23ac64e5-d1aa-ab53-c755-66c2dde4cd87,Teamwork,intermediate,"{""coursework""}",,2026-08-23 17:16:00
acb83fce-b3e1-511b-2128-04c5f94e485d,23ac64e5-d1aa-ab53-c755-66c2dde4cd87,Time Management,advanced,"{""coursework""}",,2026-08-23 17:16:00
42089fc8-75f3-21cb-c59d-e4aab5ed7ce8,961b9221-7a19-9807-61d2-1319cbcb3293,AI Literacy,beginner,"{""certification"",""coursework""}",,2026-07-05 18:54:00
23f459be-ec95-ccf1-a679-8ab07129e2f6,961b9221-7a19-9807-61d2-1319cbcb3293,Docker,advanced,"{""certification""}",,2026-07-05 18:54:00
0a22be56-7cfe-8ab0-9198-83f9f8c01007,961b9221-7a19-9807-61d2-1319cbcb3293,Excel,intermediate,"{""project""}",Applied in project work.,2026-07-05 18:54:00
21051c60-ae3a-cdf2-eac9-b1cc9ea393ea,961b9221-7a19-9807-61d2-1319cbcb3293,Linux,intermediate,"{""project"",""coursework""}",Applied in project work.,2026-07-05 18:54:00
f3b937f2-9fe7-e068-d847-260b8331d711,961b9221-7a19-9807-61d2-1319cbcb3293,Node.js,intermediate,"{""coursework""}",,2026-07-05 18:54:00
e023282a-e09d-d9e8-4348-a88773393f5d,961b9221-7a19-9807-61d2-1319cbcb3293,React,intermediate,"{""coursework""}",,2026-07-05 18:54:00
a4d47431-fa38-f5a0-9ee0-8a700aecc94d,961b9221-7a19-9807-61d2-1319cbcb3293,Research Skills,intermediate,"{""project""}",Applied in project work.,2026-07-05 18:54:00
da622059-2791-63f4-0208-8c918f909d9d,961b9221-7a19-9807-61d2-1319cbcb3293,SQL,intermediate,"{""project"",""coursework""}",Applied in project work.,2026-07-05 18:54:00
66373dc7-91f4-48bb-2880-2cff6035d9af,961b9221-7a19-9807-61d2-1319cbcb3293,Teamwork,beginner,"{""coursework""}",,2026-07-05 18:54:00
7743c104-5953-ff90-17ef-d203ab4d738c,961b9221-7a19-9807-61d2-1319cbcb3293,Time Management,intermediate,"{""coursework""}",,2026-07-05 18:54:00
e9a002a4-5acd-1e90-6fd1-134eb25a4809,108134dc-5427-0925-66ca-0baf3310880a,Azure,intermediate,"{""certification"",""coursework""}",,2026-07-29 08:58:00
8f97b21d-028a-df1c-d2b1-2838639e8bbc,108134dc-5427-0925-66ca-0baf3310880a,Cloud Computing,beginner,"{""certification""}",,2026-07-29 08:58:00
2505a2b6-9dd3-c15a-9417-e0f5aaff96ff,108134dc-5427-0925-66ca-0baf3310880a,Communication,beginner,"{""coursework""}",,2026-07-29 08:58:00
bbfecb11-f060-46a1-d2d1-2566fc829c09,108134dc-5427-0925-66ca-0baf3310880a,Data Analysis,intermediate,"{""project"",""internship"",""coursework""}",Applied in project work.,2026-07-29 08:58:00
ef0ec9cb-756a-ae2d-e581-18d126879443,108134dc-5427-0925-66ca-0baf3310880a,FastAPI,beginner,"{""coursework""}",,2026-07-29 08:58:00
cac19d2e-1d15-571c-5100-1ab9dd42da67,108134dc-5427-0925-66ca-0baf3310880a,Machine Learning,beginner,"{""project"",""internship"",""coursework""}",Applied in project work.,2026-07-29 08:58:00
f17daa26-7357-d500-fcfd-348c00f0f7fe,108134dc-5427-0925-66ca-0baf3310880a,Problem Solving,beginner,"{""internship""}",Used during internship.,2026-07-29 08:58:00
a3900655-7307-33d5-a261-078d202f00a8,108134dc-5427-0925-66ca-0baf3310880a,R,intermediate,"{""project""}",Applied in project work.,2026-07-29 08:58:00
b24a4a6d-6b90-a95b-300a-491afaa1d736,108134dc-5427-0925-66ca-0baf3310880a,Statistical Analysis,intermediate,"{""coursework""}",,2026-07-29 08:58:00
e12def58-4482-0852-489a-4ca481ef8162,4e954929-e58b-2d2d-4d4c-3b8004251c71,AWS,advanced,"{""project"",""coursework""}",Applied in project work.,2026-08-28 23:07:00
cb8e2d61-e715-94ff-d6a6-e6184eb18c88,4e954929-e58b-2d2d-4d4c-3b8004251c71,Azure,intermediate,"{""project""}",Applied in project work.,2026-08-28 23:07:00
03f9c74d-085d-5d01-6a20-62aae8b81813,4e954929-e58b-2d2d-4d4c-3b8004251c71,Cloud Computing,intermediate,"{""project""}",Applied in project work.,2026-08-28 23:07:00
d113b5ff-d73c-ad84-5fd9-0dfeca5edf38,4e954929-e58b-2d2d-4d4c-3b8004251c71,Docker,intermediate,"{""certification"",""coursework""}",,2026-08-28 23:07:00
fe2a0cbc-927a-e04e-f58b-8c612ba009ec,4e954929-e58b-2d2d-4d4c-3b8004251c71,Excel,intermediate,"{""project""}",Applied in project work.,2026-08-28 23:07:00
31523136-6430-5373-f936-a9688e44f2f8,4e954929-e58b-2d2d-4d4c-3b8004251c71,Node.js,beginner,"{""coursework""}",,2026-08-28 23:07:00
20fda784-6dd9-a879-93ee-36eeee93a4d0,4e954929-e58b-2d2d-4d4c-3b8004251c71,Python,intermediate,"{""project""}",Applied in project work.,2026-08-28 23:07:00
2c78bc22-ba65-983d-fa33-fa9863f20557,4e954929-e58b-2d2d-4d4c-3b8004251c71,SQL,intermediate,"{""project""}",Applied in project work.,2026-08-28 23:07:00
9b2a1376-315e-4e80-1f20-c257ed348e32,a097efe3-c31d-b215-d7d0-dc99645ae8ee,AI Literacy,advanced,"{""internship""}",Used during internship.,2026-09-09 14:25:00
5d697934-ddeb-78a4-375f-dd572700260b,a097efe3-c31d-b215-d7d0-dc99645ae8ee,C++,advanced,"{""project"",""coursework""}",Applied in project work.,2026-09-09 14:25:00
2378ff44-53d9-a4dd-078d-27e5378a8ba6,a097efe3-c31d-b215-d7d0-dc99645ae8ee,Cloud Computing,advanced,"{""internship"",""coursework""}",Used during internship.,2026-09-09 14:25:00
33013b08-7b48-7db6-460f-01a54480d02d,a097efe3-c31d-b215-d7d0-dc99645ae8ee,Data Analysis,advanced,"{""project"",""certification"",""coursework""}",Applied in project work.,2026-09-09 14:25:00
a6e486bf-8d2e-ea22-b544-f70c593acb51,a097efe3-c31d-b215-d7d0-dc99645ae8ee,Data Visualisation,intermediate,"{""certification""}",,2026-09-09 14:25:00
ec1f0155-6662-9bd2-f243-b5c6833d7595,a097efe3-c31d-b215-d7d0-dc99645ae8ee,Deep Learning,advanced,"{""project"",""coursework""}",Applied in project work.,2026-09-09 14:25:00
d895ccea-afe2-ff5c-32a8-07cc2c471336,a097efe3-c31d-b215-d7d0-dc99645ae8ee,Git,intermediate,"{""project"",""coursework""}",Applied in project work.,2026-09-09 14:25:00
966b91e7-c435-fe28-cb0c-17099569f8cb,a097efe3-c31d-b215-d7d0-dc99645ae8ee,Leadership,advanced,"{""coursework""}",,2026-09-09 14:25:00
b8d8f272-f429-c05d-34b1-6488cb4a1b4b,a097efe3-c31d-b215-d7d0-dc99645ae8ee,Machine Learning,advanced,"{""project"",""internship"",""coursework""}",Applied in project work.,2026-09-09 14:25:00
5199839c-d0de-4fb6-458c-6c02bf409640,a097efe3-c31d-b215-d7d0-dc99645ae8ee,Power BI,advanced,"{""certification"",""coursework""}",,2026-09-09 14:25:00
3320e68f-6de7-7482-620f-4af49b77ba46,a097efe3-c31d-b215-d7d0-dc99645ae8ee,Python,advanced,"{""project""}",Applied in project work.,2026-09-09 14:25:00
e3b2f985-2ad0-d57e-730c-19bc1073c0c3,a097efe3-c31d-b215-d7d0-dc99645ae8ee,R,intermediate,"{""project"",""certification""}",Applied in project work.,2026-09-09 14:25:00
68e931d8-963d-101f-40c8-c7a382e847ae,a097efe3-c31d-b215-d7d0-dc99645ae8ee,SQL,advanced,"{""certification"",""coursework""}",,2026-09-09 14:25:00
65f76d06-5a2d-465b-87ce-baaaf713c245,a097efe3-c31d-b215-d7d0-dc99645ae8ee,Statistical Analysis,advanced,"{""project"",""coursework""}",Applied in project work.,2026-09-09 14:25:00
6dec4b0d-529b-3b96-cf1d-46be2e0e343d,a097efe3-c31d-b215-d7d0-dc99645ae8ee,Tableau,intermediate,"{""certification"",""coursework""}",,2026-09-09 14:25:00
252151f9-5f39-0d2b-5f25-210ea82e2d61,a097efe3-c31d-b215-d7d0-dc99645ae8ee,Teamwork,intermediate,"{""coursework""}",,2026-09-09 14:25:00
e7232e8a-d0ef-0cd4-5e6e-e398cff1b675,62b61594-10f4-c941-8fc7-ad793b8ede31,AI Literacy,advanced,"{""certification"",""coursework""}",,2026-07-28 12:30:00
de36390a-b030-9415-ef21-db2c0143d636,62b61594-10f4-c941-8fc7-ad793b8ede31,Azure,advanced,"{""certification""}",,2026-07-28 12:30:00
1335f6c3-4de5-f4af-f278-15f60c49f33a,62b61594-10f4-c941-8fc7-ad793b8ede31,Cloud Computing,advanced,"{""certification"",""coursework""}",,2026-07-28 12:30:00
cfff0d34-caa8-1f13-9cdd-39a7b01ba134,62b61594-10f4-c941-8fc7-ad793b8ede31,Data Analysis,advanced,"{""project"",""coursework""}",Applied in project work.,2026-07-28 12:30:00
205474fa-1eb1-dc0c-75f0-06c0955d3078,62b61594-10f4-c941-8fc7-ad793b8ede31,Data Visualisation,intermediate,"{""certification"",""coursework""}",,2026-07-28 12:30:00
e346c1b7-9589-9035-c0c6-e3ff25e36ccd,62b61594-10f4-c941-8fc7-ad793b8ede31,Deep Learning,intermediate,"{""project"",""coursework""}",Applied in project work.,2026-07-28 12:30:00
87101172-8592-4e5f-1f53-db6eab117736,62b61594-10f4-c941-8fc7-ad793b8ede31,Git,advanced,"{""coursework""}",,2026-07-28 12:30:00
f9f209ab-7d77-71f8-a948-ec667a59697d,62b61594-10f4-c941-8fc7-ad793b8ede31,Leadership,intermediate,"{""coursework""}",,2026-07-28 12:30:00
4bd600e6-c425-d020-4389-2f66178029e9,62b61594-10f4-c941-8fc7-ad793b8ede31,Machine Learning,advanced,"{""project"",""coursework""}",Applied in project work.,2026-07-28 12:30:00
df748fb5-d5e6-162f-8efa-daa15a5ed7eb,62b61594-10f4-c941-8fc7-ad793b8ede31,Power BI,intermediate,"{""certification""}",,2026-07-28 12:30:00
f8c59ac6-133c-a9cf-13f8-e789b1e93b1a,62b61594-10f4-c941-8fc7-ad793b8ede31,Python,intermediate,"{""project"",""coursework""}",Applied in project work.,2026-07-28 12:30:00
3754a771-aba5-d1c9-035c-5d033664cafa,62b61594-10f4-c941-8fc7-ad793b8ede31,R,intermediate,"{""project"",""coursework""}",Applied in project work.,2026-07-28 12:30:00
972c8583-d062-00e3-356a-d6515727bd83,62b61594-10f4-c941-8fc7-ad793b8ede31,Research Skills,intermediate,"{""coursework""}",,2026-07-28 12:30:00
c2af56a6-5038-4c0d-dbc3-f5598390bd94,62b61594-10f4-c941-8fc7-ad793b8ede31,SQL,advanced,"{""coursework""}",,2026-07-28 12:30:00
ea041d0b-1b0c-9092-8127-a8f7d909e0c9,62b61594-10f4-c941-8fc7-ad793b8ede31,Statistical Analysis,advanced,"{""project""}",Applied in project work.,2026-07-28 12:30:00
f99dd6d5-62b5-1781-5d17-c25deaacabb4,62b61594-10f4-c941-8fc7-ad793b8ede31,Tableau,intermediate,"{""coursework""}",,2026-07-28 12:30:00
47206b6c-1192-5880-301d-b8176673d42d,62b61594-10f4-c941-8fc7-ad793b8ede31,Teamwork,intermediate,"{""coursework""}",,2026-07-28 12:30:00
dead44fc-f395-2657-4ea1-2bd9afaf20ec,62b61594-10f4-c941-8fc7-ad793b8ede31,Time Management,intermediate,"{""coursework""}",,2026-07-28 12:30:00
2b945cbb-3d16-2ab9-b01c-9191e81b60ff,87e81b25-a971-5404-79ea-e46107516daa,Azure,advanced,"{""certification"",""coursework""}",,2026-09-09 11:52:00
f6558f35-244f-35c6-7489-0e8ce65dd443,87e81b25-a971-5404-79ea-e46107516daa,Cloud Computing,advanced,"{""certification"",""coursework""}",,2026-09-09 11:52:00
0554e88b-5584-92ba-6d8c-5504797f6e4d,87e81b25-a971-5404-79ea-e46107516daa,Data Analysis,advanced,"{""project"",""coursework""}",Applied in project work.,2026-09-09 11:52:00
027deb45-da64-15b5-c2a0-72ddade03e6c,87e81b25-a971-5404-79ea-e46107516daa,Deep Learning,intermediate,"{""project"",""coursework""}",Applied in project work.,2026-09-09 11:52:00
0041f5d4-9549-e631-794c-eef2f833dfa7,87e81b25-a971-5404-79ea-e46107516daa,Leadership,intermediate,"{""coursework""}",,2026-09-09 11:52:00
ae1782f6-9138-6474-0473-b982d1a529db,87e81b25-a971-5404-79ea-e46107516daa,Machine Learning,advanced,"{""project"",""coursework""}",Applied in project work.,2026-09-09 11:52:00
80ce3505-8678-0a98-3a71-0f9ed5da16fd,87e81b25-a971-5404-79ea-e46107516daa,Natural Language Processing,advanced,"{""project""}",Applied in project work.,2026-09-09 11:52:00
55eef366-bc76-b752-cdcb-e8184dfa6a17,87e81b25-a971-5404-79ea-e46107516daa,Problem Solving,intermediate,"{""coursework""}",,2026-09-09 11:52:00
8bb3fbb2-fd63-14f2-59cc-c94abc1cd60d,87e81b25-a971-5404-79ea-e46107516daa,Python,advanced,"{""project"",""coursework""}",Applied in project work.,2026-09-09 11:52:00
4d171ebc-5a45-b8ea-d3e7-63d10378bcb7,87e81b25-a971-5404-79ea-e46107516daa,R,intermediate,"{""project"",""coursework""}",Applied in project work.,2026-09-09 11:52:00
a9f7c6d1-c647-5ae2-8490-9370e430fb91,87e81b25-a971-5404-79ea-e46107516daa,SQL,intermediate,"{""coursework""}",,2026-09-09 11:52:00
84f16d9d-af8f-8cf0-451a-9ec71cdde8ca,87e81b25-a971-5404-79ea-e46107516daa,Statistical Analysis,advanced,"{""coursework""}",,2026-09-09 11:52:00
27b0816b-8f8d-4107-c4d5-ac13f561d900,6e43b319-f929-9271-b220-58f9bdb2fd9e,AI Literacy,intermediate,"{""coursework""}",,2026-08-19 06:48:00
fef43c9c-2484-557f-454a-8e82b69415c7,6e43b319-f929-9271-b220-58f9bdb2fd9e,Communication,beginner,"{""coursework""}",,2026-08-19 06:48:00
79222d87-083a-1c27-3807-10194a720071,6e43b319-f929-9271-b220-58f9bdb2fd9e,Deep Learning,beginner,"{""project""}",Applied in project work.,2026-08-19 06:48:00
a3155bbb-adb2-31a2-cfcc-2abd3facabcc,6e43b319-f929-9271-b220-58f9bdb2fd9e,Git,intermediate,"{""coursework""}",,2026-08-19 06:48:00
4d515b58-eb91-d7bc-42e1-feb9e49dda44,6e43b319-f929-9271-b220-58f9bdb2fd9e,Machine Learning,beginner,"{""project"",""certification"",""coursework""}",Applied in project work.,2026-08-19 06:48:00
adcde95f-6f91-a7be-905c-3fd92c5d849c,6e43b319-f929-9271-b220-58f9bdb2fd9e,Natural Language Processing,advanced,"{""project""}",Applied in project work.,2026-08-19 06:48:00
22bca104-4001-570a-3312-de73c48563a3,6e43b319-f929-9271-b220-58f9bdb2fd9e,Problem Solving,intermediate,"{""coursework""}",,2026-08-19 06:48:00
15e9bee4-4e14-3977-4d12-6ab13313f36c,6e43b319-f929-9271-b220-58f9bdb2fd9e,Python,intermediate,"{""project"",""certification"",""coursework""}",Applied in project work.,2026-08-19 06:48:00
e03c63df-c84b-bdf5-603f-4ddc2ef17a90,6e43b319-f929-9271-b220-58f9bdb2fd9e,R,intermediate,"{""coursework""}",,2026-08-19 06:48:00
7120721e-86cd-6214-237b-efd118963a6e,6e43b319-f929-9271-b220-58f9bdb2fd9e,SQL,intermediate,"{""coursework""}",,2026-08-19 06:48:00
6d7bba17-5aac-72b1-77e7-ad815b88fc72,6e43b319-f929-9271-b220-58f9bdb2fd9e,Time Management,beginner,"{""coursework""}",,2026-08-19 06:48:00
1f2f087d-ed11-3faf-0e3f-49126405d362,9490029d-3e1e-0693-c960-b8514d696e19,C++,advanced,"{""coursework""}",,2026-09-09 04:18:00
d1fd4711-2f1d-80ea-fb91-fb907bd50aeb,9490029d-3e1e-0693-c960-b8514d696e19,Cloud Computing,advanced,"{""internship"",""coursework""}",Used during internship.,2026-09-09 04:18:00
dbfbfea4-706a-d042-ae6b-04559cddd7c2,9490029d-3e1e-0693-c960-b8514d696e19,Docker,advanced,"{""certification"",""coursework""}",,2026-09-09 04:18:00
a2ddd15a-2570-66e8-6eae-bb601f89cec2,9490029d-3e1e-0693-c960-b8514d696e19,Git,intermediate,"{""coursework""}",,2026-09-09 04:18:00
bdddbd36-82f2-a59e-2bb7-f1463d9d542a,9490029d-3e1e-0693-c960-b8514d696e19,Machine Learning,advanced,"{""project"",""coursework""}",Applied in project work.,2026-09-09 04:18:00
4a3fcfda-7aff-d9bd-79e5-8450334a34a8,9490029d-3e1e-0693-c960-b8514d696e19,Problem Solving,advanced,"{""coursework""}",,2026-09-09 04:18:00
6424fa05-4672-48f6-aaee-5d685e09f48e,9490029d-3e1e-0693-c960-b8514d696e19,Python,advanced,"{""project"",""internship"",""coursework""}",Applied in project work.,2026-09-09 04:18:00
6ab9ba0f-76c6-533e-1b7a-5c94ccc34f70,9490029d-3e1e-0693-c960-b8514d696e19,Statistical Analysis,advanced,"{""project"",""internship"",""coursework""}",Applied in project work.,2026-09-09 04:18:00
221a7c4e-60ac-4a64-7313-1038b2dfb075,71c966b3-9eb0-3954-a83d-b2dfe4aa212a,Data Analysis,intermediate,"{""certification"",""coursework""}",,2026-08-30 00:38:00
adc90caa-7000-f93b-7db8-ed7140a3823b,71c966b3-9eb0-3954-a83d-b2dfe4aa212a,Data Visualisation,intermediate,"{""certification""}",,2026-08-30 00:38:00
6f1ec0de-297e-b3f4-bdfd-cc7b33815e0d,71c966b3-9eb0-3954-a83d-b2dfe4aa212a,Docker,intermediate,"{""project"",""coursework""}",Applied in project work.,2026-08-30 00:38:00
f5b79271-a10d-b956-0634-caf6950506dd,71c966b3-9eb0-3954-a83d-b2dfe4aa212a,Flask,advanced,"{""project""}",Applied in project work.,2026-08-30 00:38:00
23fbe8f2-cf5c-bd7f-0882-5d14341b2c09,71c966b3-9eb0-3954-a83d-b2dfe4aa212a,Git,intermediate,"{""coursework""}",,2026-08-30 00:38:00
5738db52-126c-4e50-dd4f-4af28becb8cc,71c966b3-9eb0-3954-a83d-b2dfe4aa212a,JavaScript,intermediate,"{""project""}",Applied in project work.,2026-08-30 00:38:00
ba70c9f6-e936-8ad0-f52e-af63badfc7a8,71c966b3-9eb0-3954-a83d-b2dfe4aa212a,Node.js,advanced,"{""project"",""coursework""}",Applied in project work.,2026-08-30 00:38:00
8037b969-7946-8eae-d3dc-00ee9203c5d2,71c966b3-9eb0-3954-a83d-b2dfe4aa212a,Power BI,intermediate,"{""certification""}",,2026-08-30 00:38:00
da79d686-8f06-c963-e656-64ac9e54a175,71c966b3-9eb0-3954-a83d-b2dfe4aa212a,R,advanced,"{""certification"",""coursework""}",,2026-08-30 00:38:00
91b3f921-1224-615f-dfbc-f340604948be,71c966b3-9eb0-3954-a83d-b2dfe4aa212a,React,advanced,"{""project"",""coursework""}",Applied in project work.,2026-08-30 00:38:00
19d56f42-4c58-9a8e-846a-4a71c84a89b8,71c966b3-9eb0-3954-a83d-b2dfe4aa212a,SQL,advanced,"{""project"",""certification"",""coursework""}",Applied in project work.,2026-08-30 00:38:00
d24289ea-3959-7465-05c5-581054b728fa,71c966b3-9eb0-3954-a83d-b2dfe4aa212a,Tableau,advanced,"{""certification"",""coursework""}",,2026-08-30 00:38:00
63f2fc26-405a-8f9e-d401-8a45ec1a1adc,71c966b3-9eb0-3954-a83d-b2dfe4aa212a,Teamwork,advanced,"{""project""}",Applied in project work.,2026-08-30 00:38:00
88cfffa2-1324-97ee-49be-e3ddf7d65f6a,71c966b3-9eb0-3954-a83d-b2dfe4aa212a,Time Management,advanced,"{""coursework""}",,2026-08-30 00:38:00
cec7b903-e369-f1c0-c0a8-5dbdbf5a910f,0843280a-07ac-a3fe-a73a-366e43577225,Data Analysis,intermediate,"{""coursework""}",,2026-08-12 11:01:00
cd409bc9-fdae-2920-0bb8-382f916ba250,0843280a-07ac-a3fe-a73a-366e43577225,Data Visualisation,intermediate,"{""certification""}",,2026-08-12 11:01:00
704532d5-2070-73f0-0e80-ea41139cd2b0,0843280a-07ac-a3fe-a73a-366e43577225,Deep Learning,intermediate,"{""project"",""certification"",""coursework""}",Applied in project work.,2026-08-12 11:01:00
9a37ef9d-5983-ce94-506a-8dd30b31324f,0843280a-07ac-a3fe-a73a-366e43577225,Git,beginner,"{""coursework""}",,2026-08-12 11:01:00
a8575900-7a8c-2c36-65d7-71639b2aeea6,0843280a-07ac-a3fe-a73a-366e43577225,Machine Learning,intermediate,"{""project""}",Applied in project work.,2026-08-12 11:01:00
f0390686-400d-083a-138d-800613a96a92,0843280a-07ac-a3fe-a73a-366e43577225,Natural Language Processing,advanced,"{""project"",""coursework""}",Applied in project work.,2026-08-12 11:01:00
dbd7b4b4-ea44-0cc9-e5cb-bf135b619ebe,0843280a-07ac-a3fe-a73a-366e43577225,Power BI,beginner,"{""certification""}",,2026-08-12 11:01:00
5def5cc2-f101-5bfe-4d7e-fc8eb68ff0dc,0843280a-07ac-a3fe-a73a-366e43577225,Problem Solving,intermediate,"{""coursework""}",,2026-08-12 11:01:00
51a0bd7c-447d-30b8-e49a-3cd986df42bd,0843280a-07ac-a3fe-a73a-366e43577225,Python,intermediate,"{""project""}",Applied in project work.,2026-08-12 11:01:00
58bd19da-0dd2-c843-1ab8-873380e1cc41,0843280a-07ac-a3fe-a73a-366e43577225,SQL,advanced,"{""coursework""}",,2026-08-12 11:01:00
e97c0ea5-341c-2d10-1415-0ad9479fea14,0843280a-07ac-a3fe-a73a-366e43577225,Statistical Analysis,intermediate,"{""project""}",Applied in project work.,2026-08-12 11:01:00
4e107ed6-3b04-6707-855f-ecc6f9d71979,0843280a-07ac-a3fe-a73a-366e43577225,Teamwork,beginner,"{""coursework""}",,2026-08-12 11:01:00
8af53d42-c576-7c74-3ffb-9577ffb1c192,7fb866b2-0573-3d10-1d3e-be5bf3fac150,C++,intermediate,"{""coursework""}",,2026-08-08 11:53:00
a8c34b25-44cc-a057-5c98-08f446368d12,7fb866b2-0573-3d10-1d3e-be5bf3fac150,Docker,intermediate,"{""project"",""coursework""}",Applied in project work.,2026-08-08 11:53:00
9ba5d58b-c585-36b7-cf6d-2a9da72d0bf4,7fb866b2-0573-3d10-1d3e-be5bf3fac150,Git,intermediate,"{""coursework""}",,2026-08-08 11:53:00
2dc4d065-d8fb-d542-43b7-6bf2d604153c,7fb866b2-0573-3d10-1d3e-be5bf3fac150,Java,intermediate,"{""project"",""coursework""}",Applied in project work.,2026-08-08 11:53:00
77689441-0245-59a5-709d-e505046b96f9,7fb866b2-0573-3d10-1d3e-be5bf3fac150,JavaScript,advanced,"{""coursework""}",,2026-08-08 11:53:00
0eff6a6b-689a-b92d-37c4-86a18e7de390,7fb866b2-0573-3d10-1d3e-be5bf3fac150,Leadership,beginner,"{""coursework""}",,2026-08-08 11:53:00
9c3e7d79-e5a4-b1b4-46c5-24a5145d2f7e,7fb866b2-0573-3d10-1d3e-be5bf3fac150,Linux,intermediate,"{""coursework""}",,2026-08-08 11:53:00
46b1654a-c967-82fb-c417-0ebd420cbe74,7fb866b2-0573-3d10-1d3e-be5bf3fac150,Node.js,advanced,"{""project""}",Applied in project work.,2026-08-08 11:53:00
a15dd7c4-3a38-204b-2091-a7067eb3a98f,7fb866b2-0573-3d10-1d3e-be5bf3fac150,Problem Solving,intermediate,"{""coursework""}",,2026-08-08 11:53:00
09db40a9-a793-eb81-1d4c-5eb73b906c08,7fb866b2-0573-3d10-1d3e-be5bf3fac150,Python,advanced,"{""certification"",""coursework""}",,2026-08-08 11:53:00
9473b7cd-70b8-1530-dc4e-557f81b85934,7fb866b2-0573-3d10-1d3e-be5bf3fac150,SQL,intermediate,"{""project"",""coursework""}",Applied in project work.,2026-08-08 11:53:00
42516974-fdf1-d205-b6ec-b84ef3a2dc1d,7fb866b2-0573-3d10-1d3e-be5bf3fac150,Teamwork,intermediate,"{""coursework""}",,2026-08-08 11:53:00
44e928ac-5122-f001-70e6-84748534bd76,343c1752-3caa-a31e-13d3-c72682d33948,Communication,beginner,"{""coursework""}",,2026-07-11 06:54:00
3e78af27-e93b-da3b-4b06-53e293432c76,343c1752-3caa-a31e-13d3-c72682d33948,Git,beginner,"{""coursework""}",,2026-07-11 06:54:00
bf89444e-5097-ce46-74b0-b2433b1ba723,343c1752-3caa-a31e-13d3-c72682d33948,JavaScript,intermediate,"{""coursework""}",,2026-07-11 06:54:00
bb98abdf-71ec-02ad-3db5-38c9b16d3da7,343c1752-3caa-a31e-13d3-c72682d33948,Linux,beginner,"{""certification""}",,2026-07-11 06:54:00
ea258d83-1391-d18a-8171-d9558f7a1e43,343c1752-3caa-a31e-13d3-c72682d33948,Machine Learning,intermediate,"{""project""}",Applied in project work.,2026-07-11 06:54:00
72ef917e-3af8-34f2-9aef-9aec7bf18cf4,343c1752-3caa-a31e-13d3-c72682d33948,Problem Solving,intermediate,"{""certification"",""coursework""}",,2026-07-11 06:54:00
89a1321d-ecfb-c936-2012-6ebbfc9b519a,343c1752-3caa-a31e-13d3-c72682d33948,Python,intermediate,"{""project""}",Applied in project work.,2026-07-11 06:54:00
95b2868b-ac92-275a-6859-9dc4e8c5a3b0,343c1752-3caa-a31e-13d3-c72682d33948,React,advanced,"{""coursework""}",,2026-07-11 06:54:00
14dd9314-1e32-e3e1-5058-1a4a57713fff,343c1752-3caa-a31e-13d3-c72682d33948,SQL,beginner,"{""coursework""}",,2026-07-11 06:54:00
93758195-25fd-72f4-fbb6-1ff781496136,343c1752-3caa-a31e-13d3-c72682d33948,Statistical Analysis,beginner,"{""project"",""coursework""}",Applied in project work.,2026-07-11 06:54:00
03f89c7b-743d-e03a-e05c-1fb92e0ef4aa,343c1752-3caa-a31e-13d3-c72682d33948,Teamwork,intermediate,"{""coursework""}",,2026-07-11 06:54:00
52a3069d-4906-9da9-6d3b-867ced944378,b0a6e457-0620-5f4a-6e71-8848d577c131,Data Analysis,intermediate,"{""project"",""internship""}",Applied in project work.,2026-09-05 03:04:00
24a887a1-f419-78cd-2dac-a88bc1de6d58,b0a6e457-0620-5f4a-6e71-8848d577c131,Data Visualisation,intermediate,"{""coursework""}",,2026-09-05 03:04:00
84e6078f-6e37-b721-35ef-2b60bb21d347,b0a6e457-0620-5f4a-6e71-8848d577c131,Deep Learning,advanced,"{""coursework""}",,2026-09-05 03:04:00
1976a39a-507a-61a9-9d8f-eee1e12c6678,b0a6e457-0620-5f4a-6e71-8848d577c131,FastAPI,intermediate,"{""coursework""}",,2026-09-05 03:04:00
e2a63e3c-3940-093a-705c-d91e7c9428af,b0a6e457-0620-5f4a-6e71-8848d577c131,JavaScript,advanced,"{""project"",""coursework""}",Applied in project work.,2026-09-05 03:04:00
fd225cba-4269-f091-eaed-eed7f06fbb0f,b0a6e457-0620-5f4a-6e71-8848d577c131,Machine Learning,advanced,"{""project"",""internship"",""coursework""}",Applied in project work.,2026-09-05 03:04:00
34f3ab8e-1891-e25c-2418-c7fd47543604,b0a6e457-0620-5f4a-6e71-8848d577c131,Python,intermediate,"{""coursework""}",,2026-09-05 03:04:00
07006af3-2b39-e995-c13e-d0d3823a0b12,b0a6e457-0620-5f4a-6e71-8848d577c131,R,advanced,"{""project""}",Applied in project work.,2026-09-05 03:04:00
01b4cdfc-31f4-36ea-cc8a-bd6989b4db80,b0a6e457-0620-5f4a-6e71-8848d577c131,React,advanced,"{""project""}",Applied in project work.,2026-09-05 03:04:00
34010b60-5e9a-35cf-0699-576dd288b06a,b0a6e457-0620-5f4a-6e71-8848d577c131,Research Skills,advanced,"{""internship"",""coursework""}",Used during internship.,2026-09-05 03:04:00
d4bee4e4-204d-3f55-8559-4d7771e007b0,b0a6e457-0620-5f4a-6e71-8848d577c131,SQL,advanced,"{""coursework""}",,2026-09-05 03:04:00
b4d1880b-b75c-3825-1c0f-b87feb01bba7,b0a6e457-0620-5f4a-6e71-8848d577c131,Statistical Analysis,intermediate,"{""coursework""}",,2026-09-05 03:04:00
8ec7dccb-7d9d-ef75-1138-08db6f2f8411,cdbb6c1f-5a8d-785e-f7eb-a7e91dd07ec8,Data Analysis,intermediate,"{""project"",""coursework""}",Applied in project work.,2026-08-11 14:20:00
615ab341-9d06-5ae8-4358-ce3fb01f90e7,cdbb6c1f-5a8d-785e-f7eb-a7e91dd07ec8,Data Visualisation,beginner,"{""coursework""}",,2026-08-11 14:20:00
7bf6b2ad-5944-a69c-a341-441c3c165571,cdbb6c1f-5a8d-785e-f7eb-a7e91dd07ec8,Problem Solving,beginner,"{""coursework""}",,2026-08-11 14:20:00
4ac81bda-e002-8f9a-3b5d-5c9cd73794d5,cdbb6c1f-5a8d-785e-f7eb-a7e91dd07ec8,Python,advanced,"{""project""}",Applied in project work.,2026-08-11 14:20:00
6467e0c0-a149-7b65-cbf7-8eb17d7f2fed,cdbb6c1f-5a8d-785e-f7eb-a7e91dd07ec8,SQL,beginner,"{""coursework""}",,2026-08-11 14:20:00
e18258d2-f681-db3f-1cc4-1c62380bd4cb,cdbb6c1f-5a8d-785e-f7eb-a7e91dd07ec8,Statistical Analysis,beginner,"{""project""}",Applied in project work.,2026-08-11 14:20:00
f8281e0b-6b6a-838e-498a-9d9dc39159b8,cdbb6c1f-5a8d-785e-f7eb-a7e91dd07ec8,Teamwork,beginner,"{""coursework""}",,2026-08-11 14:20:00
3ab5a9f1-b7c3-15a2-dc16-cbae654135f8,c610024b-20c8-667f-b46f-014565e92e49,Communication,beginner,"{""coursework""}",,2026-09-02 05:30:00
bbbbcccc-8d8e-352b-3732-8d1569d445f3,c610024b-20c8-667f-b46f-014565e92e49,Data Analysis,intermediate,"{""certification"",""coursework""}",,2026-09-02 05:30:00
05209457-d871-8196-093c-3582037df82e,c610024b-20c8-667f-b46f-014565e92e49,Data Visualisation,intermediate,"{""coursework""}",,2026-09-02 05:30:00
282d94a3-0ad3-3361-7c22-6735ca957c2e,c610024b-20c8-667f-b46f-014565e92e49,FastAPI,beginner,"{""coursework""}",,2026-09-02 05:30:00
c5bcc4cd-a1ad-9f14-3ae1-9f9c0634e0e6,c610024b-20c8-667f-b46f-014565e92e49,Java,beginner,"{""project"",""coursework""}",Applied in project work.,2026-09-02 05:30:00
a7c02a59-60bb-380b-c8b7-bcd0d0207ede,c610024b-20c8-667f-b46f-014565e92e49,Power BI,intermediate,"{""coursework""}",,2026-09-02 05:30:00
451ea1db-e06a-46b2-bd93-183fd17bd6cc,c610024b-20c8-667f-b46f-014565e92e49,R,intermediate,"{""certification"",""coursework""}",,2026-09-02 05:30:00
6a56587d-bb8e-37e2-c32b-ba73b417dee1,c610024b-20c8-667f-b46f-014565e92e49,SQL,intermediate,"{""project"",""certification""}",Applied in project work.,2026-09-02 05:30:00
9ad8e1cc-8aac-b783-d48b-5d0dbe1e70bc,c610024b-20c8-667f-b46f-014565e92e49,Tableau,intermediate,"{""certification"",""coursework""}",,2026-09-02 05:30:00
9b0e9a7e-d4db-5496-31bc-99e66420b22a,c610024b-20c8-667f-b46f-014565e92e49,Time Management,intermediate,"{""coursework""}",,2026-09-02 05:30:00
761c7a2b-5263-f8e0-3c59-69c6a6ea0997,4a8e9dd2-6067-9824-78ad-b1829381ebb3,Communication,beginner,"{""coursework""}",,2026-09-10 18:30:00
bd5bfece-dbd0-ad57-8e07-d8fc83b1c1ec,4a8e9dd2-6067-9824-78ad-b1829381ebb3,Data Analysis,intermediate,"{""project""}",Applied in project work.,2026-09-10 18:30:00
209595a4-602c-f604-13d7-54d6b30269aa,4a8e9dd2-6067-9824-78ad-b1829381ebb3,Data Visualisation,intermediate,"{""project""}",Applied in project work.,2026-09-10 18:30:00
1f19297e-bf86-ad63-851a-b93f297eef2f,4a8e9dd2-6067-9824-78ad-b1829381ebb3,Excel,intermediate,"{""project""}",Applied in project work.,2026-09-10 18:30:00
7ec469d8-6c97-34c0-e2b0-505509fff6ab,4a8e9dd2-6067-9824-78ad-b1829381ebb3,Git,beginner,"{""coursework""}",,2026-09-10 18:30:00
23ce37db-7cb8-b49d-864b-789acd9b79fd,4a8e9dd2-6067-9824-78ad-b1829381ebb3,Leadership,intermediate,"{""coursework""}",,2026-09-10 18:30:00
fee91972-6f7b-93e7-1e19-f0104bf7e012,4a8e9dd2-6067-9824-78ad-b1829381ebb3,Python,intermediate,"{""project""}",Applied in project work.,2026-09-10 18:30:00
45674f45-ad3b-1b9d-e156-80e9ec063d73,4a8e9dd2-6067-9824-78ad-b1829381ebb3,R,intermediate,"{""coursework""}",,2026-09-10 18:30:00
4a4a5612-243a-7f53-2a7b-6a7ca674dd6b,4a8e9dd2-6067-9824-78ad-b1829381ebb3,SQL,intermediate,"{""project""}",Applied in project work.,2026-09-10 18:30:00
f3b5f7d7-9d2f-1794-cd85-334734579c7f,4a8e9dd2-6067-9824-78ad-b1829381ebb3,Statistical Analysis,intermediate,"{""project""}",Applied in project work.,2026-09-10 18:30:00
54867db3-efaa-f791-35eb-0106767f5095,4a8e9dd2-6067-9824-78ad-b1829381ebb3,Teamwork,intermediate,"{""coursework""}",,2026-09-10 18:30:00
00102dc0-dfe6-b589-79b8-023d2a3189ba,b3932fb8-4fd4-c793-016f-2931fa1b1bac,C++,intermediate,"{""coursework""}",,2026-08-28 20:17:00
2310c9fb-0d5c-4547-f847-91e0e55d32af,b3932fb8-4fd4-c793-016f-2931fa1b1bac,Docker,intermediate,"{""project"",""coursework""}",Applied in project work.,2026-08-28 20:17:00
c28fd8cb-8018-9536-4d74-764953bc20e0,b3932fb8-4fd4-c793-016f-2931fa1b1bac,JavaScript,beginner,"{""certification""}",,2026-08-28 20:17:00
c61f98b1-6097-5bc0-64ab-d0358f65abf9,b3932fb8-4fd4-c793-016f-2931fa1b1bac,Node.js,intermediate,"{""project"",""coursework""}",Applied in project work.,2026-08-28 20:17:00
1404e492-87db-0168-5125-126285a0daf6,b3932fb8-4fd4-c793-016f-2931fa1b1bac,Problem Solving,beginner,"{""coursework""}",,2026-08-28 20:17:00
2a869922-f492-7b35-36c2-1bc3d799d80d,b3932fb8-4fd4-c793-016f-2931fa1b1bac,Python,intermediate,"{""coursework""}",,2026-08-28 20:17:00
710fc415-8f7c-0071-6fef-2c5dd7021edd,b3932fb8-4fd4-c793-016f-2931fa1b1bac,React,intermediate,"{""certification""}",,2026-08-28 20:17:00
1ec80917-af74-4001-4023-539bc9f99d37,b3932fb8-4fd4-c793-016f-2931fa1b1bac,SQL,beginner,"{""project"",""coursework""}",Applied in project work.,2026-08-28 20:17:00
daf9ae1b-5d9d-acbd-ddbb-3fa40679c4f2,b3932fb8-4fd4-c793-016f-2931fa1b1bac,Time Management,beginner,"{""coursework""}",,2026-08-28 20:17:00
b4a4cb80-2737-9316-b69b-8391e4ee8f51,bf6494b6-eee5-b33e-2dd3-4f8e5fcbf482,Communication,beginner,"{""coursework""}",,2026-07-27 00:05:00
1533fe82-21b3-b264-d9d7-6878def42b39,bf6494b6-eee5-b33e-2dd3-4f8e5fcbf482,FastAPI,beginner,"{""coursework""}",,2026-07-27 00:05:00
5071ce94-0ff4-8fe8-b5e9-489ca331c4b0,bf6494b6-eee5-b33e-2dd3-4f8e5fcbf482,JavaScript,beginner,"{""coursework""}",,2026-07-27 00:05:00
da42698b-fbc0-53a8-4708-cf0f8b490e26,bf6494b6-eee5-b33e-2dd3-4f8e5fcbf482,Node.js,beginner,"{""coursework""}",,2026-07-27 00:05:00
e6508af4-d925-9a4b-ac07-98c7d6578ecb,bf6494b6-eee5-b33e-2dd3-4f8e5fcbf482,Tableau,beginner,"{""coursework""}",,2026-07-27 00:05:00
476a2533-2d91-ac23-497d-d968b4b6c702,ab6d9aa8-aaef-dbe1-d674-998a6a97cbce,AI Literacy,intermediate,"{""coursework""}",,2026-07-19 18:06:00
d5d4999b-39d8-8a14-69fa-c66650c74b31,ab6d9aa8-aaef-dbe1-d674-998a6a97cbce,AWS,intermediate,"{""coursework""}",,2026-07-19 18:06:00
70898400-b293-2bfb-4265-07984b80afa6,ab6d9aa8-aaef-dbe1-d674-998a6a97cbce,Deep Learning,intermediate,"{""project"",""coursework""}",Applied in project work.,2026-07-19 18:06:00
5d15c129-9425-6e90-5aeb-50557d692580,ab6d9aa8-aaef-dbe1-d674-998a6a97cbce,Git,beginner,"{""coursework""}",,2026-07-19 18:06:00
2ba439e6-d4ec-494f-afe1-d845a18af249,ab6d9aa8-aaef-dbe1-d674-998a6a97cbce,Leadership,beginner,"{""coursework""}",,2026-07-19 18:06:00
27dc3b65-62bb-f84c-95d1-2c70d5b07c12,ab6d9aa8-aaef-dbe1-d674-998a6a97cbce,Problem Solving,beginner,"{""coursework""}",,2026-07-19 18:06:00
ae98b722-cf97-b016-a560-c77558cfd966,ab6d9aa8-aaef-dbe1-d674-998a6a97cbce,Python,intermediate,"{""project""}",Applied in project work.,2026-07-19 18:06:00
f7eefd84-b31c-8349-5799-2f42351b3e63,ab6d9aa8-aaef-dbe1-d674-998a6a97cbce,SQL,intermediate,"{""coursework""}",,2026-07-19 18:06:00
35f1e04b-c5fe-21d6-8365-d2cf173be226,ab6d9aa8-aaef-dbe1-d674-998a6a97cbce,Teamwork,intermediate,"{""coursework""}",,2026-07-19 18:06:00
a9d500dd-2140-8672-23b9-7f36c0793f64,60beb85d-9053-317b-5f4d-ec1d52af891a,Data Analysis,advanced,"{""project""}",Applied in project work.,2026-09-19 21:14:00
17245dac-f867-3a5b-0dc5-d7d9f5bce0c0,60beb85d-9053-317b-5f4d-ec1d52af891a,Docker,advanced,"{""coursework""}",,2026-09-19 21:14:00
75e913d8-2a53-dbd6-655f-daa5756e3fd6,60beb85d-9053-317b-5f4d-ec1d52af891a,FastAPI,intermediate,"{""coursework""}",,2026-09-19 21:14:00
2c0cad5c-e209-5271-334d-d7aa25c1f899,60beb85d-9053-317b-5f4d-ec1d52af891a,Git,beginner,"{""coursework""}",,2026-09-19 21:14:00
b960df1f-1715-2d76-6fc1-aaeb340ce8c9,60beb85d-9053-317b-5f4d-ec1d52af891a,JavaScript,intermediate,"{""coursework""}",,2026-09-19 21:14:00
c68e47b0-d87d-b947-8e2b-4d2caf496395,60beb85d-9053-317b-5f4d-ec1d52af891a,Leadership,intermediate,"{""coursework""}",,2026-09-19 21:14:00
64e04880-afd1-3c73-8cc1-9913788664f3,60beb85d-9053-317b-5f4d-ec1d52af891a,Linux,intermediate,"{""project"",""coursework""}",Applied in project work.,2026-09-19 21:14:00
6054a51c-ab1e-ad74-78e9-0ae9e9af6d28,60beb85d-9053-317b-5f4d-ec1d52af891a,Machine Learning,advanced,"{""project""}",Applied in project work.,2026-09-19 21:14:00
517fd316-20e5-8866-6338-0b421887fa69,60beb85d-9053-317b-5f4d-ec1d52af891a,R,intermediate,"{""project""}",Applied in project work.,2026-09-19 21:14:00
53bd99f9-c5f4-656a-665e-c4dd222ec711,60beb85d-9053-317b-5f4d-ec1d52af891a,React,beginner,"{""coursework""}",,2026-09-19 21:14:00
88bbc5bb-64d3-6090-98d0-fc616cb2170b,60beb85d-9053-317b-5f4d-ec1d52af891a,Research Skills,advanced,"{""project""}",Applied in project work.,2026-09-19 21:14:00
f860b58f-bd8c-c32e-ab7d-09b27d01d706,60beb85d-9053-317b-5f4d-ec1d52af891a,Teamwork,beginner,"{""coursework""}",,2026-09-19 21:14:00
ba45e0ff-9d51-30ae-d015-f62383d03e33,a5448d55-13c7-f140-ea22-4efd65ef2c84,Communication,beginner,"{""coursework""}",,2026-07-06 16:12:00
7d57d424-de2e-7abc-1f1d-fed90a333eef,a5448d55-13c7-f140-ea22-4efd65ef2c84,Data Analysis,beginner,"{""project"",""certification""}",Applied in project work.,2026-07-06 16:12:00
afb719ba-996d-9303-e3a0-60f10cd19e0c,a5448d55-13c7-f140-ea22-4efd65ef2c84,Excel,intermediate,"{""project"",""coursework""}",Applied in project work.,2026-07-06 16:12:00
8af190cb-0606-15bf-d1b5-1519c44f376a,a5448d55-13c7-f140-ea22-4efd65ef2c84,Leadership,beginner,"{""coursework""}",,2026-07-06 16:12:00
047c1fe5-6ac4-75a5-5b5c-d6c54b11c181,a5448d55-13c7-f140-ea22-4efd65ef2c84,Machine Learning,intermediate,"{""certification"",""coursework""}",,2026-07-06 16:12:00
095f6d43-bb5e-14d6-5b74-5fdd1c974694,a5448d55-13c7-f140-ea22-4efd65ef2c84,Problem Solving,intermediate,"{""coursework""}",,2026-07-06 16:12:00
1584184b-2cdc-1cc0-3fa6-0025656e5170,a5448d55-13c7-f140-ea22-4efd65ef2c84,Python,intermediate,"{""project"",""certification""}",Applied in project work.,2026-07-06 16:12:00
46527e16-e489-149f-6e5c-9ae77e52c22c,a5448d55-13c7-f140-ea22-4efd65ef2c84,R,intermediate,"{""certification""}",,2026-07-06 16:12:00
3e7d623e-9e03-83d4-b061-c6ff754182e8,a5448d55-13c7-f140-ea22-4efd65ef2c84,SQL,intermediate,"{""project"",""certification"",""coursework""}",Applied in project work.,2026-07-06 16:12:00
755afc3d-91ae-757c-8607-f228d20b58cf,a5448d55-13c7-f140-ea22-4efd65ef2c84,Statistical Analysis,advanced,"{""project""}",Applied in project work.,2026-07-06 16:12:00
25916ffa-09cd-33a6-5f6f-83c5539b4d73,a5448d55-13c7-f140-ea22-4efd65ef2c84,Tableau,beginner,"{""certification"",""coursework""}",,2026-07-06 16:12:00
5429179b-9861-0b0b-a280-760f6bb73dac,bf2c1fd1-f34a-b83d-2f16-0f3d05baec78,Communication,intermediate,"{""coursework""}",,2026-07-15 15:32:00
58ab766f-51d4-1c6a-5731-4c4657cb9e5b,bf2c1fd1-f34a-b83d-2f16-0f3d05baec78,FastAPI,beginner,"{""coursework""}",,2026-07-15 15:32:00
be1924aa-dab7-12f6-7642-31c326daf6d1,bf2c1fd1-f34a-b83d-2f16-0f3d05baec78,Git,beginner,"{""coursework""}",,2026-07-15 15:32:00
08429e20-6726-f5b4-4175-11f463db0dea,bf2c1fd1-f34a-b83d-2f16-0f3d05baec78,Node.js,beginner,"{""coursework""}",,2026-07-15 15:32:00
a1a262d0-141f-b001-f7bc-bc1492419671,bf2c1fd1-f34a-b83d-2f16-0f3d05baec78,Problem Solving,beginner,"{""coursework""}",,2026-07-15 15:32:00
5e8354da-8793-5334-fc20-594ebf7da45e,bf2c1fd1-f34a-b83d-2f16-0f3d05baec78,Python,intermediate,"{""certification"",""coursework""}",,2026-07-15 15:32:00
acac1f3b-7395-734b-50b9-ff30c03832d0,bf2c1fd1-f34a-b83d-2f16-0f3d05baec78,Teamwork,beginner,"{""coursework""}",,2026-07-15 15:32:00
149c0766-ffb8-8ef4-80dc-48739eb318ad,8e72d17c-48ac-dcf8-f92d-edcdc05afd94,Communication,intermediate,"{""coursework""}",,2026-07-17 21:55:00
2a9d0c6a-3ffc-1e13-9c1c-ac23533487f7,8e72d17c-48ac-dcf8-f92d-edcdc05afd94,Java,intermediate,"{""coursework""}",,2026-07-17 21:55:00
f3ac2f5e-1749-939d-af32-6af578cf536a,8e72d17c-48ac-dcf8-f92d-edcdc05afd94,Linux,beginner,"{""project""}",Applied in project work.,2026-07-17 21:55:00
82e6e14d-8d53-a190-63ab-bef5a7742626,8e72d17c-48ac-dcf8-f92d-edcdc05afd94,Machine Learning,intermediate,"{""project"",""coursework""}",Applied in project work.,2026-07-17 21:55:00
753057b9-2950-26e5-e9c7-eb29d9add9e0,8e72d17c-48ac-dcf8-f92d-edcdc05afd94,Problem Solving,beginner,"{""coursework""}",,2026-07-17 21:55:00
33252134-ebdf-eeb4-b679-9210efe87716,8e72d17c-48ac-dcf8-f92d-edcdc05afd94,Python,intermediate,"{""project"",""certification"",""coursework""}",Applied in project work.,2026-07-17 21:55:00
07e86429-e4fa-6417-1097-92a44b00dcfc,8e72d17c-48ac-dcf8-f92d-edcdc05afd94,React,intermediate,"{""coursework""}",,2026-07-17 21:55:00
3dec163c-fd5d-da42-7193-41779a6e868d,8e72d17c-48ac-dcf8-f92d-edcdc05afd94,SQL,intermediate,"{""coursework""}",,2026-07-17 21:55:00
a4316e6c-800e-1610-761e-b7e3f909c46c,8e72d17c-48ac-dcf8-f92d-edcdc05afd94,Statistical Analysis,intermediate,"{""project""}",Applied in project work.,2026-07-17 21:55:00
2582bca6-20e8-dae1-b1f0-ed9bce217fb3,ddf7d263-6806-5678-ad47-8200ae991937,Data Analysis,intermediate,"{""coursework""}",,2026-07-10 23:14:00
362f7bc2-d9d5-d66c-072b-50ed3a58d606,ddf7d263-6806-5678-ad47-8200ae991937,Data Visualisation,intermediate,"{""coursework""}",,2026-07-10 23:14:00
42696d14-0316-cde5-9590-690125fb2421,ddf7d263-6806-5678-ad47-8200ae991937,Excel,intermediate,"{""project"",""certification"",""internship""}",Applied in project work.,2026-07-10 23:14:00
9e5364dc-7a1a-fd67-67e5-6f19844e2e8b,ddf7d263-6806-5678-ad47-8200ae991937,Linux,beginner,"{""project"",""internship"",""coursework""}",Applied in project work.,2026-07-10 23:14:00
27e78bba-a4d3-7418-581e-60eff8ef6c71,ddf7d263-6806-5678-ad47-8200ae991937,Problem Solving,intermediate,"{""coursework""}",,2026-07-10 23:14:00
7c39115f-ed13-bac8-dd8b-6c6960c336eb,ddf7d263-6806-5678-ad47-8200ae991937,Python,intermediate,"{""internship""}",Used during internship.,2026-07-10 23:14:00
2ce62f9f-7b67-caba-8675-ec71deeb9601,ddf7d263-6806-5678-ad47-8200ae991937,SQL,intermediate,"{""project""}",Applied in project work.,2026-07-10 23:14:00
1558cc6d-7120-3b7a-1dcc-cf247a71ce7b,1e9d8b00-ca0d-e08e-ba90-2275c72bf2e8,Excel,intermediate,"{""coursework""}",,2026-07-03 02:53:00
91bf903d-4cca-3dda-7cbb-26279929c7c7,1e9d8b00-ca0d-e08e-ba90-2275c72bf2e8,Java,advanced,"{""project"",""coursework""}",Applied in project work.,2026-07-03 02:53:00
1c8cd498-e7ad-595b-dc73-9cbc6e047758,1e9d8b00-ca0d-e08e-ba90-2275c72bf2e8,Linux,advanced,"{""project"",""coursework""}",Applied in project work.,2026-07-03 02:53:00
9d4a305f-a28a-f08d-ce46-abf396c49c44,1e9d8b00-ca0d-e08e-ba90-2275c72bf2e8,Python,beginner,"{""coursework""}",,2026-07-03 02:53:00
c12adc55-4072-8ad4-0020-72c6fe034a0e,1e9d8b00-ca0d-e08e-ba90-2275c72bf2e8,R,intermediate,"{""coursework""}",,2026-07-03 02:53:00
83a2a06f-7bb8-373c-81dd-f3ea5421b62c,1e9d8b00-ca0d-e08e-ba90-2275c72bf2e8,Research Skills,intermediate,"{""project"",""internship"",""coursework""}",Applied in project work.,2026-07-03 02:53:00
de04d086-43a2-9acd-4cb5-0736a5310be0,1e9d8b00-ca0d-e08e-ba90-2275c72bf2e8,SQL,advanced,"{""project"",""internship"",""coursework""}",Applied in project work.,2026-07-03 02:53:00
70a6b5fc-a03c-67ff-4f0d-c7bc80c8b083,1e9d8b00-ca0d-e08e-ba90-2275c72bf2e8,Time Management,intermediate,"{""internship""}",Used during internship.,2026-07-03 02:53:00
74f6b97e-f998-aaa1-23d2-789dce2cc739,4dfcf384-ac48-2af2-6e98-8798c2ac0d6d,AWS,intermediate,"{""coursework""}",,2026-09-07 15:14:00
33c43cd1-b44f-8e12-d18b-621e04fc9dd0,4dfcf384-ac48-2af2-6e98-8798c2ac0d6d,Azure,intermediate,"{""project""}",Applied in project work.,2026-09-07 15:14:00
6d70881b-5264-7c6f-060f-d3b65f9c11f0,4dfcf384-ac48-2af2-6e98-8798c2ac0d6d,Cloud Computing,intermediate,"{""project"",""coursework""}",Applied in project work.,2026-09-07 15:14:00
bd303739-8f5a-5787-8edd-8e22536019db,4dfcf384-ac48-2af2-6e98-8798c2ac0d6d,Docker,beginner,"{""coursework""}",,2026-09-07 15:14:00
130da476-1b59-82d2-4622-70cbdb3d419b,4dfcf384-ac48-2af2-6e98-8798c2ac0d6d,Linux,intermediate,"{""project"",""coursework""}",Applied in project work.,2026-09-07 15:14:00
f105c2d8-7acc-7c3b-b90c-a4475352db34,4dfcf384-ac48-2af2-6e98-8798c2ac0d6d,Problem Solving,advanced,"{""project"",""coursework""}",Applied in project work.,2026-09-07 15:14:00
63db2b6d-a8cf-a238-c7fe-8dee0bc6a71b,4dfcf384-ac48-2af2-6e98-8798c2ac0d6d,Research Skills,beginner,"{""coursework""}",,2026-09-07 15:14:00
3ff5ea79-7cae-bdfe-b4dc-70c6e8acd757,4dfcf384-ac48-2af2-6e98-8798c2ac0d6d,SQL,intermediate,"{""project""}",Applied in project work.,2026-09-07 15:14:00
57baa888-a3be-b445-0e5d-862619f7f775,4dfcf384-ac48-2af2-6e98-8798c2ac0d6d,Teamwork,intermediate,"{""project"",""coursework""}",Applied in project work.,2026-09-07 15:14:00
46e09e7d-d158-7136-6e52-8655af178dbb,d30606ae-69ed-5072-bb81-c774c67651b3,Azure,advanced,"{""certification""}",,2026-08-09 04:35:00
bd2af2c4-fe8d-b353-e16b-1b8ce3acd21a,d30606ae-69ed-5072-bb81-c774c67651b3,C++,advanced,"{""project"",""coursework""}",Applied in project work.,2026-08-09 04:35:00
87184322-743c-6de6-56fd-c5049341dd73,d30606ae-69ed-5072-bb81-c774c67651b3,Cloud Computing,intermediate,"{""certification"",""coursework""}",,2026-08-09 04:35:00
6eb194b8-f2d1-235d-d1f9-2f96bd4d28c8,d30606ae-69ed-5072-bb81-c774c67651b3,Docker,advanced,"{""project""}",Applied in project work.,2026-08-09 04:35:00
04d4c5db-63d3-997f-d406-66259faa2180,d30606ae-69ed-5072-bb81-c774c67651b3,Git,intermediate,"{""project""}",Applied in project work.,2026-08-09 04:35:00
42442fce-2686-d5c6-6d59-ade75287c72e,d30606ae-69ed-5072-bb81-c774c67651b3,Java,advanced,"{""project"",""coursework""}",Applied in project work.,2026-08-09 04:35:00
aa57c6e4-a753-297e-752f-524f8849066e,d30606ae-69ed-5072-bb81-c774c67651b3,Leadership,beginner,"{""coursework""}",,2026-08-09 04:35:00
5aca08f9-ece4-2aa5-930e-6549d24f7225,d30606ae-69ed-5072-bb81-c774c67651b3,Machine Learning,intermediate,"{""certification"",""internship"",""coursework""}",Used during internship.,2026-08-09 04:35:00
34c5dd5b-25f5-ed6f-c5e2-cdcc30584d20,d30606ae-69ed-5072-bb81-c774c67651b3,Node.js,intermediate,"{""project""}",Applied in project work.,2026-08-09 04:35:00
9a178669-888e-58e7-06b6-a5f419d45a55,d30606ae-69ed-5072-bb81-c774c67651b3,Power BI,intermediate,"{""internship"",""coursework""}",Used during internship.,2026-08-09 04:35:00
53d47caf-11bb-797a-f464-a31f5938949e,d30606ae-69ed-5072-bb81-c774c67651b3,Problem Solving,intermediate,"{""coursework""}",,2026-08-09 04:35:00
35746477-a87d-a2af-3ae8-160aedafea54,d30606ae-69ed-5072-bb81-c774c67651b3,Python,advanced,"{""certification""}",,2026-08-09 04:35:00
379cc41a-eb7d-2448-efb1-81493ba4807e,d30606ae-69ed-5072-bb81-c774c67651b3,React,advanced,"{""coursework""}",,2026-08-09 04:35:00
e61cf9a3-e0ac-db75-2326-e3d006fce65a,d30606ae-69ed-5072-bb81-c774c67651b3,SQL,advanced,"{""project""}",Applied in project work.,2026-08-09 04:35:00
be7301e9-de16-a0ea-71a6-de4806822e13,d30606ae-69ed-5072-bb81-c774c67651b3,Time Management,advanced,"{""internship""}",Used during internship.,2026-08-09 04:35:00
6a35567d-9e18-1620-5f27-fee14b079752,e9ccedab-81b7-4f35-2cd3-248df8205c5f,Communication,intermediate,"{""internship""}",Used during internship.,2026-07-17 01:41:00
efb0ce3b-2cb5-0ab9-2c23-b7796b5341c0,e9ccedab-81b7-4f35-2cd3-248df8205c5f,Flask,advanced,"{""project""}",Applied in project work.,2026-07-17 01:41:00
e10b3781-5d75-18d4-2e7e-4cefab2dd056,e9ccedab-81b7-4f35-2cd3-248df8205c5f,Problem Solving,intermediate,"{""coursework""}",,2026-07-17 01:41:00
7f5fca4f-07ac-c717-2991-52e6c95bc917,e9ccedab-81b7-4f35-2cd3-248df8205c5f,Python,intermediate,"{""project"",""internship""}",Applied in project work.,2026-07-17 01:41:00
5231d2a5-9f35-ba40-43e2-ecafd767a0d7,e9ccedab-81b7-4f35-2cd3-248df8205c5f,R,beginner,"{""coursework""}",,2026-07-17 01:41:00
e389bcaf-074b-927e-54e2-8fa6069ccc0a,e9ccedab-81b7-4f35-2cd3-248df8205c5f,SQL,intermediate,"{""project"",""internship"",""coursework""}",Applied in project work.,2026-07-17 01:41:00
60857b5f-8a1b-0744-0be7-6352685c0862,e9ccedab-81b7-4f35-2cd3-248df8205c5f,Teamwork,beginner,"{""coursework""}",,2026-07-17 01:41:00
a1c2e70c-6291-53bf-ccbd-d15ee7f0916e,6a4279c3-fbbe-0e9d-76e5-1a1279c6c757,AWS,intermediate,"{""project""}",Applied in project work.,2026-09-08 00:01:00
03aa96d2-2ea2-daec-fac2-84dd32a95261,6a4279c3-fbbe-0e9d-76e5-1a1279c6c757,Azure,intermediate,"{""project"",""coursework""}",Applied in project work.,2026-09-08 00:01:00
02ff9754-5291-7b6d-6592-4c9f29714f1f,6a4279c3-fbbe-0e9d-76e5-1a1279c6c757,Cloud Computing,advanced,"{""project"",""coursework""}",Applied in project work.,2026-09-08 00:01:00
30104525-5809-f249-db90-f2327bdd41b3,6a4279c3-fbbe-0e9d-76e5-1a1279c6c757,Communication,intermediate,"{""coursework""}",,2026-09-08 00:01:00
74047ec7-36ff-812d-fe21-81fd73bd185b,6a4279c3-fbbe-0e9d-76e5-1a1279c6c757,Docker,intermediate,"{""coursework""}",,2026-09-08 00:01:00
beb5ba0f-1e29-64f1-709a-dc958bbec119,6a4279c3-fbbe-0e9d-76e5-1a1279c6c757,Git,beginner,"{""coursework""}",,2026-09-08 00:01:00
2fb2a0d7-e47c-a3af-ff26-cb585656511d,6a4279c3-fbbe-0e9d-76e5-1a1279c6c757,Problem Solving,intermediate,"{""coursework""}",,2026-09-08 00:01:00
c5a24d77-7cc3-4e98-df39-7fa5ce96cc5e,6a4279c3-fbbe-0e9d-76e5-1a1279c6c757,Python,beginner,"{""project"",""coursework""}",Applied in project work.,2026-09-08 00:01:00
434b033d-84e1-f69e-c365-9e5157a5e3b2,6a4279c3-fbbe-0e9d-76e5-1a1279c6c757,SQL,intermediate,"{""project""}",Applied in project work.,2026-09-08 00:01:00
068187e9-a46d-4b51-6d30-0e335d8c4fea,6a4279c3-fbbe-0e9d-76e5-1a1279c6c757,Teamwork,beginner,"{""coursework""}",,2026-09-08 00:01:00
1eca85b3-1c73-78e6-d47f-fd35751a5b9a,6a4279c3-fbbe-0e9d-76e5-1a1279c6c757,Time Management,intermediate,"{""coursework""}",,2026-09-08 00:01:00
7b1e5e13-24cf-8629-23ea-ea4f690e5ee8,65c65e05-2ebf-af4c-8135-92e7f8c00141,Communication,intermediate,"{""coursework""}",,2026-07-20 08:13:00
f9f8f5f4-ce96-c887-f8db-37f6c3bc5ca7,65c65e05-2ebf-af4c-8135-92e7f8c00141,Data Visualisation,intermediate,"{""coursework""}",,2026-07-20 08:13:00
976710d7-6418-8dde-6b44-312aa565cd41,65c65e05-2ebf-af4c-8135-92e7f8c00141,Docker,intermediate,"{""coursework""}",,2026-07-20 08:13:00
39ef20ea-120e-5c83-59b4-4b98d5969658,65c65e05-2ebf-af4c-8135-92e7f8c00141,Flask,advanced,"{""project"",""coursework""}",Applied in project work.,2026-07-20 08:13:00
95ff7d9d-bd5a-0760-b9d9-c1dc1f9bd2b4,65c65e05-2ebf-af4c-8135-92e7f8c00141,JavaScript,intermediate,"{""project""}",Applied in project work.,2026-07-20 08:13:00
2474e10f-7181-70c2-34b1-58aa26df6494,65c65e05-2ebf-af4c-8135-92e7f8c00141,Linux,advanced,"{""project""}",Applied in project work.,2026-07-20 08:13:00
8634a7cd-4fa8-3870-8547-5ee11e06d96a,65c65e05-2ebf-af4c-8135-92e7f8c00141,Problem Solving,intermediate,"{""coursework""}",,2026-07-20 08:13:00
3b7039b0-789a-9f00-9933-ca27a0e85f89,65c65e05-2ebf-af4c-8135-92e7f8c00141,Research Skills,intermediate,"{""project"",""coursework""}",Applied in project work.,2026-07-20 08:13:00
275759a0-7451-6c96-9c2b-4ca9be2f7685,65c65e05-2ebf-af4c-8135-92e7f8c00141,SQL,intermediate,"{""project""}",Applied in project work.,2026-07-20 08:13:00
b8525de3-e916-ee82-c116-8b7efa9f4841,65c65e05-2ebf-af4c-8135-92e7f8c00141,Teamwork,intermediate,"{""project"",""coursework""}",Applied in project work.,2026-07-20 08:13:00
d02b4c3a-6610-ba20-f0b0-c031098aef72,7cbff645-cb61-716c-dd91-cf6bb1020282,Communication,intermediate,"{""coursework""}",,2026-09-17 05:26:00
91225311-374e-5dff-0690-6169e8780458,7cbff645-cb61-716c-dd91-cf6bb1020282,Docker,intermediate,"{""project""}",Applied in project work.,2026-09-17 05:26:00
194b3b6e-5436-deb3-f229-c37ba169d799,7cbff645-cb61-716c-dd91-cf6bb1020282,Excel,intermediate,"{""certification"",""coursework""}",,2026-09-17 05:26:00
40e64eed-e414-f2c5-d974-3ff074e5418d,7cbff645-cb61-716c-dd91-cf6bb1020282,Flask,intermediate,"{""coursework""}",,2026-09-17 05:26:00
f93c8285-5a35-7945-5813-a496aed9dac5,7cbff645-cb61-716c-dd91-cf6bb1020282,Java,intermediate,"{""coursework""}",,2026-09-17 05:26:00
fdb09520-b2f8-81eb-754c-e51153133ea1,7cbff645-cb61-716c-dd91-cf6bb1020282,JavaScript,intermediate,"{""coursework""}",,2026-09-17 05:26:00
3599fe91-291c-9094-cb2c-0efbc4c3b30d,7cbff645-cb61-716c-dd91-cf6bb1020282,Node.js,advanced,"{""project""}",Applied in project work.,2026-09-17 05:26:00
5939dc71-c0d9-863f-66bc-f6f0bd9ed3fc,7cbff645-cb61-716c-dd91-cf6bb1020282,Problem Solving,advanced,"{""internship""}",Used during internship.,2026-09-17 05:26:00
db4d2d18-7ff5-475c-d83f-8f4f2c0bfe69,7cbff645-cb61-716c-dd91-cf6bb1020282,Python,intermediate,"{""certification""}",,2026-09-17 05:26:00
3a42168f-f745-75cd-d613-8a1ece1eaeb5,7cbff645-cb61-716c-dd91-cf6bb1020282,R,intermediate,"{""internship"",""coursework""}",Used during internship.,2026-09-17 05:26:00
b8d11a8f-ea07-2198-19ee-ad264e4b36aa,7cbff645-cb61-716c-dd91-cf6bb1020282,SQL,advanced,"{""project"",""coursework""}",Applied in project work.,2026-09-17 05:26:00
61f863f4-c1ae-35bb-2faa-49dda3b4a240,7cbff645-cb61-716c-dd91-cf6bb1020282,Time Management,intermediate,"{""internship"",""coursework""}",Used during internship.,2026-09-17 05:26:00
698e0981-3136-9512-916e-1089ff9558a3,0413d049-52a0-628b-2b25-a58af5953b2e,Communication,beginner,"{""internship"",""coursework""}",Used during internship.,2026-09-04 08:54:00
a093ca68-664d-49fa-94b5-933984c11826,0413d049-52a0-628b-2b25-a58af5953b2e,Data Visualisation,intermediate,"{""internship"",""coursework""}",Used during internship.,2026-09-04 08:54:00
fb5edc15-cbfa-e8d6-b4ed-4d1d42f1287b,0413d049-52a0-628b-2b25-a58af5953b2e,Docker,intermediate,"{""project""}",Applied in project work.,2026-09-04 08:54:00
5ec74b9e-6e6a-a3ec-4378-7e6bcd3ddee3,0413d049-52a0-628b-2b25-a58af5953b2e,Node.js,beginner,"{""project"",""coursework""}",Applied in project work.,2026-09-04 08:54:00
f545752a-13b8-ec30-5b69-36978a55a14b,0413d049-52a0-628b-2b25-a58af5953b2e,Python,intermediate,"{""certification"",""internship"",""coursework""}",Used during internship.,2026-09-04 08:54:00
fc7b427f-d3d3-9ff9-dc25-55f152587a1a,0413d049-52a0-628b-2b25-a58af5953b2e,SQL,intermediate,"{""project""}",Applied in project work.,2026-09-04 08:54:00
c8c28cfe-eadf-eef6-fb23-89d318bc2e3b,0413d049-52a0-628b-2b25-a58af5953b2e,Teamwork,intermediate,"{""coursework""}",,2026-09-04 08:54:00
3fb15376-31d2-8c69-bb88-cfe72944e059,771d030f-3955-b110-fc2e-0301d232231d,C++,advanced,"{""project"",""coursework""}",Applied in project work.,2026-09-18 23:56:00
2de94792-fd55-c844-c242-17c5c61371c1,771d030f-3955-b110-fc2e-0301d232231d,Communication,intermediate,"{""coursework""}",,2026-09-18 23:56:00
16cfa211-54f0-327b-1e97-8ef7ba89eda3,771d030f-3955-b110-fc2e-0301d232231d,Git,advanced,"{""project""}",Applied in project work.,2026-09-18 23:56:00
f2f39f61-b370-0e92-92f1-da69674f6635,771d030f-3955-b110-fc2e-0301d232231d,Java,intermediate,"{""coursework""}",,2026-09-18 23:56:00
57e23419-d8e6-6501-2375-5bc87972c629,771d030f-3955-b110-fc2e-0301d232231d,Linux,intermediate,"{""coursework""}",,2026-09-18 23:56:00
b50f2f5c-2d6a-cdd4-5aeb-90f64faa8036,771d030f-3955-b110-fc2e-0301d232231d,Machine Learning,intermediate,"{""project"",""coursework""}",Applied in project work.,2026-09-18 23:56:00
3a0517b2-335a-ffe5-66c3-f83242b07e31,771d030f-3955-b110-fc2e-0301d232231d,Problem Solving,intermediate,"{""coursework""}",,2026-09-18 23:56:00
56f7e6bb-14e1-aabd-a20c-c4baa5b08e26,771d030f-3955-b110-fc2e-0301d232231d,Python,intermediate,"{""project"",""coursework""}",Applied in project work.,2026-09-18 23:56:00
fb6503ea-0f97-3342-9b2d-43a3e119e331,771d030f-3955-b110-fc2e-0301d232231d,SQL,intermediate,"{""coursework""}",,2026-09-18 23:56:00
30370fff-7da2-fb48-d14d-4890f5dbed2c,dbfeed4a-5ff5-40ca-9038-ab45916d9a42,Java,intermediate,"{""project"",""coursework""}",Applied in project work.,2026-09-19 02:00:00
eaa6fc45-0f01-fe85-5bba-f3ac0aa5aaf2,dbfeed4a-5ff5-40ca-9038-ab45916d9a42,JavaScript,intermediate,"{""coursework""}",,2026-09-19 02:00:00
d6ccc7cd-c12e-3882-b527-ba0aa8df7aa5,dbfeed4a-5ff5-40ca-9038-ab45916d9a42,Problem Solving,beginner,"{""coursework""}",,2026-09-19 02:00:00
a9dbf628-1748-ba01-8514-7bc9d907ba3f,dbfeed4a-5ff5-40ca-9038-ab45916d9a42,Python,intermediate,"{""certification""}",,2026-09-19 02:00:00
64e94d6a-858c-5992-882c-4812b3c3c428,dbfeed4a-5ff5-40ca-9038-ab45916d9a42,SQL,advanced,"{""project""}",Applied in project work.,2026-09-19 02:00:00
520041ca-4855-f44a-3370-4903a4a8a844,dbfeed4a-5ff5-40ca-9038-ab45916d9a42,Time Management,beginner,"{""coursework""}",,2026-09-19 02:00:00
3a769378-d39a-3c87-63d1-8504fcb1a281,524ec63c-1ab4-9e05-7dc1-dda00619feb0,Azure,advanced,"{""coursework""}",,2026-08-07 08:20:00
9f2be8ba-3f05-344c-9947-c98a24447277,524ec63c-1ab4-9e05-7dc1-dda00619feb0,Docker,intermediate,"{""project"",""internship"",""coursework""}",Applied in project work.,2026-08-07 08:20:00
ae2e69e2-6c3f-4800-ec13-d7c3e1c72223,524ec63c-1ab4-9e05-7dc1-dda00619feb0,Excel,intermediate,"{""project"",""internship""}",Applied in project work.,2026-08-07 08:20:00
a7410d2c-e0f1-3db6-f0b5-b7b33472c59e,524ec63c-1ab4-9e05-7dc1-dda00619feb0,Git,advanced,"{""project""}",Applied in project work.,2026-08-07 08:20:00
029e435d-b0b6-45da-68c1-8df945ca17af,524ec63c-1ab4-9e05-7dc1-dda00619feb0,Linux,intermediate,"{""project""}",Applied in project work.,2026-08-07 08:20:00
c77b4fff-d114-dda1-3082-d7e6e6ace778,524ec63c-1ab4-9e05-7dc1-dda00619feb0,Python,intermediate,"{""internship"",""coursework""}",Used during internship.,2026-08-07 08:20:00
b149324b-a064-bc2a-02ab-856599a2186f,524ec63c-1ab4-9e05-7dc1-dda00619feb0,SQL,intermediate,"{""project"",""coursework""}",Applied in project work.,2026-08-07 08:20:00
df0ff647-067a-b1d7-7059-e387b89f52d2,8974e16a-2ef0-963c-1106-2a357d10bf9f,Communication,intermediate,"{""coursework""}",,2026-08-07 03:18:00
24b37794-293d-b7fa-8e8d-ed4549adb07b,8974e16a-2ef0-963c-1106-2a357d10bf9f,FastAPI,intermediate,"{""project"",""coursework""}",Applied in project work.,2026-08-07 03:18:00
af4c9dfc-1c82-780f-0e84-c070514b30a9,8974e16a-2ef0-963c-1106-2a357d10bf9f,Flask,beginner,"{""coursework""}",,2026-08-07 03:18:00
eecc0487-b95d-43d6-2b7f-90a5b87189e1,8974e16a-2ef0-963c-1106-2a357d10bf9f,Git,intermediate,"{""project"",""coursework""}",Applied in project work.,2026-08-07 03:18:00
1a9226d6-e6c9-fd54-24bb-879609d68cdc,8974e16a-2ef0-963c-1106-2a357d10bf9f,Java,intermediate,"{""certification"",""coursework""}",,2026-08-07 03:18:00
c4c93949-6334-fca6-d04f-0a710ef473a2,8974e16a-2ef0-963c-1106-2a357d10bf9f,JavaScript,intermediate,"{""project""}",Applied in project work.,2026-08-07 03:18:00
a0d763f0-c31d-fb91-397a-0433db648ca7,8974e16a-2ef0-963c-1106-2a357d10bf9f,Leadership,intermediate,"{""coursework""}",,2026-08-07 03:18:00
efed0e52-79f7-3374-e92a-f09bd2f18f28,8974e16a-2ef0-963c-1106-2a357d10bf9f,Linux,intermediate,"{""coursework""}",,2026-08-07 03:18:00
9db564b5-af84-22cc-484f-da2862d47bff,8974e16a-2ef0-963c-1106-2a357d10bf9f,Python,intermediate,"{""project""}",Applied in project work.,2026-08-07 03:18:00
585b8128-4002-c5eb-9cd3-e9317d957e47,8974e16a-2ef0-963c-1106-2a357d10bf9f,React,intermediate,"{""project"",""coursework""}",Applied in project work.,2026-08-07 03:18:00
eb5f8944-7aa8-3419-7479-d994a2fe9cb4,8974e16a-2ef0-963c-1106-2a357d10bf9f,SQL,intermediate,"{""project""}",Applied in project work.,2026-08-07 03:18:00
8af6d268-1bd0-7f9b-7861-2769242e4cff,e1c6a7c2-41d8-93a5-ffc7-aba263719357,Communication,beginner,"{""coursework""}",,2026-08-08 13:54:00
69808e3c-9fa3-fe4b-debf-96d3c64ab8bf,e1c6a7c2-41d8-93a5-ffc7-aba263719357,Java,beginner,"{""coursework""}",,2026-08-08 13:54:00
e3d21a33-8d3b-c1df-5672-67353798fc80,e1c6a7c2-41d8-93a5-ffc7-aba263719357,JavaScript,intermediate,"{""coursework""}",,2026-08-08 13:54:00
061a1396-7167-28ee-f175-82082e292386,e1c6a7c2-41d8-93a5-ffc7-aba263719357,Leadership,beginner,"{""coursework""}",,2026-08-08 13:54:00
2c1e86bb-aac0-16bd-9140-a95d62cef959,e1c6a7c2-41d8-93a5-ffc7-aba263719357,Python,intermediate,"{""coursework""}",,2026-08-08 13:54:00
9337bb34-66e1-608e-a428-2ec427e6287b,e1c6a7c2-41d8-93a5-ffc7-aba263719357,SQL,beginner,"{""coursework""}",,2026-08-08 13:54:00
510588a9-694a-48b3-2693-2d9532a3a8fb,e1c6a7c2-41d8-93a5-ffc7-aba263719357,Tableau,beginner,"{""coursework""}",,2026-08-08 13:54:00
9c406cbe-50f3-70af-7c97-6337ee668fd2,e1c6a7c2-41d8-93a5-ffc7-aba263719357,Teamwork,intermediate,"{""coursework""}",,2026-08-08 13:54:00
a0ca381c-bc3d-c68a-87d4-9f499cc15301,e1c6a7c2-41d8-93a5-ffc7-aba263719357,Time Management,beginner,"{""coursework""}",,2026-08-08 13:54:00
0d5098fc-2ab8-c610-e7e3-99b8518da488,ee7ae3bb-5034-0715-1706-c3cdda440dee,Communication,intermediate,"{""coursework""}",,2026-07-26 14:08:00
0a5b4eb2-5667-9189-6ed5-ca30ff03f1a9,ee7ae3bb-5034-0715-1706-c3cdda440dee,Data Analysis,advanced,"{""certification""}",,2026-07-26 14:08:00
75453946-a81d-0ecf-c27f-f69efebea834,ee7ae3bb-5034-0715-1706-c3cdda440dee,Data Visualisation,advanced,"{""project"",""coursework""}",Applied in project work.,2026-07-26 14:08:00
9fc9953a-ed32-1036-fa6e-8103df3e03c2,ee7ae3bb-5034-0715-1706-c3cdda440dee,Docker,advanced,"{""project""}",Applied in project work.,2026-07-26 14:08:00
6173a99e-4d7e-6eeb-04eb-169492dae5a7,ee7ae3bb-5034-0715-1706-c3cdda440dee,Excel,advanced,"{""project"",""coursework""}",Applied in project work.,2026-07-26 14:08:00
b265293e-4531-4fd0-ac01-e53db1fe69b8,ee7ae3bb-5034-0715-1706-c3cdda440dee,Git,intermediate,"{""coursework""}",,2026-07-26 14:08:00
da8746db-8338-b815-cd9a-fa655de63467,ee7ae3bb-5034-0715-1706-c3cdda440dee,Java,advanced,"{""project"",""coursework""}",Applied in project work.,2026-07-26 14:08:00
b8180f1c-58a3-2011-f162-4df921e10ae8,ee7ae3bb-5034-0715-1706-c3cdda440dee,JavaScript,intermediate,"{""coursework""}",,2026-07-26 14:08:00
4444a6bd-4819-a23a-7d23-fd9a31621e95,ee7ae3bb-5034-0715-1706-c3cdda440dee,Linux,advanced,"{""project"",""certification"",""coursework""}",Applied in project work.,2026-07-26 14:08:00
5190ae93-e9d0-c2ec-aa8d-904cce339ee0,ee7ae3bb-5034-0715-1706-c3cdda440dee,Node.js,intermediate,"{""project"",""coursework""}",Applied in project work.,2026-07-26 14:08:00
cf8da52b-05e3-d107-1d0f-fe16e554674f,ee7ae3bb-5034-0715-1706-c3cdda440dee,Problem Solving,advanced,"{""certification""}",,2026-07-26 14:08:00
276cf202-10a1-2a0b-5f96-600d2d56e616,ee7ae3bb-5034-0715-1706-c3cdda440dee,Python,advanced,"{""project"",""coursework""}",Applied in project work.,2026-07-26 14:08:00
dd1ad072-165e-ffd1-c764-76513ca872f2,ee7ae3bb-5034-0715-1706-c3cdda440dee,R,advanced,"{""certification""}",,2026-07-26 14:08:00
9e11e71c-e8ae-6b4b-dec2-c77557549c43,ee7ae3bb-5034-0715-1706-c3cdda440dee,SQL,advanced,"{""project"",""certification"",""coursework""}",Applied in project work.,2026-07-26 14:08:00
df10c0ab-f734-7784-a049-d164952f6d11,ee7ae3bb-5034-0715-1706-c3cdda440dee,Statistical Analysis,intermediate,"{""coursework""}",,2026-07-26 14:08:00
1f39f9f9-9cd1-126b-1b17-dab8aa3961be,ee7ae3bb-5034-0715-1706-c3cdda440dee,Tableau,advanced,"{""certification""}",,2026-07-26 14:08:00
b752f753-e60d-400f-c3b1-ef08ac8d8f32,3baada26-af83-8c06-caa5-d22a6ed7149f,AWS,advanced,"{""project"",""coursework""}",Applied in project work.,2026-08-12 06:20:00
16965a15-acac-1b18-be88-64abfa27a8f8,3baada26-af83-8c06-caa5-d22a6ed7149f,Azure,intermediate,"{""project"",""coursework""}",Applied in project work.,2026-08-12 06:20:00
ad9e392f-9b02-7f54-ae5b-4ff8b2b51b60,3baada26-af83-8c06-caa5-d22a6ed7149f,Cloud Computing,advanced,"{""project"",""coursework""}",Applied in project work.,2026-08-12 06:20:00
d6f83aa7-ba26-6e87-432f-174f91b72a5c,3baada26-af83-8c06-caa5-d22a6ed7149f,Data Analysis,intermediate,"{""certification""}",,2026-08-12 06:20:00
c36f0008-4cdc-ffaf-7fec-01d85ed560c3,3baada26-af83-8c06-caa5-d22a6ed7149f,Docker,intermediate,"{""project"",""coursework""}",Applied in project work.,2026-08-12 06:20:00
30b6857a-beb6-4fd8-ffc4-d95b8bc135a9,3baada26-af83-8c06-caa5-d22a6ed7149f,Git,advanced,"{""project"",""coursework""}",Applied in project work.,2026-08-12 06:20:00
762e0da3-e146-04df-7706-9f9468e438e0,3baada26-af83-8c06-caa5-d22a6ed7149f,Linux,advanced,"{""project"",""coursework""}",Applied in project work.,2026-08-12 06:20:00
f8e7158b-f1f9-7ce9-d8b3-04a4cbd725f2,3baada26-af83-8c06-caa5-d22a6ed7149f,Problem Solving,advanced,"{""coursework""}",,2026-08-12 06:20:00
c0242e61-bce4-570b-245f-8b4a27165ab6,3baada26-af83-8c06-caa5-d22a6ed7149f,Python,advanced,"{""project"",""coursework""}",Applied in project work.,2026-08-12 06:20:00
23b1d124-df94-a2f8-0644-4f36f31b3888,3baada26-af83-8c06-caa5-d22a6ed7149f,R,intermediate,"{""certification"",""coursework""}",,2026-08-12 06:20:00
03923cfa-5d9f-2c8c-6640-464a263e0670,3baada26-af83-8c06-caa5-d22a6ed7149f,SQL,intermediate,"{""project"",""certification""}",Applied in project work.,2026-08-12 06:20:00
2c3b4e9c-e7c5-d314-a969-e4fcd14170c1,3baada26-af83-8c06-caa5-d22a6ed7149f,Tableau,advanced,"{""certification"",""coursework""}",,2026-08-12 06:20:00
265fd5c1-78e7-e190-642b-b07d043217e4,3baada26-af83-8c06-caa5-d22a6ed7149f,Teamwork,advanced,"{""coursework""}",,2026-08-12 06:20:00
79e76f99-f8f7-9639-e6de-fc16ea6dccb6,b9465130-9b58-e20a-7c8d-8aef30a04e0b,Communication,beginner,"{""coursework""}",,2026-09-02 07:43:00
cb37a85d-93c4-ad32-573b-df7a8e14338e,b9465130-9b58-e20a-7c8d-8aef30a04e0b,Java,beginner,"{""coursework""}",,2026-09-02 07:43:00
92809c97-a1f7-6e1c-c816-9e325263a195,b9465130-9b58-e20a-7c8d-8aef30a04e0b,JavaScript,beginner,"{""certification"",""coursework""}",,2026-09-02 07:43:00
9c00cb52-97c4-0530-b546-5c933a9af0b6,b9465130-9b58-e20a-7c8d-8aef30a04e0b,Linux,beginner,"{""coursework""}",,2026-09-02 07:43:00
503eeaf2-04f7-3882-e3fb-8c1d7841b3dd,b9465130-9b58-e20a-7c8d-8aef30a04e0b,React,intermediate,"{""certification"",""coursework""}",,2026-09-02 07:43:00
25fa9f8d-c00c-9ab9-6257-37cf18781ae5,b9465130-9b58-e20a-7c8d-8aef30a04e0b,Teamwork,beginner,"{""coursework""}",,2026-09-02 07:43:00
f2780c3b-e412-b716-e682-9d8f9a43fa95,b9465130-9b58-e20a-7c8d-8aef30a04e0b,Time Management,beginner,"{""coursework""}",,2026-09-02 07:43:00
2449ea0f-5e6b-1e56-7a23-53358d759038,392c5f42-3f20-3c22-7947-7aa80f1c0455,AWS,advanced,"{""coursework""}",,2026-09-10 13:59:00
0684e438-8cd5-219a-6001-e75db872c503,392c5f42-3f20-3c22-7947-7aa80f1c0455,Cloud Computing,advanced,"{""coursework""}",,2026-09-10 13:59:00
c2b2315d-d608-e6ac-9cf2-f216539cbe4f,392c5f42-3f20-3c22-7947-7aa80f1c0455,Docker,intermediate,"{""certification"",""internship""}",Used during internship.,2026-09-10 13:59:00
c1a96b3b-90cc-44af-52f2-978f486cb80b,392c5f42-3f20-3c22-7947-7aa80f1c0455,Leadership,beginner,"{""coursework""}",,2026-09-10 13:59:00
7f2632df-21c2-0510-b6b2-b13cb79f0581,392c5f42-3f20-3c22-7947-7aa80f1c0455,Linux,intermediate,"{""project""}",Applied in project work.,2026-09-10 13:59:00
1a2d4453-26cd-4979-23d1-3c7f11618b5e,392c5f42-3f20-3c22-7947-7aa80f1c0455,Machine Learning,intermediate,"{""project"",""internship"",""coursework""}",Applied in project work.,2026-09-10 13:59:00
5b69a9a8-f8e9-ed27-5c3d-bae4c1315e84,392c5f42-3f20-3c22-7947-7aa80f1c0455,Problem Solving,advanced,"{""project""}",Applied in project work.,2026-09-10 13:59:00
11cfc46b-c037-c059-57f4-680169a2e466,392c5f42-3f20-3c22-7947-7aa80f1c0455,Python,intermediate,"{""project"",""coursework""}",Applied in project work.,2026-09-10 13:59:00
b1d06d8a-655f-9c8c-ca2b-a8f5a44e3b1c,392c5f42-3f20-3c22-7947-7aa80f1c0455,Research Skills,beginner,"{""coursework""}",,2026-09-10 13:59:00
350ea2b2-d07a-2b58-16e7-bff3d2a60853,392c5f42-3f20-3c22-7947-7aa80f1c0455,Teamwork,intermediate,"{""project"",""internship"",""coursework""}",Applied in project work.,2026-09-10 13:59:00
cb8553f6-490c-3442-98c3-fa3d8f928bca,39bbab8a-b281-738e-d7c7-d8e6a495430e,C++,advanced,"{""project"",""coursework""}",Applied in project work.,2026-07-30 14:12:00
0011be30-e268-d92f-1b75-7ed19dca71ef,39bbab8a-b281-738e-d7c7-d8e6a495430e,Communication,advanced,"{""coursework""}",,2026-07-30 14:12:00
02dec88f-db6f-3ad4-0cce-a3259e88ebab,39bbab8a-b281-738e-d7c7-d8e6a495430e,Docker,advanced,"{""project""}",Applied in project work.,2026-07-30 14:12:00
f611c0ec-916f-b778-ba8f-3e6c61a4cd19,39bbab8a-b281-738e-d7c7-d8e6a495430e,FastAPI,advanced,"{""project""}",Applied in project work.,2026-07-30 14:12:00
a551524c-371e-7782-5e38-82740db4a7fa,39bbab8a-b281-738e-d7c7-d8e6a495430e,Flask,advanced,"{""project"",""coursework""}",Applied in project work.,2026-07-30 14:12:00
a7540837-6ae0-6e01-47ac-aec9137b41c2,39bbab8a-b281-738e-d7c7-d8e6a495430e,Git,intermediate,"{""project"",""internship"",""coursework""}",Applied in project work.,2026-07-30 14:12:00
1ebd55b6-e605-84a2-08f5-48e7c53bcc3a,39bbab8a-b281-738e-d7c7-d8e6a495430e,Java,advanced,"{""project"",""certification"",""coursework""}",Applied in project work.,2026-07-30 14:12:00
ea210067-ccf1-493a-fbb8-704ee32a2749,39bbab8a-b281-738e-d7c7-d8e6a495430e,JavaScript,advanced,"{""project"",""coursework""}",Applied in project work.,2026-07-30 14:12:00
f3d21fd2-be87-dbac-a2ff-6996eb5e371f,39bbab8a-b281-738e-d7c7-d8e6a495430e,Leadership,advanced,"{""coursework""}",,2026-07-30 14:12:00
1cd27c9f-03ac-0d1b-2cb1-5c0279fc3831,39bbab8a-b281-738e-d7c7-d8e6a495430e,Linux,advanced,"{""coursework""}",,2026-07-30 14:12:00
e2edbb63-deaa-acaa-748a-e89c3c1c09a3,39bbab8a-b281-738e-d7c7-d8e6a495430e,Machine Learning,advanced,"{""coursework""}",,2026-07-30 14:12:00
10335eb4-7acf-41f0-902f-e243b3efbaa9,39bbab8a-b281-738e-d7c7-d8e6a495430e,Node.js,advanced,"{""project""}",Applied in project work.,2026-07-30 14:12:00
65c51c9a-10ae-2dfc-3729-6854273e54e5,39bbab8a-b281-738e-d7c7-d8e6a495430e,Problem Solving,advanced,"{""internship""}",Used during internship.,2026-07-30 14:12:00
2cce4cce-6994-a2ca-7738-381cd498736f,39bbab8a-b281-738e-d7c7-d8e6a495430e,Python,advanced,"{""project"",""certification""}",Applied in project work.,2026-07-30 14:12:00
a8179850-0b45-cb04-e5bc-89c093a69684,39bbab8a-b281-738e-d7c7-d8e6a495430e,SQL,advanced,"{""project"",""internship""}",Applied in project work.,2026-07-30 14:12:00
33e40ea9-7aaa-f675-b807-eb464814e14e,39bbab8a-b281-738e-d7c7-d8e6a495430e,Teamwork,advanced,"{""project"",""coursework""}",Applied in project work.,2026-07-30 14:12:00
f6939800-459f-5497-abd6-8d74063fec11,39bbab8a-b281-738e-d7c7-d8e6a495430e,Time Management,intermediate,"{""coursework""}",,2026-07-30 14:12:00
1ca42a3c-e177-105f-6b42-03f7d2cd2f44,7d10257c-b3f4-5487-f3bf-de5f8f16fac0,Cloud Computing,intermediate,"{""coursework""}",,2026-08-16 12:01:00
ef3bbcb5-4135-24d3-0108-cc5d9351a5da,7d10257c-b3f4-5487-f3bf-de5f8f16fac0,Communication,intermediate,"{""coursework""}",,2026-08-16 12:01:00
3a0e681b-bd5d-b7a4-2a29-e752f139e895,7d10257c-b3f4-5487-f3bf-de5f8f16fac0,Data Analysis,advanced,"{""certification""}",,2026-08-16 12:01:00
cc027d43-d622-d179-bb5a-d45d535322bf,7d10257c-b3f4-5487-f3bf-de5f8f16fac0,Docker,advanced,"{""project""}",Applied in project work.,2026-08-16 12:01:00
a82a1132-85eb-4279-651c-21fdefda849e,7d10257c-b3f4-5487-f3bf-de5f8f16fac0,Git,intermediate,"{""project"",""coursework""}",Applied in project work.,2026-08-16 12:01:00
fcea545a-c066-98e4-b013-b8e468729600,7d10257c-b3f4-5487-f3bf-de5f8f16fac0,Linux,advanced,"{""project""}",Applied in project work.,2026-08-16 12:01:00
27dc0857-7422-acb0-a4d6-c76ca3f5cc8d,7d10257c-b3f4-5487-f3bf-de5f8f16fac0,Machine Learning,advanced,"{""project"",""coursework""}",Applied in project work.,2026-08-16 12:01:00
f822c3b6-cb28-f9c6-e4a7-ad110027112a,7d10257c-b3f4-5487-f3bf-de5f8f16fac0,Natural Language Processing,advanced,"{""project""}",Applied in project work.,2026-08-16 12:01:00
ea74bb87-24f4-7c35-7ec5-9e551b98d67e,7d10257c-b3f4-5487-f3bf-de5f8f16fac0,Node.js,intermediate,"{""coursework""}",,2026-08-16 12:01:00
35910434-d342-66c9-4d88-136e67f778de,7d10257c-b3f4-5487-f3bf-de5f8f16fac0,Problem Solving,advanced,"{""coursework""}",,2026-08-16 12:01:00
30e5ce91-d082-b3b4-f398-d16e18b9f0a2,7d10257c-b3f4-5487-f3bf-de5f8f16fac0,Python,advanced,"{""project""}",Applied in project work.,2026-08-16 12:01:00
ae34097a-c6ac-61e7-d3e1-4d832f8af5db,7d10257c-b3f4-5487-f3bf-de5f8f16fac0,R,advanced,"{""certification"",""coursework""}",,2026-08-16 12:01:00
1e73b307-f375-90d3-73dd-8d3140e10b51,7d10257c-b3f4-5487-f3bf-de5f8f16fac0,SQL,advanced,"{""certification"",""coursework""}",,2026-08-16 12:01:00
57d9f647-4cda-ebf4-98f9-bfb4b2a43bf4,7d10257c-b3f4-5487-f3bf-de5f8f16fac0,Tableau,intermediate,"{""certification"",""coursework""}",,2026-08-16 12:01:00
90a71d24-b277-2e31-4655-6f9a7692f681,7fffa983-0811-90e9-fa1d-8ded7dc807a2,Communication,beginner,"{""coursework""}",,2026-08-30 22:05:00
b96dc079-a759-08f0-8921-349feccb853b,7fffa983-0811-90e9-fa1d-8ded7dc807a2,Data Visualisation,intermediate,"{""project"",""coursework""}",Applied in project work.,2026-08-30 22:05:00
73a44f97-e6fa-a03b-2c85-ef207db8aa1c,7fffa983-0811-90e9-fa1d-8ded7dc807a2,JavaScript,intermediate,"{""project"",""coursework""}",Applied in project work.,2026-08-30 22:05:00
99e305e5-4a50-39e6-0a31-69f729a9bbf0,7fffa983-0811-90e9-fa1d-8ded7dc807a2,Leadership,beginner,"{""coursework""}",,2026-08-30 22:05:00
7b6deeca-32f9-bae0-13aa-84b0d65e2bcf,7fffa983-0811-90e9-fa1d-8ded7dc807a2,Teamwork,intermediate,"{""coursework""}",,2026-08-30 22:05:00
f88aa20e-111b-0acd-7a56-53b3435467e1,dd95b4d7-570e-dab2-3932-3a072ec3f8e0,Azure,intermediate,"{""certification"",""coursework""}",,2026-07-15 12:27:00
1da85583-69cb-2141-9505-d99e2f7d987d,dd95b4d7-570e-dab2-3932-3a072ec3f8e0,Cloud Computing,beginner,"{""certification""}",,2026-07-15 12:27:00
64058e04-b393-cb2d-bf23-f095221a5dd0,dd95b4d7-570e-dab2-3932-3a072ec3f8e0,Communication,beginner,"{""coursework""}",,2026-07-15 12:27:00
031d45fc-c9c0-1379-829c-34f70f5bc40c,dd95b4d7-570e-dab2-3932-3a072ec3f8e0,Leadership,beginner,"{""coursework""}",,2026-07-15 12:27:00
cfbbf4e3-e160-e35b-4da7-f63202447c10,dd95b4d7-570e-dab2-3932-3a072ec3f8e0,Problem Solving,beginner,"{""coursework""}",,2026-07-15 12:27:00
7afac8ce-dc4f-57fe-3e61-8f4bebb511e6,dd95b4d7-570e-dab2-3932-3a072ec3f8e0,Teamwork,beginner,"{""coursework""}",,2026-07-15 12:27:00
502426c6-3a53-de53-8375-e8f9982cd08d,1227b7ac-cdca-6bef-dbd3-4a948a996027,Communication,intermediate,"{""coursework""}",,2026-07-19 11:19:00
4e6ccc79-f8eb-51b8-5938-297130f6d8b6,1227b7ac-cdca-6bef-dbd3-4a948a996027,Data Visualisation,advanced,"{""project""}",Applied in project work.,2026-07-19 11:19:00
695aa2da-ad14-e5bf-8486-22e355c275e2,1227b7ac-cdca-6bef-dbd3-4a948a996027,Excel,advanced,"{""coursework""}",,2026-07-19 11:19:00
e3fb1c48-9cf1-16dc-c4b0-3ad13037e34d,1227b7ac-cdca-6bef-dbd3-4a948a996027,Flask,intermediate,"{""project"",""coursework""}",Applied in project work.,2026-07-19 11:19:00
4b861f69-b036-89a4-c518-c20bcd5fe3f4,1227b7ac-cdca-6bef-dbd3-4a948a996027,Git,intermediate,"{""internship""}",Used during internship.,2026-07-19 11:19:00
cc4bbc6f-3457-c8d7-5236-64ef8d8b1051,1227b7ac-cdca-6bef-dbd3-4a948a996027,Java,intermediate,"{""certification"",""coursework""}",,2026-07-19 11:19:00
b97ee830-1e01-8646-2c64-f73d85261ad4,1227b7ac-cdca-6bef-dbd3-4a948a996027,JavaScript,intermediate,"{""project"",""coursework""}",Applied in project work.,2026-07-19 11:19:00
d4946414-a229-66c4-ca39-d65a991f2102,1227b7ac-cdca-6bef-dbd3-4a948a996027,Node.js,advanced,"{""project""}",Applied in project work.,2026-07-19 11:19:00
7f387ce2-cf40-7865-a5c1-1300e3245730,1227b7ac-cdca-6bef-dbd3-4a948a996027,Problem Solving,advanced,"{""coursework""}",,2026-07-19 11:19:00
89939c6e-7586-3743-9174-dc0beeb74413,1227b7ac-cdca-6bef-dbd3-4a948a996027,Python,intermediate,"{""certification"",""coursework""}",,2026-07-19 11:19:00
40a62de4-1271-e295-9b21-c0654135b443,1227b7ac-cdca-6bef-dbd3-4a948a996027,React,advanced,"{""project"",""internship"",""coursework""}",Applied in project work.,2026-07-19 11:19:00
305d9749-1109-2f7a-00d6-1c6364a0f44b,1227b7ac-cdca-6bef-dbd3-4a948a996027,Research Skills,intermediate,"{""coursework""}",,2026-07-19 11:19:00
746b302f-7ebb-f6df-ed84-acc9413b48c4,1227b7ac-cdca-6bef-dbd3-4a948a996027,SQL,advanced,"{""project"",""internship""}",Applied in project work.,2026-07-19 11:19:00
32fe1dea-6ba5-7136-9144-a44282d8a7f5,1227b7ac-cdca-6bef-dbd3-4a948a996027,Teamwork,intermediate,"{""project""}",Applied in project work.,2026-07-19 11:19:00
b6617c50-6895-b96f-14fd-c3a7d8e77ca2,c2978392-5c80-7220-1f77-765f2e5ce13a,Data Visualisation,intermediate,"{""certification""}",,2026-07-15 03:43:00
626cfccc-e35b-ba6d-bd39-e09d267faa83,c2978392-5c80-7220-1f77-765f2e5ce13a,Flask,intermediate,"{""project"",""coursework""}",Applied in project work.,2026-07-15 03:43:00
e1be0ed9-3483-518e-458f-a881c3dab31b,c2978392-5c80-7220-1f77-765f2e5ce13a,Git,intermediate,"{""coursework""}",,2026-07-15 03:43:00
8620a10a-e009-9d7a-ca22-6c566fc8503c,c2978392-5c80-7220-1f77-765f2e5ce13a,JavaScript,intermediate,"{""project""}",Applied in project work.,2026-07-15 03:43:00
9b471e77-7133-5445-d695-847a634d7549,c2978392-5c80-7220-1f77-765f2e5ce13a,Machine Learning,advanced,"{""project"",""coursework""}",Applied in project work.,2026-07-15 03:43:00
99d81764-13cd-aa4c-b415-b7cf24fefbbe,c2978392-5c80-7220-1f77-765f2e5ce13a,Natural Language Processing,intermediate,"{""project"",""coursework""}",Applied in project work.,2026-07-15 03:43:00
50702efc-37ca-273b-3506-880f676cf539,c2978392-5c80-7220-1f77-765f2e5ce13a,Node.js,intermediate,"{""project""}",Applied in project work.,2026-07-15 03:43:00
4a69ed38-b705-e692-3faf-1b34462e27af,c2978392-5c80-7220-1f77-765f2e5ce13a,Power BI,intermediate,"{""certification"",""coursework""}",,2026-07-15 03:43:00
ef6d8fc6-afbd-f369-0636-f35ef5ed7ddf,c2978392-5c80-7220-1f77-765f2e5ce13a,Python,beginner,"{""project""}",Applied in project work.,2026-07-15 03:43:00
73c66188-108f-d94b-b294-a9b6a53dff52,c2978392-5c80-7220-1f77-765f2e5ce13a,React,advanced,"{""project""}",Applied in project work.,2026-07-15 03:43:00
7daf638b-053f-1a43-6187-4fa95c098a5c,c2978392-5c80-7220-1f77-765f2e5ce13a,SQL,advanced,"{""project""}",Applied in project work.,2026-07-15 03:43:00
16e6e8fc-6c94-4bca-e8c0-8c027200fc98,c2978392-5c80-7220-1f77-765f2e5ce13a,Teamwork,intermediate,"{""project"",""coursework""}",Applied in project work.,2026-07-15 03:43:00
7a80fdd0-4286-2014-ff41-e2a0e95e8740,c2978392-5c80-7220-1f77-765f2e5ce13a,Time Management,intermediate,"{""coursework""}",,2026-07-15 03:43:00
83641560-45b7-e83c-c42f-7d592bfaba2d,0c485217-5d54-9496-61a6-51c5faaa53fc,AI Literacy,intermediate,"{""coursework""}",,2026-09-18 08:44:00
0e8db9f5-e514-1d91-8127-8cf9803bd70b,0c485217-5d54-9496-61a6-51c5faaa53fc,C++,intermediate,"{""project""}",Applied in project work.,2026-09-18 08:44:00
dc979a81-3dee-d56a-21dd-d27ed8b6a802,0c485217-5d54-9496-61a6-51c5faaa53fc,Cloud Computing,intermediate,"{""coursework""}",,2026-09-18 08:44:00
477eb375-c87d-01c2-92e8-c8b15e003828,0c485217-5d54-9496-61a6-51c5faaa53fc,Deep Learning,intermediate,"{""coursework""}",,2026-09-18 08:44:00
a3dff5f0-297e-86fe-3f8b-015eb6a35409,0c485217-5d54-9496-61a6-51c5faaa53fc,Git,beginner,"{""project"",""coursework""}",Applied in project work.,2026-09-18 08:44:00
609eee72-fb9c-7872-112b-c3600ad27057,0c485217-5d54-9496-61a6-51c5faaa53fc,Node.js,intermediate,"{""project""}",Applied in project work.,2026-09-18 08:44:00
651fd429-c117-1668-ad72-4e2e7d6dca57,0c485217-5d54-9496-61a6-51c5faaa53fc,Problem Solving,intermediate,"{""coursework""}",,2026-09-18 08:44:00
8669ba60-e387-eb15-6765-e3bfb9ea8873,0c485217-5d54-9496-61a6-51c5faaa53fc,Python,intermediate,"{""coursework""}",,2026-09-18 08:44:00
b7e62b4d-93d5-326f-9b03-2c39c950824d,0c485217-5d54-9496-61a6-51c5faaa53fc,React,intermediate,"{""project"",""coursework""}",Applied in project work.,2026-09-18 08:44:00
86022833-405d-b449-c06a-e81767bb18ba,0c485217-5d54-9496-61a6-51c5faaa53fc,SQL,intermediate,"{""project""}",Applied in project work.,2026-09-18 08:44:00
34f6f0dd-0952-9a77-ce09-e92a20514111,0c485217-5d54-9496-61a6-51c5faaa53fc,Teamwork,intermediate,"{""coursework""}",,2026-09-18 08:44:00
4f728efc-3187-dc09-54da-10125a3c49e0,32de3097-7cba-8dea-5086-0861061cba48,Cloud Computing,intermediate,"{""coursework""}",,2026-09-14 13:46:00
19eef9d6-fdfa-3cb1-02d4-93eb2a7b65de,32de3097-7cba-8dea-5086-0861061cba48,Communication,beginner,"{""coursework""}",,2026-09-14 13:46:00
a173e274-37fc-511b-826f-081a0651a897,32de3097-7cba-8dea-5086-0861061cba48,Python,beginner,"{""coursework""}",,2026-09-14 13:46:00
5f4304e4-fabd-c4aa-ba59-16c59de67f2c,e22f3884-1f90-71b1-95eb-44d98459f302,AWS,beginner,"{""certification"",""coursework""}",,2026-09-04 10:14:00
93b91ea1-4211-c052-f4de-bda7f4a6af9d,e22f3884-1f90-71b1-95eb-44d98459f302,Cloud Computing,intermediate,"{""certification"",""internship""}",Used during internship.,2026-09-04 10:14:00
5397abdf-aa39-9b2c-a1ab-975e54a2315d,e22f3884-1f90-71b1-95eb-44d98459f302,Communication,advanced,"{""coursework""}",,2026-09-04 10:14:00
b770beaf-d5da-108b-ae94-c0b5aaf1c938,e22f3884-1f90-71b1-95eb-44d98459f302,FastAPI,beginner,"{""coursework""}",,2026-09-04 10:14:00
39e82ba5-3ecb-c10b-e586-ee20c73e69e9,e22f3884-1f90-71b1-95eb-44d98459f302,Flask,intermediate,"{""project""}",Applied in project work.,2026-09-04 10:14:00
5401e034-45ae-25d2-7bbf-d6926f125321,e22f3884-1f90-71b1-95eb-44d98459f302,Git,beginner,"{""coursework""}",,2026-09-04 10:14:00
f3bcdaee-0d21-1dc4-679b-03d4fdc6aebf,e22f3884-1f90-71b1-95eb-44d98459f302,JavaScript,intermediate,"{""project""}",Applied in project work.,2026-09-04 10:14:00
1b435fdc-41f4-d834-dcf5-d1fccd3a7e73,e22f3884-1f90-71b1-95eb-44d98459f302,Leadership,advanced,"{""internship""}",Used during internship.,2026-09-04 10:14:00
3fad4b74-f4c8-00a4-e178-9474380d4643,e22f3884-1f90-71b1-95eb-44d98459f302,React,beginner,"{""coursework""}",,2026-09-04 10:14:00
b2879bdd-193d-ab13-ed11-b850273beecb,e22f3884-1f90-71b1-95eb-44d98459f302,SQL,intermediate,"{""project"",""coursework""}",Applied in project work.,2026-09-04 10:14:00
4c90cdc4-54ca-6257-910a-eb6f6b56b091,e22f3884-1f90-71b1-95eb-44d98459f302,Teamwork,intermediate,"{""project"",""internship""}",Applied in project work.,2026-09-04 10:14:00
f2d058ca-7b2e-329d-9f80-bd12299606d2,e22f3884-1f90-71b1-95eb-44d98459f302,Time Management,advanced,"{""coursework""}",,2026-09-04 10:14:00
765bb069-10a0-12b2-237c-56bb48d160c6,7c8c9267-3c55-ad3a-4ed9-92e01e4415f4,C++,beginner,"{""coursework""}",,2026-09-01 22:31:00
7f151663-189b-5535-83cf-ed3bb32f7256,7c8c9267-3c55-ad3a-4ed9-92e01e4415f4,Docker,intermediate,"{""coursework""}",,2026-09-01 22:31:00
64b56f4e-0833-5cee-48a0-5e4fb064672a,7c8c9267-3c55-ad3a-4ed9-92e01e4415f4,Git,advanced,"{""coursework""}",,2026-09-01 22:31:00
f3a2e957-5bd7-2a7c-73d7-9809cf6de802,7c8c9267-3c55-ad3a-4ed9-92e01e4415f4,Java,intermediate,"{""project""}",Applied in project work.,2026-09-01 22:31:00
d08c1e18-b4a5-f712-a74b-151c4b2cdc4e,7c8c9267-3c55-ad3a-4ed9-92e01e4415f4,Linux,intermediate,"{""project""}",Applied in project work.,2026-09-01 22:31:00
aa8fb624-4f2f-feb3-d8dd-0b26fc0ea898,7c8c9267-3c55-ad3a-4ed9-92e01e4415f4,Machine Learning,intermediate,"{""certification"",""coursework""}",,2026-09-01 22:31:00
b4072f12-2612-92e0-7616-e3a23d9d49d4,7c8c9267-3c55-ad3a-4ed9-92e01e4415f4,Problem Solving,intermediate,"{""project"",""coursework""}",Applied in project work.,2026-09-01 22:31:00
ff8bb891-1b90-8e3f-25ce-5ac51e22c6b2,7c8c9267-3c55-ad3a-4ed9-92e01e4415f4,Python,advanced,"{""certification"",""coursework""}",,2026-09-01 22:31:00
48504c6b-12cd-1aeb-b907-6ff3263a484e,7c8c9267-3c55-ad3a-4ed9-92e01e4415f4,SQL,advanced,"{""project"",""coursework""}",Applied in project work.,2026-09-01 22:31:00
68edeed7-6f72-1a94-7b49-ecf3b7f8d284,7c8c9267-3c55-ad3a-4ed9-92e01e4415f4,Teamwork,intermediate,"{""project""}",Applied in project work.,2026-09-01 22:31:00
abf0a4f1-f14c-d6f2-ab13-b31aa4f19126,7c8c9267-3c55-ad3a-4ed9-92e01e4415f4,Time Management,beginner,"{""coursework""}",,2026-09-01 22:31:00
9267e278-9bd7-b9be-e265-eddaea02cc7d,cdba8621-da62-a307-d753-ba9908087cc4,Azure,intermediate,"{""coursework""}",,2026-08-30 07:28:00
e43a3562-4cdf-5063-43c3-698873037257,cdba8621-da62-a307-d753-ba9908087cc4,C++,advanced,"{""project"",""coursework""}",Applied in project work.,2026-08-30 07:28:00
ab1e5fcf-3abe-bcc1-d115-a0ca09e8ede2,cdba8621-da62-a307-d753-ba9908087cc4,Communication,advanced,"{""coursework""}",,2026-08-30 07:28:00
38c7f236-0a61-19f6-3aae-37b587dec2ea,cdba8621-da62-a307-d753-ba9908087cc4,Data Analysis,advanced,"{""certification""}",,2026-08-30 07:28:00
00937ba0-65a0-7e43-3d2d-ca8673020b26,cdba8621-da62-a307-d753-ba9908087cc4,Docker,advanced,"{""project""}",Applied in project work.,2026-08-30 07:28:00
e6453b43-d07e-22a1-8906-a4e2460cec89,cdba8621-da62-a307-d753-ba9908087cc4,Git,advanced,"{""project"",""coursework""}",Applied in project work.,2026-08-30 07:28:00
de590698-8072-cee2-042f-14df6ab075bd,cdba8621-da62-a307-d753-ba9908087cc4,Java,advanced,"{""project"",""internship""}",Applied in project work.,2026-08-30 07:28:00
a9cef593-99a9-a788-c4d6-afc44e6364bc,cdba8621-da62-a307-d753-ba9908087cc4,JavaScript,advanced,"{""project"",""internship""}",Applied in project work.,2026-08-30 07:28:00
88ba1f6f-36a2-5607-9486-6e3cfd267a93,cdba8621-da62-a307-d753-ba9908087cc4,Node.js,intermediate,"{""project"",""coursework""}",Applied in project work.,2026-08-30 07:28:00
63973de4-fd41-4341-ecf6-08263c1e0ac4,cdba8621-da62-a307-d753-ba9908087cc4,Problem Solving,advanced,"{""coursework""}",,2026-08-30 07:28:00
a7f655fb-8b89-43fd-2d5f-62b0541e4d9c,cdba8621-da62-a307-d753-ba9908087cc4,Python,advanced,"{""coursework""}",,2026-08-30 07:28:00
7ad866ba-f252-f8f9-3edf-665fa5978064,cdba8621-da62-a307-d753-ba9908087cc4,R,advanced,"{""certification"",""coursework""}",,2026-08-30 07:28:00
bb23e712-bfd9-5996-ee5b-6379213fa67b,cdba8621-da62-a307-d753-ba9908087cc4,React,advanced,"{""project"",""coursework""}",Applied in project work.,2026-08-30 07:28:00
6d2bc99d-e7ec-a309-296f-c0d76a632a6b,cdba8621-da62-a307-d753-ba9908087cc4,SQL,advanced,"{""project"",""certification"",""internship"",""coursework""}",Applied in project work.,2026-08-30 07:28:00
c3dd1d6a-18fc-9899-5c86-a6f929f5d43d,cdba8621-da62-a307-d753-ba9908087cc4,Tableau,intermediate,"{""certification"",""coursework""}",,2026-08-30 07:28:00
3a0c5dc9-bea1-7713-fe36-b4bff9e421bc,c229a415-cb5f-8951-c534-f723c75694ac,Data Analysis,beginner,"{""certification""}",,2026-07-23 12:52:00
63247e63-7535-ddc2-c555-b4b58eb58d5c,c229a415-cb5f-8951-c534-f723c75694ac,Data Visualisation,advanced,"{""project""}",Applied in project work.,2026-07-23 12:52:00
0abe31af-e664-7803-32f9-130d5e6e5122,c229a415-cb5f-8951-c534-f723c75694ac,Excel,beginner,"{""project"",""coursework""}",Applied in project work.,2026-07-23 12:52:00
ef15627d-aa21-ee30-fcd7-715004621030,c229a415-cb5f-8951-c534-f723c75694ac,Machine Learning,intermediate,"{""project"",""coursework""}",Applied in project work.,2026-07-23 12:52:00
d667a724-bfee-7aef-6a60-6a4b56b6b8cc,c229a415-cb5f-8951-c534-f723c75694ac,Power BI,intermediate,"{""project"",""coursework""}",Applied in project work.,2026-07-23 12:52:00
983ae235-1891-f8cf-d7d0-50be22530aa4,c229a415-cb5f-8951-c534-f723c75694ac,Python,intermediate,"{""project"",""coursework""}",Applied in project work.,2026-07-23 12:52:00
22c1d7a1-97c7-5839-1dd2-8b24c420c72d,c229a415-cb5f-8951-c534-f723c75694ac,R,intermediate,"{""certification""}",,2026-07-23 12:52:00
9ffc7f2b-1ea8-22bb-5738-5567c2f72b1f,c229a415-cb5f-8951-c534-f723c75694ac,SQL,beginner,"{""certification"",""coursework""}",,2026-07-23 12:52:00
512b4c10-a359-3aec-d5d1-6ae2c940e0fa,c229a415-cb5f-8951-c534-f723c75694ac,Tableau,intermediate,"{""certification""}",,2026-07-23 12:52:00
8abe2e04-67ee-dfe9-5c72-e5cacf3b6e13,b226f24a-230d-27b8-ff97-588ef6cdd0d1,Excel,intermediate,"{""project"",""internship"",""coursework""}",Applied in project work.,2026-08-05 20:36:00
14fe88bc-3f61-2028-cb4a-9aa4e52053b6,b226f24a-230d-27b8-ff97-588ef6cdd0d1,Natural Language Processing,intermediate,"{""coursework""}",,2026-08-05 20:36:00
91aafb5c-eb0c-bd6c-a603-29972f64a0ad,b226f24a-230d-27b8-ff97-588ef6cdd0d1,Node.js,advanced,"{""project"",""coursework""}",Applied in project work.,2026-08-05 20:36:00
b54a126d-ba8f-4592-37ea-3bed78669ba9,b226f24a-230d-27b8-ff97-588ef6cdd0d1,Problem Solving,advanced,"{""internship""}",Used during internship.,2026-08-05 20:36:00
dd23a782-d27a-1a33-f511-0f36bce4808b,b226f24a-230d-27b8-ff97-588ef6cdd0d1,React,intermediate,"{""project"",""coursework""}",Applied in project work.,2026-08-05 20:36:00
45f7eef8-e004-c471-85e1-b28dae70f6f5,b226f24a-230d-27b8-ff97-588ef6cdd0d1,SQL,intermediate,"{""project""}",Applied in project work.,2026-08-05 20:36:00
30034603-d782-d6a7-c6b9-2071bad78868,b226f24a-230d-27b8-ff97-588ef6cdd0d1,Teamwork,intermediate,"{""coursework""}",,2026-08-05 20:36:00
3145d4c5-6370-e0f7-aab8-cc309cfe793d,b226f24a-230d-27b8-ff97-588ef6cdd0d1,Time Management,intermediate,"{""internship"",""coursework""}",Used during internship.,2026-08-05 20:36:00
00c85e9a-408a-5d2f-0c86-e6b66ffcc6e5,6b93cfe0-b4f7-af31-1fe8-fbe4e3bab56c,Data Analysis,beginner,"{""project""}",Applied in project work.,2026-07-01 12:54:00
e3915adc-c809-6083-0fb8-3639289a580f,6b93cfe0-b4f7-af31-1fe8-fbe4e3bab56c,Excel,intermediate,"{""project"",""coursework""}",Applied in project work.,2026-07-01 12:54:00
e19d4f0a-1c44-4135-69d4-de06342ed9b4,6b93cfe0-b4f7-af31-1fe8-fbe4e3bab56c,Leadership,intermediate,"{""coursework""}",,2026-07-01 12:54:00
6d1850e9-2d53-cf30-4782-0b9c488fedb6,6b93cfe0-b4f7-af31-1fe8-fbe4e3bab56c,Machine Learning,beginner,"{""coursework""}",,2026-07-01 12:54:00
590c3cdc-7455-767a-9623-d84810b72ccf,6b93cfe0-b4f7-af31-1fe8-fbe4e3bab56c,Problem Solving,beginner,"{""coursework""}",,2026-07-01 12:54:00
b03d01eb-336f-c177-7308-25d1396cc19c,6b93cfe0-b4f7-af31-1fe8-fbe4e3bab56c,Python,intermediate,"{""project"",""certification"",""coursework""}",Applied in project work.,2026-07-01 12:54:00
3876fdaa-7af8-3c9f-2913-cb7645071807,6b93cfe0-b4f7-af31-1fe8-fbe4e3bab56c,SQL,advanced,"{""project""}",Applied in project work.,2026-07-01 12:54:00
3c03032c-c7f0-20cf-0463-aa5e222c2fd2,6b93cfe0-b4f7-af31-1fe8-fbe4e3bab56c,Statistical Analysis,beginner,"{""project"",""coursework""}",Applied in project work.,2026-07-01 12:54:00
ef19117f-a452-cdef-827b-8c898d3f433b,6b93cfe0-b4f7-af31-1fe8-fbe4e3bab56c,Teamwork,beginner,"{""coursework""}",,2026-07-01 12:54:00
85a3a473-5eee-fb7f-b8a3-5c0c44866697,6b93cfe0-b4f7-af31-1fe8-fbe4e3bab56c,Time Management,advanced,"{""coursework""}",,2026-07-01 12:54:00
7e3f1d45-555b-9d60-8851-00753dbd210b,3dc0f8cf-1b6c-2937-e282-d170f5080d9c,Data Analysis,intermediate,"{""coursework""}",,2026-08-02 17:20:00
e55b5c65-90ae-41e4-1a6a-d16913865151,3dc0f8cf-1b6c-2937-e282-d170f5080d9c,Docker,intermediate,"{""coursework""}",,2026-08-02 17:20:00
34783752-0b3b-81a9-ddd6-52a86925f2d5,3dc0f8cf-1b6c-2937-e282-d170f5080d9c,FastAPI,intermediate,"{""internship"",""coursework""}",Used during internship.,2026-08-02 17:20:00
f9d65e8e-fd61-de15-ae53-719c1a44fca1,3dc0f8cf-1b6c-2937-e282-d170f5080d9c,Flask,beginner,"{""coursework""}",,2026-08-02 17:20:00
bcef2c15-3881-e713-22be-a0bcb7eb1786,3dc0f8cf-1b6c-2937-e282-d170f5080d9c,JavaScript,intermediate,"{""coursework""}",,2026-08-02 17:20:00
68bd47aa-9666-600e-eb0f-61a402fea0e2,3dc0f8cf-1b6c-2937-e282-d170f5080d9c,Node.js,intermediate,"{""internship"",""coursework""}",Used during internship.,2026-08-02 17:20:00
e3ca0915-96b0-356c-a49c-e87c47c9021f,3dc0f8cf-1b6c-2937-e282-d170f5080d9c,Problem Solving,intermediate,"{""internship"",""coursework""}",Used during internship.,2026-08-02 17:20:00
08fe3f40-5fe1-9173-2bdf-3df401f39146,c2cb0bc7-f032-9337-a10d-27dcbf153b90,Communication,advanced,"{""coursework""}",,2026-09-08 14:42:00
28542b64-c3b0-de86-15b7-3e011bc841bd,c2cb0bc7-f032-9337-a10d-27dcbf153b90,Docker,intermediate,"{""certification""}",,2026-09-08 14:42:00
6f4327cc-1bc2-b4b4-6a40-e733275b7c2c,c2cb0bc7-f032-9337-a10d-27dcbf153b90,FastAPI,beginner,"{""coursework""}",,2026-09-08 14:42:00
e24297fc-8e14-4e1f-b6b6-815c852fe1b1,c2cb0bc7-f032-9337-a10d-27dcbf153b90,Flask,advanced,"{""project"",""coursework""}",Applied in project work.,2026-09-08 14:42:00
97788819-ee9a-fb6b-e6a2-4a40f3310760,c2cb0bc7-f032-9337-a10d-27dcbf153b90,Git,intermediate,"{""coursework""}",,2026-09-08 14:42:00
d42aa238-284b-2e1d-73fb-6c56e2ea5644,c2cb0bc7-f032-9337-a10d-27dcbf153b90,JavaScript,advanced,"{""project""}",Applied in project work.,2026-09-08 14:42:00
3730bf79-913a-27af-a917-9e028868b644,c2cb0bc7-f032-9337-a10d-27dcbf153b90,Node.js,intermediate,"{""project""}",Applied in project work.,2026-09-08 14:42:00
50d3b1d6-4778-09ce-71f0-7cbecb728b16,c2cb0bc7-f032-9337-a10d-27dcbf153b90,Python,intermediate,"{""certification""}",,2026-09-08 14:42:00
cc5d86e4-bbc1-0bbe-ed1c-4d7036d25823,c2cb0bc7-f032-9337-a10d-27dcbf153b90,React,advanced,"{""project"",""coursework""}",Applied in project work.,2026-09-08 14:42:00
77019d44-8913-1a4a-c5c6-5d8a60227afc,c2cb0bc7-f032-9337-a10d-27dcbf153b90,SQL,advanced,"{""project""}",Applied in project work.,2026-09-08 14:42:00
cbee1876-1d87-6a3e-94d6-cbb0dfedf5fa,c2cb0bc7-f032-9337-a10d-27dcbf153b90,Teamwork,advanced,"{""project""}",Applied in project work.,2026-09-08 14:42:00
f3fd9e32-7b14-63c9-30bf-7f5ab01de936,d1138946-bcd4-2854-b663-0e4c94a64978,AWS,intermediate,"{""project"",""coursework""}",Applied in project work.,2026-09-07 16:54:00
c9975b86-0ea7-c6ed-5f1d-3663a5c5afe1,d1138946-bcd4-2854-b663-0e4c94a64978,Azure,intermediate,"{""certification""}",,2026-09-07 16:54:00
b81f2807-069d-887f-9ad8-cfa7f7f90812,d1138946-bcd4-2854-b663-0e4c94a64978,Cloud Computing,advanced,"{""project"",""certification""}",Applied in project work.,2026-09-07 16:54:00
810775f3-ea0c-e0e1-cb70-c67b1d7af727,d1138946-bcd4-2854-b663-0e4c94a64978,Docker,intermediate,"{""project"",""coursework""}",Applied in project work.,2026-09-07 16:54:00
28c635ff-42c4-0e37-4ac9-8d23c0a5c337,d1138946-bcd4-2854-b663-0e4c94a64978,Git,advanced,"{""project""}",Applied in project work.,2026-09-07 16:54:00
4984e0ab-7a0e-2539-8a3e-50b5938df7c1,d1138946-bcd4-2854-b663-0e4c94a64978,Leadership,advanced,"{""coursework""}",,2026-09-07 16:54:00
268c3b15-139c-4fd6-c49a-cd85e9066120,d1138946-bcd4-2854-b663-0e4c94a64978,Linux,intermediate,"{""project"",""coursework""}",Applied in project work.,2026-09-07 16:54:00
61235319-5069-c057-0ade-a5dbc9ceacdb,d1138946-bcd4-2854-b663-0e4c94a64978,Node.js,intermediate,"{""coursework""}",,2026-09-07 16:54:00
06b868bd-77a1-cf7d-6f47-d6b681d42b2f,d1138946-bcd4-2854-b663-0e4c94a64978,Problem Solving,intermediate,"{""coursework""}",,2026-09-07 16:54:00
5868ffda-60bd-c662-3ee0-7bb3e2c350af,d1138946-bcd4-2854-b663-0e4c94a64978,Python,advanced,"{""project"",""coursework""}",Applied in project work.,2026-09-07 16:54:00
841169cd-b951-75be-5c89-158a16b44b0c,d1138946-bcd4-2854-b663-0e4c94a64978,SQL,advanced,"{""coursework""}",,2026-09-07 16:54:00
2636c245-69b8-8f33-3c5d-815e1f79260c,d1138946-bcd4-2854-b663-0e4c94a64978,Statistical Analysis,advanced,"{""coursework""}",,2026-09-07 16:54:00
525706d0-fd9c-635d-3a54-089082fda101,d1138946-bcd4-2854-b663-0e4c94a64978,Teamwork,advanced,"{""coursework""}",,2026-09-07 16:54:00
685b2cbc-4eb8-18dd-bb05-70e4aabf222f,681f9515-0d93-d08b-7842-cbc6a0011ba6,AWS,intermediate,"{""coursework""}",,2026-09-18 04:03:00
5e460f1c-2169-20d1-b78c-bafcc1a8a33b,681f9515-0d93-d08b-7842-cbc6a0011ba6,C++,advanced,"{""coursework""}",,2026-09-18 04:03:00
36c077aa-6e4e-be99-8740-0c48d85483ef,681f9515-0d93-d08b-7842-cbc6a0011ba6,Communication,intermediate,"{""coursework""}",,2026-09-18 04:03:00
d27102f1-0a70-7ba8-df9a-09f576435b4e,681f9515-0d93-d08b-7842-cbc6a0011ba6,FastAPI,intermediate,"{""coursework""}",,2026-09-18 04:03:00
63cf3b51-a1b2-a7e5-fb72-025bf209329d,681f9515-0d93-d08b-7842-cbc6a0011ba6,Flask,intermediate,"{""project"",""coursework""}",Applied in project work.,2026-09-18 04:03:00
0ad56e56-df9b-87b0-ddc4-18d24a658a7d,681f9515-0d93-d08b-7842-cbc6a0011ba6,Git,intermediate,"{""coursework""}",,2026-09-18 04:03:00
acfe02ea-b89b-9722-3aa4-ecd7c9e58ebc,681f9515-0d93-d08b-7842-cbc6a0011ba6,Machine Learning,intermediate,"{""project"",""coursework""}",Applied in project work.,2026-09-18 04:03:00
e953ab78-dd8f-5010-f58f-56a031116b6a,681f9515-0d93-d08b-7842-cbc6a0011ba6,Problem Solving,intermediate,"{""coursework""}",,2026-09-18 04:03:00
6094d74c-7846-e9c5-15a8-cb98ab2d96a0,681f9515-0d93-d08b-7842-cbc6a0011ba6,Python,intermediate,"{""project""}",Applied in project work.,2026-09-18 04:03:00
d0919dcd-f5c0-b490-9361-b11d8352aaba,681f9515-0d93-d08b-7842-cbc6a0011ba6,SQL,intermediate,"{""project"",""coursework""}",Applied in project work.,2026-09-18 04:03:00
c5a435cb-05c2-08e0-eb05-6b48ea90f648,681f9515-0d93-d08b-7842-cbc6a0011ba6,Teamwork,beginner,"{""coursework""}",,2026-09-18 04:03:00
2daf33de-84cc-98eb-803f-8f00b28935e7,681f9515-0d93-d08b-7842-cbc6a0011ba6,Time Management,intermediate,"{""coursework""}",,2026-09-18 04:03:00
489d3b8a-bab0-dbe0-438e-1bb97f527025,3d231e3b-4a97-a245-da5b-f081fe3d81d8,Cloud Computing,intermediate,"{""internship""}",Used during internship.,2026-08-15 15:37:00
b98b06f3-f5da-b6fe-1ea4-b89d98982e99,3d231e3b-4a97-a245-da5b-f081fe3d81d8,Communication,advanced,"{""coursework""}",,2026-08-15 15:37:00
5e2f0318-644a-79cd-36b5-28a4ae1c64c6,3d231e3b-4a97-a245-da5b-f081fe3d81d8,Deep Learning,advanced,"{""project""}",Applied in project work.,2026-08-15 15:37:00
0ed57c8c-e2c9-4a44-2248-fe755885dca5,3d231e3b-4a97-a245-da5b-f081fe3d81d8,Excel,intermediate,"{""certification"",""internship""}",Used during internship.,2026-08-15 15:37:00
c5991a45-a3a8-68d7-86a5-6845deef7995,3d231e3b-4a97-a245-da5b-f081fe3d81d8,Java,beginner,"{""coursework""}",,2026-08-15 15:37:00
39d0eb01-4ad0-7831-8a0a-eef01bddfef5,3d231e3b-4a97-a245-da5b-f081fe3d81d8,Machine Learning,intermediate,"{""project""}",Applied in project work.,2026-08-15 15:37:00
c1ab5f4c-23a8-bfbe-9628-9af206c0965d,3d231e3b-4a97-a245-da5b-f081fe3d81d8,Natural Language Processing,intermediate,"{""project"",""coursework""}",Applied in project work.,2026-08-15 15:37:00
b9138441-d0a0-5417-2bac-7c8931d83f78,3d231e3b-4a97-a245-da5b-f081fe3d81d8,Node.js,intermediate,"{""coursework""}",,2026-08-15 15:37:00
7387de41-3d79-f8b6-12d0-ff7d25db9dbd,3d231e3b-4a97-a245-da5b-f081fe3d81d8,Problem Solving,advanced,"{""internship"",""coursework""}",Used during internship.,2026-08-15 15:37:00
179c0a64-13a5-893a-6b13-ad0a567328bc,3d231e3b-4a97-a245-da5b-f081fe3d81d8,Python,advanced,"{""project"",""coursework""}",Applied in project work.,2026-08-15 15:37:00
8509c3a2-214b-1e1c-4b40-3399bb10f0be,3d231e3b-4a97-a245-da5b-f081fe3d81d8,Research Skills,advanced,"{""coursework""}",,2026-08-15 15:37:00
d45f8e7f-0af8-7147-bf44-ea67f0cf9990,3d231e3b-4a97-a245-da5b-f081fe3d81d8,Statistical Analysis,advanced,"{""project""}",Applied in project work.,2026-08-15 15:37:00
653f4313-ef82-fab3-7e0c-52863cd68ac3,3d231e3b-4a97-a245-da5b-f081fe3d81d8,Teamwork,advanced,"{""coursework""}",,2026-08-15 15:37:00
e9a84c51-aac7-82ac-dce2-ab067a15422e,dff4cc91-3164-6c14-f1a0-051f0acae683,C++,advanced,"{""project"",""coursework""}",Applied in project work.,2026-09-05 15:56:00
684f1e52-22f1-5aad-8752-d9fbe4cb277f,dff4cc91-3164-6c14-f1a0-051f0acae683,Docker,advanced,"{""coursework""}",,2026-09-05 15:56:00
1a3bc8d8-0dab-a507-1fc7-737cb94eb6f8,dff4cc91-3164-6c14-f1a0-051f0acae683,FastAPI,intermediate,"{""coursework""}",,2026-09-05 15:56:00
049f32c7-b1a7-d537-b0ec-70747397b987,dff4cc91-3164-6c14-f1a0-051f0acae683,Git,advanced,"{""project""}",Applied in project work.,2026-09-05 15:56:00
10995969-b521-d095-94b2-2af090809121,dff4cc91-3164-6c14-f1a0-051f0acae683,JavaScript,advanced,"{""coursework""}",,2026-09-05 15:56:00
ef59a4b5-2e89-015e-92f7-65e74927db4a,dff4cc91-3164-6c14-f1a0-051f0acae683,Leadership,intermediate,"{""coursework""}",,2026-09-05 15:56:00
67218261-2a64-d46b-ceac-d7799538e035,dff4cc91-3164-6c14-f1a0-051f0acae683,Linux,advanced,"{""coursework""}",,2026-09-05 15:56:00
f14da3ea-9faf-c17e-92a2-319db4c70241,dff4cc91-3164-6c14-f1a0-051f0acae683,Node.js,intermediate,"{""coursework""}",,2026-09-05 15:56:00
a8222853-c7d0-12b0-de9c-cb516038e284,dff4cc91-3164-6c14-f1a0-051f0acae683,Problem Solving,intermediate,"{""coursework""}",,2026-09-05 15:56:00
c26e3dbd-9acb-0045-a449-aefa8d7da747,dff4cc91-3164-6c14-f1a0-051f0acae683,Python,intermediate,"{""coursework""}",,2026-09-05 15:56:00
16f39bed-74c9-abd9-daac-fe2bfb32440e,dff4cc91-3164-6c14-f1a0-051f0acae683,SQL,intermediate,"{""coursework""}",,2026-09-05 15:56:00
c89578d9-8907-19db-252a-95db4ba9008d,dff4cc91-3164-6c14-f1a0-051f0acae683,Teamwork,beginner,"{""coursework""}",,2026-09-05 15:56:00
ad32a7c6-8b64-612c-5bd5-37b1c35adde3,91c98ab6-4f41-8193-e328-9c3a801cbac1,Communication,intermediate,"{""coursework""}",,2026-07-25 12:41:00
60d8039e-92aa-71d5-61e7-2ff58cf50927,91c98ab6-4f41-8193-e328-9c3a801cbac1,Data Analysis,intermediate,"{""coursework""}",,2026-07-25 12:41:00
d4476a01-ec67-f7b7-12a3-4b04a15ecdba,91c98ab6-4f41-8193-e328-9c3a801cbac1,Data Visualisation,intermediate,"{""project"",""certification"",""coursework""}",Applied in project work.,2026-07-25 12:41:00
af88239f-d4a3-218d-ac08-f40119271805,91c98ab6-4f41-8193-e328-9c3a801cbac1,Git,beginner,"{""coursework""}",,2026-07-25 12:41:00
874c146c-cea6-c978-30b6-9f93c438c125,91c98ab6-4f41-8193-e328-9c3a801cbac1,Java,beginner,"{""coursework""}",,2026-07-25 12:41:00
312997af-d7e3-05d5-407e-85061ec4816d,91c98ab6-4f41-8193-e328-9c3a801cbac1,JavaScript,beginner,"{""project"",""coursework""}",Applied in project work.,2026-07-25 12:41:00
3d980395-2621-b899-8a9d-a702660f44e6,91c98ab6-4f41-8193-e328-9c3a801cbac1,Node.js,advanced,"{""coursework""}",,2026-07-25 12:41:00
0a6246b9-e624-76fe-a044-3dc9459b556f,91c98ab6-4f41-8193-e328-9c3a801cbac1,Python,intermediate,"{""project""}",Applied in project work.,2026-07-25 12:41:00
7a798ed4-2a0b-fd9f-f58f-9bddd520aef5,91c98ab6-4f41-8193-e328-9c3a801cbac1,SQL,beginner,"{""project""}",Applied in project work.,2026-07-25 12:41:00
640324f0-99b3-51a6-6f2a-e2fd838edbe4,91c98ab6-4f41-8193-e328-9c3a801cbac1,Tableau,advanced,"{""certification""}",,2026-07-25 12:41:00
0e1e5ebd-ff99-fe31-1006-e0eb63a84422,91c98ab6-4f41-8193-e328-9c3a801cbac1,Time Management,intermediate,"{""coursework""}",,2026-07-25 12:41:00
33decf96-2bd6-f0fb-ee3c-8687b704eced,0c443b8c-0686-34e7-dabd-385cd2c569ab,C++,intermediate,"{""coursework""}",,2026-08-19 03:00:00
76d96b12-1443-3a8e-ed5a-cddc8b7080c2,0c443b8c-0686-34e7-dabd-385cd2c569ab,Communication,intermediate,"{""coursework""}",,2026-08-19 03:00:00
e85af565-e62c-54bb-ff01-1f14d97bd00e,0c443b8c-0686-34e7-dabd-385cd2c569ab,Deep Learning,intermediate,"{""coursework""}",,2026-08-19 03:00:00
3807ef3a-1cd4-aa85-613c-826a001e7006,0c443b8c-0686-34e7-dabd-385cd2c569ab,Docker,advanced,"{""project"",""coursework""}",Applied in project work.,2026-08-19 03:00:00
fac368c1-8367-4372-d33e-2b2c3cebcc1d,0c443b8c-0686-34e7-dabd-385cd2c569ab,FastAPI,advanced,"{""project""}",Applied in project work.,2026-08-19 03:00:00
60404c51-584f-a41f-f9f7-852c92ccadb2,0c443b8c-0686-34e7-dabd-385cd2c569ab,Git,advanced,"{""project""}",Applied in project work.,2026-08-19 03:00:00
e432d37d-1307-afb6-728e-a99437df79d8,0c443b8c-0686-34e7-dabd-385cd2c569ab,Java,advanced,"{""project"",""coursework""}",Applied in project work.,2026-08-19 03:00:00
2b2f8082-f613-aed3-b9da-42b40c975601,0c443b8c-0686-34e7-dabd-385cd2c569ab,JavaScript,intermediate,"{""coursework""}",,2026-08-19 03:00:00
dd372743-240e-d1db-0c3b-add852b19d01,0c443b8c-0686-34e7-dabd-385cd2c569ab,Leadership,intermediate,"{""coursework""}",,2026-08-19 03:00:00
48e61273-4680-1378-6e60-7c2f18323765,0c443b8c-0686-34e7-dabd-385cd2c569ab,Node.js,beginner,"{""project"",""coursework""}",Applied in project work.,2026-08-19 03:00:00
ae9abf14-3473-b11a-73a5-24c13c8bc189,0c443b8c-0686-34e7-dabd-385cd2c569ab,Problem Solving,intermediate,"{""coursework""}",,2026-08-19 03:00:00
e7b0e27d-244b-405a-ed7c-b20d1bb868d5,0c443b8c-0686-34e7-dabd-385cd2c569ab,Python,advanced,"{""project"",""certification"",""coursework""}",Applied in project work.,2026-08-19 03:00:00
836d943f-aad2-9f81-7fe9-9b4fca7ad5f3,0c443b8c-0686-34e7-dabd-385cd2c569ab,React,intermediate,"{""coursework""}",,2026-08-19 03:00:00
e0d0807c-179e-e93b-a399-991929568d7d,0c443b8c-0686-34e7-dabd-385cd2c569ab,SQL,intermediate,"{""project"",""coursework""}",Applied in project work.,2026-08-19 03:00:00
d3cb6d14-8947-494f-96c8-4002d2152070,0c443b8c-0686-34e7-dabd-385cd2c569ab,Statistical Analysis,intermediate,"{""coursework""}",,2026-08-19 03:00:00
2bef4363-6b7c-7396-f942-fcb2ee3ada8b,0c443b8c-0686-34e7-dabd-385cd2c569ab,Teamwork,intermediate,"{""coursework""}",,2026-08-19 03:00:00
7dc63851-d46a-537b-bc0b-55fe5713412e,0c443b8c-0686-34e7-dabd-385cd2c569ab,Time Management,intermediate,"{""coursework""}",,2026-08-19 03:00:00
c145419c-74eb-fa0d-f80a-ea0265dec4ed,fef44a33-ae78-dd3f-8b23-96072d5e114d,Azure,beginner,"{""coursework""}",,2026-07-31 04:32:00
3c375315-44bd-8fcd-ae8e-8200c5c734b4,fef44a33-ae78-dd3f-8b23-96072d5e114d,Data Visualisation,advanced,"{""project"",""internship""}",Applied in project work.,2026-07-31 04:32:00
c88994e7-49ef-1088-8ab7-2eb99be4e2ac,fef44a33-ae78-dd3f-8b23-96072d5e114d,Excel,intermediate,"{""project"",""internship"",""coursework""}",Applied in project work.,2026-07-31 04:32:00
d9d2c703-09ac-7ba5-eb28-73e6e465aed7,fef44a33-ae78-dd3f-8b23-96072d5e114d,FastAPI,intermediate,"{""coursework""}",,2026-07-31 04:32:00
b1195d16-9aec-319f-f38e-f31f08ae64bb,fef44a33-ae78-dd3f-8b23-96072d5e114d,Flask,intermediate,"{""project"",""coursework""}",Applied in project work.,2026-07-31 04:32:00
b77cff4c-9925-2280-b81c-c43bf99a3620,fef44a33-ae78-dd3f-8b23-96072d5e114d,Power BI,intermediate,"{""project""}",Applied in project work.,2026-07-31 04:32:00
a5fb9e9a-4ab7-d5e0-f814-af2e81e26ceb,fef44a33-ae78-dd3f-8b23-96072d5e114d,Problem Solving,beginner,"{""coursework""}",,2026-07-31 04:32:00
8db4daaa-831f-e884-9c17-4363bc44cb36,fef44a33-ae78-dd3f-8b23-96072d5e114d,Python,advanced,"{""project"",""coursework""}",Applied in project work.,2026-07-31 04:32:00
58c68877-4897-c6e2-1581-f33ea5b38959,fef44a33-ae78-dd3f-8b23-96072d5e114d,SQL,intermediate,"{""project""}",Applied in project work.,2026-07-31 04:32:00
092a2783-e9b5-0a89-c04c-f6e6cf6d28c3,fef44a33-ae78-dd3f-8b23-96072d5e114d,Teamwork,intermediate,"{""internship"",""coursework""}",Used during internship.,2026-07-31 04:32:00
07d7a393-09cf-1063-91b6-aa0174e60f83,a81f3e5b-f8dc-2c64-c4e4-37538a0d9af8,AI Literacy,intermediate,"{""coursework""}",,2026-08-05 21:59:00
8ab171e0-e657-1d38-4793-acb12afcc87e,a81f3e5b-f8dc-2c64-c4e4-37538a0d9af8,Communication,beginner,"{""coursework""}",,2026-08-05 21:59:00
ef29c0f7-2ebb-fe0a-404f-04e444b0c797,a81f3e5b-f8dc-2c64-c4e4-37538a0d9af8,Linux,intermediate,"{""project"",""coursework""}",Applied in project work.,2026-08-05 21:59:00
323415b1-64e1-9340-97f5-d62875ef8169,a81f3e5b-f8dc-2c64-c4e4-37538a0d9af8,Node.js,beginner,"{""coursework""}",,2026-08-05 21:59:00
a24a7b89-3f22-cd74-a367-b5632f894e9b,a81f3e5b-f8dc-2c64-c4e4-37538a0d9af8,Problem Solving,advanced,"{""project"",""coursework""}",Applied in project work.,2026-08-05 21:59:00
937838f9-bd46-bb37-885f-3b06aefb886b,a81f3e5b-f8dc-2c64-c4e4-37538a0d9af8,React,beginner,"{""coursework""}",,2026-08-05 21:59:00
31cf3224-f0cb-8112-ddc5-522838e1e998,a81f3e5b-f8dc-2c64-c4e4-37538a0d9af8,Teamwork,intermediate,"{""project""}",Applied in project work.,2026-08-05 21:59:00
ef3dc5a8-9295-8d18-ec7c-44a8e6c9e05e,a81f3e5b-f8dc-2c64-c4e4-37538a0d9af8,Time Management,beginner,"{""coursework""}",,2026-08-05 21:59:00
cb1fa325-44e5-f394-3c6b-ad3494fc712b,eea21c48-fd48-1505-b8f0-9270567fd2e9,C++,intermediate,"{""project""}",Applied in project work.,2026-07-23 04:38:00
4b2ca54d-5343-5238-1694-c02c4ebd9823,eea21c48-fd48-1505-b8f0-9270567fd2e9,Communication,intermediate,"{""coursework""}",,2026-07-23 04:38:00
33c9bfa1-53e8-7b79-d3dd-8cf853a70e7d,eea21c48-fd48-1505-b8f0-9270567fd2e9,Git,intermediate,"{""project"",""coursework""}",Applied in project work.,2026-07-23 04:38:00
6b6348f4-d14a-3950-36e7-5939e2d76077,eea21c48-fd48-1505-b8f0-9270567fd2e9,Java,intermediate,"{""coursework""}",,2026-07-23 04:38:00
18edc1e6-8647-4182-f35c-02fdd88b4a71,eea21c48-fd48-1505-b8f0-9270567fd2e9,Problem Solving,beginner,"{""coursework""}",,2026-07-23 04:38:00
9eead5de-f5b5-777f-041c-4ba30bb90921,eea21c48-fd48-1505-b8f0-9270567fd2e9,SQL,beginner,"{""coursework""}",,2026-07-23 04:38:00
a484be3e-2191-990c-3c86-1a6af55db8b9,b232398b-1f3c-4a38-ff62-499af2ae7fce,C++,intermediate,"{""project"",""coursework""}",Applied in project work.,2026-07-18 01:18:00
1da0b6ad-d3bb-447f-fdbf-4aa4e211cc10,b232398b-1f3c-4a38-ff62-499af2ae7fce,Data Analysis,beginner,"{""certification""}",,2026-07-18 01:18:00
7b03f61b-5705-a33e-52f0-2148016d0426,b232398b-1f3c-4a38-ff62-499af2ae7fce,Docker,intermediate,"{""project""}",Applied in project work.,2026-07-18 01:18:00
6cf98cc8-a20c-9fea-a227-ac14343f5341,b232398b-1f3c-4a38-ff62-499af2ae7fce,Flask,beginner,"{""coursework""}",,2026-07-18 01:18:00
85123413-d9e3-23be-48cc-02e84da29b5e,b232398b-1f3c-4a38-ff62-499af2ae7fce,Git,intermediate,"{""project""}",Applied in project work.,2026-07-18 01:18:00
9eb5d8d2-9620-818d-62c5-78296210b734,b232398b-1f3c-4a38-ff62-499af2ae7fce,Java,intermediate,"{""coursework""}",,2026-07-18 01:18:00
efc87fc9-fd8e-fc60-b0bb-79d9d9b00417,b232398b-1f3c-4a38-ff62-499af2ae7fce,JavaScript,beginner,"{""coursework""}",,2026-07-18 01:18:00
c9f09bd6-a327-85f7-e61c-436872f1f318,b232398b-1f3c-4a38-ff62-499af2ae7fce,Machine Learning,intermediate,"{""certification"",""coursework""}",,2026-07-18 01:18:00
21366a4d-01a1-296e-bf34-d88926530bd4,b232398b-1f3c-4a38-ff62-499af2ae7fce,Node.js,intermediate,"{""project"",""coursework""}",Applied in project work.,2026-07-18 01:18:00
b424a7a0-bd1e-9e72-fc1b-321783eb9e95,b232398b-1f3c-4a38-ff62-499af2ae7fce,Problem Solving,beginner,"{""coursework""}",,2026-07-18 01:18:00
37eb9827-869c-a44f-11d0-dc7af56ccffa,b232398b-1f3c-4a38-ff62-499af2ae7fce,Python,intermediate,"{""certification"",""coursework""}",,2026-07-18 01:18:00
cec75674-8b19-f320-b523-08212c4176f7,b232398b-1f3c-4a38-ff62-499af2ae7fce,R,intermediate,"{""certification""}",,2026-07-18 01:18:00
9b48c6fb-333f-117b-2054-e592101b3c72,b232398b-1f3c-4a38-ff62-499af2ae7fce,SQL,intermediate,"{""project"",""certification""}",Applied in project work.,2026-07-18 01:18:00
a07d4d6c-01d0-468c-a528-698bd756b927,b232398b-1f3c-4a38-ff62-499af2ae7fce,Tableau,beginner,"{""certification"",""coursework""}",,2026-07-18 01:18:00
da970edb-a841-588d-53b3-4dafcca5ac2e,8d80c2fe-b7b1-0072-3436-873728ffa490,AI Literacy,advanced,"{""certification""}",,2026-07-23 01:05:00
e58e8fb6-3c88-4bee-24d4-dba98cf7fbd8,8d80c2fe-b7b1-0072-3436-873728ffa490,C++,intermediate,"{""project""}",Applied in project work.,2026-07-23 01:05:00
f6d2a20d-b3d5-1708-5d1a-f023a73ff524,8d80c2fe-b7b1-0072-3436-873728ffa490,Docker,intermediate,"{""coursework""}",,2026-07-23 01:05:00
f08fecf7-8e52-5adc-51f8-deb6340407f4,8d80c2fe-b7b1-0072-3436-873728ffa490,FastAPI,intermediate,"{""project"",""coursework""}",Applied in project work.,2026-07-23 01:05:00
b98b9459-7d35-de60-1f45-a6d06af9e1cd,8d80c2fe-b7b1-0072-3436-873728ffa490,Flask,intermediate,"{""coursework""}",,2026-07-23 01:05:00
64a10253-cee8-efcf-295c-1b5938079a8e,8d80c2fe-b7b1-0072-3436-873728ffa490,Git,intermediate,"{""project""}",Applied in project work.,2026-07-23 01:05:00
5526db8e-922f-ebcf-0501-e79ef1204008,8d80c2fe-b7b1-0072-3436-873728ffa490,Java,beginner,"{""coursework""}",,2026-07-23 01:05:00
b72a6928-9c78-71de-7f84-9eeac661e011,8d80c2fe-b7b1-0072-3436-873728ffa490,JavaScript,intermediate,"{""coursework""}",,2026-07-23 01:05:00
9a86040e-7263-3c6a-e4ad-77b02e32a832,8d80c2fe-b7b1-0072-3436-873728ffa490,Linux,advanced,"{""coursework""}",,2026-07-23 01:05:00
70ad2070-2ca0-ed97-922f-e35d2fd1c775,8d80c2fe-b7b1-0072-3436-873728ffa490,Node.js,advanced,"{""coursework""}",,2026-07-23 01:05:00
aaae3222-3f19-ed0f-54c3-9b6d0e31275c,8d80c2fe-b7b1-0072-3436-873728ffa490,Problem Solving,intermediate,"{""coursework""}",,2026-07-23 01:05:00
36d83fad-1ccd-a878-b800-f5407f6953af,8d80c2fe-b7b1-0072-3436-873728ffa490,Python,intermediate,"{""project""}",Applied in project work.,2026-07-23 01:05:00
236603b4-53ae-322e-d147-b235e537cd52,8d80c2fe-b7b1-0072-3436-873728ffa490,SQL,advanced,"{""project"",""coursework""}",Applied in project work.,2026-07-23 01:05:00
073024e4-2634-90a1-2173-7acd3e3707dc,8d80c2fe-b7b1-0072-3436-873728ffa490,Time Management,beginner,"{""coursework""}",,2026-07-23 01:05:00
6a63bd5b-9398-ba02-0141-f1aee9622f9d,7d2b8714-8de0-b52a-c2d0-af1f43eb756f,Communication,advanced,"{""coursework""}",,2026-09-04 02:16:00
97eea179-afd0-63d6-35dd-e53415286855,7d2b8714-8de0-b52a-c2d0-af1f43eb756f,Flask,advanced,"{""project""}",Applied in project work.,2026-09-04 02:16:00
26a3761b-a21f-56b2-0c65-057665d77fc8,7d2b8714-8de0-b52a-c2d0-af1f43eb756f,JavaScript,intermediate,"{""project"",""coursework""}",Applied in project work.,2026-09-04 02:16:00
1e3a7063-284b-aa23-350e-0c9a1d955056,7d2b8714-8de0-b52a-c2d0-af1f43eb756f,Linux,intermediate,"{""project""}",Applied in project work.,2026-09-04 02:16:00
a901bdb8-c0ae-50f3-7770-014d68fd1179,7d2b8714-8de0-b52a-c2d0-af1f43eb756f,Machine Learning,advanced,"{""project""}",Applied in project work.,2026-09-04 02:16:00
befb3cb8-c578-f4f4-9b18-276a1d7b8363,7d2b8714-8de0-b52a-c2d0-af1f43eb756f,Problem Solving,intermediate,"{""coursework""}",,2026-09-04 02:16:00
2e42d010-e9cd-1072-2127-130e1ac0dff3,7d2b8714-8de0-b52a-c2d0-af1f43eb756f,Python,advanced,"{""project""}",Applied in project work.,2026-09-04 02:16:00
724d3c00-082b-bc6f-b8bf-69039e150062,7d2b8714-8de0-b52a-c2d0-af1f43eb756f,Research Skills,advanced,"{""project"",""coursework""}",Applied in project work.,2026-09-04 02:16:00
eeb1ecb9-7008-f9e0-c28c-36b88776b75f,7d2b8714-8de0-b52a-c2d0-af1f43eb756f,SQL,intermediate,"{""project"",""coursework""}",Applied in project work.,2026-09-04 02:16:00
bacc5ea6-bf2c-857e-9f7b-3992ecec73f2,7d2b8714-8de0-b52a-c2d0-af1f43eb756f,Teamwork,advanced,"{""project"",""coursework""}",Applied in project work.,2026-09-04 02:16:00
8941069b-3559-d3c6-565a-2822615a443c,7d2b8714-8de0-b52a-c2d0-af1f43eb756f,Time Management,intermediate,"{""coursework""}",,2026-09-04 02:16:00
0fbfae31-9e92-9f50-995c-712f2a9608bd,05d04902-48d1-be77-1710-d2f519b7a8e8,AWS,intermediate,"{""certification"",""coursework""}",,2026-08-13 09:17:00
6e648ec8-15db-0b31-f6c8-4ff5b8b75626,05d04902-48d1-be77-1710-d2f519b7a8e8,C++,intermediate,"{""coursework""}",,2026-08-13 09:17:00
4809c026-dc29-aca7-2061-2cdd2146de31,05d04902-48d1-be77-1710-d2f519b7a8e8,Cloud Computing,intermediate,"{""certification"",""internship"",""coursework""}",Used during internship.,2026-08-13 09:17:00
57a6e460-1b66-f3d3-e6af-cce9f1f58294,05d04902-48d1-be77-1710-d2f519b7a8e8,Deep Learning,intermediate,"{""project""}",Applied in project work.,2026-08-13 09:17:00
a45ccc55-a1b9-5e07-af38-0794e0eb16f1,05d04902-48d1-be77-1710-d2f519b7a8e8,Git,advanced,"{""coursework""}",,2026-08-13 09:17:00
4913a18b-ddcf-f347-b5d8-4caeb381e8b0,05d04902-48d1-be77-1710-d2f519b7a8e8,Leadership,advanced,"{""internship"",""coursework""}",Used during internship.,2026-08-13 09:17:00
67d17836-e7b4-638b-e871-690e5cf9cefa,05d04902-48d1-be77-1710-d2f519b7a8e8,Linux,advanced,"{""project"",""coursework""}",Applied in project work.,2026-08-13 09:17:00
a3cc77c1-c4b6-ae47-ea09-70c6907e5f2d,05d04902-48d1-be77-1710-d2f519b7a8e8,Node.js,advanced,"{""project""}",Applied in project work.,2026-08-13 09:17:00
715c2507-5ef2-8433-109c-21df9f76cb6f,05d04902-48d1-be77-1710-d2f519b7a8e8,Problem Solving,intermediate,"{""coursework""}",,2026-08-13 09:17:00
5f3969ad-5918-a225-ff7f-84ecc743eed3,05d04902-48d1-be77-1710-d2f519b7a8e8,Python,advanced,"{""project"",""internship""}",Applied in project work.,2026-08-13 09:17:00
1b3eaba1-d771-b446-7ac5-32884053f74e,05d04902-48d1-be77-1710-d2f519b7a8e8,React,advanced,"{""project"",""coursework""}",Applied in project work.,2026-08-13 09:17:00
6f26bd7c-7634-fa48-4048-0f7bcf61ea35,05d04902-48d1-be77-1710-d2f519b7a8e8,Research Skills,intermediate,"{""project"",""coursework""}",Applied in project work.,2026-08-13 09:17:00
83a17fac-c89a-0cbd-cc19-2b501e56a4fb,05d04902-48d1-be77-1710-d2f519b7a8e8,SQL,advanced,"{""project"",""coursework""}",Applied in project work.,2026-08-13 09:17:00
f70f8b81-4f83-90da-19a4-8e556cf1bb98,6c7e80ad-2970-9912-7d2e-11bd1708f96e,Communication,advanced,"{""internship"",""coursework""}",Used during internship.,2026-09-05 12:19:00
115c13de-c14d-f98e-0662-08b696dd4b80,6c7e80ad-2970-9912-7d2e-11bd1708f96e,Data Visualisation,advanced,"{""certification"",""coursework""}",,2026-09-05 12:19:00
e9f746e7-1fd3-a8d0-77a4-d097aaa22344,6c7e80ad-2970-9912-7d2e-11bd1708f96e,Excel,advanced,"{""certification""}",,2026-09-05 12:19:00
433fed33-a7b4-d7c9-bfbf-f3150507a453,6c7e80ad-2970-9912-7d2e-11bd1708f96e,Flask,advanced,"{""project"",""coursework""}",Applied in project work.,2026-09-05 12:19:00
901b938f-b703-de19-d20f-65b31164d2e6,6c7e80ad-2970-9912-7d2e-11bd1708f96e,Git,beginner,"{""coursework""}",,2026-09-05 12:19:00
b249c3c8-a18e-1a64-b51f-34b7dba0aa70,6c7e80ad-2970-9912-7d2e-11bd1708f96e,JavaScript,advanced,"{""project""}",Applied in project work.,2026-09-05 12:19:00
5111044c-10d6-e19e-b52d-b8c8ff5b2d52,6c7e80ad-2970-9912-7d2e-11bd1708f96e,Leadership,advanced,"{""coursework""}",,2026-09-05 12:19:00
9bdd8ac3-9c4d-8e2c-4169-de840ad3f8b9,6c7e80ad-2970-9912-7d2e-11bd1708f96e,Node.js,advanced,"{""project"",""internship""}",Applied in project work.,2026-09-05 12:19:00
7f353843-d25b-b219-9912-28bed483764a,6c7e80ad-2970-9912-7d2e-11bd1708f96e,Python,advanced,"{""certification""}",,2026-09-05 12:19:00
8778dbe6-9b29-f76e-c888-0b2c651ebbd2,6c7e80ad-2970-9912-7d2e-11bd1708f96e,React,advanced,"{""project""}",Applied in project work.,2026-09-05 12:19:00
706370c4-971f-0676-7697-67b732dba13d,6c7e80ad-2970-9912-7d2e-11bd1708f96e,SQL,intermediate,"{""project""}",Applied in project work.,2026-09-05 12:19:00
9a5d5ace-61d9-407c-6a21-ab97d04c5e8e,6c7e80ad-2970-9912-7d2e-11bd1708f96e,Tableau,intermediate,"{""certification"",""internship""}",Used during internship.,2026-09-05 12:19:00
260027aa-197d-dceb-f498-816e61cb03f3,6c7e80ad-2970-9912-7d2e-11bd1708f96e,Teamwork,advanced,"{""project""}",Applied in project work.,2026-09-05 12:19:00
7c2a5ca2-0c92-1749-f3da-143e4962394f,6c7e80ad-2970-9912-7d2e-11bd1708f96e,Time Management,advanced,"{""coursework""}",,2026-09-05 12:19:00
02f3e4d0-eeb8-c6eb-700a-ffff5fb14f5b,9859df42-974a-2447-ab73-860c83f079b3,Communication,advanced,"{""coursework""}",,2026-09-18 00:13:00
796c39ad-6b35-a9b9-0bfc-8c458a43aa23,9859df42-974a-2447-ab73-860c83f079b3,Data Visualisation,advanced,"{""project""}",Applied in project work.,2026-09-18 00:13:00
d7b42669-d42c-ef05-17fc-87fdaaa54056,9859df42-974a-2447-ab73-860c83f079b3,Docker,intermediate,"{""coursework""}",,2026-09-18 00:13:00
176cc975-673a-0c97-987e-828b4cafae2b,9859df42-974a-2447-ab73-860c83f079b3,Git,intermediate,"{""coursework""}",,2026-09-18 00:13:00
28679c72-ef24-5e07-1583-27a4ab00fba9,9859df42-974a-2447-ab73-860c83f079b3,JavaScript,advanced,"{""coursework""}",,2026-09-18 00:13:00
99932899-2a54-5726-ca9d-569a4539fd82,9859df42-974a-2447-ab73-860c83f079b3,Leadership,beginner,"{""coursework""}",,2026-09-18 00:13:00
26830a4c-8133-25f1-e760-32c38f47c5ae,9859df42-974a-2447-ab73-860c83f079b3,Linux,intermediate,"{""project""}",Applied in project work.,2026-09-18 00:13:00
d91218a9-ee22-91ef-ab97-37efffc19e7b,9859df42-974a-2447-ab73-860c83f079b3,Node.js,intermediate,"{""project"",""coursework""}",Applied in project work.,2026-09-18 00:13:00
0b0ae00f-4462-ecae-0cce-769ba2a8d37d,9859df42-974a-2447-ab73-860c83f079b3,Problem Solving,intermediate,"{""project"",""coursework""}",Applied in project work.,2026-09-18 00:13:00
ca4514d1-16a3-ce4e-ca5c-4c4ae79bd439,9859df42-974a-2447-ab73-860c83f079b3,Python,intermediate,"{""project"",""certification""}",Applied in project work.,2026-09-18 00:13:00
0b44f907-6d59-ae12-5ac7-b94d1ccc575e,9859df42-974a-2447-ab73-860c83f079b3,React,advanced,"{""project""}",Applied in project work.,2026-09-18 00:13:00
e4cda3b9-ac97-e067-48bb-ec177ccd3eb6,9859df42-974a-2447-ab73-860c83f079b3,Research Skills,intermediate,"{""coursework""}",,2026-09-18 00:13:00
55539a05-3960-a10e-8ee5-62468d9f42bc,9859df42-974a-2447-ab73-860c83f079b3,SQL,intermediate,"{""project""}",Applied in project work.,2026-09-18 00:13:00
dbe6fc7f-cc40-d3a5-94be-a0bd75d24173,9859df42-974a-2447-ab73-860c83f079b3,Teamwork,intermediate,"{""project""}",Applied in project work.,2026-09-18 00:13:00
86f73047-c0bd-beaf-fcce-4fb6fd97a595,8bfafb8c-623c-2c71-6056-27659c1d7a65,Cloud Computing,beginner,"{""coursework""}",,2026-08-24 09:52:00
05a562a9-6cc7-3151-1172-44f793645e43,8bfafb8c-623c-2c71-6056-27659c1d7a65,Linux,intermediate,"{""coursework""}",,2026-08-24 09:52:00
1cea0ac0-d466-f946-ffab-82a036e65004,8bfafb8c-623c-2c71-6056-27659c1d7a65,React,intermediate,"{""coursework""}",,2026-08-24 09:52:00
3f8f9da4-b98a-953f-fe85-44e1c1b65800,8bfafb8c-623c-2c71-6056-27659c1d7a65,Teamwork,beginner,"{""coursework""}",,2026-08-24 09:52:00
e47c666a-b04d-ee79-4ff6-308a91356bfe,2fc3bb1c-577b-8d97-001b-d08ee4fa2e93,AI Literacy,intermediate,"{""certification""}",,2026-07-06 17:41:00
a8efa3a9-cdb7-5f57-5045-2f2bfa98f0cf,2fc3bb1c-577b-8d97-001b-d08ee4fa2e93,Cloud Computing,intermediate,"{""coursework""}",,2026-07-06 17:41:00
b8edffe8-2280-229d-9d1b-40f51fc61eb3,2fc3bb1c-577b-8d97-001b-d08ee4fa2e93,Deep Learning,advanced,"{""project"",""coursework""}",Applied in project work.,2026-07-06 17:41:00
5c7f35ce-fea3-9cb1-7a4e-438dc7f2a172,2fc3bb1c-577b-8d97-001b-d08ee4fa2e93,Leadership,advanced,"{""coursework""}",,2026-07-06 17:41:00
b1dc3a91-e39f-95a1-61a9-529dedc2735d,2fc3bb1c-577b-8d97-001b-d08ee4fa2e93,Linux,advanced,"{""certification"",""coursework""}",,2026-07-06 17:41:00
0fd68618-ba6b-295c-aec9-c1996c27ca62,2fc3bb1c-577b-8d97-001b-d08ee4fa2e93,Machine Learning,advanced,"{""project"",""coursework""}",Applied in project work.,2026-07-06 17:41:00
c5736b1c-c0b1-5ca3-89ae-67cb9893e27d,2fc3bb1c-577b-8d97-001b-d08ee4fa2e93,Natural Language Processing,advanced,"{""project"",""coursework""}",Applied in project work.,2026-07-06 17:41:00
b598655f-f9d2-3cfd-6929-81b13fa1292a,2fc3bb1c-577b-8d97-001b-d08ee4fa2e93,Python,intermediate,"{""project""}",Applied in project work.,2026-07-06 17:41:00
4289281d-944a-f6a6-83c1-4496199a2509,2fc3bb1c-577b-8d97-001b-d08ee4fa2e93,R,intermediate,"{""coursework""}",,2026-07-06 17:41:00
981813c7-0657-894f-0c95-352201f73517,2fc3bb1c-577b-8d97-001b-d08ee4fa2e93,Statistical Analysis,intermediate,"{""project"",""coursework""}",Applied in project work.,2026-07-06 17:41:00
22c97943-ce97-2144-4d17-094c9288cbf5,2fc3bb1c-577b-8d97-001b-d08ee4fa2e93,Teamwork,intermediate,"{""coursework""}",,2026-07-06 17:41:00
3a99542f-58d6-87f6-9bb5-a0529a88d62a,8e8752c2-dc8f-79c8-bd95-5829e72cf300,Azure,beginner,"{""coursework""}",,2026-08-11 23:52:00
2fce10ae-db06-fec2-2907-12056ced484e,8e8752c2-dc8f-79c8-bd95-5829e72cf300,Data Analysis,advanced,"{""certification""}",,2026-08-11 23:52:00
f699734e-2e58-e57a-4b4a-f20d26f3af26,8e8752c2-dc8f-79c8-bd95-5829e72cf300,Leadership,beginner,"{""coursework""}",,2026-08-11 23:52:00
7954af2d-a819-d4b9-b1a6-aed37a761f37,8e8752c2-dc8f-79c8-bd95-5829e72cf300,R,beginner,"{""certification""}",,2026-08-11 23:52:00
9cff77c5-50e5-b83b-c388-fb0e2263e16c,8e8752c2-dc8f-79c8-bd95-5829e72cf300,React,intermediate,"{""coursework""}",,2026-08-11 23:52:00
19940293-fbc6-423e-b58a-432147eb1172,8e8752c2-dc8f-79c8-bd95-5829e72cf300,SQL,intermediate,"{""certification"",""coursework""}",,2026-08-11 23:52:00
80dc3ba1-da0e-b3c3-f8f0-01aee924e01a,8e8752c2-dc8f-79c8-bd95-5829e72cf300,Tableau,intermediate,"{""certification"",""coursework""}",,2026-08-11 23:52:00
cc02ae53-5cad-f1a9-40d2-e1bee0ef3416,7b2ff249-6565-8fc1-fb62-f1dc842a4b95,C++,advanced,"{""coursework""}",,2026-07-11 14:54:00
412498f9-6de2-7e22-f1cf-851bad0294a0,7b2ff249-6565-8fc1-fb62-f1dc842a4b95,Communication,intermediate,"{""coursework""}",,2026-07-11 14:54:00
779bfee4-a6f7-0a50-4903-528a5e0fb618,7b2ff249-6565-8fc1-fb62-f1dc842a4b95,Linux,beginner,"{""coursework""}",,2026-07-11 14:54:00
23d359b8-1c84-f34f-13a2-dc03e14b400f,7b2ff249-6565-8fc1-fb62-f1dc842a4b95,Node.js,intermediate,"{""project"",""coursework""}",Applied in project work.,2026-07-11 14:54:00
fc16f82a-b682-4487-ef45-88c3277747dc,7b2ff249-6565-8fc1-fb62-f1dc842a4b95,Problem Solving,intermediate,"{""coursework""}",,2026-07-11 14:54:00
7dc2c940-fa26-897a-bb20-fea4bc89e2fe,7b2ff249-6565-8fc1-fb62-f1dc842a4b95,Python,intermediate,"{""certification"",""coursework""}",,2026-07-11 14:54:00
fbb8d9fe-d0cb-16e9-bbc2-b67c9eec1868,7b2ff249-6565-8fc1-fb62-f1dc842a4b95,R,beginner,"{""coursework""}",,2026-07-11 14:54:00
aa1c8b53-3e2e-7201-34ce-c306c39fcfb3,7b2ff249-6565-8fc1-fb62-f1dc842a4b95,React,beginner,"{""project"",""coursework""}",Applied in project work.,2026-07-11 14:54:00
2a966a13-be04-d96e-adb3-5ea8a43a5eda,7b2ff249-6565-8fc1-fb62-f1dc842a4b95,SQL,intermediate,"{""project"",""coursework""}",Applied in project work.,2026-07-11 14:54:00
af61997d-6127-5e64-89f5-15e08e1a4d7d,7b2ff249-6565-8fc1-fb62-f1dc842a4b95,Teamwork,intermediate,"{""coursework""}",,2026-07-11 14:54:00
afad738e-a44c-26d4-03fc-5e6c1b6e6353,f65a5aa3-6314-0fcc-c8b6-b9a29b5358d4,Data Analysis,beginner,"{""certification""}",,2026-08-13 06:41:00
ab6589eb-b9dc-e742-ccea-7dd0e90c961c,f65a5aa3-6314-0fcc-c8b6-b9a29b5358d4,Deep Learning,intermediate,"{""coursework""}",,2026-08-13 06:41:00
80994da1-f5d9-2b55-74dc-bf138960a41b,f65a5aa3-6314-0fcc-c8b6-b9a29b5358d4,Machine Learning,intermediate,"{""project"",""coursework""}",Applied in project work.,2026-08-13 06:41:00
bc3f512e-89f3-2a99-dfc7-35f841659d74,f65a5aa3-6314-0fcc-c8b6-b9a29b5358d4,Natural Language Processing,intermediate,"{""project""}",Applied in project work.,2026-08-13 06:41:00
83b5c73d-8716-f0b3-9619-7356fcf8d6f8,f65a5aa3-6314-0fcc-c8b6-b9a29b5358d4,Python,intermediate,"{""project"",""coursework""}",Applied in project work.,2026-08-13 06:41:00
b0cb27f3-c3ab-6793-e300-65bbe282338d,f65a5aa3-6314-0fcc-c8b6-b9a29b5358d4,R,intermediate,"{""certification""}",,2026-08-13 06:41:00
22021f9f-b3fc-e44c-942a-9c097b3299df,f65a5aa3-6314-0fcc-c8b6-b9a29b5358d4,Research Skills,beginner,"{""coursework""}",,2026-08-13 06:41:00
730cce0e-d6f9-9298-4634-a5f61aca9cf6,f65a5aa3-6314-0fcc-c8b6-b9a29b5358d4,SQL,advanced,"{""certification""}",,2026-08-13 06:41:00
ba99267e-dca2-1033-16ec-34b5cf6ad43f,f65a5aa3-6314-0fcc-c8b6-b9a29b5358d4,Statistical Analysis,intermediate,"{""coursework""}",,2026-08-13 06:41:00
619f6688-f6a8-6371-bf69-33658a5abc61,f65a5aa3-6314-0fcc-c8b6-b9a29b5358d4,Tableau,intermediate,"{""certification""}",,2026-08-13 06:41:00
82a54c56-96f2-2a06-15c5-fe34f1830345,cad75ebe-9169-4fbb-3cff-13aa3c477d0c,AWS,intermediate,"{""certification"",""coursework""}",,2026-09-02 10:01:00
db30e078-c435-0ad5-c046-75c7c87533e5,cad75ebe-9169-4fbb-3cff-13aa3c477d0c,Azure,intermediate,"{""coursework""}",,2026-09-02 10:01:00
4f304094-509a-c91f-31ea-b1f423648766,cad75ebe-9169-4fbb-3cff-13aa3c477d0c,Cloud Computing,intermediate,"{""certification""}",,2026-09-02 10:01:00
08ed3047-1900-1fc9-ca44-5a6bad20c3fa,cad75ebe-9169-4fbb-3cff-13aa3c477d0c,Communication,intermediate,"{""coursework""}",,2026-09-02 10:01:00
0453ab6d-fe9d-21c3-c5e9-8866bbbbdbd1,cad75ebe-9169-4fbb-3cff-13aa3c477d0c,Git,intermediate,"{""coursework""}",,2026-09-02 10:01:00
d0c9dfc1-d13f-2495-5ebc-23bf00e5ebaf,cad75ebe-9169-4fbb-3cff-13aa3c477d0c,Linux,intermediate,"{""project"",""coursework""}",Applied in project work.,2026-09-02 10:01:00
969c8d45-be00-7552-f3d6-d5c75455213b,cad75ebe-9169-4fbb-3cff-13aa3c477d0c,Problem Solving,beginner,"{""project"",""coursework""}",Applied in project work.,2026-09-02 10:01:00
6f97e80c-0bcb-b729-b064-6038e7270909,cad75ebe-9169-4fbb-3cff-13aa3c477d0c,Research Skills,intermediate,"{""coursework""}",,2026-09-02 10:01:00
6c0d8d97-63d2-b7c6-ab1f-0327e59a5f4e,cad75ebe-9169-4fbb-3cff-13aa3c477d0c,Teamwork,intermediate,"{""project"",""coursework""}",Applied in project work.,2026-09-02 10:01:00
feb8bf0b-8775-a0f0-78f4-58891e49c76a,f14dfb3e-fe3c-f361-e44d-9a28d739a70f,Git,intermediate,"{""coursework""}",,2026-08-28 03:29:00
5ef993c3-07d7-afec-5d34-a21912990cb3,f14dfb3e-fe3c-f361-e44d-9a28d739a70f,Leadership,beginner,"{""coursework""}",,2026-08-28 03:29:00
741ad2c2-5cee-f79c-2e3c-76796dc2d7db,f14dfb3e-fe3c-f361-e44d-9a28d739a70f,Teamwork,beginner,"{""coursework""}",,2026-08-28 03:29:00
ea8f37c7-4432-dbd9-5dcf-19aabb3dc51c,b39844f4-e194-fb21-6e7e-2fbc21f8b225,Communication,intermediate,"{""coursework""}",,2026-09-10 15:22:00
d55c41b2-7c71-7adb-5f72-fe574b2c8bff,b39844f4-e194-fb21-6e7e-2fbc21f8b225,Docker,intermediate,"{""project"",""coursework""}",Applied in project work.,2026-09-10 15:22:00
817bf3ce-c78d-7642-6f63-def851a76445,b39844f4-e194-fb21-6e7e-2fbc21f8b225,Java,beginner,"{""coursework""}",,2026-09-10 15:22:00
7f37c8f7-5dfe-c77c-dea0-f4f1d8355a00,b39844f4-e194-fb21-6e7e-2fbc21f8b225,JavaScript,intermediate,"{""certification"",""coursework""}",,2026-09-10 15:22:00
f0271efc-049f-b2fd-9313-ea0fb5d6a793,b39844f4-e194-fb21-6e7e-2fbc21f8b225,Linux,beginner,"{""coursework""}",,2026-09-10 15:22:00
57988711-e602-8d06-b441-a695ece321fd,b39844f4-e194-fb21-6e7e-2fbc21f8b225,Node.js,intermediate,"{""project""}",Applied in project work.,2026-09-10 15:22:00
2bf30743-7598-7f10-0d86-ff36f35d164d,b39844f4-e194-fb21-6e7e-2fbc21f8b225,Problem Solving,intermediate,"{""coursework""}",,2026-09-10 15:22:00
80cb135d-2d78-da72-fdeb-d029785218de,b39844f4-e194-fb21-6e7e-2fbc21f8b225,React,advanced,"{""certification"",""coursework""}",,2026-09-10 15:22:00
e32e3ac4-53fe-40e3-9c6c-3c4e8f5b8149,b39844f4-e194-fb21-6e7e-2fbc21f8b225,SQL,advanced,"{""project"",""coursework""}",Applied in project work.,2026-09-10 15:22:00
a6e62c01-8529-e74f-7c48-13d916c60b3d,b39844f4-e194-fb21-6e7e-2fbc21f8b225,Teamwork,intermediate,"{""coursework""}",,2026-09-10 15:22:00
162cf897-a755-54fe-fceb-e192d4796110,cb7ab831-ee65-3bb6-ec98-1b8e8ad09042,Java,beginner,"{""coursework""}",,2026-08-15 04:11:00
8fd0720c-4ff0-2a31-c903-5d4c92f1d3d0,cb7ab831-ee65-3bb6-ec98-1b8e8ad09042,Problem Solving,beginner,"{""coursework""}",,2026-08-15 04:11:00
9146d391-cc25-9a1b-240e-b222a5571020,cb7ab831-ee65-3bb6-ec98-1b8e8ad09042,Time Management,beginner,"{""coursework""}",,2026-08-15 04:11:00
e8628d4b-cc3c-33f5-fb3c-d9c8ebcfa81a,bb926370-d619-e0ce-69d5-ddf51d95cdea,Communication,intermediate,"{""coursework""}",,2026-07-20 01:11:00
ea3dbc37-67e8-8ce0-4c44-2d17d98d2038,bb926370-d619-e0ce-69d5-ddf51d95cdea,Data Analysis,intermediate,"{""coursework""}",,2026-07-20 01:11:00
ed50a84e-71bf-d71b-d0f9-5340720d576f,bb926370-d619-e0ce-69d5-ddf51d95cdea,Data Visualisation,intermediate,"{""project"",""coursework""}",Applied in project work.,2026-07-20 01:11:00
72f0b90d-5c2f-e996-64ba-aea10cd4ba10,bb926370-d619-e0ce-69d5-ddf51d95cdea,Excel,intermediate,"{""project"",""coursework""}",Applied in project work.,2026-07-20 01:11:00
9087ba73-34bb-c278-28d2-17d665a61c40,bb926370-d619-e0ce-69d5-ddf51d95cdea,JavaScript,beginner,"{""coursework""}",,2026-07-20 01:11:00
08b52947-9814-c00c-027d-df7ed31c63fb,bb926370-d619-e0ce-69d5-ddf51d95cdea,Machine Learning,intermediate,"{""coursework""}",,2026-07-20 01:11:00
a1027a45-7e4e-7273-0ae1-9e7e1b6d8927,bb926370-d619-e0ce-69d5-ddf51d95cdea,Power BI,beginner,"{""coursework""}",,2026-07-20 01:11:00
fd780916-aa84-6060-070d-eea0bb09e763,bb926370-d619-e0ce-69d5-ddf51d95cdea,Python,advanced,"{""project""}",Applied in project work.,2026-07-20 01:11:00
76737d16-19a1-459d-ff2d-10f415556b95,bb926370-d619-e0ce-69d5-ddf51d95cdea,SQL,intermediate,"{""project""}",Applied in project work.,2026-07-20 01:11:00
99dce819-1841-d873-634d-6e09f0ffd6b0,bb926370-d619-e0ce-69d5-ddf51d95cdea,Statistical Analysis,intermediate,"{""coursework""}",,2026-07-20 01:11:00
b8ab8e09-c5da-3dcc-4dd7-0974f84716b7,67f7aba4-0617-4c62-a243-b9ab2b0e817c,Azure,intermediate,"{""project"",""certification""}",Applied in project work.,2026-08-05 08:50:00
20453d2d-5924-4739-4705-ecba00c4e208,67f7aba4-0617-4c62-a243-b9ab2b0e817c,Cloud Computing,intermediate,"{""project"",""certification"",""coursework""}",Applied in project work.,2026-08-05 08:50:00
0bace8ac-6dac-29b6-36ea-525de0d768bb,67f7aba4-0617-4c62-a243-b9ab2b0e817c,Communication,beginner,"{""coursework""}",,2026-08-05 08:50:00
4cc5b705-8af2-63bd-126f-28a9107d2387,67f7aba4-0617-4c62-a243-b9ab2b0e817c,Docker,intermediate,"{""project""}",Applied in project work.,2026-08-05 08:50:00
38ac7355-f495-dd71-1802-f730e8ec6834,67f7aba4-0617-4c62-a243-b9ab2b0e817c,Git,intermediate,"{""project""}",Applied in project work.,2026-08-05 08:50:00
8ba22d11-f5b8-5c17-2c9c-763be4540286,67f7aba4-0617-4c62-a243-b9ab2b0e817c,Leadership,intermediate,"{""coursework""}",,2026-08-05 08:50:00
e8c80d96-3e5e-9986-c002-cd6bc28d1433,67f7aba4-0617-4c62-a243-b9ab2b0e817c,Linux,advanced,"{""project"",""certification"",""coursework""}",Applied in project work.,2026-08-05 08:50:00
08839311-1216-e243-634e-e1155c812bad,67f7aba4-0617-4c62-a243-b9ab2b0e817c,Problem Solving,intermediate,"{""certification"",""coursework""}",,2026-08-05 08:50:00
f0c935a9-91c3-d637-7ca5-013cf6b896c2,67f7aba4-0617-4c62-a243-b9ab2b0e817c,Python,intermediate,"{""coursework""}",,2026-08-05 08:50:00
e8a94b68-e9fc-5fb3-f162-31e06db06ad8,67f7aba4-0617-4c62-a243-b9ab2b0e817c,SQL,intermediate,"{""project""}",Applied in project work.,2026-08-05 08:50:00
630915e1-8bf6-d88b-12dd-332d0f0cd977,67f7aba4-0617-4c62-a243-b9ab2b0e817c,Teamwork,intermediate,"{""coursework""}",,2026-08-05 08:50:00
0be08870-ad40-9867-d6c4-222e6bf82001,f4d7b8cd-e3c7-8964-b776-cbf620141450,Azure,intermediate,"{""internship""}",Used during internship.,2026-08-06 19:28:00
69fc339f-e9dc-bdd1-8e47-fb7d8a7fe26e,f4d7b8cd-e3c7-8964-b776-cbf620141450,Communication,intermediate,"{""coursework""}",,2026-08-06 19:28:00
e2eb0222-26c6-8746-0391-ddc53e33a833,f4d7b8cd-e3c7-8964-b776-cbf620141450,FastAPI,beginner,"{""coursework""}",,2026-08-06 19:28:00
9dc3a0c6-22d6-35b7-cb69-7bf9384e40c1,f4d7b8cd-e3c7-8964-b776-cbf620141450,Leadership,intermediate,"{""coursework""}",,2026-08-06 19:28:00
55a28f90-ada7-93f0-e579-77ec48164644,f4d7b8cd-e3c7-8964-b776-cbf620141450,Machine Learning,intermediate,"{""project""}",Applied in project work.,2026-08-06 19:28:00
9004c585-fefb-5480-e05f-8184c115ae8e,f4d7b8cd-e3c7-8964-b776-cbf620141450,Natural Language Processing,intermediate,"{""project"",""internship""}",Applied in project work.,2026-08-06 19:28:00
52c2526e-737e-68ed-8b04-09e4fb65c3d3,f4d7b8cd-e3c7-8964-b776-cbf620141450,Node.js,beginner,"{""coursework""}",,2026-08-06 19:28:00
c564956a-97f5-f3e4-bca8-891197ea502c,f4d7b8cd-e3c7-8964-b776-cbf620141450,Python,intermediate,"{""project""}",Applied in project work.,2026-08-06 19:28:00
3b1f38f0-0be2-9694-652e-89572ae06f26,f4d7b8cd-e3c7-8964-b776-cbf620141450,Teamwork,intermediate,"{""internship"",""coursework""}",Used during internship.,2026-08-06 19:28:00
181d40f9-b0d3-ce6f-b437-e2042adfedf8,417e5edc-13e6-9df3-2fc0-fe9c854a05f9,Cloud Computing,beginner,"{""coursework""}",,2026-09-15 13:18:00
56f4927f-c5eb-a017-fe0e-eda1c01b07c4,417e5edc-13e6-9df3-2fc0-fe9c854a05f9,Data Analysis,beginner,"{""coursework""}",,2026-09-15 13:18:00
ceec79d5-c3fd-9130-88f4-51627a8f5fad,417e5edc-13e6-9df3-2fc0-fe9c854a05f9,Docker,beginner,"{""coursework""}",,2026-09-15 13:18:00
f14e8d13-9bd0-e94e-601c-af82faa59b3b,417e5edc-13e6-9df3-2fc0-fe9c854a05f9,Excel,beginner,"{""project""}",Applied in project work.,2026-09-15 13:18:00
e632ef0a-7ac6-8859-94f6-614ee89afbfe,417e5edc-13e6-9df3-2fc0-fe9c854a05f9,Problem Solving,beginner,"{""coursework""}",,2026-09-15 13:18:00
0dacf645-ddc1-6c3a-4f9d-2780e1cf33a4,417e5edc-13e6-9df3-2fc0-fe9c854a05f9,SQL,beginner,"{""project"",""coursework""}",Applied in project work.,2026-09-15 13:18:00
2b0a0050-235a-a8e9-838f-d802fed46e35,417e5edc-13e6-9df3-2fc0-fe9c854a05f9,Teamwork,beginner,"{""coursework""}",,2026-09-15 13:18:00
d32b3c0d-fbff-1829-aea3-798b00bd204e,f20d3aea-a998-a3ee-22a1-12b53a880cec,Communication,advanced,"{""coursework""}",,2026-08-05 18:30:00
74f894e2-70a1-e5dd-d403-653eef55c8e2,f20d3aea-a998-a3ee-22a1-12b53a880cec,Deep Learning,intermediate,"{""certification"",""coursework""}",,2026-08-05 18:30:00
18906db4-95a5-de44-e731-207b65dbb404,f20d3aea-a998-a3ee-22a1-12b53a880cec,Git,beginner,"{""coursework""}",,2026-08-05 18:30:00
29723882-a6d9-d3d1-05dd-f023af0caa3c,f20d3aea-a998-a3ee-22a1-12b53a880cec,Leadership,intermediate,"{""coursework""}",,2026-08-05 18:30:00
e22a75cc-aec1-3f6e-6a6c-021616f3e1c8,f20d3aea-a998-a3ee-22a1-12b53a880cec,Node.js,advanced,"{""project""}",Applied in project work.,2026-08-05 18:30:00
9bada6c6-dd7d-08c9-60cc-7abd4c6cfc1c,f20d3aea-a998-a3ee-22a1-12b53a880cec,Python,intermediate,"{""certification""}",,2026-08-05 18:30:00
bfc3535d-9500-97ce-28bc-2d51f1e453e6,f20d3aea-a998-a3ee-22a1-12b53a880cec,React,intermediate,"{""project"",""coursework""}",Applied in project work.,2026-08-05 18:30:00
d796efbc-3f79-17c5-437f-eb6b0777cad1,f20d3aea-a998-a3ee-22a1-12b53a880cec,SQL,intermediate,"{""project""}",Applied in project work.,2026-08-05 18:30:00
443cf3a1-5210-5009-b207-75f28e07b7b4,0394fc90-7ca2-101f-6b77-fbe41e57072d,C++,intermediate,"{""coursework""}",,2026-09-10 21:34:00
d9a3742a-83c2-8870-adde-98b619f620a2,0394fc90-7ca2-101f-6b77-fbe41e57072d,Docker,beginner,"{""project""}",Applied in project work.,2026-09-10 21:34:00
fc800953-f2fb-122f-7e34-be79bc25d3bd,0394fc90-7ca2-101f-6b77-fbe41e57072d,Flask,intermediate,"{""coursework""}",,2026-09-10 21:34:00
bd6a6ee8-191c-2be6-9e21-89dbafef2e1c,0394fc90-7ca2-101f-6b77-fbe41e57072d,Java,intermediate,"{""project""}",Applied in project work.,2026-09-10 21:34:00
d216d058-e84d-faa4-4fa6-897eb96f5266,0394fc90-7ca2-101f-6b77-fbe41e57072d,Node.js,intermediate,"{""project""}",Applied in project work.,2026-09-10 21:34:00
aec5509c-9226-15b2-99cd-0df3a873abc8,0394fc90-7ca2-101f-6b77-fbe41e57072d,SQL,advanced,"{""project""}",Applied in project work.,2026-09-10 21:34:00
61deebef-80b6-d44f-c6e4-472d983acd16,f95f299a-75ff-b57f-f27d-f93c481faf4b,Java,intermediate,"{""project""}",Applied in project work.,2026-08-17 07:45:00
2d555314-143e-7fb7-2060-8b8d47c57d53,f95f299a-75ff-b57f-f27d-f93c481faf4b,Problem Solving,beginner,"{""coursework""}",,2026-08-17 07:45:00
b29f2d6b-8915-a364-05aa-0cd35eb45406,f95f299a-75ff-b57f-f27d-f93c481faf4b,SQL,beginner,"{""project"",""coursework""}",Applied in project work.,2026-08-17 07:45:00
f09d07f1-eac4-c60c-9e4a-9260efd52c09,f95f299a-75ff-b57f-f27d-f93c481faf4b,Tableau,beginner,"{""coursework""}",,2026-08-17 07:45:00
eb74e721-5b34-5ede-d26b-6c2187e47dba,4d5593a3-65a6-b335-619c-03d193622966,Azure,beginner,"{""coursework""}",,2026-08-28 18:25:00
5e4cdce6-1453-9cdb-1ec8-8633ee926321,4d5593a3-65a6-b335-619c-03d193622966,Cloud Computing,beginner,"{""coursework""}",,2026-08-28 18:25:00
280b0996-517e-71e0-47e5-df568e96551a,4d5593a3-65a6-b335-619c-03d193622966,Communication,beginner,"{""coursework""}",,2026-08-28 18:25:00
4784259f-a86e-dac1-f82e-98dcd0ce2457,4d5593a3-65a6-b335-619c-03d193622966,Docker,intermediate,"{""coursework""}",,2026-08-28 18:25:00
427fbc4b-75ed-76cf-cc29-a582816786fa,4d5593a3-65a6-b335-619c-03d193622966,Machine Learning,intermediate,"{""project""}",Applied in project work.,2026-08-28 18:25:00
adc01c1f-e3ea-46a8-a686-4e54ae269692,4d5593a3-65a6-b335-619c-03d193622966,Python,advanced,"{""project"",""coursework""}",Applied in project work.,2026-08-28 18:25:00
a5ea3158-dea4-3dfd-29e1-bb4cf701f1f4,4d5593a3-65a6-b335-619c-03d193622966,SQL,intermediate,"{""coursework""}",,2026-08-28 18:25:00
876ef409-b106-3540-067b-0c70ad3c919f,4d5593a3-65a6-b335-619c-03d193622966,Time Management,intermediate,"{""coursework""}",,2026-08-28 18:25:00
d3c6756c-5a2c-fba8-9d88-e7a4f76361e6,77d0da32-31ea-2821-3034-7270681ff528,Communication,advanced,"{""coursework""}",,2026-07-07 06:28:00
26994648-2b42-023a-25fa-d4573c10cbcf,77d0da32-31ea-2821-3034-7270681ff528,Data Visualisation,advanced,"{""certification""}",,2026-07-07 06:28:00
3a122631-7154-63ee-d08e-f8b5c556f034,77d0da32-31ea-2821-3034-7270681ff528,Excel,intermediate,"{""project"",""internship""}",Applied in project work.,2026-07-07 06:28:00
498e6ba4-005d-55a8-2c9f-57059ba0e399,77d0da32-31ea-2821-3034-7270681ff528,FastAPI,advanced,"{""coursework""}",,2026-07-07 06:28:00
d40bd487-b188-bd6a-b0f1-d20979432f6f,77d0da32-31ea-2821-3034-7270681ff528,Flask,advanced,"{""coursework""}",,2026-07-07 06:28:00
6c589836-3a04-e4d7-2113-6ce039ba7d2f,77d0da32-31ea-2821-3034-7270681ff528,Git,advanced,"{""internship""}",Used during internship.,2026-07-07 06:28:00
08e5ed83-f8d4-866f-599a-20f181dcd57c,77d0da32-31ea-2821-3034-7270681ff528,Java,intermediate,"{""coursework""}",,2026-07-07 06:28:00
82ee6e08-0ba9-ee1e-7588-8aa1f9e33543,77d0da32-31ea-2821-3034-7270681ff528,JavaScript,advanced,"{""certification"",""internship"",""coursework""}",Used during internship.,2026-07-07 06:28:00
f5a8edd7-c9b4-9d09-7f72-0ffc9b6d272f,77d0da32-31ea-2821-3034-7270681ff528,Leadership,intermediate,"{""coursework""}",,2026-07-07 06:28:00
09e002f0-6191-ee64-332c-dcc7da819b74,77d0da32-31ea-2821-3034-7270681ff528,Node.js,intermediate,"{""coursework""}",,2026-07-07 06:28:00
657c2801-27ed-b5db-1feb-1cf57dcbe113,77d0da32-31ea-2821-3034-7270681ff528,Power BI,advanced,"{""certification"",""coursework""}",,2026-07-07 06:28:00
e498446d-38e6-1f15-8dba-2c36fb0100d9,77d0da32-31ea-2821-3034-7270681ff528,Problem Solving,intermediate,"{""coursework""}",,2026-07-07 06:28:00
f63fa63f-a1d2-9dff-8f6a-9f1bad8264e3,77d0da32-31ea-2821-3034-7270681ff528,Python,intermediate,"{""certification""}",,2026-07-07 06:28:00
a1592b44-d781-27e8-cb33-94d7aa8d6f81,77d0da32-31ea-2821-3034-7270681ff528,React,advanced,"{""certification"",""coursework""}",,2026-07-07 06:28:00
88bce600-431b-800a-c315-5e4bb51b8a05,77d0da32-31ea-2821-3034-7270681ff528,SQL,advanced,"{""project"",""coursework""}",Applied in project work.,2026-07-07 06:28:00
433d65c2-c0f5-de46-714f-4be5530619e4,77d0da32-31ea-2821-3034-7270681ff528,Teamwork,intermediate,"{""coursework""}",,2026-07-07 06:28:00
d4031364-9227-31e9-3aaf-618766384b25,a27e5970-0452-ba51-8223-c495b64a46f5,AWS,beginner,"{""certification""}",,2026-08-02 14:15:00
1031a582-62d8-84ee-5d89-378ca82762b4,a27e5970-0452-ba51-8223-c495b64a46f5,C++,beginner,"{""project""}",Applied in project work.,2026-08-02 14:15:00
9194d072-405d-861c-5184-00885c8d5e9d,a27e5970-0452-ba51-8223-c495b64a46f5,Cloud Computing,beginner,"{""certification"",""coursework""}",,2026-08-02 14:15:00
a8e15405-a04f-3f5c-efd1-0af82c9d9b63,a27e5970-0452-ba51-8223-c495b64a46f5,Communication,intermediate,"{""coursework""}",,2026-08-02 14:15:00
90f43724-13d6-9792-126f-f5ed4485e60d,a27e5970-0452-ba51-8223-c495b64a46f5,Git,advanced,"{""project"",""coursework""}",Applied in project work.,2026-08-02 14:15:00
6da2c9e0-5477-7e31-579b-ca3cac58d464,a27e5970-0452-ba51-8223-c495b64a46f5,Java,intermediate,"{""project""}",Applied in project work.,2026-08-02 14:15:00
97a92b57-603f-ea1d-b88c-acbc9383f057,a27e5970-0452-ba51-8223-c495b64a46f5,JavaScript,beginner,"{""coursework""}",,2026-08-02 14:15:00
8c102bc1-736b-8385-522f-b6b097477da7,a27e5970-0452-ba51-8223-c495b64a46f5,Leadership,beginner,"{""coursework""}",,2026-08-02 14:15:00
231830a3-cfab-07f4-0022-994ccdad7736,a27e5970-0452-ba51-8223-c495b64a46f5,SQL,intermediate,"{""project"",""coursework""}",Applied in project work.,2026-08-02 14:15:00
2886115f-f9f4-fbcd-6f41-bc232b31b5e7,a27e5970-0452-ba51-8223-c495b64a46f5,Teamwork,beginner,"{""coursework""}",,2026-08-02 14:15:00
4e612e34-6548-dfc8-76da-37478faee492,6e143f9d-b769-6e0e-c07c-5f323e5fe7f5,Cloud Computing,advanced,"{""internship"",""coursework""}",Used during internship.,2026-09-18 22:46:00
72a4bac6-9288-88f6-4c38-f15a66a247b7,6e143f9d-b769-6e0e-c07c-5f323e5fe7f5,Data Analysis,intermediate,"{""project"",""coursework""}",Applied in project work.,2026-09-18 22:46:00
f0e52458-e283-2379-4f3c-0388ec6123eb,6e143f9d-b769-6e0e-c07c-5f323e5fe7f5,Data Visualisation,intermediate,"{""internship""}",Used during internship.,2026-09-18 22:46:00
fd987761-b0cc-e109-6d37-a68058f99bf7,6e143f9d-b769-6e0e-c07c-5f323e5fe7f5,Deep Learning,advanced,"{""project"",""certification"",""coursework""}",Applied in project work.,2026-09-18 22:46:00
05e6d708-0874-688e-54a3-e5aedb9f658f,6e143f9d-b769-6e0e-c07c-5f323e5fe7f5,JavaScript,intermediate,"{""coursework""}",,2026-09-18 22:46:00
96bfbee0-09a2-7373-32fd-73447862f1cf,6e143f9d-b769-6e0e-c07c-5f323e5fe7f5,Leadership,intermediate,"{""coursework""}",,2026-09-18 22:46:00
6d3745e8-90a6-dffe-45bb-fb02f99cf98f,6e143f9d-b769-6e0e-c07c-5f323e5fe7f5,Machine Learning,advanced,"{""project"",""certification""}",Applied in project work.,2026-09-18 22:46:00
90c031a8-a28e-aff6-e1fa-b7e41c230f19,6e143f9d-b769-6e0e-c07c-5f323e5fe7f5,Natural Language Processing,advanced,"{""project""}",Applied in project work.,2026-09-18 22:46:00
6151f6ed-b229-7aff-91be-48c323299406,6e143f9d-b769-6e0e-c07c-5f323e5fe7f5,Python,advanced,"{""project"",""certification""}",Applied in project work.,2026-09-18 22:46:00
020978dc-b811-6c26-7748-9b6b97f3d71d,6e143f9d-b769-6e0e-c07c-5f323e5fe7f5,R,advanced,"{""project"",""coursework""}",Applied in project work.,2026-09-18 22:46:00
876d9b13-2958-d9ab-1c30-f3f5598a2bd1,6e143f9d-b769-6e0e-c07c-5f323e5fe7f5,SQL,advanced,"{""coursework""}",,2026-09-18 22:46:00
140f9b24-fcc9-66c6-3c19-ef424cb9c5c6,6e143f9d-b769-6e0e-c07c-5f323e5fe7f5,Statistical Analysis,intermediate,"{""internship"",""coursework""}",Used during internship.,2026-09-18 22:46:00
3155dc87-5905-fd87-84c1-2470da0423df,54959740-f8ed-8b6a-4c6c-ed6d3f7dd313,Data Analysis,intermediate,"{""certification""}",,2026-08-09 17:47:00
5edbf93e-69ad-2a79-c8cc-684db5b2872b,54959740-f8ed-8b6a-4c6c-ed6d3f7dd313,Docker,intermediate,"{""project"",""internship"",""coursework""}",Applied in project work.,2026-08-09 17:47:00
3e933783-098b-fdfb-202b-50d1c71a5cec,54959740-f8ed-8b6a-4c6c-ed6d3f7dd313,Excel,intermediate,"{""internship"",""coursework""}",Used during internship.,2026-08-09 17:47:00
6ece6ce9-9112-448d-4734-07a34d40e14f,54959740-f8ed-8b6a-4c6c-ed6d3f7dd313,Git,intermediate,"{""project"",""coursework""}",Applied in project work.,2026-08-09 17:47:00
910af69d-3933-c2ed-9c66-75cdb9398e8e,54959740-f8ed-8b6a-4c6c-ed6d3f7dd313,Linux,intermediate,"{""project""}",Applied in project work.,2026-08-09 17:47:00
bcbf7a3d-e5b1-7208-2435-17e00702c1db,54959740-f8ed-8b6a-4c6c-ed6d3f7dd313,Node.js,intermediate,"{""project"",""coursework""}",Applied in project work.,2026-08-09 17:47:00
7622f59a-dd20-525e-bbdc-dd1f343bf9ce,54959740-f8ed-8b6a-4c6c-ed6d3f7dd313,R,advanced,"{""certification""}",,2026-08-09 17:47:00
875d24cb-5b32-7b4e-dd44-051b64bb419d,54959740-f8ed-8b6a-4c6c-ed6d3f7dd313,React,advanced,"{""project"",""internship"",""coursework""}",Applied in project work.,2026-08-09 17:47:00
d6eee772-ad73-5097-a0c4-e637565ea7b8,54959740-f8ed-8b6a-4c6c-ed6d3f7dd313,SQL,intermediate,"{""project"",""certification""}",Applied in project work.,2026-08-09 17:47:00
6e247a6b-f09e-a0d0-8e2d-33d00097d5f0,54959740-f8ed-8b6a-4c6c-ed6d3f7dd313,Tableau,advanced,"{""certification"",""coursework""}",,2026-08-09 17:47:00
42d6e3c8-119b-d998-f1c3-020d37e91ea4,54959740-f8ed-8b6a-4c6c-ed6d3f7dd313,Teamwork,intermediate,"{""coursework""}",,2026-08-09 17:47:00
04286ad9-22e4-0b50-0262-bf903bd88e22,e2908a40-0c4d-862e-5ef8-fa9b8cfca54b,Communication,advanced,"{""coursework""}",,2026-08-22 14:22:00
1b993f82-fdd3-5eea-92d8-8eb166b9ce27,e2908a40-0c4d-862e-5ef8-fa9b8cfca54b,Data Analysis,advanced,"{""project"",""coursework""}",Applied in project work.,2026-08-22 14:22:00
6885ca47-40ee-7a6e-3280-3153382e80e8,e2908a40-0c4d-862e-5ef8-fa9b8cfca54b,Data Visualisation,advanced,"{""project"",""certification"",""internship"",""coursework""}",Applied in project work.,2026-08-22 14:22:00
1f737931-b137-d223-bbeb-914b115626bb,e2908a40-0c4d-862e-5ef8-fa9b8cfca54b,Docker,advanced,"{""internship"",""coursework""}",Used during internship.,2026-08-22 14:22:00
70029831-02bd-a3a7-d0d7-4aa0eeccf146,e2908a40-0c4d-862e-5ef8-fa9b8cfca54b,Excel,intermediate,"{""project""}",Applied in project work.,2026-08-22 14:22:00
9c137f71-7a77-a4de-c6a1-c1ef2459bf96,e2908a40-0c4d-862e-5ef8-fa9b8cfca54b,Leadership,advanced,"{""coursework""}",,2026-08-22 14:22:00
2c6e7aa8-0e81-a1fd-bf96-abade60d9941,e2908a40-0c4d-862e-5ef8-fa9b8cfca54b,Node.js,advanced,"{""coursework""}",,2026-08-22 14:22:00
1407a94b-0e59-4ba4-35ea-7f1e5ec51b50,e2908a40-0c4d-862e-5ef8-fa9b8cfca54b,Power BI,advanced,"{""project"",""coursework""}",Applied in project work.,2026-08-22 14:22:00
4220f0b6-c503-5b6c-8e5e-71c594ebae5d,e2908a40-0c4d-862e-5ef8-fa9b8cfca54b,Python,advanced,"{""project""}",Applied in project work.,2026-08-22 14:22:00
377f35c1-076f-632f-3c28-29392bae3b70,e2908a40-0c4d-862e-5ef8-fa9b8cfca54b,SQL,advanced,"{""project""}",Applied in project work.,2026-08-22 14:22:00
4bc6fdb9-8a49-7bbd-2086-ba870bf2598c,e2908a40-0c4d-862e-5ef8-fa9b8cfca54b,Statistical Analysis,advanced,"{""project"",""internship"",""coursework""}",Applied in project work.,2026-08-22 14:22:00
94deff78-ccaf-a19b-f8e2-74d8f250f86c,e2908a40-0c4d-862e-5ef8-fa9b8cfca54b,Tableau,advanced,"{""certification"",""coursework""}",,2026-08-22 14:22:00
1c011cb5-c3aa-59ef-e5bb-ffb9e2c07b0f,b8e2e864-e0f0-c823-d077-8d1f707904e0,Communication,intermediate,"{""coursework""}",,2026-08-29 12:28:00
bf99a6e3-6347-8b41-f202-39817e02c8c1,b8e2e864-e0f0-c823-d077-8d1f707904e0,Data Analysis,advanced,"{""project"",""certification"",""coursework""}",Applied in project work.,2026-08-29 12:28:00
2e89a6ed-7453-c9c3-8ebc-02b138665e81,b8e2e864-e0f0-c823-d077-8d1f707904e0,Data Visualisation,advanced,"{""certification"",""internship"",""coursework""}",Used during internship.,2026-08-29 12:28:00
2d1801d7-602c-9887-1cec-b53624f3984a,b8e2e864-e0f0-c823-d077-8d1f707904e0,Deep Learning,advanced,"{""project"",""coursework""}",Applied in project work.,2026-08-29 12:28:00
42bb7890-cf97-b941-af62-a976520c7748,b8e2e864-e0f0-c823-d077-8d1f707904e0,Leadership,advanced,"{""coursework""}",,2026-08-29 12:28:00
bd731fcc-31ff-18f9-e8a5-41f8313e59a2,b8e2e864-e0f0-c823-d077-8d1f707904e0,Machine Learning,intermediate,"{""project"",""internship""}",Applied in project work.,2026-08-29 12:28:00
320c6b84-d103-20a3-8a21-d06cb13e3f6d,b8e2e864-e0f0-c823-d077-8d1f707904e0,Natural Language Processing,intermediate,"{""project""}",Applied in project work.,2026-08-29 12:28:00
04bdd646-d561-2a4a-e7a3-d3fee090c65f,b8e2e864-e0f0-c823-d077-8d1f707904e0,Power BI,advanced,"{""coursework""}",,2026-08-29 12:28:00
8231f16b-7fc4-bd3f-84c0-abedd732bacd,b8e2e864-e0f0-c823-d077-8d1f707904e0,Python,advanced,"{""project"",""coursework""}",Applied in project work.,2026-08-29 12:28:00
2a8cbefe-cdef-bf07-0553-c66b76f1a8e8,b8e2e864-e0f0-c823-d077-8d1f707904e0,R,advanced,"{""project"",""certification"",""internship""}",Applied in project work.,2026-08-29 12:28:00
60a55b8e-aee0-ba17-9d25-40685fcafb85,b8e2e864-e0f0-c823-d077-8d1f707904e0,Research Skills,advanced,"{""coursework""}",,2026-08-29 12:28:00
3080e036-502f-4df3-dffd-1d40c41e63d4,b8e2e864-e0f0-c823-d077-8d1f707904e0,SQL,advanced,"{""certification""}",,2026-08-29 12:28:00
9fb8d4b8-41e3-9149-7f30-976172bce91a,b8e2e864-e0f0-c823-d077-8d1f707904e0,Statistical Analysis,advanced,"{""project""}",Applied in project work.,2026-08-29 12:28:00
f297ca6e-28f3-0754-358e-5535a86e45c6,b8e2e864-e0f0-c823-d077-8d1f707904e0,Tableau,advanced,"{""certification""}",,2026-08-29 12:28:00
3bb11ffe-6a03-6e2f-5108-4482bdb77a79,b8e2e864-e0f0-c823-d077-8d1f707904e0,Time Management,advanced,"{""coursework""}",,2026-08-29 12:28:00
c8386cbc-2c42-e58b-d42e-937cf3234331,e2c53f4d-149f-25e3-6b19-b289047d4bc7,Communication,intermediate,"{""coursework""}",,2026-07-20 05:38:00
b6131739-1cd6-cf0d-e228-d8e4e964f172,e2c53f4d-149f-25e3-6b19-b289047d4bc7,Data Analysis,intermediate,"{""certification"",""coursework""}",,2026-07-20 05:38:00
8b1ee01c-6f79-029e-dea6-a37e2755d942,e2c53f4d-149f-25e3-6b19-b289047d4bc7,Excel,intermediate,"{""project"",""coursework""}",Applied in project work.,2026-07-20 05:38:00
c379b61d-1a9e-82f5-0228-de49e4c4e73c,e2c53f4d-149f-25e3-6b19-b289047d4bc7,FastAPI,beginner,"{""coursework""}",,2026-07-20 05:38:00
8e67d7d8-431b-dc70-53a3-b34e87e504ce,e2c53f4d-149f-25e3-6b19-b289047d4bc7,Leadership,intermediate,"{""coursework""}",,2026-07-20 05:38:00
d639d8aa-d650-e1f3-2231-5476c0050539,e2c53f4d-149f-25e3-6b19-b289047d4bc7,Machine Learning,beginner,"{""coursework""}",,2026-07-20 05:38:00
2d7b3702-6365-798b-cb6b-b8fe0ae689d6,e2c53f4d-149f-25e3-6b19-b289047d4bc7,Python,advanced,"{""certification""}",,2026-07-20 05:38:00
7afe3780-8640-3806-a366-61547136e9e5,e2c53f4d-149f-25e3-6b19-b289047d4bc7,R,beginner,"{""certification""}",,2026-07-20 05:38:00
c6a3e5d4-53c9-6c60-8551-e6e8504d39e0,e2c53f4d-149f-25e3-6b19-b289047d4bc7,SQL,intermediate,"{""project"",""certification"",""coursework""}",Applied in project work.,2026-07-20 05:38:00
bfba290b-6638-3fa3-dec6-7e8ff21b76e3,e2c53f4d-149f-25e3-6b19-b289047d4bc7,Statistical Analysis,intermediate,"{""coursework""}",,2026-07-20 05:38:00
6f72bb3c-9885-e990-1e66-8738becfa316,e2c53f4d-149f-25e3-6b19-b289047d4bc7,Tableau,advanced,"{""certification"",""coursework""}",,2026-07-20 05:38:00
b701001e-2412-a2ab-9c4a-b63d1c9e7844,e2c53f4d-149f-25e3-6b19-b289047d4bc7,Time Management,intermediate,"{""coursework""}",,2026-07-20 05:38:00
9c028ab7-8068-f766-df40-ae0ae1cbad85,cbbc04a3-378a-91e6-882a-6ff540c063fc,AI Literacy,beginner,"{""coursework""}",,2026-08-07 01:34:00
f5b16d2f-e1fc-d171-ca23-792cac553173,cbbc04a3-378a-91e6-882a-6ff540c063fc,C++,intermediate,"{""coursework""}",,2026-08-07 01:34:00
5612ad53-8172-d09d-1553-4416bf3a5509,cbbc04a3-378a-91e6-882a-6ff540c063fc,Communication,intermediate,"{""coursework""}",,2026-08-07 01:34:00
8ad634a7-f6a6-4d7f-a190-28e4e21e2ae4,cbbc04a3-378a-91e6-882a-6ff540c063fc,Docker,intermediate,"{""project""}",Applied in project work.,2026-08-07 01:34:00
1ad136d6-7472-bd84-65cc-59d62d520b16,cbbc04a3-378a-91e6-882a-6ff540c063fc,Flask,intermediate,"{""coursework""}",,2026-08-07 01:34:00
c6e79a7b-f712-e813-4e01-009d8d59b363,cbbc04a3-378a-91e6-882a-6ff540c063fc,Git,beginner,"{""coursework""}",,2026-08-07 01:34:00
282767c0-ca85-a82c-817e-d3f4a9f05ec4,cbbc04a3-378a-91e6-882a-6ff540c063fc,Java,advanced,"{""project"",""certification"",""coursework""}",Applied in project work.,2026-08-07 01:34:00
2700b560-9bd8-9990-b786-834b39c1801b,cbbc04a3-378a-91e6-882a-6ff540c063fc,Node.js,intermediate,"{""project"",""coursework""}",Applied in project work.,2026-08-07 01:34:00
e5d06bcf-596d-88dc-394b-5576f8876d7d,cbbc04a3-378a-91e6-882a-6ff540c063fc,React,intermediate,"{""project"",""coursework""}",Applied in project work.,2026-08-07 01:34:00
db2be1be-ba73-5eb2-999f-46ebbcb760a9,cbbc04a3-378a-91e6-882a-6ff540c063fc,SQL,intermediate,"{""project"",""coursework""}",Applied in project work.,2026-08-07 01:34:00
181d8b09-d455-b87e-9322-90235a995017,62b97bbf-7e35-cb46-7b76-9a50e54984ae,Azure,beginner,"{""coursework""}",,2026-09-19 21:38:00
e41fba4b-90c4-e57a-97da-6c2381d9cff9,62b97bbf-7e35-cb46-7b76-9a50e54984ae,Docker,intermediate,"{""coursework""}",,2026-09-19 21:38:00
9a3336ee-3938-5322-537e-95ed57eaefa6,62b97bbf-7e35-cb46-7b76-9a50e54984ae,Git,intermediate,"{""coursework""}",,2026-09-19 21:38:00
4c40a716-bcf8-fa8f-71c0-1cb1c395428a,62b97bbf-7e35-cb46-7b76-9a50e54984ae,Machine Learning,intermediate,"{""project"",""coursework""}",Applied in project work.,2026-09-19 21:38:00
05c0e8c6-9b9a-bb6d-dc95-4d75944f12fc,62b97bbf-7e35-cb46-7b76-9a50e54984ae,Natural Language Processing,advanced,"{""project""}",Applied in project work.,2026-09-19 21:38:00
971ba682-6c4d-1810-6979-35329e0a294e,62b97bbf-7e35-cb46-7b76-9a50e54984ae,Node.js,intermediate,"{""coursework""}",,2026-09-19 21:38:00
70186dce-c3b4-4bae-101c-1fa04df48d1f,62b97bbf-7e35-cb46-7b76-9a50e54984ae,Problem Solving,intermediate,"{""coursework""}",,2026-09-19 21:38:00
9864dc1a-c827-1dd9-8da1-843900fc21fd,62b97bbf-7e35-cb46-7b76-9a50e54984ae,Python,intermediate,"{""project""}",Applied in project work.,2026-09-19 21:38:00
aa6cfab9-dffb-ad37-30a0-d16d8e382a3d,cd7f9010-318b-eb4e-8251-afd9f41facd1,Cloud Computing,beginner,"{""coursework""}",,2026-08-23 00:46:00
aab09b08-4e1c-6d6a-7b82-ff4c54730446,cd7f9010-318b-eb4e-8251-afd9f41facd1,Data Visualisation,beginner,"{""project""}",Applied in project work.,2026-08-23 00:46:00
d55a3290-430c-a1a0-7946-293cbca50ac2,cd7f9010-318b-eb4e-8251-afd9f41facd1,Excel,beginner,"{""project""}",Applied in project work.,2026-08-23 00:46:00
58fe79a1-8da7-2e1a-1b21-eb27feae0fb8,cd7f9010-318b-eb4e-8251-afd9f41facd1,Git,beginner,"{""coursework""}",,2026-08-23 00:46:00
c9ce362d-7273-b748-f5cb-2af8ecea934f,cd7f9010-318b-eb4e-8251-afd9f41facd1,Leadership,beginner,"{""coursework""}",,2026-08-23 00:46:00
367d9aad-0029-691e-0c18-23050341f831,cd7f9010-318b-eb4e-8251-afd9f41facd1,Machine Learning,beginner,"{""project"",""coursework""}",Applied in project work.,2026-08-23 00:46:00
9798b4e0-1a11-0a4f-673e-79feadc77c49,cd7f9010-318b-eb4e-8251-afd9f41facd1,Natural Language Processing,beginner,"{""project"",""coursework""}",Applied in project work.,2026-08-23 00:46:00
a521f3ae-5b1b-ab8d-98b0-4e7ac74f555d,cd7f9010-318b-eb4e-8251-afd9f41facd1,Power BI,intermediate,"{""project""}",Applied in project work.,2026-08-23 00:46:00
8ed65860-18da-fb7a-4af3-e1d7632cd092,cd7f9010-318b-eb4e-8251-afd9f41facd1,Python,advanced,"{""project"",""coursework""}",Applied in project work.,2026-08-23 00:46:00
535fc8cc-c914-63ac-af4a-bf3149dff748,a754251d-04fe-52e3-e98a-470cb894550a,Communication,advanced,"{""internship"",""coursework""}",Used during internship.,2026-08-24 06:56:00
53859e02-6fe4-0ae8-99cc-dde6390bde0d,a754251d-04fe-52e3-e98a-470cb894550a,Data Analysis,intermediate,"{""project"",""coursework""}",Applied in project work.,2026-08-24 06:56:00
01903474-5002-9c14-39a8-4a8388ccf7ad,a754251d-04fe-52e3-e98a-470cb894550a,Data Visualisation,advanced,"{""project"",""certification"",""internship"",""coursework""}",Applied in project work.,2026-08-24 06:56:00
49979fe3-231e-388a-f82d-d1f514f32e9b,a754251d-04fe-52e3-e98a-470cb894550a,Excel,intermediate,"{""internship"",""coursework""}",Used during internship.,2026-08-24 06:56:00
e643b83e-dca2-61ea-d432-c16ab3969a86,a754251d-04fe-52e3-e98a-470cb894550a,Power BI,intermediate,"{""certification"",""coursework""}",,2026-08-24 06:56:00
64f682b5-3fc7-6ec5-bdb3-a39d00d9dc89,a754251d-04fe-52e3-e98a-470cb894550a,Python,advanced,"{""project""}",Applied in project work.,2026-08-24 06:56:00
b795e838-ede6-52f5-1167-c1d8de71a4ac,a754251d-04fe-52e3-e98a-470cb894550a,SQL,advanced,"{""project"",""coursework""}",Applied in project work.,2026-08-24 06:56:00
a3dd1a45-c75f-7f94-ec52-9f2b3ca0cbd6,a754251d-04fe-52e3-e98a-470cb894550a,Statistical Analysis,advanced,"{""project""}",Applied in project work.,2026-08-24 06:56:00
07c0c4df-88c8-e83a-82b3-158f7d033875,8e416029-58b4-8e1d-9e13-87b03f12cf6c,Communication,beginner,"{""coursework""}",,2026-08-11 14:50:00
1192e4dc-c99a-9a60-dfb4-6e9e15490c7e,8e416029-58b4-8e1d-9e13-87b03f12cf6c,FastAPI,intermediate,"{""project"",""coursework""}",Applied in project work.,2026-08-11 14:50:00
856b1c79-a4f1-7bc1-d353-db1c3d596f7b,8e416029-58b4-8e1d-9e13-87b03f12cf6c,Git,intermediate,"{""project""}",Applied in project work.,2026-08-11 14:50:00
818b0652-7974-8626-8352-a5d609954fc3,8e416029-58b4-8e1d-9e13-87b03f12cf6c,Java,intermediate,"{""coursework""}",,2026-08-11 14:50:00
8e8b84eb-e9e2-4240-cfe4-ce7b2cd23623,8e416029-58b4-8e1d-9e13-87b03f12cf6c,Leadership,beginner,"{""coursework""}",,2026-08-11 14:50:00
49058e12-0277-f141-3240-ab1579a7e05a,8e416029-58b4-8e1d-9e13-87b03f12cf6c,Linux,intermediate,"{""project"",""coursework""}",Applied in project work.,2026-08-11 14:50:00
af2c65fa-50e3-63d5-2f17-a43f6f4eb891,8e416029-58b4-8e1d-9e13-87b03f12cf6c,Problem Solving,beginner,"{""project""}",Applied in project work.,2026-08-11 14:50:00
d4ec675d-53a3-939e-6899-98d64e444af9,8e416029-58b4-8e1d-9e13-87b03f12cf6c,Python,intermediate,"{""project"",""coursework""}",Applied in project work.,2026-08-11 14:50:00
39f7113d-ba9b-b777-53d2-f38aed347d55,8e416029-58b4-8e1d-9e13-87b03f12cf6c,SQL,intermediate,"{""project""}",Applied in project work.,2026-08-11 14:50:00
dd0cd405-9084-b6de-830a-d57d19fdaf3b,8e416029-58b4-8e1d-9e13-87b03f12cf6c,Teamwork,intermediate,"{""project"",""coursework""}",Applied in project work.,2026-08-11 14:50:00
3020366c-7a76-34b5-af80-ccb16cc35925,8e416029-58b4-8e1d-9e13-87b03f12cf6c,Time Management,beginner,"{""coursework""}",,2026-08-11 14:50:00
c1157613-5939-3a5d-922e-047fb5c12af0,10b7ca01-eea0-e30e-96be-e52e65c1efd6,Communication,intermediate,"{""coursework""}",,2026-07-29 16:09:00
2ddcc829-0d24-c21d-97a3-5108d7b3c866,10b7ca01-eea0-e30e-96be-e52e65c1efd6,FastAPI,advanced,"{""project""}",Applied in project work.,2026-07-29 16:09:00
76777d6d-9574-5ff7-bec4-ee0870ec69c4,10b7ca01-eea0-e30e-96be-e52e65c1efd6,Flask,intermediate,"{""project"",""coursework""}",Applied in project work.,2026-07-29 16:09:00
12f04460-d6ad-f137-a196-5413d881a73a,10b7ca01-eea0-e30e-96be-e52e65c1efd6,Git,intermediate,"{""project""}",Applied in project work.,2026-07-29 16:09:00
30020f5e-8a5a-cb4d-8760-80e14c9af99a,10b7ca01-eea0-e30e-96be-e52e65c1efd6,JavaScript,intermediate,"{""project""}",Applied in project work.,2026-07-29 16:09:00
ed1d6d27-03ae-fa62-764d-a24314faa0f5,10b7ca01-eea0-e30e-96be-e52e65c1efd6,Node.js,advanced,"{""coursework""}",,2026-07-29 16:09:00
ea78b088-4c9b-9009-8774-77ad94a22b24,10b7ca01-eea0-e30e-96be-e52e65c1efd6,Problem Solving,intermediate,"{""coursework""}",,2026-07-29 16:09:00
ed0c082b-cb78-57a9-4410-710eca3761d2,10b7ca01-eea0-e30e-96be-e52e65c1efd6,Python,advanced,"{""project""}",Applied in project work.,2026-07-29 16:09:00
28eda191-dfb4-8b5f-c2b3-5e097f101f15,10b7ca01-eea0-e30e-96be-e52e65c1efd6,Research Skills,intermediate,"{""coursework""}",,2026-07-29 16:09:00
37b71c72-b9e2-f6e0-2ea6-4fad153f7fee,10b7ca01-eea0-e30e-96be-e52e65c1efd6,SQL,intermediate,"{""project""}",Applied in project work.,2026-07-29 16:09:00
577ae5a1-80b6-068f-8735-b2bb35bd51ea,10b7ca01-eea0-e30e-96be-e52e65c1efd6,Teamwork,advanced,"{""project""}",Applied in project work.,2026-07-29 16:09:00
50ad9cd5-ddbb-5298-a575-1dda22681c70,5628c13e-ea9b-85eb-f1fc-8f26466d19a5,AWS,advanced,"{""coursework""}",,2026-09-13 06:30:00
87f766a9-b0a9-5fc9-0f1f-43a792ef8d59,5628c13e-ea9b-85eb-f1fc-8f26466d19a5,Data Analysis,intermediate,"{""project"",""coursework""}",Applied in project work.,2026-09-13 06:30:00
db07a2a9-19df-5a16-cc2f-95ed88f68352,5628c13e-ea9b-85eb-f1fc-8f26466d19a5,Leadership,intermediate,"{""coursework""}",,2026-09-13 06:30:00
4ca15720-22b8-952e-e11b-17190f9d7819,5628c13e-ea9b-85eb-f1fc-8f26466d19a5,Machine Learning,intermediate,"{""project""}",Applied in project work.,2026-09-13 06:30:00
11d67820-6684-9b64-34e2-b1b876069f22,5628c13e-ea9b-85eb-f1fc-8f26466d19a5,Problem Solving,intermediate,"{""coursework""}",,2026-09-13 06:30:00
610da84a-34a4-ed3c-7f06-43ea87eb0127,5628c13e-ea9b-85eb-f1fc-8f26466d19a5,R,advanced,"{""project""}",Applied in project work.,2026-09-13 06:30:00
14308e24-709b-5f65-ea3e-442f23cdec84,5628c13e-ea9b-85eb-f1fc-8f26466d19a5,Teamwork,beginner,"{""coursework""}",,2026-09-13 06:30:00
eb469b21-a283-22e8-d171-504fdf480004,01d23fc9-b44d-f4b5-0f73-56179e61f0dc,Data Visualisation,beginner,"{""project"",""coursework""}",Applied in project work.,2026-08-17 06:36:00
0997db9a-1fdb-482d-f69d-18055f90ea2c,01d23fc9-b44d-f4b5-0f73-56179e61f0dc,Flask,advanced,"{""project"",""coursework""}",Applied in project work.,2026-08-17 06:36:00
22a7899d-0050-1cd8-8bff-35b38f6a5979,01d23fc9-b44d-f4b5-0f73-56179e61f0dc,JavaScript,intermediate,"{""project"",""coursework""}",Applied in project work.,2026-08-17 06:36:00
6c16a78b-3562-4347-6b71-5b347c923cab,01d23fc9-b44d-f4b5-0f73-56179e61f0dc,Leadership,intermediate,"{""coursework""}",,2026-08-17 06:36:00
1a3a1233-df53-25cf-8255-0a9fdb727254,01d23fc9-b44d-f4b5-0f73-56179e61f0dc,Machine Learning,advanced,"{""project"",""coursework""}",Applied in project work.,2026-08-17 06:36:00
943a1af1-c146-3a0a-8763-edcb1db60efe,01d23fc9-b44d-f4b5-0f73-56179e61f0dc,Problem Solving,intermediate,"{""coursework""}",,2026-08-17 06:36:00
ed335d5f-361f-448c-cb53-c44a512628f2,01d23fc9-b44d-f4b5-0f73-56179e61f0dc,Python,advanced,"{""project"",""coursework""}",Applied in project work.,2026-08-17 06:36:00
4297bb04-66f2-1e77-7ecb-ca9c6b1b8c03,01d23fc9-b44d-f4b5-0f73-56179e61f0dc,React,beginner,"{""coursework""}",,2026-08-17 06:36:00
dc3a765a-a8c6-49ab-eadd-86c6dc4de578,01d23fc9-b44d-f4b5-0f73-56179e61f0dc,SQL,advanced,"{""project""}",Applied in project work.,2026-08-17 06:36:00
8172b13b-2c52-7558-2c77-a12591d5bfdd,01d23fc9-b44d-f4b5-0f73-56179e61f0dc,Teamwork,advanced,"{""project""}",Applied in project work.,2026-08-17 06:36:00
f84a9bca-2ab7-413d-c99b-316743b6c14b,74240302-e48b-b336-bfa5-567789a29dad,C++,advanced,"{""project"",""coursework""}",Applied in project work.,2026-08-28 18:04:00
d8ee0d81-a7bb-c32d-115c-a8024310357d,74240302-e48b-b336-bfa5-567789a29dad,Communication,intermediate,"{""coursework""}",,2026-08-28 18:04:00
a701e867-b962-a064-08eb-f1789c787640,74240302-e48b-b336-bfa5-567789a29dad,Git,advanced,"{""project"",""coursework""}",Applied in project work.,2026-08-28 18:04:00
44be71b9-01df-e84a-224a-94a5763a2eaa,74240302-e48b-b336-bfa5-567789a29dad,Java,beginner,"{""coursework""}",,2026-08-28 18:04:00
9770d013-b080-e995-7ea7-ccb8b0ad194d,74240302-e48b-b336-bfa5-567789a29dad,Python,advanced,"{""certification""}",,2026-08-28 18:04:00
37103c3f-90a5-8dd6-1986-40a145a917a0,74240302-e48b-b336-bfa5-567789a29dad,Teamwork,intermediate,"{""coursework""}",,2026-08-28 18:04:00
79cdc59e-7700-2b66-56c6-5adb028dd025,f46a9817-194a-589d-4f3f-be079dba68ea,Cloud Computing,advanced,"{""coursework""}",,2026-08-29 09:57:00
f48f854e-5562-c4f4-22f5-b1a93e4f22ba,f46a9817-194a-589d-4f3f-be079dba68ea,Communication,intermediate,"{""coursework""}",,2026-08-29 09:57:00
cc6c7745-06a7-bafd-0327-aec2f737e8bc,f46a9817-194a-589d-4f3f-be079dba68ea,Data Analysis,intermediate,"{""certification""}",,2026-08-29 09:57:00
a7836218-08dc-05ef-c758-61c1c0acb3e0,f46a9817-194a-589d-4f3f-be079dba68ea,Flask,intermediate,"{""project"",""coursework""}",Applied in project work.,2026-08-29 09:57:00
34460c61-1bf1-b7e1-17f1-33972905fe7d,f46a9817-194a-589d-4f3f-be079dba68ea,Linux,intermediate,"{""project"",""coursework""}",Applied in project work.,2026-08-29 09:57:00
135896aa-e275-1ce6-78fd-3b1682628a03,f46a9817-194a-589d-4f3f-be079dba68ea,Machine Learning,intermediate,"{""project""}",Applied in project work.,2026-08-29 09:57:00
1eb51009-2f85-f6a6-247d-2d527ee0938e,f46a9817-194a-589d-4f3f-be079dba68ea,Problem Solving,intermediate,"{""project""}",Applied in project work.,2026-08-29 09:57:00
478205fd-c602-6414-b5be-f85bec0b6ca6,f46a9817-194a-589d-4f3f-be079dba68ea,Python,intermediate,"{""project"",""coursework""}",Applied in project work.,2026-08-29 09:57:00
7ef86974-ffb0-f027-1ca3-d15acad743d3,f46a9817-194a-589d-4f3f-be079dba68ea,R,intermediate,"{""certification""}",,2026-08-29 09:57:00
d59065fa-7955-81fa-1182-d657f6e3c5f3,f46a9817-194a-589d-4f3f-be079dba68ea,Research Skills,intermediate,"{""coursework""}",,2026-08-29 09:57:00
68353c7e-3eb0-59ec-4e6f-c9d441bff5b9,f46a9817-194a-589d-4f3f-be079dba68ea,SQL,advanced,"{""project"",""certification"",""coursework""}",Applied in project work.,2026-08-29 09:57:00
db591d88-4b0a-f1e0-4d31-5b7cc273973b,f46a9817-194a-589d-4f3f-be079dba68ea,Statistical Analysis,advanced,"{""project"",""coursework""}",Applied in project work.,2026-08-29 09:57:00
5c4cbcb4-2f04-cf18-21ba-0416e70320bd,f46a9817-194a-589d-4f3f-be079dba68ea,Tableau,intermediate,"{""certification""}",,2026-08-29 09:57:00
e94f82d9-36f4-dd3b-2e5b-80a157a25d1c,f46a9817-194a-589d-4f3f-be079dba68ea,Teamwork,intermediate,"{""project"",""coursework""}",Applied in project work.,2026-08-29 09:57:00
f45045ad-2454-9c98-1510-71bcc15d3abb,f46a9817-194a-589d-4f3f-be079dba68ea,Time Management,intermediate,"{""coursework""}",,2026-08-29 09:57:00
82dc286e-060c-fba5-4241-e3eb74c8a3a4,6bb0c8a0-2ec0-f10a-aca5-abd4354f7ca8,Cloud Computing,beginner,"{""internship"",""coursework""}",Used during internship.,2026-07-18 01:03:00
9086af36-fa0a-5de5-16ac-92bbf9f6c49c,6bb0c8a0-2ec0-f10a-aca5-abd4354f7ca8,Communication,beginner,"{""coursework""}",,2026-07-18 01:03:00
9ea56510-4aa4-b837-7d9e-3bb20853d212,6bb0c8a0-2ec0-f10a-aca5-abd4354f7ca8,Docker,intermediate,"{""coursework""}",,2026-07-18 01:03:00
923f720a-6756-84ce-0ce3-dcce0b2a2994,6bb0c8a0-2ec0-f10a-aca5-abd4354f7ca8,FastAPI,intermediate,"{""project""}",Applied in project work.,2026-07-18 01:03:00
d2e9c930-eeec-175d-8772-36d0c39b7cb2,6bb0c8a0-2ec0-f10a-aca5-abd4354f7ca8,Git,intermediate,"{""project""}",Applied in project work.,2026-07-18 01:03:00
a0157233-baf9-0557-f642-35139ba143ac,6bb0c8a0-2ec0-f10a-aca5-abd4354f7ca8,Linux,intermediate,"{""certification""}",,2026-07-18 01:03:00
faca2c41-5377-0d9d-c911-7c2732878723,6bb0c8a0-2ec0-f10a-aca5-abd4354f7ca8,Problem Solving,intermediate,"{""coursework""}",,2026-07-18 01:03:00
f35977e1-f1cd-f51a-72f4-c4b3453a2e55,6bb0c8a0-2ec0-f10a-aca5-abd4354f7ca8,Python,beginner,"{""project"",""coursework""}",Applied in project work.,2026-07-18 01:03:00
92f72f86-3958-289b-1e05-4c8a28605c20,6bb0c8a0-2ec0-f10a-aca5-abd4354f7ca8,React,intermediate,"{""internship"",""coursework""}",Used during internship.,2026-07-18 01:03:00
db0e09ff-b6e3-f5d3-25e5-91c82fff7405,6bb0c8a0-2ec0-f10a-aca5-abd4354f7ca8,Research Skills,intermediate,"{""internship""}",Used during internship.,2026-07-18 01:03:00
33057245-2a9f-b994-ff74-7a8a10e00199,6bb0c8a0-2ec0-f10a-aca5-abd4354f7ca8,SQL,intermediate,"{""project"",""coursework""}",Applied in project work.,2026-07-18 01:03:00
e1e3afdf-85fc-fa18-189b-67a3edf83de2,8c6d5cde-04a7-083d-0547-6e170f9b0aca,AWS,advanced,"{""project"",""coursework""}",Applied in project work.,2026-08-22 00:28:00
4256dc8d-b1bd-d56a-5e8f-b079a550a4d1,8c6d5cde-04a7-083d-0547-6e170f9b0aca,Cloud Computing,advanced,"{""project"",""coursework""}",Applied in project work.,2026-08-22 00:28:00
f67d8488-92c5-d3d7-c25c-dea8243ac2d4,8c6d5cde-04a7-083d-0547-6e170f9b0aca,Data Visualisation,advanced,"{""certification"",""coursework""}",,2026-08-22 00:28:00
d90da48d-ce0f-3a53-4280-9061a2cbc85c,8c6d5cde-04a7-083d-0547-6e170f9b0aca,Docker,intermediate,"{""coursework""}",,2026-08-22 00:28:00
52eddbdb-3415-83df-5cee-cd7b11838d86,8c6d5cde-04a7-083d-0547-6e170f9b0aca,Git,intermediate,"{""coursework""}",,2026-08-22 00:28:00
f185ea7c-6004-0d0d-5257-c31b724c5cd0,8c6d5cde-04a7-083d-0547-6e170f9b0aca,Linux,intermediate,"{""certification""}",,2026-08-22 00:28:00
94fe41ec-488b-d31f-4019-175a98e41835,8c6d5cde-04a7-083d-0547-6e170f9b0aca,Node.js,advanced,"{""project""}",Applied in project work.,2026-08-22 00:28:00
0dbd384d-b753-3ff5-25f5-0323710dcbb7,8c6d5cde-04a7-083d-0547-6e170f9b0aca,Problem Solving,intermediate,"{""coursework""}",,2026-08-22 00:28:00
e19896da-4459-e2fd-2350-92758ceff4f4,8c6d5cde-04a7-083d-0547-6e170f9b0aca,Python,advanced,"{""project"",""coursework""}",Applied in project work.,2026-08-22 00:28:00
17733d21-e906-222b-8a00-cf6fc51e21bd,8c6d5cde-04a7-083d-0547-6e170f9b0aca,React,advanced,"{""project""}",Applied in project work.,2026-08-22 00:28:00
a711fd90-2345-1386-ebaf-c09826f712cc,8c6d5cde-04a7-083d-0547-6e170f9b0aca,SQL,advanced,"{""project""}",Applied in project work.,2026-08-22 00:28:00
2637fce4-0049-f6b8-f7d8-6a5649fafbef,8c6d5cde-04a7-083d-0547-6e170f9b0aca,Tableau,beginner,"{""certification"",""coursework""}",,2026-08-22 00:28:00
87e7a66e-089f-4c42-2407-6ed2641df3f9,8c6d5cde-04a7-083d-0547-6e170f9b0aca,Teamwork,advanced,"{""coursework""}",,2026-08-22 00:28:00
22cd2c19-e7a3-3be5-5323-94aab056fa5a,8c6d5cde-04a7-083d-0547-6e170f9b0aca,Time Management,advanced,"{""coursework""}",,2026-08-22 00:28:00
b9b436d3-61bf-fb71-4fe2-f0534230411e,4b6ec9d5-0227-e56b-0474-1ebc7455c604,Data Analysis,intermediate,"{""coursework""}",,2026-09-10 13:45:00
2d7e085d-a7b4-14b4-4e32-b993e014ec53,4b6ec9d5-0227-e56b-0474-1ebc7455c604,Data Visualisation,beginner,"{""project"",""coursework""}",Applied in project work.,2026-09-10 13:45:00
4cc2b118-a24e-ae81-da25-34f23800da79,4b6ec9d5-0227-e56b-0474-1ebc7455c604,Excel,advanced,"{""project""}",Applied in project work.,2026-09-10 13:45:00
9f3df699-1b69-000c-0670-70e0f7658613,4b6ec9d5-0227-e56b-0474-1ebc7455c604,Flask,advanced,"{""project"",""internship"",""coursework""}",Applied in project work.,2026-09-10 13:45:00
a03c6494-cc6d-bed4-be57-6fe1b81c14e5,4b6ec9d5-0227-e56b-0474-1ebc7455c604,Git,intermediate,"{""coursework""}",,2026-09-10 13:45:00
7de7ca5a-4f22-fd57-bb5d-13c5f6cb4071,4b6ec9d5-0227-e56b-0474-1ebc7455c604,JavaScript,advanced,"{""project""}",Applied in project work.,2026-09-10 13:45:00
7dbd40f0-1544-5902-6bfe-bd17f60ad0a3,4b6ec9d5-0227-e56b-0474-1ebc7455c604,Leadership,intermediate,"{""coursework""}",,2026-09-10 13:45:00
f0b10781-29c6-49ec-2b48-a03488e5e76e,4b6ec9d5-0227-e56b-0474-1ebc7455c604,Machine Learning,advanced,"{""certification""}",,2026-09-10 13:45:00
f3e5118a-ab0d-bf11-7577-0452d37805ee,4b6ec9d5-0227-e56b-0474-1ebc7455c604,Power BI,advanced,"{""project"",""coursework""}",Applied in project work.,2026-09-10 13:45:00
82673f9a-00f8-99de-fca3-39e873fbf312,4b6ec9d5-0227-e56b-0474-1ebc7455c604,Problem Solving,advanced,"{""coursework""}",,2026-09-10 13:45:00
b2e3e64b-ee8f-d6ca-59e0-890fef58b690,4b6ec9d5-0227-e56b-0474-1ebc7455c604,Python,intermediate,"{""certification"",""internship"",""coursework""}",Used during internship.,2026-09-10 13:45:00
21491f7c-db1d-f2c3-2713-9873f3e4613a,4b6ec9d5-0227-e56b-0474-1ebc7455c604,R,advanced,"{""coursework""}",,2026-09-10 13:45:00
ff6f26ca-e245-9327-7122-4f95e11b2f5a,4b6ec9d5-0227-e56b-0474-1ebc7455c604,SQL,advanced,"{""project"",""coursework""}",Applied in project work.,2026-09-10 13:45:00
db33ce63-82b9-1686-7126-c5378bb814cc,4b6ec9d5-0227-e56b-0474-1ebc7455c604,Statistical Analysis,advanced,"{""internship"",""coursework""}",Used during internship.,2026-09-10 13:45:00
a9927ca9-149c-eebd-d472-511a7792a78a,4b6ec9d5-0227-e56b-0474-1ebc7455c604,Teamwork,advanced,"{""project""}",Applied in project work.,2026-09-10 13:45:00
5c922fa4-352b-6689-a39c-d7300f6206f1,4b6ec9d5-0227-e56b-0474-1ebc7455c604,Time Management,intermediate,"{""coursework""}",,2026-09-10 13:45:00
05f0604a-896e-5e77-6b76-6741cd26a22b,3c3c3182-2024-4fcf-2544-5d8cf93adb04,C++,intermediate,"{""coursework""}",,2026-08-09 10:49:00
192cc87d-d8c4-198d-58e9-bf3804ae6d5a,3c3c3182-2024-4fcf-2544-5d8cf93adb04,Cloud Computing,beginner,"{""coursework""}",,2026-08-09 10:49:00
1752db08-2e86-d47e-0b32-b3a6fe32d7e1,3c3c3182-2024-4fcf-2544-5d8cf93adb04,Communication,intermediate,"{""coursework""}",,2026-08-09 10:49:00
150f1ad2-476a-4f1d-bfef-bd38a8112386,3c3c3182-2024-4fcf-2544-5d8cf93adb04,Data Analysis,intermediate,"{""certification"",""coursework""}",,2026-08-09 10:49:00
0780b3ee-dcfa-02a9-3f44-35c32fbdaf4f,3c3c3182-2024-4fcf-2544-5d8cf93adb04,Linux,intermediate,"{""project""}",Applied in project work.,2026-08-09 10:49:00
6c83a898-8723-f7f4-f378-c9eebe751767,3c3c3182-2024-4fcf-2544-5d8cf93adb04,Machine Learning,intermediate,"{""certification"",""coursework""}",,2026-08-09 10:49:00
246c4e5b-7f25-d908-3d5e-1fbff22af6f6,3c3c3182-2024-4fcf-2544-5d8cf93adb04,Problem Solving,intermediate,"{""project"",""coursework""}",Applied in project work.,2026-08-09 10:49:00
0ef6da2a-fcc9-cdf1-0d88-fa936292ac6b,3c3c3182-2024-4fcf-2544-5d8cf93adb04,Python,intermediate,"{""certification"",""coursework""}",,2026-08-09 10:49:00
339ef82b-b2e8-f8bf-ffdf-65880ffed184,3c3c3182-2024-4fcf-2544-5d8cf93adb04,R,beginner,"{""certification"",""coursework""}",,2026-08-09 10:49:00
f53d488d-e994-4cd2-9ab9-5b799f76385e,3c3c3182-2024-4fcf-2544-5d8cf93adb04,SQL,beginner,"{""certification"",""coursework""}",,2026-08-09 10:49:00
084d93a6-46a9-68c5-cebe-11c816e7350e,3c3c3182-2024-4fcf-2544-5d8cf93adb04,Tableau,intermediate,"{""certification"",""coursework""}",,2026-08-09 10:49:00
3d9ea33b-1de5-0fa3-d033-dd5e798f5e3f,3c3c3182-2024-4fcf-2544-5d8cf93adb04,Teamwork,intermediate,"{""project""}",Applied in project work.,2026-08-09 10:49:00
fce35a66-a23c-ff90-968c-5275c2174dbb,e276db30-1ade-cee4-bfcc-8e33c7da450f,AI Literacy,intermediate,"{""coursework""}",,2026-09-17 10:44:00
1ee096ff-c65f-72e4-7d8b-82917b2acbee,e276db30-1ade-cee4-bfcc-8e33c7da450f,Docker,advanced,"{""coursework""}",,2026-09-17 10:44:00
6b5259dc-e0d8-b492-7289-60550a524e33,e276db30-1ade-cee4-bfcc-8e33c7da450f,FastAPI,beginner,"{""coursework""}",,2026-09-17 10:44:00
01c90e2a-e726-f649-e650-cae51b2597f3,e276db30-1ade-cee4-bfcc-8e33c7da450f,JavaScript,intermediate,"{""project""}",Applied in project work.,2026-09-17 10:44:00
5dc838f0-8c8d-f318-b760-9e4cb90914d8,e276db30-1ade-cee4-bfcc-8e33c7da450f,Linux,intermediate,"{""certification"",""coursework""}",,2026-09-17 10:44:00
8020da65-f864-4f2f-ddfc-55c2772c7498,e276db30-1ade-cee4-bfcc-8e33c7da450f,Problem Solving,intermediate,"{""certification""}",,2026-09-17 10:44:00
cc641c00-31b4-1e88-4b0c-8c70de3d8b14,e276db30-1ade-cee4-bfcc-8e33c7da450f,React,intermediate,"{""project"",""coursework""}",Applied in project work.,2026-09-17 10:44:00
f6c94743-652f-d941-e057-c0143699febb,e276db30-1ade-cee4-bfcc-8e33c7da450f,Statistical Analysis,intermediate,"{""coursework""}",,2026-09-17 10:44:00
fe49d6cd-ca12-5168-09bd-bd2595c7d0c2,e276db30-1ade-cee4-bfcc-8e33c7da450f,Time Management,intermediate,"{""coursework""}",,2026-09-17 10:44:00
19d6cf82-25b9-6454-0bfe-68af3a87b3e2,10f897ab-5b44-102f-aec1-6f6caea74c2e,Communication,intermediate,"{""coursework""}",,2026-09-12 21:26:00
b83df101-79ec-e854-6086-ce8d123ea2fb,10f897ab-5b44-102f-aec1-6f6caea74c2e,Data Analysis,beginner,"{""coursework""}",,2026-09-12 21:26:00
677ee2ce-4a71-fa06-b2c2-dd37635ccc91,10f897ab-5b44-102f-aec1-6f6caea74c2e,Data Visualisation,intermediate,"{""coursework""}",,2026-09-12 21:26:00
de23f191-aaf1-70f9-3b28-9bee3ebcc752,10f897ab-5b44-102f-aec1-6f6caea74c2e,Excel,beginner,"{""coursework""}",,2026-09-12 21:26:00
00cdcce8-17ed-ceb8-1739-1cff8cc99052,10f897ab-5b44-102f-aec1-6f6caea74c2e,Java,intermediate,"{""coursework""}",,2026-09-12 21:26:00
c2d4705d-e166-1e4d-1e55-7621d1f7ab45,10f897ab-5b44-102f-aec1-6f6caea74c2e,JavaScript,intermediate,"{""project"",""coursework""}",Applied in project work.,2026-09-12 21:26:00
816caa34-7d96-e941-27cc-c1ddfe5e36e2,10f897ab-5b44-102f-aec1-6f6caea74c2e,Leadership,intermediate,"{""coursework""}",,2026-09-12 21:26:00
db038997-6cab-2214-c988-6df095d02dac,10f897ab-5b44-102f-aec1-6f6caea74c2e,Power BI,intermediate,"{""coursework""}",,2026-09-12 21:26:00
c3d1b0b7-be94-ee36-5229-e29b56430354,10f897ab-5b44-102f-aec1-6f6caea74c2e,Problem Solving,intermediate,"{""coursework""}",,2026-09-12 21:26:00
c53acbfc-8bc7-393e-2306-5b371c75725e,10f897ab-5b44-102f-aec1-6f6caea74c2e,Python,intermediate,"{""coursework""}",,2026-09-12 21:26:00
3bf5337a-224c-eee6-1936-059ccea35945,10f897ab-5b44-102f-aec1-6f6caea74c2e,R,beginner,"{""coursework""}",,2026-09-12 21:26:00
81b669c6-7f6c-945f-9012-d2f8c3dc13a9,10f897ab-5b44-102f-aec1-6f6caea74c2e,React,intermediate,"{""project""}",Applied in project work.,2026-09-12 21:26:00
0bad6367-a3b5-bc49-f05a-fb4adaa51cfb,10f897ab-5b44-102f-aec1-6f6caea74c2e,SQL,intermediate,"{""coursework""}",,2026-09-12 21:26:00
2928a048-763c-714b-993b-1792cfe5aa88,10f897ab-5b44-102f-aec1-6f6caea74c2e,Statistical Analysis,intermediate,"{""coursework""}",,2026-09-12 21:26:00
c22515fe-6f64-ca2b-4aef-9e25c9699ed6,10f897ab-5b44-102f-aec1-6f6caea74c2e,Teamwork,intermediate,"{""coursework""}",,2026-09-12 21:26:00
9760dd35-64b4-d5c3-fe5f-b9a285f801f0,8002a34f-d3b0-60d8-0fa7-45c7341d706a,C++,intermediate,"{""project"",""coursework""}",Applied in project work.,2026-08-04 07:15:00
55a8edb9-b1a4-da6c-0eba-92ac2d264022,8002a34f-d3b0-60d8-0fa7-45c7341d706a,Communication,advanced,"{""coursework""}",,2026-08-04 07:15:00
aff32a65-0680-9246-c9c7-eb4c58cb5de8,8002a34f-d3b0-60d8-0fa7-45c7341d706a,Deep Learning,intermediate,"{""project""}",Applied in project work.,2026-08-04 07:15:00
2510f963-c5a1-faa6-9a9e-b406d59101ce,8002a34f-d3b0-60d8-0fa7-45c7341d706a,Docker,intermediate,"{""project""}",Applied in project work.,2026-08-04 07:15:00
989f5496-53ce-a4c4-e7a1-550cf4fd7fd5,8002a34f-d3b0-60d8-0fa7-45c7341d706a,FastAPI,beginner,"{""project"",""coursework""}",Applied in project work.,2026-08-04 07:15:00
c6c977ec-41e3-27ee-f398-6f936dd7286a,8002a34f-d3b0-60d8-0fa7-45c7341d706a,Git,intermediate,"{""project""}",Applied in project work.,2026-08-04 07:15:00
0eca3630-7342-64e1-6957-a9dd5258e6d8,8002a34f-d3b0-60d8-0fa7-45c7341d706a,JavaScript,intermediate,"{""coursework""}",,2026-08-04 07:15:00
769fa399-e1bf-ff1a-986a-bdfa800c8efb,8002a34f-d3b0-60d8-0fa7-45c7341d706a,Leadership,advanced,"{""coursework""}",,2026-08-04 07:15:00
9631be62-13b4-98db-d9bc-e2196fb398f4,8002a34f-d3b0-60d8-0fa7-45c7341d706a,Linux,intermediate,"{""certification"",""coursework""}",,2026-08-04 07:15:00
c80069fb-d4c7-ca67-3dc1-e88207122fb9,8002a34f-d3b0-60d8-0fa7-45c7341d706a,Node.js,advanced,"{""project""}",Applied in project work.,2026-08-04 07:15:00
bfe46ba0-6706-62f2-dc3d-7f9635c65a81,8002a34f-d3b0-60d8-0fa7-45c7341d706a,Problem Solving,intermediate,"{""certification""}",,2026-08-04 07:15:00
2e25acf4-34cc-4768-ba88-54547497d326,8002a34f-d3b0-60d8-0fa7-45c7341d706a,Python,intermediate,"{""project""}",Applied in project work.,2026-08-04 07:15:00
1b3e2271-1a71-0bdf-7b6d-e07125b08a57,8002a34f-d3b0-60d8-0fa7-45c7341d706a,React,intermediate,"{""coursework""}",,2026-08-04 07:15:00
5ef95050-d483-8cd3-76fc-61e3d5fea180,8002a34f-d3b0-60d8-0fa7-45c7341d706a,SQL,advanced,"{""project""}",Applied in project work.,2026-08-04 07:15:00
6c456d93-1b4a-a8ae-7de7-e713f7fd8283,8002a34f-d3b0-60d8-0fa7-45c7341d706a,Teamwork,beginner,"{""coursework""}",,2026-08-04 07:15:00
70c92b33-ceef-5d5c-dcef-3d321cf63fae,8daf7c97-93be-6e0f-6776-43888d6fccd5,Data Visualisation,intermediate,"{""coursework""}",,2026-07-14 23:30:00
6ee83e03-718f-da3f-c853-36db4754c20a,8daf7c97-93be-6e0f-6776-43888d6fccd5,Deep Learning,advanced,"{""project"",""coursework""}",Applied in project work.,2026-07-14 23:30:00
0852a95e-9015-144f-f539-1cd538e8279f,8daf7c97-93be-6e0f-6776-43888d6fccd5,Docker,intermediate,"{""internship""}",Used during internship.,2026-07-14 23:30:00
42968a4a-5339-8474-edfc-1ab2c1986cfb,8daf7c97-93be-6e0f-6776-43888d6fccd5,JavaScript,intermediate,"{""certification""}",,2026-07-14 23:30:00
8ccf8851-fc94-7bc1-d14f-c8aa9cdd1043,8daf7c97-93be-6e0f-6776-43888d6fccd5,Node.js,advanced,"{""coursework""}",,2026-07-14 23:30:00
bcf80f7f-380f-52f3-9a87-0bf7b2e9da66,8daf7c97-93be-6e0f-6776-43888d6fccd5,Problem Solving,intermediate,"{""coursework""}",,2026-07-14 23:30:00
2e206e6f-7e46-0b4e-c213-89d9fdc642fe,8daf7c97-93be-6e0f-6776-43888d6fccd5,Python,advanced,"{""project""}",Applied in project work.,2026-07-14 23:30:00
9295626b-e512-1da2-28fa-0a731646113d,8daf7c97-93be-6e0f-6776-43888d6fccd5,React,advanced,"{""certification"",""internship""}",Used during internship.,2026-07-14 23:30:00
c5bc4663-f995-ae6a-4c68-36090c39de51,8daf7c97-93be-6e0f-6776-43888d6fccd5,Time Management,intermediate,"{""internship"",""coursework""}",Used during internship.,2026-07-14 23:30:00
9e41d0e7-1d0f-c8c2-0f33-7fe5f93268ef,a4ff58a2-8d8f-194c-2a8c-5fdbdcee656d,Data Analysis,intermediate,"{""internship""}",Used during internship.,2026-09-01 18:02:00
489f3f1a-566f-e0df-fd43-754e39eb005a,a4ff58a2-8d8f-194c-2a8c-5fdbdcee656d,Data Visualisation,intermediate,"{""project""}",Applied in project work.,2026-09-01 18:02:00
94b58d54-67a2-4ab3-daf6-009939dd843f,a4ff58a2-8d8f-194c-2a8c-5fdbdcee656d,Excel,intermediate,"{""project"",""internship"",""coursework""}",Applied in project work.,2026-09-01 18:02:00
48eb14a5-8f6d-56fd-cefc-38378dec1c17,a4ff58a2-8d8f-194c-2a8c-5fdbdcee656d,Git,beginner,"{""coursework""}",,2026-09-01 18:02:00
e009a2cd-3157-f09a-3edf-dad0c6988643,a4ff58a2-8d8f-194c-2a8c-5fdbdcee656d,Machine Learning,intermediate,"{""coursework""}",,2026-09-01 18:02:00
eb4c8643-64e4-abc2-3f0c-d8c9d98c9dc3,a4ff58a2-8d8f-194c-2a8c-5fdbdcee656d,Power BI,advanced,"{""project"",""internship"",""coursework""}",Applied in project work.,2026-09-01 18:02:00
9077f90f-58c9-2bb8-06d2-af43899348fc,a4ff58a2-8d8f-194c-2a8c-5fdbdcee656d,Problem Solving,intermediate,"{""coursework""}",,2026-09-01 18:02:00
3b017c93-a525-e50b-fff4-489989d25791,a4ff58a2-8d8f-194c-2a8c-5fdbdcee656d,Python,intermediate,"{""project"",""certification""}",Applied in project work.,2026-09-01 18:02:00
2964aa99-1728-c576-452d-52fac0ae3ba6,a4ff58a2-8d8f-194c-2a8c-5fdbdcee656d,SQL,advanced,"{""project"",""coursework""}",Applied in project work.,2026-09-01 18:02:00
5555c133-c7b3-0b41-71bf-ad6c0eba6e49,a4ff58a2-8d8f-194c-2a8c-5fdbdcee656d,Teamwork,beginner,"{""coursework""}",,2026-09-01 18:02:00
01278844-06c5-6863-3a83-795dc4363bea,5f276ba7-9687-0bf1-4f19-f81075b4849c,C++,beginner,"{""coursework""}",,2026-08-19 15:13:00
50be6294-44c1-a38c-e702-c0d88875b591,5f276ba7-9687-0bf1-4f19-f81075b4849c,Communication,intermediate,"{""coursework""}",,2026-08-19 15:13:00
2a8d16b0-30e8-c669-0fa3-3a9a453e50e0,5f276ba7-9687-0bf1-4f19-f81075b4849c,Problem Solving,intermediate,"{""coursework""}",,2026-08-19 15:13:00
028af9a7-5ac8-c08c-54f5-1900dc2ce1c4,5f276ba7-9687-0bf1-4f19-f81075b4849c,SQL,intermediate,"{""coursework""}",,2026-08-19 15:13:00
2015949c-7b75-10b5-65dc-ae7f4420ccd0,710dc918-d9f2-3b37-8475-f2480ca37885,C++,advanced,"{""project"",""coursework""}",Applied in project work.,2026-07-18 17:54:00
4e1de367-5cc7-127a-2b14-8354c7673644,710dc918-d9f2-3b37-8475-f2480ca37885,Docker,advanced,"{""project""}",Applied in project work.,2026-07-18 17:54:00
1484e9d6-5f8c-2498-bcb3-7ddd51a2427a,710dc918-d9f2-3b37-8475-f2480ca37885,Flask,advanced,"{""project"",""internship""}",Applied in project work.,2026-07-18 17:54:00
28b5cba6-8e31-ea45-2b34-b52b644c5b7d,710dc918-d9f2-3b37-8475-f2480ca37885,Git,intermediate,"{""project""}",Applied in project work.,2026-07-18 17:54:00
5a487fd6-2ef0-17e7-8885-46da1b35caa1,710dc918-d9f2-3b37-8475-f2480ca37885,Java,intermediate,"{""project"",""coursework""}",Applied in project work.,2026-07-18 17:54:00
67de3fca-a2b8-9e20-ef0f-3c04a9e778cb,710dc918-d9f2-3b37-8475-f2480ca37885,JavaScript,intermediate,"{""project""}",Applied in project work.,2026-07-18 17:54:00
304ed61b-6943-b154-8d6e-b73f2c0ef6cf,710dc918-d9f2-3b37-8475-f2480ca37885,Node.js,advanced,"{""project"",""internship"",""coursework""}",Applied in project work.,2026-07-18 17:54:00
a5680f62-2e26-d622-e17c-e345407feda6,710dc918-d9f2-3b37-8475-f2480ca37885,Problem Solving,intermediate,"{""internship""}",Used during internship.,2026-07-18 17:54:00
4605dd14-ec0c-0047-3ee5-236e299b4130,710dc918-d9f2-3b37-8475-f2480ca37885,R,intermediate,"{""coursework""}",,2026-07-18 17:54:00
9811cd8b-2ccd-00e7-92ca-30b991d9ee26,710dc918-d9f2-3b37-8475-f2480ca37885,SQL,intermediate,"{""project"",""coursework""}",Applied in project work.,2026-07-18 17:54:00
d4db9051-2b94-e8fa-64f8-a4b16ae1a31f,710dc918-d9f2-3b37-8475-f2480ca37885,Teamwork,advanced,"{""project"",""coursework""}",Applied in project work.,2026-07-18 17:54:00
decc87f2-6f98-e008-f9c2-000379582b95,6e28b3e9-5c7e-954d-94a9-922ef67ed93e,Leadership,beginner,"{""coursework""}",,2026-08-07 07:05:00
8695b07e-b56e-1e96-37e8-51544808884b,6e28b3e9-5c7e-954d-94a9-922ef67ed93e,SQL,beginner,"{""coursework""}",,2026-08-07 07:05:00
2c682589-7689-0ed4-3a6f-d931535830aa,6e28b3e9-5c7e-954d-94a9-922ef67ed93e,Time Management,beginner,"{""coursework""}",,2026-08-07 07:05:00
2b2fedc6-e1d8-2cb7-0a8a-88d92ec8d7c7,e2d4c43c-de0a-6e83-fba8-6e1e34a148ba,Communication,advanced,"{""internship""}",Used during internship.,2026-07-03 06:56:00
444077d2-4ec2-4fb4-71fe-f0ab381d02e5,e2d4c43c-de0a-6e83-fba8-6e1e34a148ba,Data Visualisation,advanced,"{""project"",""coursework""}",Applied in project work.,2026-07-03 06:56:00
6dabaa1c-5868-e32a-44c7-71063811f9e9,e2d4c43c-de0a-6e83-fba8-6e1e34a148ba,Docker,advanced,"{""certification"",""internship""}",Used during internship.,2026-07-03 06:56:00
d2ec1379-8040-6ea6-3245-5848cbcf3687,e2d4c43c-de0a-6e83-fba8-6e1e34a148ba,JavaScript,advanced,"{""project"",""internship""}",Applied in project work.,2026-07-03 06:56:00
5be330e5-2a5e-b81a-02c2-7ee1ff57c8d4,e2d4c43c-de0a-6e83-fba8-6e1e34a148ba,Python,intermediate,"{""coursework""}",,2026-07-03 06:56:00
c6ee1f6a-02d6-fd31-1c28-bbd8d7d6eda6,32a6f3f1-2c46-e25e-77b5-520fb02ed1d7,AWS,advanced,"{""internship"",""coursework""}",Used during internship.,2026-07-02 09:06:00
7455008b-b28f-a46c-0a7f-9c8755a33387,32a6f3f1-2c46-e25e-77b5-520fb02ed1d7,Azure,advanced,"{""internship""}",Used during internship.,2026-07-02 09:06:00
5d03e927-3c76-cf5b-f9ee-56874a411b06,32a6f3f1-2c46-e25e-77b5-520fb02ed1d7,Cloud Computing,advanced,"{""internship""}",Used during internship.,2026-07-02 09:06:00
5663d6d5-0884-2230-6dab-edd3e1de9299,32a6f3f1-2c46-e25e-77b5-520fb02ed1d7,Communication,intermediate,"{""coursework""}",,2026-07-02 09:06:00
97967ef5-6cc0-1241-ea33-6701445ab4a6,32a6f3f1-2c46-e25e-77b5-520fb02ed1d7,Docker,intermediate,"{""coursework""}",,2026-07-02 09:06:00
7ba8f78b-6577-b891-06ec-bbf336160e06,32a6f3f1-2c46-e25e-77b5-520fb02ed1d7,Flask,advanced,"{""project""}",Applied in project work.,2026-07-02 09:06:00
ca9d0590-b36a-7314-7893-aa696790b027,32a6f3f1-2c46-e25e-77b5-520fb02ed1d7,Git,intermediate,"{""coursework""}",,2026-07-02 09:06:00
22b94234-eeda-2259-8c49-4fb21ec83afb,32a6f3f1-2c46-e25e-77b5-520fb02ed1d7,Leadership,intermediate,"{""coursework""}",,2026-07-02 09:06:00
931b5970-e946-033f-79b2-2b20db8d1836,32a6f3f1-2c46-e25e-77b5-520fb02ed1d7,Linux,advanced,"{""project"",""certification"",""coursework""}",Applied in project work.,2026-07-02 09:06:00
04220efc-9d43-5023-14ce-ea13c6ae96ec,32a6f3f1-2c46-e25e-77b5-520fb02ed1d7,Machine Learning,advanced,"{""project""}",Applied in project work.,2026-07-02 09:06:00
809c109e-37d0-d024-543f-b0866e4ffb1c,32a6f3f1-2c46-e25e-77b5-520fb02ed1d7,Problem Solving,intermediate,"{""project"",""certification""}",Applied in project work.,2026-07-02 09:06:00
d3925553-ceef-3ff2-9909-131bad1ee6f0,32a6f3f1-2c46-e25e-77b5-520fb02ed1d7,Python,advanced,"{""project""}",Applied in project work.,2026-07-02 09:06:00
ae0343a9-4dff-80fc-3450-4da66a2a6ffe,32a6f3f1-2c46-e25e-77b5-520fb02ed1d7,Research Skills,intermediate,"{""project"",""coursework""}",Applied in project work.,2026-07-02 09:06:00
9e2fd4af-b18f-bcd3-83d9-7b4cb245ab9c,32a6f3f1-2c46-e25e-77b5-520fb02ed1d7,SQL,advanced,"{""project""}",Applied in project work.,2026-07-02 09:06:00
d8058bb7-bdec-9144-0629-7a2a66599dde,32a6f3f1-2c46-e25e-77b5-520fb02ed1d7,Teamwork,intermediate,"{""project""}",Applied in project work.,2026-07-02 09:06:00
d9210c64-5299-607c-a33f-06f4fe879e56,32a6f3f1-2c46-e25e-77b5-520fb02ed1d7,Time Management,intermediate,"{""coursework""}",,2026-07-02 09:06:00
e25ff355-f8f4-3249-3c02-c906aa34d26d,c3d6a993-6c2e-b0c5-8f9f-f3d6db40265c,FastAPI,advanced,"{""project""}",Applied in project work.,2026-07-04 22:53:00
a3c595c8-fd54-44ec-afe4-fdbb4d6fc7e3,c3d6a993-6c2e-b0c5-8f9f-f3d6db40265c,Flask,intermediate,"{""coursework""}",,2026-07-04 22:53:00
5bd9d3c9-4843-4dec-1cea-99dc04ef61f0,c3d6a993-6c2e-b0c5-8f9f-f3d6db40265c,Git,beginner,"{""project""}",Applied in project work.,2026-07-04 22:53:00
994be696-6160-ac3c-fe6f-2cf706db51d3,c3d6a993-6c2e-b0c5-8f9f-f3d6db40265c,Java,intermediate,"{""coursework""}",,2026-07-04 22:53:00
89e23a88-d1cc-7531-5708-d6189def23a1,c3d6a993-6c2e-b0c5-8f9f-f3d6db40265c,JavaScript,intermediate,"{""coursework""}",,2026-07-04 22:53:00
f5662788-2993-71cf-87ce-f9a29b75459c,c3d6a993-6c2e-b0c5-8f9f-f3d6db40265c,Leadership,advanced,"{""coursework""}",,2026-07-04 22:53:00
833bb2f3-e997-2938-8fb8-a4a33b645e6d,c3d6a993-6c2e-b0c5-8f9f-f3d6db40265c,Linux,advanced,"{""certification""}",,2026-07-04 22:53:00
258e0162-b287-2686-0de6-d57ecfcd1535,c3d6a993-6c2e-b0c5-8f9f-f3d6db40265c,Problem Solving,intermediate,"{""certification""}",,2026-07-04 22:53:00
bd8999f5-d270-4c62-ada4-b5fdb198cd6d,c3d6a993-6c2e-b0c5-8f9f-f3d6db40265c,Python,advanced,"{""project""}",Applied in project work.,2026-07-04 22:53:00
ed6b9872-dc2b-1537-8082-efd478b2a65d,c3d6a993-6c2e-b0c5-8f9f-f3d6db40265c,SQL,intermediate,"{""project"",""coursework""}",Applied in project work.,2026-07-04 22:53:00
a4119211-f42f-6497-607c-db47a24efba7,c3d6a993-6c2e-b0c5-8f9f-f3d6db40265c,Teamwork,intermediate,"{""coursework""}",,2026-07-04 22:53:00
6c48923d-008f-03ca-8a32-c05e6b403352,612e5c86-1a5b-558b-0d43-1870ebcfbcfa,AWS,beginner,"{""coursework""}",,2026-09-04 12:10:00
dbcbded5-6287-64c1-e4f3-e04de27269b1,612e5c86-1a5b-558b-0d43-1870ebcfbcfa,Azure,beginner,"{""coursework""}",,2026-09-04 12:10:00
64546b25-67f9-1636-78e5-3c5bccc049ac,612e5c86-1a5b-558b-0d43-1870ebcfbcfa,Cloud Computing,beginner,"{""coursework""}",,2026-09-04 12:10:00
9ff979be-3d77-b36f-0449-464fd736466b,612e5c86-1a5b-558b-0d43-1870ebcfbcfa,Data Analysis,beginner,"{""certification"",""coursework""}",,2026-09-04 12:10:00
cdf16565-c1e5-9ebb-a2b6-da970e8ba9bd,612e5c86-1a5b-558b-0d43-1870ebcfbcfa,Docker,beginner,"{""coursework""}",,2026-09-04 12:10:00
47d61fef-43ba-5ffa-e1e2-8d5be6bf3285,612e5c86-1a5b-558b-0d43-1870ebcfbcfa,Leadership,intermediate,"{""coursework""}",,2026-09-04 12:10:00
61a90374-9848-e22e-cd95-e7a85378e6f6,612e5c86-1a5b-558b-0d43-1870ebcfbcfa,Linux,intermediate,"{""project"",""certification"",""coursework""}",Applied in project work.,2026-09-04 12:10:00
d2420b53-ae33-1288-859c-97d7ff91e340,612e5c86-1a5b-558b-0d43-1870ebcfbcfa,Problem Solving,intermediate,"{""certification""}",,2026-09-04 12:10:00
2dbb8752-14cb-07a9-0180-acebe665c302,612e5c86-1a5b-558b-0d43-1870ebcfbcfa,R,intermediate,"{""certification""}",,2026-09-04 12:10:00
4c5a8b5f-2481-b50c-a862-4894ee31bc55,612e5c86-1a5b-558b-0d43-1870ebcfbcfa,SQL,intermediate,"{""certification"",""coursework""}",,2026-09-04 12:10:00
6867035e-3706-f04c-5fba-343ce07cdd5c,612e5c86-1a5b-558b-0d43-1870ebcfbcfa,Tableau,beginner,"{""certification"",""coursework""}",,2026-09-04 12:10:00
75622dff-390b-5083-f4f2-71f727fd6298,612e5c86-1a5b-558b-0d43-1870ebcfbcfa,Time Management,beginner,"{""coursework""}",,2026-09-04 12:10:00
41aeb8d4-f389-6fad-0ced-6b07bf9d5992,a62683ed-6070-e32e-9c2b-e6973ffb1f97,Data Visualisation,intermediate,"{""project""}",Applied in project work.,2026-08-18 19:51:00
2a70ec30-2f3c-a15a-630f-426886415cd2,a62683ed-6070-e32e-9c2b-e6973ffb1f97,Git,beginner,"{""coursework""}",,2026-08-18 19:51:00
129a98a8-65ed-7ecc-6abd-6c976242ca80,a62683ed-6070-e32e-9c2b-e6973ffb1f97,JavaScript,intermediate,"{""project"",""certification""}",Applied in project work.,2026-08-18 19:51:00
955a2740-91b6-d376-ee71-4b0cf2d94421,a62683ed-6070-e32e-9c2b-e6973ffb1f97,Python,intermediate,"{""certification""}",,2026-08-18 19:51:00
e89f53ad-970a-ccbb-fc3a-70ac9c3ad6fc,a62683ed-6070-e32e-9c2b-e6973ffb1f97,React,intermediate,"{""project"",""certification"",""coursework""}",Applied in project work.,2026-08-18 19:51:00
278182d4-d234-fb9d-a845-17ee99cf3419,a62683ed-6070-e32e-9c2b-e6973ffb1f97,Time Management,intermediate,"{""coursework""}",,2026-08-18 19:51:00
524715af-7ee6-990b-932d-6b2fcfc0426b,9c64edbe-7370-ca9f-7ed4-a540b5ca2226,Cloud Computing,beginner,"{""coursework""}",,2026-08-08 13:08:00
9ce6dabe-9768-65b1-087d-f61d21e4a7e7,9c64edbe-7370-ca9f-7ed4-a540b5ca2226,Communication,beginner,"{""coursework""}",,2026-08-08 13:08:00
abde5e49-d533-e782-53c5-0458a4f9315f,9c64edbe-7370-ca9f-7ed4-a540b5ca2226,Data Visualisation,beginner,"{""project""}",Applied in project work.,2026-08-08 13:08:00
4bfe753b-22ab-b140-b281-e8e6f09826ce,9c64edbe-7370-ca9f-7ed4-a540b5ca2226,Python,intermediate,"{""project"",""coursework""}",Applied in project work.,2026-08-08 13:08:00
b59c9c87-f839-14c9-9eff-689a545a8a02,9c64edbe-7370-ca9f-7ed4-a540b5ca2226,SQL,intermediate,"{""project""}",Applied in project work.,2026-08-08 13:08:00
07ee522e-3b6c-b551-d4e7-11aa563aba44,9c64edbe-7370-ca9f-7ed4-a540b5ca2226,Teamwork,beginner,"{""coursework""}",,2026-08-08 13:08:00
0b845de2-f74b-a82f-2de9-2307a9ca27f7,f0aea873-9181-ae73-f00c-9f5fea55ee32,AWS,advanced,"{""certification"",""internship"",""coursework""}",Used during internship.,2026-09-08 10:09:00
be849a19-9f3c-4ac3-d554-da125561f4a4,f0aea873-9181-ae73-f00c-9f5fea55ee32,Cloud Computing,advanced,"{""certification"",""coursework""}",,2026-09-08 10:09:00
31811ada-7bf9-b984-8400-bf6e32c2368c,f0aea873-9181-ae73-f00c-9f5fea55ee32,Data Analysis,intermediate,"{""coursework""}",,2026-09-08 10:09:00
bb54c7f4-4c5b-6bf4-309b-cc9a0a5211cf,f0aea873-9181-ae73-f00c-9f5fea55ee32,Data Visualisation,intermediate,"{""certification"",""coursework""}",,2026-09-08 10:09:00
495f5944-72d4-6e94-d8bc-a7d6466a7107,f0aea873-9181-ae73-f00c-9f5fea55ee32,Deep Learning,intermediate,"{""project"",""coursework""}",Applied in project work.,2026-09-08 10:09:00
7e4e4d70-455b-e7a1-c79c-6ed500059930,f0aea873-9181-ae73-f00c-9f5fea55ee32,Machine Learning,advanced,"{""internship""}",Used during internship.,2026-09-08 10:09:00
c64375ed-20f0-91a1-ddb2-441e6a7dd940,f0aea873-9181-ae73-f00c-9f5fea55ee32,Problem Solving,beginner,"{""coursework""}",,2026-09-08 10:09:00
f7fb7406-ec4a-0dfd-10d0-fd27fc87aa39,f0aea873-9181-ae73-f00c-9f5fea55ee32,Python,advanced,"{""project"",""internship"",""coursework""}",Applied in project work.,2026-09-08 10:09:00
c1ce653a-c703-2c2d-1382-e9e652442cd5,f0aea873-9181-ae73-f00c-9f5fea55ee32,R,intermediate,"{""coursework""}",,2026-09-08 10:09:00
08bbd3f5-a13f-7bfd-78a1-ad7fc95351ad,f0aea873-9181-ae73-f00c-9f5fea55ee32,Statistical Analysis,beginner,"{""coursework""}",,2026-09-08 10:09:00
7bbaf123-16fe-fed9-5b76-b287f998d44f,f0aea873-9181-ae73-f00c-9f5fea55ee32,Tableau,intermediate,"{""certification""}",,2026-09-08 10:09:00
8b42cee7-d21d-d567-ea53-a09d5f2acb16,82463029-5aa0-e815-cb77-16038eefa874,AWS,beginner,"{""coursework""}",,2026-07-11 12:15:00
a0db05fa-4758-f609-f2d2-2f14af3ae9ef,82463029-5aa0-e815-cb77-16038eefa874,Machine Learning,beginner,"{""coursework""}",,2026-07-11 12:15:00
26cc18ad-032f-c3b2-8a5d-37fc88bfe705,82463029-5aa0-e815-cb77-16038eefa874,Node.js,beginner,"{""project""}",Applied in project work.,2026-07-11 12:15:00
5683a36a-b2a3-f8e5-9bab-29cf284e8078,82463029-5aa0-e815-cb77-16038eefa874,Problem Solving,beginner,"{""coursework""}",,2026-07-11 12:15:00
34e6ca9d-99ae-1f6e-b594-4a436ff4d125,82463029-5aa0-e815-cb77-16038eefa874,React,intermediate,"{""project"",""coursework""}",Applied in project work.,2026-07-11 12:15:00
b8888244-57b1-14de-3c9a-5634b8ed8fe4,82463029-5aa0-e815-cb77-16038eefa874,SQL,beginner,"{""project""}",Applied in project work.,2026-07-11 12:15:00
4ccb8ee7-77ea-8daa-fc46-b0719adad16b,82463029-5aa0-e815-cb77-16038eefa874,Tableau,intermediate,"{""coursework""}",,2026-07-11 12:15:00
81d9beae-e86b-063d-80cd-9f52054a4d99,82463029-5aa0-e815-cb77-16038eefa874,Teamwork,intermediate,"{""coursework""}",,2026-07-11 12:15:00
b8470eb8-816e-49e9-0ae5-f73f7cc51149,82463029-5aa0-e815-cb77-16038eefa874,Time Management,beginner,"{""coursework""}",,2026-07-11 12:15:00
cdccd0ec-7c65-182e-caec-902de05bb317,d283dfa3-b90f-0b18-d6ce-f9758a753c9e,AWS,intermediate,"{""coursework""}",,2026-07-11 12:08:00
684e53dd-df6e-7c19-21dc-7b1d687e187e,d283dfa3-b90f-0b18-d6ce-f9758a753c9e,Azure,intermediate,"{""certification"",""coursework""}",,2026-07-11 12:08:00
5d015d97-00b5-ee14-ec3f-d690603cbf33,d283dfa3-b90f-0b18-d6ce-f9758a753c9e,Cloud Computing,intermediate,"{""certification"",""coursework""}",,2026-07-11 12:08:00
6265e55d-bfc1-1afd-234b-4f71037be86e,d283dfa3-b90f-0b18-d6ce-f9758a753c9e,Docker,advanced,"{""project"",""coursework""}",Applied in project work.,2026-07-11 12:08:00
8e36d254-d01d-c98b-7c75-19b75fbc8473,d283dfa3-b90f-0b18-d6ce-f9758a753c9e,Git,intermediate,"{""project"",""coursework""}",Applied in project work.,2026-07-11 12:08:00
63651ce9-e827-4a4f-3751-237f0185216f,d283dfa3-b90f-0b18-d6ce-f9758a753c9e,Linux,intermediate,"{""project""}",Applied in project work.,2026-07-11 12:08:00
0aa1b513-3c8b-8741-64b3-f1a90d44fa84,d283dfa3-b90f-0b18-d6ce-f9758a753c9e,Teamwork,advanced,"{""coursework""}",,2026-07-11 12:08:00
5ef981f8-af92-7913-cb50-d1f598dcb918,4417639f-6dce-abef-a21f-1f28a5a07046,Azure,intermediate,"{""coursework""}",,2026-07-02 16:23:00
0d65b0dd-7ebb-0b45-9dd4-f9f47e4a721e,4417639f-6dce-abef-a21f-1f28a5a07046,Data Analysis,advanced,"{""project"",""certification"",""coursework""}",Applied in project work.,2026-07-02 16:23:00
1a40a57d-688c-2b33-cfc6-2c97f831a42e,4417639f-6dce-abef-a21f-1f28a5a07046,Data Visualisation,advanced,"{""project"",""coursework""}",Applied in project work.,2026-07-02 16:23:00
8ab0d57f-4f41-be69-23b8-e0d6d72199da,4417639f-6dce-abef-a21f-1f28a5a07046,Excel,advanced,"{""project""}",Applied in project work.,2026-07-02 16:23:00
c1fd2d6d-277d-cdcb-a3ed-c79cdd1af7be,4417639f-6dce-abef-a21f-1f28a5a07046,Flask,intermediate,"{""project"",""coursework""}",Applied in project work.,2026-07-02 16:23:00
218e942e-041a-e5fb-67f6-7fc3ebe7ca06,4417639f-6dce-abef-a21f-1f28a5a07046,Machine Learning,advanced,"{""coursework""}",,2026-07-02 16:23:00
122d774d-06f4-d1bb-5d7b-83be810409fe,4417639f-6dce-abef-a21f-1f28a5a07046,Power BI,intermediate,"{""coursework""}",,2026-07-02 16:23:00
115eb800-011e-4364-ae4f-26c632f4cb84,4417639f-6dce-abef-a21f-1f28a5a07046,Problem Solving,intermediate,"{""coursework""}",,2026-07-02 16:23:00
cf18383a-7f3e-b240-6c54-3e3f171520b8,4417639f-6dce-abef-a21f-1f28a5a07046,Python,intermediate,"{""project"",""certification"",""coursework""}",Applied in project work.,2026-07-02 16:23:00
86cc9733-58cb-e1e6-0dd0-e2b36c59e618,4417639f-6dce-abef-a21f-1f28a5a07046,R,intermediate,"{""certification"",""coursework""}",,2026-07-02 16:23:00
358d6616-1336-b1b5-4d5e-6dde4172f01c,4417639f-6dce-abef-a21f-1f28a5a07046,SQL,advanced,"{""project"",""certification"",""coursework""}",Applied in project work.,2026-07-02 16:23:00
9131e5c3-713d-0a0f-4ebe-4453538ec545,4417639f-6dce-abef-a21f-1f28a5a07046,Statistical Analysis,advanced,"{""project"",""coursework""}",Applied in project work.,2026-07-02 16:23:00
36bb36d1-5d88-aece-bece-704dbb5f4cf5,4417639f-6dce-abef-a21f-1f28a5a07046,Tableau,intermediate,"{""certification"",""coursework""}",,2026-07-02 16:23:00
f060470c-b1c3-f9d5-51e3-42b1cfc85399,4417639f-6dce-abef-a21f-1f28a5a07046,Teamwork,beginner,"{""coursework""}",,2026-07-02 16:23:00
929a7800-1f84-0586-75d1-f63bb901aec9,4417639f-6dce-abef-a21f-1f28a5a07046,Time Management,intermediate,"{""coursework""}",,2026-07-02 16:23:00
cdcc049e-ef4d-2c57-6510-8131d0c31c50,3c2c5529-8dc1-2eba-1f80-8e1ce29acf4c,Data Analysis,intermediate,"{""certification""}",,2026-09-02 18:00:00
dc05fa81-9e08-2083-6045-9a6a75cef7db,3c2c5529-8dc1-2eba-1f80-8e1ce29acf4c,Docker,advanced,"{""coursework""}",,2026-09-02 18:00:00
9f381468-3c9c-1cd2-eb1f-4a1c7930986b,3c2c5529-8dc1-2eba-1f80-8e1ce29acf4c,Leadership,intermediate,"{""coursework""}",,2026-09-02 18:00:00
88f05a37-b88e-df3a-394d-35ac28d1f460,3c2c5529-8dc1-2eba-1f80-8e1ce29acf4c,Linux,intermediate,"{""coursework""}",,2026-09-02 18:00:00
058d8c09-2eaf-3417-af9e-62a23d0120f7,3c2c5529-8dc1-2eba-1f80-8e1ce29acf4c,Machine Learning,intermediate,"{""project""}",Applied in project work.,2026-09-02 18:00:00
0008b748-fdd7-e12f-b051-411b405945b1,3c2c5529-8dc1-2eba-1f80-8e1ce29acf4c,Problem Solving,intermediate,"{""coursework""}",,2026-09-02 18:00:00
47660299-8429-fd10-2cd9-1139cc6262d5,3c2c5529-8dc1-2eba-1f80-8e1ce29acf4c,Python,intermediate,"{""project"",""coursework""}",Applied in project work.,2026-09-02 18:00:00
7ea0fd8d-4c03-1bdf-f626-a8333661039c,3c2c5529-8dc1-2eba-1f80-8e1ce29acf4c,R,intermediate,"{""certification"",""coursework""}",,2026-09-02 18:00:00
ccb8d6d6-0253-e7b2-9bac-f5bee3b384ca,3c2c5529-8dc1-2eba-1f80-8e1ce29acf4c,SQL,intermediate,"{""certification""}",,2026-09-02 18:00:00
dcad3105-5232-701e-d1e3-8b2654d697a8,3c2c5529-8dc1-2eba-1f80-8e1ce29acf4c,Statistical Analysis,intermediate,"{""project""}",Applied in project work.,2026-09-02 18:00:00
0ebd7e73-6395-c49f-e58e-137020786fea,3c2c5529-8dc1-2eba-1f80-8e1ce29acf4c,Tableau,advanced,"{""certification"",""coursework""}",,2026-09-02 18:00:00
91824513-6fb9-0ec6-52d7-f029714bfa37,3c2c5529-8dc1-2eba-1f80-8e1ce29acf4c,Time Management,beginner,"{""coursework""}",,2026-09-02 18:00:00
a54bddbb-7c56-ea1b-9852-bf0250a7db25,ac663647-36a4-4599-3ef0-58b3fc141344,C++,advanced,"{""project"",""coursework""}",Applied in project work.,2026-07-18 01:49:00
c5239cca-b2f0-89b9-964a-852cfb1ee55a,ac663647-36a4-4599-3ef0-58b3fc141344,Docker,advanced,"{""project"",""certification""}",Applied in project work.,2026-07-18 01:49:00
d6b14c5a-9306-55b3-bfa1-bbd97c01fb86,ac663647-36a4-4599-3ef0-58b3fc141344,FastAPI,advanced,"{""project""}",Applied in project work.,2026-07-18 01:49:00
99472966-41f7-ce31-13cf-9f20ca22cc24,ac663647-36a4-4599-3ef0-58b3fc141344,Flask,intermediate,"{""coursework""}",,2026-07-18 01:49:00
96dae0bb-08cd-3d26-6d60-3651818edbdf,ac663647-36a4-4599-3ef0-58b3fc141344,Git,advanced,"{""project""}",Applied in project work.,2026-07-18 01:49:00
98e31b8f-4837-6b93-dde4-fe4f03a301d0,ac663647-36a4-4599-3ef0-58b3fc141344,Java,advanced,"{""project""}",Applied in project work.,2026-07-18 01:49:00
d2d3ea0a-2496-90db-3521-279fa96e4559,ac663647-36a4-4599-3ef0-58b3fc141344,Leadership,intermediate,"{""coursework""}",,2026-07-18 01:49:00
38f14931-becc-1545-21bc-dcff20a7b4a8,ac663647-36a4-4599-3ef0-58b3fc141344,Node.js,advanced,"{""project"",""coursework""}",Applied in project work.,2026-07-18 01:49:00
19f744dd-6189-9c4f-e4a7-fcfe41dbc918,ac663647-36a4-4599-3ef0-58b3fc141344,Problem Solving,intermediate,"{""coursework""}",,2026-07-18 01:49:00
889e6e1e-e169-c3d3-ef3f-590eb4320daa,ac663647-36a4-4599-3ef0-58b3fc141344,Python,advanced,"{""project"",""coursework""}",Applied in project work.,2026-07-18 01:49:00
e904cd0e-ddf5-47e3-a918-aef5131af0d5,ac663647-36a4-4599-3ef0-58b3fc141344,React,advanced,"{""coursework""}",,2026-07-18 01:49:00
042b2a24-4060-d9e9-3a5c-cb6856e52992,ac663647-36a4-4599-3ef0-58b3fc141344,SQL,intermediate,"{""project"",""coursework""}",Applied in project work.,2026-07-18 01:49:00
734f61ca-af5f-d46a-2eb5-34fa12bf7a23,ac663647-36a4-4599-3ef0-58b3fc141344,Teamwork,intermediate,"{""coursework""}",,2026-07-18 01:49:00
c0c71eee-0645-b998-6433-c61a456179ff,d3a35339-2c31-26c0-4cd8-054c7f69c5de,Cloud Computing,beginner,"{""coursework""}",,2026-07-21 20:38:00
c6694eaf-913f-1871-44f3-6f679f9fcd78,d3a35339-2c31-26c0-4cd8-054c7f69c5de,Communication,beginner,"{""coursework""}",,2026-07-21 20:38:00
8aa4c43e-ada3-26e9-e233-384e315b3176,d3a35339-2c31-26c0-4cd8-054c7f69c5de,Leadership,beginner,"{""coursework""}",,2026-07-21 20:38:00
338a673a-2777-6076-71dc-b5e1eb1797ed,d3a35339-2c31-26c0-4cd8-054c7f69c5de,Linux,intermediate,"{""coursework""}",,2026-07-21 20:38:00
8b0242cd-d6e3-9e87-0cfa-5dd91e8c6c82,d3a35339-2c31-26c0-4cd8-054c7f69c5de,Python,beginner,"{""coursework""}",,2026-07-21 20:38:00
6945349d-a49a-d87c-833f-f31e36502aef,bb822a13-5193-6ec1-e69f-4f215b385a6a,C++,beginner,"{""project"",""coursework""}",Applied in project work.,2026-08-05 20:16:00
9c88df90-8a61-f755-0c6b-3d43bb37eb79,bb822a13-5193-6ec1-e69f-4f215b385a6a,Docker,advanced,"{""project"",""coursework""}",Applied in project work.,2026-08-05 20:16:00
9bd4a2fd-fbad-b448-07c8-1588392cbbe0,bb822a13-5193-6ec1-e69f-4f215b385a6a,FastAPI,intermediate,"{""project""}",Applied in project work.,2026-08-05 20:16:00
031a0885-9411-21bb-ab00-4e6544e4b56c,bb822a13-5193-6ec1-e69f-4f215b385a6a,Git,intermediate,"{""project""}",Applied in project work.,2026-08-05 20:16:00
d2dc3373-10f3-5eeb-a352-01536eea050d,bb822a13-5193-6ec1-e69f-4f215b385a6a,Java,intermediate,"{""internship""}",Used during internship.,2026-08-05 20:16:00
936b5322-e533-f1c5-d23e-b130eb56fde3,bb822a13-5193-6ec1-e69f-4f215b385a6a,JavaScript,beginner,"{""coursework""}",,2026-08-05 20:16:00
562dbc19-45d2-067e-d738-177c228abcd7,bb822a13-5193-6ec1-e69f-4f215b385a6a,Machine Learning,intermediate,"{""certification""}",,2026-08-05 20:16:00
45327fbb-9c01-2c23-63a5-45995cd1f293,bb822a13-5193-6ec1-e69f-4f215b385a6a,Node.js,intermediate,"{""project""}",Applied in project work.,2026-08-05 20:16:00
0ad01145-ea14-58df-5159-95344c7fbca1,bb822a13-5193-6ec1-e69f-4f215b385a6a,Problem Solving,intermediate,"{""coursework""}",,2026-08-05 20:16:00
4c956e1e-7dfd-151b-b0f9-245cc07571f2,bb822a13-5193-6ec1-e69f-4f215b385a6a,Python,intermediate,"{""project"",""certification"",""internship"",""coursework""}",Applied in project work.,2026-08-05 20:16:00
92b28bea-03a0-0991-fbd1-c7a8f94344b1,bb822a13-5193-6ec1-e69f-4f215b385a6a,React,advanced,"{""internship""}",Used during internship.,2026-08-05 20:16:00
04d299f8-ad44-c4f8-404f-9c8692b290a6,bb822a13-5193-6ec1-e69f-4f215b385a6a,SQL,beginner,"{""project"",""coursework""}",Applied in project work.,2026-08-05 20:16:00
842fc231-ed97-6c7e-4ae3-9c1e7b06583b,0b56ec02-db4b-04d1-cf09-ba78df35afc6,Data Analysis,intermediate,"{""certification""}",,2026-09-15 13:46:00
3145b366-7186-1b89-fb70-d096d96c270c,0b56ec02-db4b-04d1-cf09-ba78df35afc6,Data Visualisation,intermediate,"{""project"",""coursework""}",Applied in project work.,2026-09-15 13:46:00
f77384cd-a83e-78b1-36b0-e09f97218986,0b56ec02-db4b-04d1-cf09-ba78df35afc6,Docker,intermediate,"{""project""}",Applied in project work.,2026-09-15 13:46:00
179f2f47-5f1c-9ef6-1621-b3feae6f0fa2,0b56ec02-db4b-04d1-cf09-ba78df35afc6,Excel,intermediate,"{""coursework""}",,2026-09-15 13:46:00
8a77444a-77ff-4810-171f-bdfac3acd9ca,0b56ec02-db4b-04d1-cf09-ba78df35afc6,Flask,beginner,"{""coursework""}",,2026-09-15 13:46:00
e2e81848-258c-e9b4-c768-92ba4b7ea28d,0b56ec02-db4b-04d1-cf09-ba78df35afc6,JavaScript,intermediate,"{""project""}",Applied in project work.,2026-09-15 13:46:00
8c7b7e6f-9f73-9794-6a10-d71e4ffa0ddf,0b56ec02-db4b-04d1-cf09-ba78df35afc6,Node.js,intermediate,"{""project"",""coursework""}",Applied in project work.,2026-09-15 13:46:00
ed87a58e-6b9f-e3a3-eefe-100605fdc6c5,0b56ec02-db4b-04d1-cf09-ba78df35afc6,Problem Solving,intermediate,"{""coursework""}",,2026-09-15 13:46:00
1e79df28-7948-26b3-a75d-097838561675,0b56ec02-db4b-04d1-cf09-ba78df35afc6,R,advanced,"{""certification"",""coursework""}",,2026-09-15 13:46:00
06e7d333-944b-2371-f222-8efb80a9891e,0b56ec02-db4b-04d1-cf09-ba78df35afc6,SQL,advanced,"{""project"",""certification"",""coursework""}",Applied in project work.,2026-09-15 13:46:00
0e7e41b6-92bd-d0ed-d3d8-a5bdade73cc0,0b56ec02-db4b-04d1-cf09-ba78df35afc6,Tableau,intermediate,"{""certification""}",,2026-09-15 13:46:00
fa7e921f-c34e-1629-cbec-682ad0035e3f,0b56ec02-db4b-04d1-cf09-ba78df35afc6,Teamwork,beginner,"{""coursework""}",,2026-09-15 13:46:00
85e2fbd7-8a3e-c6a9-ca03-382ea5a4757d,fc03a706-774c-c9de-cf56-e78b47d34d63,Data Analysis,advanced,"{""certification""}",,2026-07-11 06:24:00
2241b4c0-c45b-2a95-82c0-16fa1929a0e7,fc03a706-774c-c9de-cf56-e78b47d34d63,Excel,advanced,"{""internship""}",Used during internship.,2026-07-11 06:24:00
7d0b57ce-d3d8-57db-a61b-6d5d06cc2bba,fc03a706-774c-c9de-cf56-e78b47d34d63,JavaScript,intermediate,"{""project"",""internship""}",Applied in project work.,2026-07-11 06:24:00
0961c221-9892-d611-f739-b0d4d98d214f,fc03a706-774c-c9de-cf56-e78b47d34d63,Node.js,intermediate,"{""project"",""coursework""}",Applied in project work.,2026-07-11 06:24:00
21c7d06f-960d-08d7-7466-03430c0d20d9,fc03a706-774c-c9de-cf56-e78b47d34d63,R,advanced,"{""certification""}",,2026-07-11 06:24:00
9b506366-8da3-b59e-633b-35fd24dbc6d1,fc03a706-774c-c9de-cf56-e78b47d34d63,React,intermediate,"{""project"",""coursework""}",Applied in project work.,2026-07-11 06:24:00
b4d94221-e7c1-0651-465f-e8be3951c0c7,fc03a706-774c-c9de-cf56-e78b47d34d63,SQL,intermediate,"{""project"",""certification""}",Applied in project work.,2026-07-11 06:24:00
74414d13-e6f1-5890-9b83-47fe4dc50fb3,fc03a706-774c-c9de-cf56-e78b47d34d63,Tableau,advanced,"{""certification""}",,2026-07-11 06:24:00
0b533a90-50f1-5b8c-b6be-c0143e1bb73f,fc03a706-774c-c9de-cf56-e78b47d34d63,Teamwork,intermediate,"{""internship""}",Used during internship.,2026-07-11 06:24:00
c86ecb62-84c0-a2e5-dcbc-8f6469ec8c8e,fc03a706-774c-c9de-cf56-e78b47d34d63,Time Management,intermediate,"{""coursework""}",,2026-07-11 06:24:00
df6a056a-e0da-fc08-701a-e861a38cfdf1,a87fce58-ce2e-2e2a-d701-597c2bba1b17,Cloud Computing,intermediate,"{""coursework""}",,2026-07-28 12:25:00
dfab7b0e-0dae-08ee-89a8-77747247d6f8,a87fce58-ce2e-2e2a-d701-597c2bba1b17,Communication,intermediate,"{""coursework""}",,2026-07-28 12:25:00
445abdce-a0a7-f916-c729-8c4ecde66117,a87fce58-ce2e-2e2a-d701-597c2bba1b17,Java,intermediate,"{""project""}",Applied in project work.,2026-07-28 12:25:00
6979bafa-436e-7bb8-4abb-6f54832b3664,a87fce58-ce2e-2e2a-d701-597c2bba1b17,JavaScript,advanced,"{""coursework""}",,2026-07-28 12:25:00
3b5df6ce-fd5b-641a-c2e3-6a0aea3c179f,a87fce58-ce2e-2e2a-d701-597c2bba1b17,Leadership,beginner,"{""coursework""}",,2026-07-28 12:25:00
6d61c2b7-db31-8c10-b9c2-d65b6c5aaa25,a87fce58-ce2e-2e2a-d701-597c2bba1b17,Machine Learning,intermediate,"{""certification""}",,2026-07-28 12:25:00
9cf7ca7d-227c-85aa-f008-a20237ca34f6,a87fce58-ce2e-2e2a-d701-597c2bba1b17,Python,intermediate,"{""certification""}",,2026-07-28 12:25:00
818b4ed4-7fa4-d8ff-c225-5b2c37f81f31,a87fce58-ce2e-2e2a-d701-597c2bba1b17,SQL,intermediate,"{""project"",""coursework""}",Applied in project work.,2026-07-28 12:25:00
2a63c44e-e5c6-7b63-295c-1fe4f2c416f1,706e3f71-a99c-a3da-25b5-97c6ab5b2ca1,Data Visualisation,intermediate,"{""internship"",""coursework""}",Used during internship.,2026-09-10 16:06:00
d5897d69-a541-7b63-1261-d4df8d43830e,706e3f71-a99c-a3da-25b5-97c6ab5b2ca1,Excel,intermediate,"{""project"",""internship"",""coursework""}",Applied in project work.,2026-09-10 16:06:00
3a596560-1950-528d-ff99-581de428539a,706e3f71-a99c-a3da-25b5-97c6ab5b2ca1,Flask,intermediate,"{""project""}",Applied in project work.,2026-09-10 16:06:00
e3ad0b6e-b2f4-f8d5-62f8-7a477ac15877,706e3f71-a99c-a3da-25b5-97c6ab5b2ca1,JavaScript,intermediate,"{""project""}",Applied in project work.,2026-09-10 16:06:00
8ffce678-d13a-785c-4151-37cd973e9598,706e3f71-a99c-a3da-25b5-97c6ab5b2ca1,Leadership,intermediate,"{""coursework""}",,2026-09-10 16:06:00
20e2da14-ff08-862c-bc66-d391069cd309,706e3f71-a99c-a3da-25b5-97c6ab5b2ca1,Problem Solving,beginner,"{""coursework""}",,2026-09-10 16:06:00
89383fb3-2018-925e-dc03-82e2b80e2079,706e3f71-a99c-a3da-25b5-97c6ab5b2ca1,SQL,intermediate,"{""project""}",Applied in project work.,2026-09-10 16:06:00
ef2a3540-c549-5a63-3387-3e37f899945f,706e3f71-a99c-a3da-25b5-97c6ab5b2ca1,Statistical Analysis,beginner,"{""internship"",""coursework""}",Used during internship.,2026-09-10 16:06:00
da4d407d-f634-cd4f-6cbc-925026cccf5a,706e3f71-a99c-a3da-25b5-97c6ab5b2ca1,Tableau,beginner,"{""coursework""}",,2026-09-10 16:06:00
95cbe6a3-a553-c7ea-b9db-b9fa933c3dec,706e3f71-a99c-a3da-25b5-97c6ab5b2ca1,Teamwork,advanced,"{""project""}",Applied in project work.,2026-09-10 16:06:00
3f0fac32-623c-22d1-8cb1-a2291c2bd267,6f7d696b-69f2-ebec-6a5d-69d9fd6d361c,AWS,intermediate,"{""coursework""}",,2026-07-01 13:45:00
11051eba-37da-fdb6-612e-1fcf20d461ba,6f7d696b-69f2-ebec-6a5d-69d9fd6d361c,Data Analysis,intermediate,"{""project"",""coursework""}",Applied in project work.,2026-07-01 13:45:00
e4c4cc4c-61a2-eb14-a491-8bd2e79398c7,6f7d696b-69f2-ebec-6a5d-69d9fd6d361c,Data Visualisation,advanced,"{""internship""}",Used during internship.,2026-07-01 13:45:00
c207eff8-9528-688e-5b23-ccfe55b9103a,6f7d696b-69f2-ebec-6a5d-69d9fd6d361c,Power BI,intermediate,"{""internship""}",Used during internship.,2026-07-01 13:45:00
4340d816-e17c-0533-d9ce-8b2660293a67,6f7d696b-69f2-ebec-6a5d-69d9fd6d361c,Problem Solving,intermediate,"{""coursework""}",,2026-07-01 13:45:00
06bd49c7-0b83-e34e-9b9c-72a24c730d60,6f7d696b-69f2-ebec-6a5d-69d9fd6d361c,Python,advanced,"{""project"",""certification"",""internship""}",Applied in project work.,2026-07-01 13:45:00
00a289d0-52c8-cb58-8c2d-c007d079759d,6f7d696b-69f2-ebec-6a5d-69d9fd6d361c,Statistical Analysis,advanced,"{""project"",""coursework""}",Applied in project work.,2026-07-01 13:45:00
57e0dffa-55a3-453f-cd34-73edbe320b1a,6f7d696b-69f2-ebec-6a5d-69d9fd6d361c,Time Management,beginner,"{""coursework""}",,2026-07-01 13:45:00
34c4f6ad-4fe0-8871-15f5-4aa03e42ee14,8ca0a958-e000-5105-417d-4986aeefc38e,Docker,intermediate,"{""project"",""coursework""}",Applied in project work.,2026-09-08 03:17:00
7b3bca78-6ee1-e14b-3a95-416f400b2ed1,8ca0a958-e000-5105-417d-4986aeefc38e,Git,beginner,"{""project""}",Applied in project work.,2026-09-08 03:17:00
f1fe6e7c-1a98-3011-a19d-5b962bbb87e0,8ca0a958-e000-5105-417d-4986aeefc38e,Linux,advanced,"{""project""}",Applied in project work.,2026-09-08 03:17:00
0b9b39e4-18e9-d1fd-74c3-77c58c7dacfa,8ca0a958-e000-5105-417d-4986aeefc38e,Problem Solving,beginner,"{""coursework""}",,2026-09-08 03:17:00
51f0fe1d-8645-fe26-a180-28d567c7955e,8ca0a958-e000-5105-417d-4986aeefc38e,Research Skills,intermediate,"{""project""}",Applied in project work.,2026-09-08 03:17:00
0bde0eac-c1ec-1103-9d2b-c6aebd399a47,d26c8105-6d85-33a2-dd1d-125f248dbf75,AWS,advanced,"{""certification"",""internship""}",Used during internship.,2026-08-03 15:07:00
393fa137-3585-ffbf-4e86-fd9c88c05a8b,d26c8105-6d85-33a2-dd1d-125f248dbf75,C++,intermediate,"{""internship""}",Used during internship.,2026-08-03 15:07:00
2c9f8912-a449-3a03-3a52-bbe63143f35f,d26c8105-6d85-33a2-dd1d-125f248dbf75,Cloud Computing,intermediate,"{""certification""}",,2026-08-03 15:07:00
2887e9be-36f5-1698-cbee-70fb1de2ea80,d26c8105-6d85-33a2-dd1d-125f248dbf75,Communication,beginner,"{""coursework""}",,2026-08-03 15:07:00
d5186ad4-55e5-a023-4110-d33699032fa5,d26c8105-6d85-33a2-dd1d-125f248dbf75,Data Analysis,intermediate,"{""certification"",""coursework""}",,2026-08-03 15:07:00
80272505-2f88-198b-4de5-3f263771ad89,d26c8105-6d85-33a2-dd1d-125f248dbf75,Docker,intermediate,"{""project""}",Applied in project work.,2026-08-03 15:07:00
9c026b25-4c46-638f-cddd-3fc7c5c38c43,d26c8105-6d85-33a2-dd1d-125f248dbf75,Git,intermediate,"{""project"",""coursework""}",Applied in project work.,2026-08-03 15:07:00
6ded13fe-6e17-a778-8312-5afa956a1351,d26c8105-6d85-33a2-dd1d-125f248dbf75,Leadership,intermediate,"{""coursework""}",,2026-08-03 15:07:00
bacc78f8-0df4-495a-bed4-0c9c2c8296ea,d26c8105-6d85-33a2-dd1d-125f248dbf75,Linux,intermediate,"{""project"",""coursework""}",Applied in project work.,2026-08-03 15:07:00
ab867e53-a2fb-faaa-742d-5ae3c017367b,d26c8105-6d85-33a2-dd1d-125f248dbf75,Problem Solving,intermediate,"{""coursework""}",,2026-08-03 15:07:00
3e14acb6-d229-6fce-ddf1-b853e7a83acb,d26c8105-6d85-33a2-dd1d-125f248dbf75,R,intermediate,"{""certification"",""internship"",""coursework""}",Used during internship.,2026-08-03 15:07:00
78ce49d0-9f30-47fb-2d66-9be95c4b3f9c,d26c8105-6d85-33a2-dd1d-125f248dbf75,Research Skills,intermediate,"{""project"",""coursework""}",Applied in project work.,2026-08-03 15:07:00
c63ee24d-d5b8-056b-679e-bc275b30ab41,d26c8105-6d85-33a2-dd1d-125f248dbf75,SQL,intermediate,"{""certification""}",,2026-08-03 15:07:00
5ef506de-677f-2b3b-f5b6-80f9fb59a25b,d26c8105-6d85-33a2-dd1d-125f248dbf75,Tableau,intermediate,"{""certification"",""coursework""}",,2026-08-03 15:07:00
447b9b0c-10fb-6052-d8d9-192e900e7426,d26c8105-6d85-33a2-dd1d-125f248dbf75,Teamwork,beginner,"{""coursework""}",,2026-08-03 15:07:00
6dddd10d-bfc3-e5bc-800d-d8dd541a1fab,7904ffb1-443f-f733-1af0-1dd64cd66378,Java,beginner,"{""certification"",""coursework""}",,2026-09-14 08:49:00
89d49382-bb11-0f4b-64af-124719ecb4a0,7904ffb1-443f-f733-1af0-1dd64cd66378,Leadership,beginner,"{""coursework""}",,2026-09-14 08:49:00
a38ff713-9719-d16c-786b-687490c50d15,7904ffb1-443f-f733-1af0-1dd64cd66378,Machine Learning,intermediate,"{""project"",""coursework""}",Applied in project work.,2026-09-14 08:49:00
13c1046e-a843-0b6d-c98e-502e8bdf7e7e,7904ffb1-443f-f733-1af0-1dd64cd66378,Problem Solving,beginner,"{""coursework""}",,2026-09-14 08:49:00
ac7edd94-397f-9ba7-dc46-11015abf8127,7904ffb1-443f-f733-1af0-1dd64cd66378,Python,beginner,"{""project"",""coursework""}",Applied in project work.,2026-09-14 08:49:00
325d2c3b-a7e1-1cb7-83e8-ac28c817b181,7904ffb1-443f-f733-1af0-1dd64cd66378,R,intermediate,"{""coursework""}",,2026-09-14 08:49:00
05eb4925-3eae-0a11-077b-6a9d16a05dd7,7904ffb1-443f-f733-1af0-1dd64cd66378,Statistical Analysis,intermediate,"{""project""}",Applied in project work.,2026-09-14 08:49:00
2a82007a-b0ee-1d54-78b6-36850f161581,7904ffb1-443f-f733-1af0-1dd64cd66378,Time Management,intermediate,"{""coursework""}",,2026-09-14 08:49:00
3f34bdb6-b7ea-10d8-c6ac-911966bf02ee,bb5ed054-62f8-0d94-23d2-f968e56fd112,AI Literacy,intermediate,"{""internship"",""coursework""}",Used during internship.,2026-07-17 13:10:00
08acd766-95c9-30ea-bb3b-d32045a8e9ac,bb5ed054-62f8-0d94-23d2-f968e56fd112,Flask,intermediate,"{""project"",""internship""}",Applied in project work.,2026-07-17 13:10:00
37275969-459b-082c-f8d9-1bd645ad48ed,bb5ed054-62f8-0d94-23d2-f968e56fd112,Linux,intermediate,"{""project"",""certification""}",Applied in project work.,2026-07-17 13:10:00
7b666531-d54e-9c62-6b54-c209aa775836,bb5ed054-62f8-0d94-23d2-f968e56fd112,Natural Language Processing,intermediate,"{""coursework""}",,2026-07-17 13:10:00
480ce69d-19b3-3751-cb68-abfa8892161c,bb5ed054-62f8-0d94-23d2-f968e56fd112,Python,intermediate,"{""project""}",Applied in project work.,2026-07-17 13:10:00
b0fca9d9-cc11-86c0-8ba5-944f9037d21c,bb5ed054-62f8-0d94-23d2-f968e56fd112,Research Skills,advanced,"{""project"",""coursework""}",Applied in project work.,2026-07-17 13:10:00
99ba118b-7e5e-212d-6f25-222ddd6f0420,bb5ed054-62f8-0d94-23d2-f968e56fd112,SQL,intermediate,"{""project"",""internship"",""coursework""}",Applied in project work.,2026-07-17 13:10:00
e8a13331-4044-82f9-fe75-2dea12ebfd94,bb5ed054-62f8-0d94-23d2-f968e56fd112,Teamwork,beginner,"{""coursework""}",,2026-07-17 13:10:00
011a560e-de10-014c-ab44-095076c42543,4fc1c667-d932-1ab3-0c2c-ef310660d917,Azure,advanced,"{""certification"",""coursework""}",,2026-09-07 04:10:00
178e564d-4a11-6962-1698-875da7bb7caa,4fc1c667-d932-1ab3-0c2c-ef310660d917,Cloud Computing,advanced,"{""certification"",""coursework""}",,2026-09-07 04:10:00
d9e0aaa9-7599-b3df-889b-2b65d72352ce,4fc1c667-d932-1ab3-0c2c-ef310660d917,Communication,intermediate,"{""coursework""}",,2026-09-07 04:10:00
c5c99369-1338-a251-b27b-b97aef13319e,4fc1c667-d932-1ab3-0c2c-ef310660d917,Data Analysis,intermediate,"{""certification""}",,2026-09-07 04:10:00
79f7c40f-6fa6-dbcc-f841-b86c368f79b8,4fc1c667-d932-1ab3-0c2c-ef310660d917,Data Visualisation,advanced,"{""project""}",Applied in project work.,2026-09-07 04:10:00
9aee253d-3001-7603-6dbf-7fbcdc352b5a,4fc1c667-d932-1ab3-0c2c-ef310660d917,Flask,intermediate,"{""project""}",Applied in project work.,2026-09-07 04:10:00
1466a2ae-f6c7-a1c1-c9e2-dec18dda0124,4fc1c667-d932-1ab3-0c2c-ef310660d917,JavaScript,advanced,"{""project"",""coursework""}",Applied in project work.,2026-09-07 04:10:00
fc623364-a859-decd-1c77-857af87aeedb,4fc1c667-d932-1ab3-0c2c-ef310660d917,Leadership,intermediate,"{""coursework""}",,2026-09-07 04:10:00
4948dcfb-ffae-7699-93dd-49cec84f20dc,4fc1c667-d932-1ab3-0c2c-ef310660d917,Problem Solving,intermediate,"{""coursework""}",,2026-09-07 04:10:00
137d97fc-0c42-333b-e081-aabd48b18785,4fc1c667-d932-1ab3-0c2c-ef310660d917,R,intermediate,"{""certification"",""coursework""}",,2026-09-07 04:10:00
37c16995-55e4-56f0-eb8a-720715183e2c,4fc1c667-d932-1ab3-0c2c-ef310660d917,React,intermediate,"{""coursework""}",,2026-09-07 04:10:00
63771964-2f7f-f30b-a971-98e4f73f707d,4fc1c667-d932-1ab3-0c2c-ef310660d917,SQL,intermediate,"{""project"",""certification"",""coursework""}",Applied in project work.,2026-09-07 04:10:00
582a344f-d06c-0d92-40d6-5c8b8c410b8e,4fc1c667-d932-1ab3-0c2c-ef310660d917,Tableau,advanced,"{""certification"",""coursework""}",,2026-09-07 04:10:00
4fd7e25d-bd56-02ab-7f31-7011a7eed52d,4fc1c667-d932-1ab3-0c2c-ef310660d917,Teamwork,advanced,"{""project"",""coursework""}",Applied in project work.,2026-09-07 04:10:00
5d003081-a20c-1072-2390-f607008428f5,4fc1c667-d932-1ab3-0c2c-ef310660d917,Time Management,intermediate,"{""coursework""}",,2026-09-07 04:10:00
f7ea0599-00e0-d047-0151-62f1e07fb751,6d090422-5be0-162e-e8ea-1605ea36fb09,Data Visualisation,beginner,"{""project""}",Applied in project work.,2026-09-12 05:24:00
459e141c-ac1c-e3b2-0f1a-4334997929e3,6d090422-5be0-162e-e8ea-1605ea36fb09,Flask,intermediate,"{""project""}",Applied in project work.,2026-09-12 05:24:00
7c616af7-19ac-a52d-c27b-7491cde081fa,6d090422-5be0-162e-e8ea-1605ea36fb09,JavaScript,intermediate,"{""project""}",Applied in project work.,2026-09-12 05:24:00
b85975b0-8062-72a1-3132-50472b22d9cd,6d090422-5be0-162e-e8ea-1605ea36fb09,Machine Learning,intermediate,"{""certification"",""coursework""}",,2026-09-12 05:24:00
a8db9b01-caf1-3eb1-dec4-390559e68fe2,6d090422-5be0-162e-e8ea-1605ea36fb09,Node.js,intermediate,"{""coursework""}",,2026-09-12 05:24:00
27af9995-8e5a-5e09-2ccc-181e2e54ca50,6d090422-5be0-162e-e8ea-1605ea36fb09,Python,intermediate,"{""certification"",""coursework""}",,2026-09-12 05:24:00
53a55fb6-7896-3d04-4718-86d9893a9348,6d090422-5be0-162e-e8ea-1605ea36fb09,React,intermediate,"{""coursework""}",,2026-09-12 05:24:00
4c12b1b4-9872-643b-974f-65f59b228880,6d090422-5be0-162e-e8ea-1605ea36fb09,SQL,intermediate,"{""project""}",Applied in project work.,2026-09-12 05:24:00
b9ee2247-09fc-cdac-179e-f85745de0e0b,6d090422-5be0-162e-e8ea-1605ea36fb09,Teamwork,intermediate,"{""project"",""coursework""}",Applied in project work.,2026-09-12 05:24:00
e3d0ef71-5f7e-9ce0-3a69-8c2f1da6833f,6d090422-5be0-162e-e8ea-1605ea36fb09,Time Management,intermediate,"{""coursework""}",,2026-09-12 05:24:00
e7a7968d-b9b2-da97-9edd-5a9ba920935f,c79eeb8e-f799-3edc-5195-4d5631b9b512,Data Analysis,advanced,"{""certification"",""coursework""}",,2026-07-19 14:37:00
e7635620-eaef-318c-ee60-b3e1402613bb,c79eeb8e-f799-3edc-5195-4d5631b9b512,Data Visualisation,advanced,"{""project"",""certification""}",Applied in project work.,2026-07-19 14:37:00
54f99b39-d077-5ab4-51a5-d26803848427,c79eeb8e-f799-3edc-5195-4d5631b9b512,Excel,advanced,"{""project"",""coursework""}",Applied in project work.,2026-07-19 14:37:00
7e346174-ea3b-3fd6-582f-e1b6f533cc86,c79eeb8e-f799-3edc-5195-4d5631b9b512,Git,intermediate,"{""coursework""}",,2026-07-19 14:37:00
c2728e4a-8b73-81ea-0556-cf65c4a5dc98,c79eeb8e-f799-3edc-5195-4d5631b9b512,Java,intermediate,"{""project""}",Applied in project work.,2026-07-19 14:37:00
002b6e26-bc8f-e71a-e511-2379936f017a,c79eeb8e-f799-3edc-5195-4d5631b9b512,JavaScript,intermediate,"{""coursework""}",,2026-07-19 14:37:00
4c4c2c7d-b081-22b0-0c80-b56fa33be6ce,c79eeb8e-f799-3edc-5195-4d5631b9b512,Leadership,intermediate,"{""coursework""}",,2026-07-19 14:37:00
cd0e823c-9b94-a510-8513-0c5e2739d4f3,c79eeb8e-f799-3edc-5195-4d5631b9b512,Machine Learning,intermediate,"{""coursework""}",,2026-07-19 14:37:00
6b9deef2-54e1-14bf-6375-36e00c689763,c79eeb8e-f799-3edc-5195-4d5631b9b512,Power BI,advanced,"{""project"",""certification""}",Applied in project work.,2026-07-19 14:37:00
45fb791c-c192-c933-73cd-050a3bc88160,c79eeb8e-f799-3edc-5195-4d5631b9b512,R,advanced,"{""certification"",""coursework""}",,2026-07-19 14:37:00
6a147272-71b4-6d8e-24d6-bca4517f3719,c79eeb8e-f799-3edc-5195-4d5631b9b512,SQL,advanced,"{""project"",""certification"",""coursework""}",Applied in project work.,2026-07-19 14:37:00
8f654132-a9f4-2e23-6b12-bd633900f29b,c79eeb8e-f799-3edc-5195-4d5631b9b512,Statistical Analysis,intermediate,"{""coursework""}",,2026-07-19 14:37:00
a2908eda-384e-c60d-5b93-2aef23d7eb5c,c79eeb8e-f799-3edc-5195-4d5631b9b512,Tableau,intermediate,"{""certification"",""coursework""}",,2026-07-19 14:37:00
b90f0ddf-7a99-e310-31c7-8f1c47c534e3,c79eeb8e-f799-3edc-5195-4d5631b9b512,Time Management,intermediate,"{""coursework""}",,2026-07-19 14:37:00
23a921a6-cf78-59eb-ebef-753189ae9834,cd7e3ac6-52b7-3f7e-2e2b-6b8de8ce4dc4,Communication,beginner,"{""coursework""}",,2026-07-03 03:08:00
9ae7e3fd-23cb-56b8-d400-f069e961ca72,cd7e3ac6-52b7-3f7e-2e2b-6b8de8ce4dc4,Data Analysis,intermediate,"{""project""}",Applied in project work.,2026-07-03 03:08:00
b0ae3b25-e1ba-206f-e7a2-5a162f0ee497,cd7e3ac6-52b7-3f7e-2e2b-6b8de8ce4dc4,Flask,intermediate,"{""project"",""coursework""}",Applied in project work.,2026-07-03 03:08:00
282f77e5-f386-fc84-4ba5-48a87c4166be,cd7e3ac6-52b7-3f7e-2e2b-6b8de8ce4dc4,JavaScript,intermediate,"{""project""}",Applied in project work.,2026-07-03 03:08:00
4d523294-06c4-f4a2-218a-a7c0d447c810,cd7e3ac6-52b7-3f7e-2e2b-6b8de8ce4dc4,Problem Solving,intermediate,"{""coursework""}",,2026-07-03 03:08:00
5bf36412-1e85-6ded-e7b9-63232d44f50e,cd7e3ac6-52b7-3f7e-2e2b-6b8de8ce4dc4,Python,beginner,"{""project"",""coursework""}",Applied in project work.,2026-07-03 03:08:00
67f77e75-e65c-6189-2d14-6d3997208a86,cd7e3ac6-52b7-3f7e-2e2b-6b8de8ce4dc4,SQL,intermediate,"{""project""}",Applied in project work.,2026-07-03 03:08:00
38a68341-656e-5a10-0144-aea1d58ef8b9,cd7e3ac6-52b7-3f7e-2e2b-6b8de8ce4dc4,Statistical Analysis,intermediate,"{""project"",""coursework""}",Applied in project work.,2026-07-03 03:08:00
0873cccf-c063-e4ed-5ade-15d6d1c4a375,cd7e3ac6-52b7-3f7e-2e2b-6b8de8ce4dc4,Tableau,advanced,"{""coursework""}",,2026-07-03 03:08:00
4d547b96-0b8f-743d-8007-519f282a09a1,cd7e3ac6-52b7-3f7e-2e2b-6b8de8ce4dc4,Teamwork,intermediate,"{""project""}",Applied in project work.,2026-07-03 03:08:00
6d9222bb-b624-c283-6bb4-5123f81d4272,9e7677dd-5fa8-f48a-362e-75cf3e573ce2,Communication,beginner,"{""coursework""}",,2026-07-12 05:36:00
788ef5c1-a8a9-4ed5-2d42-72515837c2f9,9e7677dd-5fa8-f48a-362e-75cf3e573ce2,Data Analysis,intermediate,"{""project"",""coursework""}",Applied in project work.,2026-07-12 05:36:00
28fdb02e-9353-e111-c8a4-11f706c8e1aa,9e7677dd-5fa8-f48a-362e-75cf3e573ce2,Docker,intermediate,"{""project""}",Applied in project work.,2026-07-12 05:36:00
5237076e-a5e3-862e-b346-6a56d24519b3,9e7677dd-5fa8-f48a-362e-75cf3e573ce2,FastAPI,intermediate,"{""project""}",Applied in project work.,2026-07-12 05:36:00
0f53e8c5-9ffc-9099-b8ab-2113cc1241a5,9e7677dd-5fa8-f48a-362e-75cf3e573ce2,Git,intermediate,"{""project"",""coursework""}",Applied in project work.,2026-07-12 05:36:00
1d270e2b-acd8-19c6-11ba-33d43ef3ba21,9e7677dd-5fa8-f48a-362e-75cf3e573ce2,JavaScript,intermediate,"{""coursework""}",,2026-07-12 05:36:00
a113384e-62e9-ee62-0627-83217119bde0,9e7677dd-5fa8-f48a-362e-75cf3e573ce2,Linux,beginner,"{""certification"",""coursework""}",,2026-07-12 05:36:00
55d63279-3459-f752-6d75-c096a1f2cce6,9e7677dd-5fa8-f48a-362e-75cf3e573ce2,Machine Learning,beginner,"{""project""}",Applied in project work.,2026-07-12 05:36:00
95f5442f-5b11-7f20-8a05-ce061f83c18b,9e7677dd-5fa8-f48a-362e-75cf3e573ce2,Node.js,intermediate,"{""project"",""coursework""}",Applied in project work.,2026-07-12 05:36:00
d198a560-60e8-b47c-2357-ddebde771787,9e7677dd-5fa8-f48a-362e-75cf3e573ce2,Problem Solving,intermediate,"{""coursework""}",,2026-07-12 05:36:00
e95f9710-387d-d826-6a01-7abc5e1d47af,9e7677dd-5fa8-f48a-362e-75cf3e573ce2,Python,intermediate,"{""project""}",Applied in project work.,2026-07-12 05:36:00
26f803c6-d886-8d4d-493b-afc41547c5db,9e7677dd-5fa8-f48a-362e-75cf3e573ce2,R,beginner,"{""project"",""coursework""}",Applied in project work.,2026-07-12 05:36:00
741c3cde-3ead-e9ec-bf17-d94ff05fa9e7,9e7677dd-5fa8-f48a-362e-75cf3e573ce2,SQL,intermediate,"{""project""}",Applied in project work.,2026-07-12 05:36:00
28e4e653-6d05-317a-96b3-c53b4b2327aa,d9f91100-8090-7f22-a059-b9f3a8a0edf5,AI Literacy,advanced,"{""certification""}",,2026-07-18 01:20:00
49b8ff0a-93e7-d699-cd5a-fc3fd06bddc5,d9f91100-8090-7f22-a059-b9f3a8a0edf5,Cloud Computing,advanced,"{""coursework""}",,2026-07-18 01:20:00
509d612c-2359-da56-a01f-15496823c869,d9f91100-8090-7f22-a059-b9f3a8a0edf5,Data Analysis,advanced,"{""certification""}",,2026-07-18 01:20:00
f87f7210-212e-5fdd-941e-c44769cc7010,d9f91100-8090-7f22-a059-b9f3a8a0edf5,Data Visualisation,intermediate,"{""coursework""}",,2026-07-18 01:20:00
249b4a0e-1c1f-989f-dbd6-ed4a55741a55,d9f91100-8090-7f22-a059-b9f3a8a0edf5,Deep Learning,intermediate,"{""coursework""}",,2026-07-18 01:20:00
c4130c74-6bf4-9fd0-ddca-4b450de27365,d9f91100-8090-7f22-a059-b9f3a8a0edf5,FastAPI,advanced,"{""coursework""}",,2026-07-18 01:20:00
f1d5181f-98e7-25ea-2de8-1ea27e002a34,d9f91100-8090-7f22-a059-b9f3a8a0edf5,Leadership,intermediate,"{""coursework""}",,2026-07-18 01:20:00
9d27d39d-0593-b210-b3c0-52a851cfc712,d9f91100-8090-7f22-a059-b9f3a8a0edf5,Linux,advanced,"{""project"",""coursework""}",Applied in project work.,2026-07-18 01:20:00
23739fe7-ddd1-2868-44f0-3f5be09912de,d9f91100-8090-7f22-a059-b9f3a8a0edf5,Machine Learning,intermediate,"{""coursework""}",,2026-07-18 01:20:00
6fe4e214-4d18-f030-1c39-26679355ce00,d9f91100-8090-7f22-a059-b9f3a8a0edf5,Natural Language Processing,intermediate,"{""coursework""}",,2026-07-18 01:20:00
32256d64-c994-7eba-25b8-5a8e2fa0bdbd,d9f91100-8090-7f22-a059-b9f3a8a0edf5,Problem Solving,intermediate,"{""project""}",Applied in project work.,2026-07-18 01:20:00
fbe53218-8cd3-9b4e-7622-d6797e51471b,d9f91100-8090-7f22-a059-b9f3a8a0edf5,Python,beginner,"{""coursework""}",,2026-07-18 01:20:00
49709b55-0199-c165-b2f3-b59fbadc2d2d,d9f91100-8090-7f22-a059-b9f3a8a0edf5,R,advanced,"{""certification""}",,2026-07-18 01:20:00
91367d62-b919-1ede-7e24-a483f8f383d1,d9f91100-8090-7f22-a059-b9f3a8a0edf5,Research Skills,intermediate,"{""coursework""}",,2026-07-18 01:20:00
b2b7a188-4a93-13ba-850e-7e3add305848,d9f91100-8090-7f22-a059-b9f3a8a0edf5,SQL,advanced,"{""certification"",""coursework""}",,2026-07-18 01:20:00
3aecf60f-341f-e701-0633-c388757e1b17,d9f91100-8090-7f22-a059-b9f3a8a0edf5,Statistical Analysis,intermediate,"{""coursework""}",,2026-07-18 01:20:00
d743a4cd-ae3e-0c98-8e35-490d73e99f68,d9f91100-8090-7f22-a059-b9f3a8a0edf5,Tableau,advanced,"{""certification""}",,2026-07-18 01:20:00
c6301690-24de-61bd-f28f-2eaffc2bdb51,d9f91100-8090-7f22-a059-b9f3a8a0edf5,Teamwork,advanced,"{""project""}",Applied in project work.,2026-07-18 01:20:00
b28307d7-15f6-97fd-a35c-f9f7bd74f9d3,650b8d2c-ec2a-db5f-b7bf-a04910645aa4,AI Literacy,beginner,"{""certification"",""coursework""}",,2026-08-20 15:43:00
ead7bec5-9b49-74a5-40d1-5c15ad5b9058,650b8d2c-ec2a-db5f-b7bf-a04910645aa4,Data Analysis,intermediate,"{""coursework""}",,2026-08-20 15:43:00
9971e205-ea7d-becd-e06f-f0d46f535f89,650b8d2c-ec2a-db5f-b7bf-a04910645aa4,Deep Learning,beginner,"{""coursework""}",,2026-08-20 15:43:00
b716d761-9179-703b-47a9-9b306b57abec,650b8d2c-ec2a-db5f-b7bf-a04910645aa4,Git,beginner,"{""coursework""}",,2026-08-20 15:43:00
254429c6-3013-7a80-ddf9-693a1d1d0eaa,650b8d2c-ec2a-db5f-b7bf-a04910645aa4,Leadership,beginner,"{""coursework""}",,2026-08-20 15:43:00
371400c3-ee37-1cff-905d-6a69e87907ac,650b8d2c-ec2a-db5f-b7bf-a04910645aa4,SQL,beginner,"{""coursework""}",,2026-08-20 15:43:00
e3d6f86e-f818-7871-a730-8128d32ab0f6,650b8d2c-ec2a-db5f-b7bf-a04910645aa4,Teamwork,intermediate,"{""coursework""}",,2026-08-20 15:43:00
a9fb9d74-33b3-f445-8574-fb9cb67a8172,b55f0e5d-e502-fd39-b0e0-565ab72423d6,AI Literacy,advanced,"{""coursework""}",,2026-09-07 02:23:00
dd65fdf2-5223-111f-b82b-b9120aabd482,b55f0e5d-e502-fd39-b0e0-565ab72423d6,Communication,intermediate,"{""coursework""}",,2026-09-07 02:23:00
3516d066-894b-984f-faa2-6a9ef83ac1f5,b55f0e5d-e502-fd39-b0e0-565ab72423d6,Data Analysis,advanced,"{""project"",""coursework""}",Applied in project work.,2026-09-07 02:23:00
6c070379-5907-f268-968b-42cc112532b3,b55f0e5d-e502-fd39-b0e0-565ab72423d6,Data Visualisation,advanced,"{""project"",""coursework""}",Applied in project work.,2026-09-07 02:23:00
5e9f40f8-8ba1-7407-2663-3334b4a17f7a,b55f0e5d-e502-fd39-b0e0-565ab72423d6,Excel,advanced,"{""project"",""certification"",""coursework""}",Applied in project work.,2026-09-07 02:23:00
c53d1c46-97e0-58b9-a7f8-5f029418bc47,b55f0e5d-e502-fd39-b0e0-565ab72423d6,JavaScript,advanced,"{""project"",""coursework""}",Applied in project work.,2026-09-07 02:23:00
634d2c50-28c2-cbfc-4844-11ef29c08f29,b55f0e5d-e502-fd39-b0e0-565ab72423d6,Leadership,intermediate,"{""coursework""}",,2026-09-07 02:23:00
55cc7625-7b62-e628-b34d-5ab6c6dad79b,b55f0e5d-e502-fd39-b0e0-565ab72423d6,Machine Learning,advanced,"{""coursework""}",,2026-09-07 02:23:00
8a17d00a-548b-525a-ae6a-f38811087e17,b55f0e5d-e502-fd39-b0e0-565ab72423d6,Power BI,advanced,"{""project""}",Applied in project work.,2026-09-07 02:23:00
3540a26d-de77-3d4f-9ad1-0cac7c20ecf5,b55f0e5d-e502-fd39-b0e0-565ab72423d6,Problem Solving,advanced,"{""coursework""}",,2026-09-07 02:23:00
01a75e0a-33d0-13fd-c6c0-0a8adffe2dbc,b55f0e5d-e502-fd39-b0e0-565ab72423d6,Python,intermediate,"{""project"",""coursework""}",Applied in project work.,2026-09-07 02:23:00
2dc3d6a2-7647-547c-d363-28f4e6a4ab12,b55f0e5d-e502-fd39-b0e0-565ab72423d6,R,intermediate,"{""internship"",""coursework""}",Used during internship.,2026-09-07 02:23:00
8f67ab46-97af-d8f2-6e14-50f9625e1ea8,b55f0e5d-e502-fd39-b0e0-565ab72423d6,React,advanced,"{""project"",""internship"",""coursework""}",Applied in project work.,2026-09-07 02:23:00
bd185220-cf9e-18eb-5ef8-3d15a3521701,b55f0e5d-e502-fd39-b0e0-565ab72423d6,SQL,advanced,"{""project""}",Applied in project work.,2026-09-07 02:23:00
dff21807-2033-3e81-51e7-45ff2a23a71c,b55f0e5d-e502-fd39-b0e0-565ab72423d6,Statistical Analysis,advanced,"{""project"",""internship""}",Applied in project work.,2026-09-07 02:23:00
cdc54cae-0121-8ca8-3d11-d205f7e14071,b55f0e5d-e502-fd39-b0e0-565ab72423d6,Tableau,advanced,"{""coursework""}",,2026-09-07 02:23:00
ea4ee2dd-f0fe-1354-30c0-e64ad1748912,b55f0e5d-e502-fd39-b0e0-565ab72423d6,Teamwork,intermediate,"{""coursework""}",,2026-09-07 02:23:00
d7a5914a-b8d8-f1ab-e2d0-f78820040a26,b55f0e5d-e502-fd39-b0e0-565ab72423d6,Time Management,advanced,"{""coursework""}",,2026-09-07 02:23:00
d6f1bb12-d2f9-8849-efa8-c7a729568c67,eb7b8ad8-74b4-9650-7819-bc8179a130ba,Data Visualisation,intermediate,"{""project"",""certification"",""coursework""}",Applied in project work.,2026-08-07 13:47:00
613ea092-aca9-af9e-fc85-9916236ed0d0,eb7b8ad8-74b4-9650-7819-bc8179a130ba,FastAPI,beginner,"{""coursework""}",,2026-08-07 13:47:00
b1ce8621-f50a-455f-3346-412d9fc7d5e4,eb7b8ad8-74b4-9650-7819-bc8179a130ba,Flask,beginner,"{""coursework""}",,2026-08-07 13:47:00
1370b983-9457-30a5-1697-201fd6794fe3,eb7b8ad8-74b4-9650-7819-bc8179a130ba,JavaScript,advanced,"{""project"",""coursework""}",Applied in project work.,2026-08-07 13:47:00
5ca1eca4-0570-b7f6-756a-64f90366a89e,eb7b8ad8-74b4-9650-7819-bc8179a130ba,Node.js,intermediate,"{""project""}",Applied in project work.,2026-08-07 13:47:00
6bdc8206-3e45-69c1-abf8-96587a6dfc6d,eb7b8ad8-74b4-9650-7819-bc8179a130ba,Problem Solving,intermediate,"{""coursework""}",,2026-08-07 13:47:00
152652ea-1d42-11f8-9634-d83fa3fa69c2,eb7b8ad8-74b4-9650-7819-bc8179a130ba,React,intermediate,"{""project"",""coursework""}",Applied in project work.,2026-08-07 13:47:00
b3bcc2da-bec6-d834-0982-211e54292824,eb7b8ad8-74b4-9650-7819-bc8179a130ba,SQL,intermediate,"{""project""}",Applied in project work.,2026-08-07 13:47:00
0248256f-6b47-738a-26c1-a108e8d6fcf7,eb7b8ad8-74b4-9650-7819-bc8179a130ba,Statistical Analysis,intermediate,"{""coursework""}",,2026-08-07 13:47:00
5941109a-66bd-483a-2271-e3be085ecfbc,eb7b8ad8-74b4-9650-7819-bc8179a130ba,Tableau,intermediate,"{""certification"",""coursework""}",,2026-08-07 13:47:00
56156797-e8e4-65ae-77fe-7355d83df6ae,eb7b8ad8-74b4-9650-7819-bc8179a130ba,Teamwork,intermediate,"{""coursework""}",,2026-08-07 13:47:00
b9b9c6d4-b231-e7d7-a51c-67a2e10d3cfd,92095726-489f-c777-1b98-94c52fd81782,Communication,intermediate,"{""coursework""}",,2026-08-02 22:07:00
6bba1c76-e60a-ada1-51fd-198f3c0657a9,92095726-489f-c777-1b98-94c52fd81782,Data Visualisation,intermediate,"{""project"",""coursework""}",Applied in project work.,2026-08-02 22:07:00
e5922f7a-d525-aa88-c33b-88b0b677fcbe,92095726-489f-c777-1b98-94c52fd81782,Excel,advanced,"{""coursework""}",,2026-08-02 22:07:00
0ee70218-e836-08fe-16e3-84c4034b0549,92095726-489f-c777-1b98-94c52fd81782,Flask,intermediate,"{""coursework""}",,2026-08-02 22:07:00
3c1b999b-96b1-6459-985e-4886d21d0696,92095726-489f-c777-1b98-94c52fd81782,JavaScript,advanced,"{""project"",""certification"",""coursework""}",Applied in project work.,2026-08-02 22:07:00
ba246f05-1d2c-5ae2-8562-f3ab71808487,92095726-489f-c777-1b98-94c52fd81782,Leadership,intermediate,"{""coursework""}",,2026-08-02 22:07:00
2c69da1d-0b7b-9c01-f798-e193881d2168,92095726-489f-c777-1b98-94c52fd81782,Node.js,advanced,"{""coursework""}",,2026-08-02 22:07:00
55ff0129-3b0b-4957-f2c7-6b30fb7e6256,92095726-489f-c777-1b98-94c52fd81782,Problem Solving,intermediate,"{""coursework""}",,2026-08-02 22:07:00
c18918c6-99a2-8e9a-f17d-c180e17adfd9,92095726-489f-c777-1b98-94c52fd81782,Python,intermediate,"{""coursework""}",,2026-08-02 22:07:00
bd561a8e-9f23-a324-0cf2-4f5aaed55726,92095726-489f-c777-1b98-94c52fd81782,React,advanced,"{""project"",""certification"",""coursework""}",Applied in project work.,2026-08-02 22:07:00
6cb8fa64-6aca-efa5-7188-0139a223b2ec,92095726-489f-c777-1b98-94c52fd81782,Time Management,advanced,"{""coursework""}",,2026-08-02 22:07:00
6eb48828-3c76-c902-ed45-2fa368bf2bda,231956a8-fc2b-edfc-23ec-b3901514b88a,C++,beginner,"{""project""}",Applied in project work.,2026-09-12 19:20:00
5b876aa9-aab1-5294-aa30-6b9de7f3072a,231956a8-fc2b-edfc-23ec-b3901514b88a,Git,beginner,"{""project""}",Applied in project work.,2026-09-12 19:20:00
2955c593-a3cf-31f8-c845-e9efc6a3cbf1,231956a8-fc2b-edfc-23ec-b3901514b88a,Linux,intermediate,"{""project"",""coursework""}",Applied in project work.,2026-09-12 19:20:00
28aeac66-9795-795d-2c01-7a9466c9e45f,231956a8-fc2b-edfc-23ec-b3901514b88a,Machine Learning,beginner,"{""certification"",""coursework""}",,2026-09-12 19:20:00
02dd8c6b-83cf-176e-b0ed-e2f5d4af795e,231956a8-fc2b-edfc-23ec-b3901514b88a,Problem Solving,beginner,"{""project"",""coursework""}",Applied in project work.,2026-09-12 19:20:00
a4c1bf91-7292-6459-31d8-ec57b012c7e6,231956a8-fc2b-edfc-23ec-b3901514b88a,Python,intermediate,"{""certification""}",,2026-09-12 19:20:00
8ce04298-2ff0-5b76-2b44-1d12532a547f,231956a8-fc2b-edfc-23ec-b3901514b88a,React,advanced,"{""coursework""}",,2026-09-12 19:20:00
b6d0f0ef-e459-8034-ad0c-e9fa9a2b8246,231956a8-fc2b-edfc-23ec-b3901514b88a,Teamwork,beginner,"{""project""}",Applied in project work.,2026-09-12 19:20:00
cef4d789-3de9-0fd9-956f-769b94ae0244,231956a8-fc2b-edfc-23ec-b3901514b88a,Time Management,beginner,"{""coursework""}",,2026-09-12 19:20:00
3ba049a6-a05f-a3ef-0cbf-00cafe0f1bc9,61539a40-7efa-38a5-d600-8c5a9a6f5a60,Cloud Computing,beginner,"{""coursework""}",,2026-09-10 21:36:00
3238a708-96f3-5771-242b-f7bfc621068e,61539a40-7efa-38a5-d600-8c5a9a6f5a60,Communication,intermediate,"{""coursework""}",,2026-09-10 21:36:00
1055b63c-0360-99c9-a234-ed2157036290,61539a40-7efa-38a5-d600-8c5a9a6f5a60,Data Analysis,advanced,"{""project"",""internship"",""coursework""}",Applied in project work.,2026-09-10 21:36:00
093fbebc-a024-f779-d5ea-be9a64346e31,61539a40-7efa-38a5-d600-8c5a9a6f5a60,Deep Learning,advanced,"{""coursework""}",,2026-09-10 21:36:00
a4a408f5-a95c-7f25-66c8-b70705e08ea8,61539a40-7efa-38a5-d600-8c5a9a6f5a60,Machine Learning,advanced,"{""project"",""internship"",""coursework""}",Applied in project work.,2026-09-10 21:36:00
297c2bb1-2e60-60c3-fed6-b3b626344184,61539a40-7efa-38a5-d600-8c5a9a6f5a60,Python,advanced,"{""coursework""}",,2026-09-10 21:36:00
8f902934-a24d-084d-1e7b-1fddd2228ef8,61539a40-7efa-38a5-d600-8c5a9a6f5a60,R,advanced,"{""project"",""coursework""}",Applied in project work.,2026-09-10 21:36:00
037dea9d-0ab6-8866-e2ed-70132b0bc27a,61539a40-7efa-38a5-d600-8c5a9a6f5a60,Research Skills,advanced,"{""internship"",""coursework""}",Used during internship.,2026-09-10 21:36:00
42fd68fb-cff8-8b63-22d7-8c4ff0bf6023,61539a40-7efa-38a5-d600-8c5a9a6f5a60,Statistical Analysis,intermediate,"{""coursework""}",,2026-09-10 21:36:00
28b8afe2-3e63-5507-4a6d-21579be400f8,bc1a591f-cae8-29a6-f1f8-049a7835f883,Communication,intermediate,"{""coursework""}",,2026-07-13 06:54:00
cddedd24-c57d-fa49-6894-520aa68385d8,bc1a591f-cae8-29a6-f1f8-049a7835f883,Deep Learning,intermediate,"{""project""}",Applied in project work.,2026-07-13 06:54:00
df0b6363-3e6d-48ce-4cff-00d740776c4a,bc1a591f-cae8-29a6-f1f8-049a7835f883,Java,intermediate,"{""internship""}",Used during internship.,2026-07-13 06:54:00
b0c52fa8-98d9-1e8f-ff2f-63836e3d5887,bc1a591f-cae8-29a6-f1f8-049a7835f883,Linux,advanced,"{""project""}",Applied in project work.,2026-07-13 06:54:00
4e3be7b2-ca5a-a416-b95b-fa5cc35e62d8,bc1a591f-cae8-29a6-f1f8-049a7835f883,Problem Solving,intermediate,"{""project"",""coursework""}",Applied in project work.,2026-07-13 06:54:00
b881d322-fe99-4342-5c76-2bd60f403393,bc1a591f-cae8-29a6-f1f8-049a7835f883,Python,intermediate,"{""project"",""coursework""}",Applied in project work.,2026-07-13 06:54:00
d29e8c00-bb99-da58-2a49-8fca76a6b248,bc1a591f-cae8-29a6-f1f8-049a7835f883,Research Skills,intermediate,"{""project"",""coursework""}",Applied in project work.,2026-07-13 06:54:00
2c164dc4-47c5-f0aa-3273-6c917537fe4f,bc1a591f-cae8-29a6-f1f8-049a7835f883,Teamwork,advanced,"{""project"",""internship"",""coursework""}",Applied in project work.,2026-07-13 06:54:00
77aa2f40-b26a-dae2-0bb1-9467913062ca,bc1a591f-cae8-29a6-f1f8-049a7835f883,Time Management,intermediate,"{""internship""}",Used during internship.,2026-07-13 06:54:00
7a04d8fc-1411-8760-1801-1cfb52fd641f,3ddf5688-0139-bb86-af85-203cf830bea5,Azure,intermediate,"{""certification"",""internship""}",Used during internship.,2026-08-13 04:05:00
d42c0ff9-5811-b254-4def-8b81ec542ede,3ddf5688-0139-bb86-af85-203cf830bea5,Cloud Computing,intermediate,"{""certification""}",,2026-08-13 04:05:00
ec7e91c6-0800-0a94-b2d3-5cb174295188,3ddf5688-0139-bb86-af85-203cf830bea5,Communication,intermediate,"{""coursework""}",,2026-08-13 04:05:00
8b378aed-2fbc-f484-7951-ec7b22be0d3b,3ddf5688-0139-bb86-af85-203cf830bea5,Data Analysis,intermediate,"{""project""}",Applied in project work.,2026-08-13 04:05:00
18709d0d-62a1-22f4-400b-c861713812b7,3ddf5688-0139-bb86-af85-203cf830bea5,Data Visualisation,intermediate,"{""certification""}",,2026-08-13 04:05:00
aaf4fd66-163d-0b23-d88a-061923f1127b,3ddf5688-0139-bb86-af85-203cf830bea5,Excel,advanced,"{""project""}",Applied in project work.,2026-08-13 04:05:00
de96c3f4-c332-f820-b8cf-55d4b819ad30,3ddf5688-0139-bb86-af85-203cf830bea5,Leadership,beginner,"{""internship"",""coursework""}",Used during internship.,2026-08-13 04:05:00
e20a5582-41e0-4166-6ce7-24f7c2d43572,3ddf5688-0139-bb86-af85-203cf830bea5,Machine Learning,advanced,"{""project""}",Applied in project work.,2026-08-13 04:05:00
82dba4db-1e57-deb0-8695-864941ee0c23,3ddf5688-0139-bb86-af85-203cf830bea5,Power BI,intermediate,"{""certification"",""coursework""}",,2026-08-13 04:05:00
28e796b2-646a-d281-712b-db36a7ae4221,3ddf5688-0139-bb86-af85-203cf830bea5,Problem Solving,intermediate,"{""internship""}",Used during internship.,2026-08-13 04:05:00
9a7f7500-1576-4b3e-3bea-22db922e5cc6,3ddf5688-0139-bb86-af85-203cf830bea5,Python,intermediate,"{""project"",""coursework""}",Applied in project work.,2026-08-13 04:05:00
d815c81b-ca43-f7c5-052a-5c273d9156b6,3ddf5688-0139-bb86-af85-203cf830bea5,R,intermediate,"{""project""}",Applied in project work.,2026-08-13 04:05:00
7e7b7dac-bea6-bb61-6f92-54fd12e184ce,3ddf5688-0139-bb86-af85-203cf830bea5,SQL,intermediate,"{""project"",""coursework""}",Applied in project work.,2026-08-13 04:05:00
b657c7e8-0851-0276-55e9-04e14f8e45e6,3ddf5688-0139-bb86-af85-203cf830bea5,Statistical Analysis,intermediate,"{""project""}",Applied in project work.,2026-08-13 04:05:00
efa60f91-ac53-55e0-f2df-8f171d5c795c,2c59adbb-f298-b8b0-1996-dcafcdc7bd02,AWS,intermediate,"{""project"",""internship""}",Applied in project work.,2026-07-28 18:34:00
107175c2-cf13-ee0c-56f8-ad8df5beee1a,2c59adbb-f298-b8b0-1996-dcafcdc7bd02,Azure,advanced,"{""project"",""coursework""}",Applied in project work.,2026-07-28 18:34:00
825d22b4-2966-b97e-db73-a0c036b06ba7,2c59adbb-f298-b8b0-1996-dcafcdc7bd02,Cloud Computing,advanced,"{""project"",""internship""}",Applied in project work.,2026-07-28 18:34:00
bb2ced3f-0db7-1a95-be5f-24a3155878da,2c59adbb-f298-b8b0-1996-dcafcdc7bd02,Data Analysis,intermediate,"{""certification"",""coursework""}",,2026-07-28 18:34:00
27d6b2e2-9e59-7f5d-d1f1-df713a84be76,2c59adbb-f298-b8b0-1996-dcafcdc7bd02,Docker,advanced,"{""project""}",Applied in project work.,2026-07-28 18:34:00
c96ec149-1355-0472-e65f-5c59913406a4,2c59adbb-f298-b8b0-1996-dcafcdc7bd02,Git,intermediate,"{""project"",""coursework""}",Applied in project work.,2026-07-28 18:34:00
6f65f4bd-75e3-f1d0-adec-fcd337c3c8f7,2c59adbb-f298-b8b0-1996-dcafcdc7bd02,Linux,intermediate,"{""project"",""internship"",""coursework""}",Applied in project work.,2026-07-28 18:34:00
aeb4b13c-838b-54b4-909b-fa8d230c77f1,2c59adbb-f298-b8b0-1996-dcafcdc7bd02,Problem Solving,intermediate,"{""coursework""}",,2026-07-28 18:34:00
4ac1a8f4-a4ba-67d7-712b-8f43004025e1,2c59adbb-f298-b8b0-1996-dcafcdc7bd02,Python,intermediate,"{""project"",""coursework""}",Applied in project work.,2026-07-28 18:34:00
dd070b9d-5f87-6ba1-14ba-c9b7ba9f75d6,2c59adbb-f298-b8b0-1996-dcafcdc7bd02,R,intermediate,"{""certification"",""coursework""}",,2026-07-28 18:34:00
0d16192b-515b-1487-462f-9d6e41198320,2c59adbb-f298-b8b0-1996-dcafcdc7bd02,SQL,intermediate,"{""project"",""certification"",""coursework""}",Applied in project work.,2026-07-28 18:34:00
be0e023b-6095-aa9f-a56d-7dbac6af63a8,2c59adbb-f298-b8b0-1996-dcafcdc7bd02,Tableau,intermediate,"{""certification"",""coursework""}",,2026-07-28 18:34:00
8e114e0d-7e8e-da3e-8f7a-64a53e792193,2c59adbb-f298-b8b0-1996-dcafcdc7bd02,Teamwork,intermediate,"{""coursework""}",,2026-07-28 18:34:00
e1684d2b-58a1-e189-a350-c5244f47188b,2c59adbb-f298-b8b0-1996-dcafcdc7bd02,Time Management,advanced,"{""coursework""}",,2026-07-28 18:34:00
aae58054-ad3e-9fa2-90ba-24118997b384,9ac63645-022d-a24e-45ae-f0920c2a89d8,Communication,beginner,"{""coursework""}",,2026-08-29 08:11:00
7a982635-b38f-da15-f03b-bd44a604efc6,9ac63645-022d-a24e-45ae-f0920c2a89d8,Data Analysis,intermediate,"{""certification""}",,2026-08-29 08:11:00
97aecc61-82a1-c1c2-bfc4-1c8b7742614d,9ac63645-022d-a24e-45ae-f0920c2a89d8,Data Visualisation,beginner,"{""coursework""}",,2026-08-29 08:11:00
7b6db4c4-6dac-527f-7c70-8586a5e46132,9ac63645-022d-a24e-45ae-f0920c2a89d8,Linux,beginner,"{""project""}",Applied in project work.,2026-08-29 08:11:00
b79f18eb-b2e1-3d23-41c9-62f214aed155,9ac63645-022d-a24e-45ae-f0920c2a89d8,Problem Solving,intermediate,"{""project"",""coursework""}",Applied in project work.,2026-08-29 08:11:00
e9cfa66e-7950-cd1f-f76e-173b0ce401aa,9ac63645-022d-a24e-45ae-f0920c2a89d8,R,intermediate,"{""certification"",""coursework""}",,2026-08-29 08:11:00
cb55bdaf-df11-8c67-5d7c-b0478f855b48,9ac63645-022d-a24e-45ae-f0920c2a89d8,SQL,intermediate,"{""certification"",""coursework""}",,2026-08-29 08:11:00
d683e1f4-887b-6650-abd9-c87ca77a5aff,9ac63645-022d-a24e-45ae-f0920c2a89d8,Tableau,intermediate,"{""certification"",""coursework""}",,2026-08-29 08:11:00
14b7a14f-5f0e-75e7-8772-338901a4b9bd,9ac63645-022d-a24e-45ae-f0920c2a89d8,Teamwork,intermediate,"{""project""}",Applied in project work.,2026-08-29 08:11:00
c0e3ba61-958a-40b0-c7f4-e7c7e1d4be55,9ac63645-022d-a24e-45ae-f0920c2a89d8,Time Management,beginner,"{""coursework""}",,2026-08-29 08:11:00
1a2e1c6d-abc2-e05c-a04f-43702c92da23,58180fb9-653a-c312-9de8-eab0244ae9f0,Communication,beginner,"{""coursework""}",,2026-07-25 00:28:00
8828418d-fd87-9360-6593-837999d8dfd2,58180fb9-653a-c312-9de8-eab0244ae9f0,Data Analysis,intermediate,"{""internship"",""coursework""}",Used during internship.,2026-07-25 00:28:00
6a68934d-ec4f-16ec-e31d-e8bd350ba522,58180fb9-653a-c312-9de8-eab0244ae9f0,Data Visualisation,intermediate,"{""coursework""}",,2026-07-25 00:28:00
fa19e10d-89e4-d2f0-608a-20f7502d76db,58180fb9-653a-c312-9de8-eab0244ae9f0,Excel,intermediate,"{""project"",""coursework""}",Applied in project work.,2026-07-25 00:28:00
7ba843a3-e703-4c12-82b1-089197d90588,58180fb9-653a-c312-9de8-eab0244ae9f0,Machine Learning,intermediate,"{""project""}",Applied in project work.,2026-07-25 00:28:00
00c3f267-3b38-387c-f617-2de1c78764de,58180fb9-653a-c312-9de8-eab0244ae9f0,Problem Solving,intermediate,"{""coursework""}",,2026-07-25 00:28:00
aed34855-7c86-1c03-384a-aaa98a91919e,58180fb9-653a-c312-9de8-eab0244ae9f0,Python,advanced,"{""project"",""certification"",""internship"",""coursework""}",Applied in project work.,2026-07-25 00:28:00
14297ac2-d7ca-deaf-b0aa-15033a1d8916,58180fb9-653a-c312-9de8-eab0244ae9f0,SQL,intermediate,"{""project"",""internship""}",Applied in project work.,2026-07-25 00:28:00
bf2f97f3-2e5e-34f0-f9bc-4e90939f8a27,58180fb9-653a-c312-9de8-eab0244ae9f0,Statistical Analysis,beginner,"{""coursework""}",,2026-07-25 00:28:00
a94c4f2f-1d15-dc0e-9807-26cef2b2c021,58180fb9-653a-c312-9de8-eab0244ae9f0,Teamwork,intermediate,"{""coursework""}",,2026-07-25 00:28:00
622010bd-0ec2-38d5-ef5e-ecaf7b88ace4,58180fb9-653a-c312-9de8-eab0244ae9f0,Time Management,beginner,"{""coursework""}",,2026-07-25 00:28:00
6a1747f5-c0d7-e804-dde2-482cbeae4132,8b1035df-14fb-11b7-181c-b16f9439f63e,AWS,intermediate,"{""project""}",Applied in project work.,2026-07-21 18:35:00
8f8072b9-e9f2-76a9-7ced-cd0c37c98360,8b1035df-14fb-11b7-181c-b16f9439f63e,Azure,intermediate,"{""project"",""coursework""}",Applied in project work.,2026-07-21 18:35:00
e4425217-d6d4-836b-92ee-f5bb16b3bada,8b1035df-14fb-11b7-181c-b16f9439f63e,C++,intermediate,"{""coursework""}",,2026-07-21 18:35:00
95d2c673-e316-5417-94ac-d159a5f50a05,8b1035df-14fb-11b7-181c-b16f9439f63e,Cloud Computing,advanced,"{""project"",""coursework""}",Applied in project work.,2026-07-21 18:35:00
2aac2c7f-f2a0-5e81-fa60-291f87c860bf,8b1035df-14fb-11b7-181c-b16f9439f63e,Docker,intermediate,"{""project"",""coursework""}",Applied in project work.,2026-07-21 18:35:00
13ad147a-7fe5-339c-0351-dfd7d2c3ab9b,8b1035df-14fb-11b7-181c-b16f9439f63e,Git,advanced,"{""project"",""internship""}",Applied in project work.,2026-07-21 18:35:00
cb9bb441-3043-2eca-591a-65507e6681b7,8b1035df-14fb-11b7-181c-b16f9439f63e,Leadership,advanced,"{""coursework""}",,2026-07-21 18:35:00
31c8c87f-b0e8-db62-fbd1-c5ffcd6f0c98,8b1035df-14fb-11b7-181c-b16f9439f63e,Linux,advanced,"{""project"",""certification"",""internship""}",Applied in project work.,2026-07-21 18:35:00
3df8c0c9-d66b-8c9e-cd65-86ee1edb568b,8b1035df-14fb-11b7-181c-b16f9439f63e,Node.js,advanced,"{""coursework""}",,2026-07-21 18:35:00
c11aa7ba-0960-a59c-9411-bd98448bfa0a,8b1035df-14fb-11b7-181c-b16f9439f63e,Problem Solving,intermediate,"{""certification"",""coursework""}",,2026-07-21 18:35:00
d5b50c21-9a20-0881-b072-7fa84f7b1ca3,8b1035df-14fb-11b7-181c-b16f9439f63e,Python,intermediate,"{""project""}",Applied in project work.,2026-07-21 18:35:00
5f1f4fae-4bbd-0ebf-bfee-a37a5b753440,8b1035df-14fb-11b7-181c-b16f9439f63e,SQL,intermediate,"{""project"",""coursework""}",Applied in project work.,2026-07-21 18:35:00
577cb0ac-3993-88f9-80e6-d3de55397a02,8b1035df-14fb-11b7-181c-b16f9439f63e,Time Management,advanced,"{""internship""}",Used during internship.,2026-07-21 18:35:00
c2abd8e0-f219-ec35-a69e-22fd542092e1,e4588c5e-f608-f37b-c6f6-4c515278db82,AWS,advanced,"{""project"",""certification""}",Applied in project work.,2026-07-10 05:29:00
373e2f8f-34c9-3ebf-e099-ab651108eec8,e4588c5e-f608-f37b-c6f6-4c515278db82,Azure,intermediate,"{""project""}",Applied in project work.,2026-07-10 05:29:00
6dc5559b-ef2e-a5e6-312e-16087870a04c,e4588c5e-f608-f37b-c6f6-4c515278db82,Cloud Computing,advanced,"{""project"",""certification""}",Applied in project work.,2026-07-10 05:29:00
b4e48d56-39f2-eb71-a828-211d7a9410b6,e4588c5e-f608-f37b-c6f6-4c515278db82,Docker,intermediate,"{""project"",""coursework""}",Applied in project work.,2026-07-10 05:29:00
2e257fee-eb7d-5cef-b4d3-2b8602de5777,e4588c5e-f608-f37b-c6f6-4c515278db82,Git,advanced,"{""project"",""coursework""}",Applied in project work.,2026-07-10 05:29:00
4537277c-f1f1-d6fb-d9da-15e6bc275719,e4588c5e-f608-f37b-c6f6-4c515278db82,Leadership,intermediate,"{""coursework""}",,2026-07-10 05:29:00
cabac975-e12a-c803-8674-32ec9de1f9ef,e4588c5e-f608-f37b-c6f6-4c515278db82,Linux,intermediate,"{""project"",""coursework""}",Applied in project work.,2026-07-10 05:29:00
3ee1d728-e990-9a64-ac78-3741696b6093,e4588c5e-f608-f37b-c6f6-4c515278db82,Problem Solving,advanced,"{""coursework""}",,2026-07-10 05:29:00
4efc8d6d-500b-3933-6f12-ba3d3c148b57,e4588c5e-f608-f37b-c6f6-4c515278db82,Python,advanced,"{""project"",""coursework""}",Applied in project work.,2026-07-10 05:29:00
4a49d83b-4f5c-6a32-ca78-98e6a618a46b,e4588c5e-f608-f37b-c6f6-4c515278db82,SQL,advanced,"{""project""}",Applied in project work.,2026-07-10 05:29:00
8d80d237-f8d6-90af-c2c2-6d9f4be972b5,e4588c5e-f608-f37b-c6f6-4c515278db82,Teamwork,advanced,"{""coursework""}",,2026-07-10 05:29:00
b170c9b9-2847-8f5d-07e3-a513ab0c16dd,e4588c5e-f608-f37b-c6f6-4c515278db82,Time Management,intermediate,"{""coursework""}",,2026-07-10 05:29:00
c84db23a-8ab1-2c8d-d29d-c973a0075f86,83c6e86c-bc5f-eb6a-ab16-35f01e3640b1,Communication,beginner,"{""coursework""}",,2026-08-23 18:21:00
d5f553d8-0428-7972-ad43-3e2d9bdc44e5,83c6e86c-bc5f-eb6a-ab16-35f01e3640b1,Data Analysis,advanced,"{""project""}",Applied in project work.,2026-08-23 18:21:00
a1845f6d-a759-361d-47cb-178220770cc9,83c6e86c-bc5f-eb6a-ab16-35f01e3640b1,Data Visualisation,intermediate,"{""project""}",Applied in project work.,2026-08-23 18:21:00
6cb53299-60e8-6fd5-0090-38164b4742fc,83c6e86c-bc5f-eb6a-ab16-35f01e3640b1,Excel,intermediate,"{""coursework""}",,2026-08-23 18:21:00
ce52f6b3-339a-34cb-30fa-0cb468fd116b,83c6e86c-bc5f-eb6a-ab16-35f01e3640b1,Machine Learning,beginner,"{""certification""}",,2026-08-23 18:21:00
3ae60248-9ac1-0809-89ee-a9ac8473d2d6,83c6e86c-bc5f-eb6a-ab16-35f01e3640b1,Problem Solving,beginner,"{""coursework""}",,2026-08-23 18:21:00
bcd1e347-f502-4acd-f066-f27a1a3f3ff2,83c6e86c-bc5f-eb6a-ab16-35f01e3640b1,Python,intermediate,"{""project"",""certification""}",Applied in project work.,2026-08-23 18:21:00
41207a2d-9cbf-4d7d-e70c-32806fa97de7,83c6e86c-bc5f-eb6a-ab16-35f01e3640b1,SQL,intermediate,"{""project""}",Applied in project work.,2026-08-23 18:21:00
2cfc8075-49b8-68c2-cfda-ff515caa2701,83c6e86c-bc5f-eb6a-ab16-35f01e3640b1,Statistical Analysis,beginner,"{""project""}",Applied in project work.,2026-08-23 18:21:00
b74041d4-f37a-b829-f38e-ce7ccbce5f02,d53690b0-d239-abdf-570b-ee9734469c32,AI Literacy,advanced,"{""internship""}",Used during internship.,2026-09-11 06:37:00
64667f70-5633-6f85-1a45-e56572b226ee,d53690b0-d239-abdf-570b-ee9734469c32,AWS,advanced,"{""certification"",""internship""}",Used during internship.,2026-09-11 06:37:00
56b5783d-a712-0dfe-0003-60565367210c,d53690b0-d239-abdf-570b-ee9734469c32,Azure,intermediate,"{""project"",""coursework""}",Applied in project work.,2026-09-11 06:37:00
f195321d-6c20-ee70-8153-af6cba5c543e,d53690b0-d239-abdf-570b-ee9734469c32,Cloud Computing,advanced,"{""project"",""certification"",""coursework""}",Applied in project work.,2026-09-11 06:37:00
e3068822-901f-2323-42c1-21844ae352b6,d53690b0-d239-abdf-570b-ee9734469c32,Communication,advanced,"{""coursework""}",,2026-09-11 06:37:00
b1bd449c-48b9-e631-3454-39ff2e427c4b,d53690b0-d239-abdf-570b-ee9734469c32,Docker,advanced,"{""project""}",Applied in project work.,2026-09-11 06:37:00
9352e5e1-6f58-0d82-fbbe-f86ba3c0d6de,d53690b0-d239-abdf-570b-ee9734469c32,Flask,advanced,"{""coursework""}",,2026-09-11 06:37:00
fe0060ae-f9f5-abe4-e208-945f04c60509,d53690b0-d239-abdf-570b-ee9734469c32,Git,intermediate,"{""project""}",Applied in project work.,2026-09-11 06:37:00
68b1a6e5-c812-feae-55ca-ab20a54d72ab,d53690b0-d239-abdf-570b-ee9734469c32,Leadership,intermediate,"{""coursework""}",,2026-09-11 06:37:00
f2c9cc0f-ca7e-2d4e-939c-fc04b518c9e1,d53690b0-d239-abdf-570b-ee9734469c32,Linux,advanced,"{""project"",""coursework""}",Applied in project work.,2026-09-11 06:37:00
e6b519bf-bfd8-0514-b641-3edad327aa97,d53690b0-d239-abdf-570b-ee9734469c32,SQL,intermediate,"{""project"",""internship"",""coursework""}",Applied in project work.,2026-09-11 06:37:00
d79b37a1-b6cc-ece5-7a0e-1bfe16ba1b69,d8302225-0885-dbcf-f57e-cb8e4cf83b40,Communication,intermediate,"{""coursework""}",,2026-09-07 20:02:00
38477d4d-e1fe-dffb-72d0-73520c3dbeee,d8302225-0885-dbcf-f57e-cb8e4cf83b40,Data Visualisation,advanced,"{""project""}",Applied in project work.,2026-09-07 20:02:00
762831bf-7603-0d8e-5b79-d9c0ddcb8943,d8302225-0885-dbcf-f57e-cb8e4cf83b40,Deep Learning,advanced,"{""project""}",Applied in project work.,2026-09-07 20:02:00
e3e3a2b2-69d9-9775-acda-0a9c2c4d9dd1,d8302225-0885-dbcf-f57e-cb8e4cf83b40,Docker,advanced,"{""certification""}",,2026-09-07 20:02:00
0a882932-b255-b709-502b-5dc089c6589a,d8302225-0885-dbcf-f57e-cb8e4cf83b40,Flask,advanced,"{""project"",""coursework""}",Applied in project work.,2026-09-07 20:02:00
ea324e73-8de4-81c5-e8d4-523ce6d7b38f,d8302225-0885-dbcf-f57e-cb8e4cf83b40,Git,advanced,"{""coursework""}",,2026-09-07 20:02:00
c5fc71d6-f758-20c1-7eec-7024c8972af5,d8302225-0885-dbcf-f57e-cb8e4cf83b40,JavaScript,intermediate,"{""project""}",Applied in project work.,2026-09-07 20:02:00
496f48e1-af23-b0ab-45ca-18b99cffa370,d8302225-0885-dbcf-f57e-cb8e4cf83b40,Leadership,advanced,"{""coursework""}",,2026-09-07 20:02:00
96620519-236a-1333-5593-862cb67e2215,d8302225-0885-dbcf-f57e-cb8e4cf83b40,Node.js,advanced,"{""project""}",Applied in project work.,2026-09-07 20:02:00
75ae9fb5-bff9-bf1d-7235-418130b4c334,d8302225-0885-dbcf-f57e-cb8e4cf83b40,Python,advanced,"{""project"",""certification"",""coursework""}",Applied in project work.,2026-09-07 20:02:00
3d725a59-c8b4-c241-c0d4-2af4f6597e63,d8302225-0885-dbcf-f57e-cb8e4cf83b40,React,advanced,"{""project""}",Applied in project work.,2026-09-07 20:02:00
79ae8ee7-8ebd-14ca-6b7e-0381773a24b6,d8302225-0885-dbcf-f57e-cb8e4cf83b40,SQL,intermediate,"{""project"",""coursework""}",Applied in project work.,2026-09-07 20:02:00
6bd7117b-7ae2-7d85-ddd7-f32df552fd9d,d8302225-0885-dbcf-f57e-cb8e4cf83b40,Teamwork,advanced,"{""project"",""coursework""}",Applied in project work.,2026-09-07 20:02:00
1636244e-1491-cdf9-fe5d-c72a5079c6f8,c6e6921d-a6d8-7a72-352b-a3e3c43b5ba7,Data Analysis,beginner,"{""coursework""}",,2026-07-08 10:06:00
809c2262-517a-e689-e300-d545aecf1445,c6e6921d-a6d8-7a72-352b-a3e3c43b5ba7,Data Visualisation,intermediate,"{""project""}",Applied in project work.,2026-07-08 10:06:00
13958e2f-6d27-9518-66db-e85746d49eb2,c6e6921d-a6d8-7a72-352b-a3e3c43b5ba7,Deep Learning,advanced,"{""coursework""}",,2026-07-08 10:06:00
6cd01753-72dc-83ed-786b-13364e710f53,c6e6921d-a6d8-7a72-352b-a3e3c43b5ba7,Excel,intermediate,"{""project"",""certification"",""coursework""}",Applied in project work.,2026-07-08 10:06:00
ab3ef81d-7ca2-e893-82d8-dfa7688a74d4,c6e6921d-a6d8-7a72-352b-a3e3c43b5ba7,Leadership,beginner,"{""coursework""}",,2026-07-08 10:06:00
95638ea4-bbaa-fa3c-7628-aedeb875c81f,c6e6921d-a6d8-7a72-352b-a3e3c43b5ba7,Machine Learning,intermediate,"{""project"",""coursework""}",Applied in project work.,2026-07-08 10:06:00
e2ac12f2-8c2c-e5e6-6226-7f0bd57a1134,c6e6921d-a6d8-7a72-352b-a3e3c43b5ba7,Power BI,intermediate,"{""project"",""coursework""}",Applied in project work.,2026-07-08 10:06:00
5f7402f2-bd89-27fb-040c-f50a9d3651cf,c6e6921d-a6d8-7a72-352b-a3e3c43b5ba7,Problem Solving,beginner,"{""coursework""}",,2026-07-08 10:06:00
044b6c42-5ffb-3b71-960f-08b499b3bde0,c6e6921d-a6d8-7a72-352b-a3e3c43b5ba7,Python,intermediate,"{""project""}",Applied in project work.,2026-07-08 10:06:00
b7e469eb-46b6-c5a8-115b-4d5e9e6b42d2,c6e6921d-a6d8-7a72-352b-a3e3c43b5ba7,Research Skills,intermediate,"{""coursework""}",,2026-07-08 10:06:00
b451b3f2-9302-2639-2e33-faf0bae0f3da,c6e6921d-a6d8-7a72-352b-a3e3c43b5ba7,SQL,intermediate,"{""coursework""}",,2026-07-08 10:06:00
daf93a25-4928-654c-e884-42c06c3d7a28,c6e6921d-a6d8-7a72-352b-a3e3c43b5ba7,Statistical Analysis,advanced,"{""project"",""coursework""}",Applied in project work.,2026-07-08 10:06:00
6c1de2fa-88f7-b88e-9f86-37623df1b08f,c6e6921d-a6d8-7a72-352b-a3e3c43b5ba7,Time Management,intermediate,"{""coursework""}",,2026-07-08 10:06:00
57fe8160-53ef-2e33-9a31-797d8ce58787,4eba2d22-7c0b-b276-4eee-848008405335,Communication,advanced,"{""coursework""}",,2026-09-10 05:09:00
cf10869c-0ed1-9b4b-9eb0-3dadce85eee8,4eba2d22-7c0b-b276-4eee-848008405335,Excel,advanced,"{""project""}",Applied in project work.,2026-09-10 05:09:00
eaab212d-1373-2d84-f935-0fc2cb2cda3e,4eba2d22-7c0b-b276-4eee-848008405335,Linux,advanced,"{""project"",""certification""}",Applied in project work.,2026-09-10 05:09:00
600715ff-faad-409b-8dd2-fb1bff7a3f96,4eba2d22-7c0b-b276-4eee-848008405335,Power BI,advanced,"{""coursework""}",,2026-09-10 05:09:00
60754bc1-1c50-6b06-dd87-a274f9169caf,4eba2d22-7c0b-b276-4eee-848008405335,Problem Solving,advanced,"{""project"",""certification"",""coursework""}",Applied in project work.,2026-09-10 05:09:00
3712e715-2d85-40b4-9eee-f474c205a109,4eba2d22-7c0b-b276-4eee-848008405335,Python,intermediate,"{""coursework""}",,2026-09-10 05:09:00
c31fd749-8851-7e04-4fa0-e7f43868272e,4eba2d22-7c0b-b276-4eee-848008405335,R,advanced,"{""coursework""}",,2026-09-10 05:09:00
b76b05b3-e43b-37eb-8c38-24311779a44c,4eba2d22-7c0b-b276-4eee-848008405335,SQL,advanced,"{""project""}",Applied in project work.,2026-09-10 05:09:00
d1b2205f-10a5-d952-886a-22caf5e476c6,4eba2d22-7c0b-b276-4eee-848008405335,Statistical Analysis,advanced,"{""internship""}",Used during internship.,2026-09-10 05:09:00
208befee-4255-6846-3067-7475629b1f6b,4eba2d22-7c0b-b276-4eee-848008405335,Tableau,beginner,"{""internship"",""coursework""}",Used during internship.,2026-09-10 05:09:00
b06b4ec8-1a50-dc62-2830-3f49ea2b9b89,4eba2d22-7c0b-b276-4eee-848008405335,Teamwork,advanced,"{""project"",""internship""}",Applied in project work.,2026-09-10 05:09:00
e7a38ff8-db91-5ffd-9d26-e2d1f0528bff,e7940b08-78e0-e9ac-279c-e2d1507c2d8d,AWS,beginner,"{""coursework""}",,2026-08-07 22:42:00
6abef130-0e19-7c86-2717-6819575bb6ff,e7940b08-78e0-e9ac-279c-e2d1507c2d8d,Cloud Computing,beginner,"{""coursework""}",,2026-08-07 22:42:00
05dd4991-1a5c-d165-cdbe-b893bbd68d8c,e7940b08-78e0-e9ac-279c-e2d1507c2d8d,Git,intermediate,"{""coursework""}",,2026-08-07 22:42:00
bf8ae3f5-b1dc-bffc-eaef-91c81ac9c9d3,e7940b08-78e0-e9ac-279c-e2d1507c2d8d,Linux,intermediate,"{""project"",""coursework""}",Applied in project work.,2026-08-07 22:42:00
e529f653-0f12-543f-046b-c3d717e16c8b,e7940b08-78e0-e9ac-279c-e2d1507c2d8d,Natural Language Processing,beginner,"{""coursework""}",,2026-08-07 22:42:00
ba09ad83-b3cb-3f5a-d98d-f6a0d7177de4,e7940b08-78e0-e9ac-279c-e2d1507c2d8d,Problem Solving,beginner,"{""project""}",Applied in project work.,2026-08-07 22:42:00
1f9d8ee5-bd74-2407-ccd0-d9c4224daafa,e7940b08-78e0-e9ac-279c-e2d1507c2d8d,Python,intermediate,"{""coursework""}",,2026-08-07 22:42:00
80e29c59-d300-87ae-6ada-f04424327c6f,e7940b08-78e0-e9ac-279c-e2d1507c2d8d,SQL,intermediate,"{""coursework""}",,2026-08-07 22:42:00
ed88ee88-5b18-4e8c-7fcc-f867cf805983,e7940b08-78e0-e9ac-279c-e2d1507c2d8d,Teamwork,intermediate,"{""project""}",Applied in project work.,2026-08-07 22:42:00
618b1b2e-c83b-e551-a67f-88502ba5d62a,e7940b08-78e0-e9ac-279c-e2d1507c2d8d,Time Management,intermediate,"{""coursework""}",,2026-08-07 22:42:00
155bc59a-dee1-4213-41d6-437105f694c8,5863229c-02d8-eb63-00fe-6cccbee9d208,AWS,advanced,"{""internship""}",Used during internship.,2026-07-17 13:31:00
f683065e-6463-7483-6f86-dcc9549a7833,5863229c-02d8-eb63-00fe-6cccbee9d208,Cloud Computing,advanced,"{""coursework""}",,2026-07-17 13:31:00
e68c6a15-1801-33f1-0907-ec9e3448ec44,5863229c-02d8-eb63-00fe-6cccbee9d208,Communication,intermediate,"{""coursework""}",,2026-07-17 13:31:00
83cb763e-3876-7632-2271-0801ce257693,5863229c-02d8-eb63-00fe-6cccbee9d208,Docker,intermediate,"{""coursework""}",,2026-07-17 13:31:00
82ace0dc-ed3f-3aff-8237-7bd087e555c1,5863229c-02d8-eb63-00fe-6cccbee9d208,FastAPI,intermediate,"{""project""}",Applied in project work.,2026-07-17 13:31:00
fa057940-e94c-700b-fb87-7cc4b27f6e82,5863229c-02d8-eb63-00fe-6cccbee9d208,Git,advanced,"{""project"",""internship"",""coursework""}",Applied in project work.,2026-07-17 13:31:00
34bca6b4-12f6-2dc7-3cd6-f53fd45fdfc8,5863229c-02d8-eb63-00fe-6cccbee9d208,JavaScript,intermediate,"{""project""}",Applied in project work.,2026-07-17 13:31:00
23576198-ed6f-37cb-e292-939c20c318d5,5863229c-02d8-eb63-00fe-6cccbee9d208,Machine Learning,intermediate,"{""coursework""}",,2026-07-17 13:31:00
fe06ba7d-1693-3dc7-e27d-114a05e54cf0,5863229c-02d8-eb63-00fe-6cccbee9d208,Problem Solving,intermediate,"{""coursework""}",,2026-07-17 13:31:00
47898629-ec0f-1157-0255-c99461d73db1,5863229c-02d8-eb63-00fe-6cccbee9d208,Python,intermediate,"{""project"",""internship"",""coursework""}",Applied in project work.,2026-07-17 13:31:00
c0d4173b-aa58-40e6-46ef-a55196d0ae38,5863229c-02d8-eb63-00fe-6cccbee9d208,React,intermediate,"{""project"",""coursework""}",Applied in project work.,2026-07-17 13:31:00
8249dfeb-36dd-9d1e-03f2-d0479d8ac4b9,5863229c-02d8-eb63-00fe-6cccbee9d208,SQL,advanced,"{""project"",""coursework""}",Applied in project work.,2026-07-17 13:31:00
b8957c93-c28a-a3ec-1f0a-7308544b1a44,5863229c-02d8-eb63-00fe-6cccbee9d208,Teamwork,beginner,"{""coursework""}",,2026-07-17 13:31:00
ae7754d2-4c4b-6f67-ba3c-fc8489016a1b,0c3b491f-bb27-dcbb-9038-3703cf12b313,Data Analysis,intermediate,"{""project"",""coursework""}",Applied in project work.,2026-07-30 19:30:00
04ba966f-809c-187c-7ec6-0551a39e9671,0c3b491f-bb27-dcbb-9038-3703cf12b313,Docker,beginner,"{""coursework""}",,2026-07-30 19:30:00
cd3ce090-52ee-3db5-474e-8557663385b5,0c3b491f-bb27-dcbb-9038-3703cf12b313,Excel,intermediate,"{""coursework""}",,2026-07-30 19:30:00
d4b932b2-5350-f069-9314-896947ddafc9,0c3b491f-bb27-dcbb-9038-3703cf12b313,Power BI,beginner,"{""coursework""}",,2026-07-30 19:30:00
3b2628be-1450-3e5b-2584-e91255b06753,0c3b491f-bb27-dcbb-9038-3703cf12b313,Problem Solving,intermediate,"{""coursework""}",,2026-07-30 19:30:00
af05977a-5838-8d77-e5b0-69f552875036,0c3b491f-bb27-dcbb-9038-3703cf12b313,Python,intermediate,"{""project"",""certification"",""coursework""}",Applied in project work.,2026-07-30 19:30:00
289cad9c-a0e5-ea70-9985-f511546ab1da,0c3b491f-bb27-dcbb-9038-3703cf12b313,SQL,advanced,"{""coursework""}",,2026-07-30 19:30:00
f7225aff-7515-26df-b562-b72e899642b3,0c3b491f-bb27-dcbb-9038-3703cf12b313,Statistical Analysis,intermediate,"{""project""}",Applied in project work.,2026-07-30 19:30:00
f8883405-8193-18f2-dfce-8001a23ea4cb,c2b787b1-52bf-3c8a-719a-704d6db4f3b8,Cloud Computing,intermediate,"{""coursework""}",,2026-09-19 01:49:00
32501f53-3438-1df6-cb2b-970402134726,c2b787b1-52bf-3c8a-719a-704d6db4f3b8,Communication,intermediate,"{""coursework""}",,2026-09-19 01:49:00
381bc235-ded6-ecef-5569-af97dab584bb,c2b787b1-52bf-3c8a-719a-704d6db4f3b8,Data Analysis,intermediate,"{""project""}",Applied in project work.,2026-09-19 01:49:00
e192abec-cb68-5168-5fee-2bc93df46bd2,c2b787b1-52bf-3c8a-719a-704d6db4f3b8,Docker,intermediate,"{""coursework""}",,2026-09-19 01:49:00
53882299-588e-3ff3-edb5-0d4c1ab52a7b,c2b787b1-52bf-3c8a-719a-704d6db4f3b8,FastAPI,beginner,"{""internship""}",Used during internship.,2026-09-19 01:49:00
585537a3-0409-aaeb-e178-e8f06ab54bfa,c2b787b1-52bf-3c8a-719a-704d6db4f3b8,Leadership,intermediate,"{""coursework""}",,2026-09-19 01:49:00
7c0bd82a-6ffa-a787-e3f9-d5ff9d74321a,c2b787b1-52bf-3c8a-719a-704d6db4f3b8,Linux,intermediate,"{""internship"",""coursework""}",Used during internship.,2026-09-19 01:49:00
fd958b6e-d31f-3cf4-bf6b-cbd4ee6fe6ca,c2b787b1-52bf-3c8a-719a-704d6db4f3b8,Machine Learning,intermediate,"{""project"",""certification""}",Applied in project work.,2026-09-19 01:49:00
bfd7d03f-552f-9fed-a10e-6d9e0c4ed3f4,c2b787b1-52bf-3c8a-719a-704d6db4f3b8,Python,intermediate,"{""project"",""certification"",""internship"",""coursework""}",Applied in project work.,2026-09-19 01:49:00
cb164140-da41-c45c-b25f-1f04ecd884c7,c2b787b1-52bf-3c8a-719a-704d6db4f3b8,Statistical Analysis,beginner,"{""project"",""coursework""}",Applied in project work.,2026-09-19 01:49:00
9aa0bf74-4e8b-afc4-cb20-8d251891f883,aecc015a-ecec-b339-a064-c0ccbd279fd8,AWS,intermediate,"{""coursework""}",,2026-07-06 14:49:00
9eb29619-468d-3d28-eaeb-4c596df00b4e,aecc015a-ecec-b339-a064-c0ccbd279fd8,Data Visualisation,intermediate,"{""project""}",Applied in project work.,2026-07-06 14:49:00
c28c57bb-ac47-5be8-c263-cf0d851f9a50,aecc015a-ecec-b339-a064-c0ccbd279fd8,FastAPI,advanced,"{""coursework""}",,2026-07-06 14:49:00
70a23023-45a9-37a9-79d2-8895920368b2,aecc015a-ecec-b339-a064-c0ccbd279fd8,Linux,intermediate,"{""coursework""}",,2026-07-06 14:49:00
51b9aa71-c7b6-ba72-6115-914c59bab160,aecc015a-ecec-b339-a064-c0ccbd279fd8,Python,intermediate,"{""project"",""coursework""}",Applied in project work.,2026-07-06 14:49:00
9cdda58c-b9ac-3983-4d90-e891537e2657,aecc015a-ecec-b339-a064-c0ccbd279fd8,SQL,advanced,"{""project""}",Applied in project work.,2026-07-06 14:49:00
a37e5f52-35d2-bcad-b557-4a16cb35eba9,aecc015a-ecec-b339-a064-c0ccbd279fd8,Teamwork,intermediate,"{""coursework""}",,2026-07-06 14:49:00
7e1cf27d-a841-0ef7-7883-1ccc897bae29,aecc015a-ecec-b339-a064-c0ccbd279fd8,Time Management,intermediate,"{""coursework""}",,2026-07-06 14:49:00
c99404b2-27c7-3e18-0b57-fc7367071746,e5c8c601-dbcc-ee78-9ccc-3ea8c486ca71,AI Literacy,intermediate,"{""certification"",""coursework""}",,2026-08-08 12:50:00
4332a324-e8b9-af63-c5fe-5b5887e94307,e5c8c601-dbcc-ee78-9ccc-3ea8c486ca71,C++,intermediate,"{""project""}",Applied in project work.,2026-08-08 12:50:00
bddda93f-36a1-b4f7-3d03-994f2aeabc3a,e5c8c601-dbcc-ee78-9ccc-3ea8c486ca71,Docker,advanced,"{""project""}",Applied in project work.,2026-08-08 12:50:00
4d4cb4c5-a359-7308-f65b-4437c97f4cbe,e5c8c601-dbcc-ee78-9ccc-3ea8c486ca71,Flask,intermediate,"{""coursework""}",,2026-08-08 12:50:00
97c87e0f-ce8e-9fda-6683-b4b0406a57f5,e5c8c601-dbcc-ee78-9ccc-3ea8c486ca71,Git,intermediate,"{""project"",""coursework""}",Applied in project work.,2026-08-08 12:50:00
18948127-b760-91df-a233-834771d08a74,e5c8c601-dbcc-ee78-9ccc-3ea8c486ca71,Java,advanced,"{""coursework""}",,2026-08-08 12:50:00
ce7fc2d1-cf32-0d68-b869-cac87d3843c0,e5c8c601-dbcc-ee78-9ccc-3ea8c486ca71,Leadership,advanced,"{""coursework""}",,2026-08-08 12:50:00
1fde4909-4a74-e570-f964-bdab3edcd10d,e5c8c601-dbcc-ee78-9ccc-3ea8c486ca71,Linux,intermediate,"{""certification""}",,2026-08-08 12:50:00
b67e82c0-84a8-db26-0aaf-7ae7fea44402,e5c8c601-dbcc-ee78-9ccc-3ea8c486ca71,Node.js,intermediate,"{""project""}",Applied in project work.,2026-08-08 12:50:00
b6c12525-5f73-f838-488c-fa0ff0572b06,e5c8c601-dbcc-ee78-9ccc-3ea8c486ca71,Power BI,intermediate,"{""coursework""}",,2026-08-08 12:50:00
6367e39f-d31b-f9f1-9bc5-8ca730e2fbe9,e5c8c601-dbcc-ee78-9ccc-3ea8c486ca71,Problem Solving,advanced,"{""coursework""}",,2026-08-08 12:50:00
9da368c9-5912-3e03-75ca-3ff813ecde60,e5c8c601-dbcc-ee78-9ccc-3ea8c486ca71,Python,intermediate,"{""coursework""}",,2026-08-08 12:50:00
09072f62-bfec-a531-7036-5ba01ad81d87,e5c8c601-dbcc-ee78-9ccc-3ea8c486ca71,SQL,intermediate,"{""project""}",Applied in project work.,2026-08-08 12:50:00
a56dbdb2-ca63-4b88-92a1-9e4675c35754,e5c8c601-dbcc-ee78-9ccc-3ea8c486ca71,Time Management,intermediate,"{""coursework""}",,2026-08-08 12:50:00
0d325a89-aa08-8f0d-02d1-269daae53fff,b42176c0-e763-b8fe-65da-b531190dcc47,Cloud Computing,advanced,"{""coursework""}",,2026-08-01 07:41:00
6fdc2550-a0fe-f4d6-c630-9f005d3c8eab,b42176c0-e763-b8fe-65da-b531190dcc47,Communication,intermediate,"{""coursework""}",,2026-08-01 07:41:00
63cc0601-2743-1a1b-d052-857e8f8b55d1,b42176c0-e763-b8fe-65da-b531190dcc47,Data Analysis,intermediate,"{""project""}",Applied in project work.,2026-08-01 07:41:00
fddd99ad-f2d6-5ef9-2e75-20e457bb861d,b42176c0-e763-b8fe-65da-b531190dcc47,Deep Learning,beginner,"{""coursework""}",,2026-08-01 07:41:00
788b4ccd-babd-dfea-e59c-fdf43cbeaea2,b42176c0-e763-b8fe-65da-b531190dcc47,Machine Learning,advanced,"{""project"",""certification""}",Applied in project work.,2026-08-01 07:41:00
e2e8396d-2438-b7fd-117c-bbe9ccc782fe,b42176c0-e763-b8fe-65da-b531190dcc47,Natural Language Processing,advanced,"{""project""}",Applied in project work.,2026-08-01 07:41:00
6dddb4ed-63ed-5635-85e9-394ec37a7562,b42176c0-e763-b8fe-65da-b531190dcc47,Python,intermediate,"{""project"",""certification""}",Applied in project work.,2026-08-01 07:41:00
32352fdb-f4f8-5212-20e0-4cd7ac168dcc,b42176c0-e763-b8fe-65da-b531190dcc47,R,advanced,"{""project""}",Applied in project work.,2026-08-01 07:41:00
a06a5d3a-438b-f10a-1357-d2fe2a8f29ce,b42176c0-e763-b8fe-65da-b531190dcc47,Statistical Analysis,advanced,"{""project""}",Applied in project work.,2026-08-01 07:41:00
1bb359e4-ec5b-9ce6-1525-d26e60ab19d9,b42176c0-e763-b8fe-65da-b531190dcc47,Teamwork,intermediate,"{""coursework""}",,2026-08-01 07:41:00
914ecec3-8bea-fa46-a454-4a75ca2af73a,b42176c0-e763-b8fe-65da-b531190dcc47,Time Management,advanced,"{""coursework""}",,2026-08-01 07:41:00
63a0793b-e952-b547-3501-ce808aad0693,60a69e36-45d9-6457-a10d-b698a111bdbc,Communication,intermediate,"{""coursework""}",,2026-07-28 15:10:00
4a8435ed-eb8d-eb4e-6517-afccc7180cf2,60a69e36-45d9-6457-a10d-b698a111bdbc,Data Analysis,intermediate,"{""project"",""coursework""}",Applied in project work.,2026-07-28 15:10:00
92b0c7cd-bb78-f7a7-0bd4-69167b9fa2db,60a69e36-45d9-6457-a10d-b698a111bdbc,FastAPI,intermediate,"{""project"",""coursework""}",Applied in project work.,2026-07-28 15:10:00
8b20658e-f8a8-b40f-1bc0-95f06f7c4fd6,60a69e36-45d9-6457-a10d-b698a111bdbc,Git,beginner,"{""project"",""coursework""}",Applied in project work.,2026-07-28 15:10:00
bd8ef507-24f6-2acb-6091-41dd770c5816,60a69e36-45d9-6457-a10d-b698a111bdbc,Leadership,intermediate,"{""coursework""}",,2026-07-28 15:10:00
10d06ee8-d69d-4bf7-b065-1d397b977dce,60a69e36-45d9-6457-a10d-b698a111bdbc,Machine Learning,intermediate,"{""project""}",Applied in project work.,2026-07-28 15:10:00
7fbda7a0-1803-e038-f55d-b5792f7faa73,60a69e36-45d9-6457-a10d-b698a111bdbc,Python,intermediate,"{""project""}",Applied in project work.,2026-07-28 15:10:00
0ca09c81-8f98-1207-650e-754784221d34,60a69e36-45d9-6457-a10d-b698a111bdbc,R,beginner,"{""project"",""coursework""}",Applied in project work.,2026-07-28 15:10:00
d05d3802-63d2-848e-8041-ca311a5cc4bd,60a69e36-45d9-6457-a10d-b698a111bdbc,SQL,intermediate,"{""project""}",Applied in project work.,2026-07-28 15:10:00
f5f21b99-1e2c-723c-2cd6-bb1d46fb4c7e,779ee330-6ded-23f8-9d60-cc7341b74316,Communication,beginner,"{""coursework""}",,2026-07-11 22:41:00
ba873328-65e1-916a-e6bd-7270a33ad286,779ee330-6ded-23f8-9d60-cc7341b74316,Docker,beginner,"{""coursework""}",,2026-07-11 22:41:00
2bffd2bf-f3dd-a144-5747-1072dfe7b319,779ee330-6ded-23f8-9d60-cc7341b74316,SQL,intermediate,"{""coursework""}",,2026-07-11 22:41:00
cedaccec-56c0-7f2b-3875-c569ee85fb01,46be81c7-caec-3e30-5de9-1f0f749b5bee,Communication,intermediate,"{""coursework""}",,2026-07-30 15:47:00
db65aeb8-14d9-a397-7e31-97b5edcf79dd,46be81c7-caec-3e30-5de9-1f0f749b5bee,JavaScript,intermediate,"{""project""}",Applied in project work.,2026-07-30 15:47:00
586c1d23-085c-4bf0-3137-01b406de0c92,46be81c7-caec-3e30-5de9-1f0f749b5bee,Leadership,beginner,"{""coursework""}",,2026-07-30 15:47:00
212b7709-12de-e971-4daf-de3f92b89c2a,46be81c7-caec-3e30-5de9-1f0f749b5bee,Natural Language Processing,beginner,"{""coursework""}",,2026-07-30 15:47:00
013b67f3-61c9-e3d4-b2da-886eeecfdd43,46be81c7-caec-3e30-5de9-1f0f749b5bee,React,intermediate,"{""project"",""coursework""}",Applied in project work.,2026-07-30 15:47:00
a274a5fa-c2c1-925c-3b5b-1d47cf248b55,46be81c7-caec-3e30-5de9-1f0f749b5bee,SQL,intermediate,"{""coursework""}",,2026-07-30 15:47:00
57675574-6b17-8422-59e1-4007be4106d0,dd9c829a-76fc-5c77-751f-0dda6759a88b,Communication,intermediate,"{""coursework""}",,2026-08-05 16:39:00
74b6f65a-ca4d-bfd6-90b5-d26a83012292,dd9c829a-76fc-5c77-751f-0dda6759a88b,Data Visualisation,advanced,"{""project"",""coursework""}",Applied in project work.,2026-08-05 16:39:00
44b3725c-567d-8eb7-81c4-d9434bc97e36,dd9c829a-76fc-5c77-751f-0dda6759a88b,Docker,intermediate,"{""coursework""}",,2026-08-05 16:39:00
34061068-c21a-2ab3-0654-a5bfae282815,dd9c829a-76fc-5c77-751f-0dda6759a88b,FastAPI,advanced,"{""coursework""}",,2026-08-05 16:39:00
dbb7ae2d-8746-d7c6-6156-76b3af6e95c8,dd9c829a-76fc-5c77-751f-0dda6759a88b,Flask,intermediate,"{""coursework""}",,2026-08-05 16:39:00
6f125159-d7c5-14e9-02eb-9ecd6ab77dd4,dd9c829a-76fc-5c77-751f-0dda6759a88b,Git,intermediate,"{""coursework""}",,2026-08-05 16:39:00
a6636a68-f430-06a3-dd91-8930ec134367,dd9c829a-76fc-5c77-751f-0dda6759a88b,JavaScript,intermediate,"{""project"",""internship"",""coursework""}",Applied in project work.,2026-08-05 16:39:00
84f797c2-37ee-8f02-1153-6ed56860933c,dd9c829a-76fc-5c77-751f-0dda6759a88b,Linux,intermediate,"{""project"",""internship""}",Applied in project work.,2026-08-05 16:39:00
dcbfd53e-c47c-d413-9ff2-9cff08a526c6,dd9c829a-76fc-5c77-751f-0dda6759a88b,Machine Learning,intermediate,"{""certification"",""coursework""}",,2026-08-05 16:39:00
70647540-74ca-8521-e3ef-54b770d230e3,dd9c829a-76fc-5c77-751f-0dda6759a88b,Node.js,advanced,"{""internship"",""coursework""}",Used during internship.,2026-08-05 16:39:00
e4a0e5ff-90a3-e4be-91ca-f4143482c8bf,dd9c829a-76fc-5c77-751f-0dda6759a88b,Problem Solving,beginner,"{""coursework""}",,2026-08-05 16:39:00
7f3b8cbb-390a-ce15-6051-d2a324f1d56e,dd9c829a-76fc-5c77-751f-0dda6759a88b,Python,advanced,"{""certification""}",,2026-08-05 16:39:00
11dbbb3f-71ac-8e6c-ec3c-8084c240ab62,dd9c829a-76fc-5c77-751f-0dda6759a88b,React,advanced,"{""project"",""coursework""}",Applied in project work.,2026-08-05 16:39:00
7013fa67-f244-281a-0e1f-e43215dcb535,dd9c829a-76fc-5c77-751f-0dda6759a88b,Research Skills,advanced,"{""project""}",Applied in project work.,2026-08-05 16:39:00
3ed31eb3-5734-5c4d-f273-f4a4c7a5b755,a7355dab-e6a8-57d1-f782-8ca18a25cb4a,Data Visualisation,advanced,"{""project"",""certification""}",Applied in project work.,2026-08-06 15:53:00
c886878d-8531-35f4-ccaf-c4afc3c153c8,a7355dab-e6a8-57d1-f782-8ca18a25cb4a,Deep Learning,advanced,"{""coursework""}",,2026-08-06 15:53:00
f68cc63e-599d-be1a-5cb3-3dab2aae11d3,a7355dab-e6a8-57d1-f782-8ca18a25cb4a,Docker,intermediate,"{""certification"",""coursework""}",,2026-08-06 15:53:00
71ae55b1-f974-046a-3f61-7ca852f094d3,a7355dab-e6a8-57d1-f782-8ca18a25cb4a,JavaScript,advanced,"{""project"",""coursework""}",Applied in project work.,2026-08-06 15:53:00
21cb8d1f-f87a-bf42-4d7c-a70dfe4cb3d1,a7355dab-e6a8-57d1-f782-8ca18a25cb4a,Node.js,advanced,"{""coursework""}",,2026-08-06 15:53:00
6c9d65d4-f381-9e6b-f88e-b897dc115b32,a7355dab-e6a8-57d1-f782-8ca18a25cb4a,Power BI,advanced,"{""certification"",""coursework""}",,2026-08-06 15:53:00
8b5af1d2-7256-5a3e-f5e8-ea6ea335edb8,a7355dab-e6a8-57d1-f782-8ca18a25cb4a,Problem Solving,intermediate,"{""coursework""}",,2026-08-06 15:53:00
214bb3fe-f371-cfac-9710-4075b8dbfc46,a7355dab-e6a8-57d1-f782-8ca18a25cb4a,Python,intermediate,"{""coursework""}",,2026-08-06 15:53:00
eac3ff36-133d-bc1a-e341-35da3fc57079,a7355dab-e6a8-57d1-f782-8ca18a25cb4a,React,intermediate,"{""coursework""}",,2026-08-06 15:53:00
53769ade-e750-2a74-b792-acbef805d265,a7355dab-e6a8-57d1-f782-8ca18a25cb4a,SQL,intermediate,"{""coursework""}",,2026-08-06 15:53:00
357707f6-ec29-32eb-6a2a-26faf6e6b949,a7355dab-e6a8-57d1-f782-8ca18a25cb4a,Teamwork,intermediate,"{""coursework""}",,2026-08-06 15:53:00
90dc3842-78d3-6023-cfa4-e7648a39dfaf,a7355dab-e6a8-57d1-f782-8ca18a25cb4a,Time Management,intermediate,"{""coursework""}",,2026-08-06 15:53:00
67e1e6e7-44e1-2017-e356-fae8de525433,9386e7f1-2c76-5e0e-68a0-072bcc158832,C++,beginner,"{""coursework""}",,2026-08-09 19:15:00
a675bb7b-51cd-3d87-776a-6a9bdfdbb3e2,9386e7f1-2c76-5e0e-68a0-072bcc158832,Docker,beginner,"{""coursework""}",,2026-08-09 19:15:00
92370961-ae38-4228-ae52-793567df7ad3,9386e7f1-2c76-5e0e-68a0-072bcc158832,JavaScript,beginner,"{""coursework""}",,2026-08-09 19:15:00
0d0147b0-d342-b587-2bba-374c46992fb4,9386e7f1-2c76-5e0e-68a0-072bcc158832,Node.js,beginner,"{""coursework""}",,2026-08-09 19:15:00
5776a917-c45a-40ac-e896-941f88d8845d,9386e7f1-2c76-5e0e-68a0-072bcc158832,Python,beginner,"{""coursework""}",,2026-08-09 19:15:00
ce151855-f058-8da7-ee97-d7258af8689b,9386e7f1-2c76-5e0e-68a0-072bcc158832,Time Management,beginner,"{""coursework""}",,2026-08-09 19:15:00
3604ebe1-d7a2-2491-6dea-4b8713cb97cc,b50c39ce-88ef-c6f6-65dc-8a7e3756befe,Azure,intermediate,"{""project""}",Applied in project work.,2026-08-13 00:12:00
04f73813-f93d-8ee6-2a35-295e99fea79b,b50c39ce-88ef-c6f6-65dc-8a7e3756befe,Cloud Computing,intermediate,"{""project""}",Applied in project work.,2026-08-13 00:12:00
efb2ad6b-d49a-fd34-5591-33ac777614d6,b50c39ce-88ef-c6f6-65dc-8a7e3756befe,Docker,intermediate,"{""coursework""}",,2026-08-13 00:12:00
ea2c6b95-4f4d-4844-f692-7421caadece3,b50c39ce-88ef-c6f6-65dc-8a7e3756befe,FastAPI,intermediate,"{""coursework""}",,2026-08-13 00:12:00
d3a44e2f-77be-1204-cf8a-360c8fb098f9,b50c39ce-88ef-c6f6-65dc-8a7e3756befe,Flask,intermediate,"{""project"",""coursework""}",Applied in project work.,2026-08-13 00:12:00
8462ba57-1469-1539-99ee-266558881ed9,b50c39ce-88ef-c6f6-65dc-8a7e3756befe,JavaScript,intermediate,"{""coursework""}",,2026-08-13 00:12:00
2d856e37-11f1-68ff-b16f-0ae53cdc2cd9,b50c39ce-88ef-c6f6-65dc-8a7e3756befe,Node.js,advanced,"{""project""}",Applied in project work.,2026-08-13 00:12:00
ba451fa6-7846-92ff-ea39-18e6caae8f1a,b50c39ce-88ef-c6f6-65dc-8a7e3756befe,Python,beginner,"{""project"",""coursework""}",Applied in project work.,2026-08-13 00:12:00
6f2a9106-a550-cb22-ec8b-8b37c27d5571,b50c39ce-88ef-c6f6-65dc-8a7e3756befe,React,intermediate,"{""project"",""coursework""}",Applied in project work.,2026-08-13 00:12:00
30f70723-4c0c-94ed-4204-9e6cc0620e1c,b50c39ce-88ef-c6f6-65dc-8a7e3756befe,SQL,intermediate,"{""project""}",Applied in project work.,2026-08-13 00:12:00
57b525e0-e222-af50-a131-b2983292d4d1,b50c39ce-88ef-c6f6-65dc-8a7e3756befe,Teamwork,intermediate,"{""coursework""}",,2026-08-13 00:12:00
e9912230-0f03-842e-f97b-9c71a128d0eb,b6045b36-c0af-daf5-67f6-3583e76cc750,Communication,beginner,"{""coursework""}",,2026-07-30 02:41:00
1d1817f6-b5f3-590d-f1b8-94b71bd5f014,b6045b36-c0af-daf5-67f6-3583e76cc750,Node.js,intermediate,"{""project"",""coursework""}",Applied in project work.,2026-07-30 02:41:00
6560624f-2ea9-d81a-d1d0-cc642f3157fa,b6045b36-c0af-daf5-67f6-3583e76cc750,Python,intermediate,"{""certification""}",,2026-07-30 02:41:00
9252ed84-6bcd-7ba3-5408-c506ddc4c146,b6045b36-c0af-daf5-67f6-3583e76cc750,React,intermediate,"{""project"",""coursework""}",Applied in project work.,2026-07-30 02:41:00
a256a20a-02f3-5565-e0f9-2b39034377e6,b6045b36-c0af-daf5-67f6-3583e76cc750,SQL,intermediate,"{""project""}",Applied in project work.,2026-07-30 02:41:00
fa98a0fe-37a9-5691-3907-bb02cc145445,b6045b36-c0af-daf5-67f6-3583e76cc750,Teamwork,beginner,"{""coursework""}",,2026-07-30 02:41:00
46f50bca-04eb-e955-9665-39d066767d75,c310b79e-a5ba-be26-c2fc-1353f67bd794,C++,advanced,"{""project"",""coursework""}",Applied in project work.,2026-09-01 01:16:00
abff9892-c722-acc4-bd45-7fdb364665ab,c310b79e-a5ba-be26-c2fc-1353f67bd794,Communication,intermediate,"{""coursework""}",,2026-09-01 01:16:00
7803ec73-836d-24e6-2cad-2d6558c53d09,c310b79e-a5ba-be26-c2fc-1353f67bd794,Docker,advanced,"{""project"",""certification""}",Applied in project work.,2026-09-01 01:16:00
32b88480-74e8-8fa4-5599-86e738f14f3d,c310b79e-a5ba-be26-c2fc-1353f67bd794,FastAPI,advanced,"{""project"",""internship""}",Applied in project work.,2026-09-01 01:16:00
050aa77b-3f0b-c49b-38a8-1aaae455f625,c310b79e-a5ba-be26-c2fc-1353f67bd794,Flask,intermediate,"{""coursework""}",,2026-09-01 01:16:00
3fa11c73-5723-98eb-46f8-d2033b816a01,c310b79e-a5ba-be26-c2fc-1353f67bd794,Git,intermediate,"{""project""}",Applied in project work.,2026-09-01 01:16:00
6c50520b-3ae1-7621-fc5a-c9062e4827e2,c310b79e-a5ba-be26-c2fc-1353f67bd794,Leadership,intermediate,"{""coursework""}",,2026-09-01 01:16:00
4b09edf3-270c-0302-2dc0-28f3d85ab117,c310b79e-a5ba-be26-c2fc-1353f67bd794,Node.js,intermediate,"{""project"",""coursework""}",Applied in project work.,2026-09-01 01:16:00
30dd57bd-5fd2-a993-89ea-731691ef3fa5,c310b79e-a5ba-be26-c2fc-1353f67bd794,Problem Solving,intermediate,"{""coursework""}",,2026-09-01 01:16:00
3de1dade-0e12-2b19-2843-ab0275692fd5,c310b79e-a5ba-be26-c2fc-1353f67bd794,Python,intermediate,"{""project"",""internship""}",Applied in project work.,2026-09-01 01:16:00
3fa03182-2021-a70d-0c56-b0286656bec2,c310b79e-a5ba-be26-c2fc-1353f67bd794,Research Skills,advanced,"{""coursework""}",,2026-09-01 01:16:00
07411d40-d1a0-635e-1888-cfc2539f916e,c310b79e-a5ba-be26-c2fc-1353f67bd794,SQL,advanced,"{""project""}",Applied in project work.,2026-09-01 01:16:00
7fa7f07d-dbf4-7ef7-88c9-49cb53031bdb,c310b79e-a5ba-be26-c2fc-1353f67bd794,Teamwork,advanced,"{""internship"",""coursework""}",Used during internship.,2026-09-01 01:16:00
646fdc80-ee8b-c68b-e4e6-20b91f0bf9a4,acd397e7-afe4-4754-d15c-a103a5cb190f,Cloud Computing,beginner,"{""coursework""}",,2026-08-09 11:25:00
83d2863e-f573-6bb8-2c76-23543b0986a2,acd397e7-afe4-4754-d15c-a103a5cb190f,Communication,intermediate,"{""coursework""}",,2026-08-09 11:25:00
c8a9581e-d703-6509-0477-90cc3efbe96d,acd397e7-afe4-4754-d15c-a103a5cb190f,Data Visualisation,intermediate,"{""coursework""}",,2026-08-09 11:25:00
d86a8dbf-2256-344f-6917-a9fbbeb70b53,acd397e7-afe4-4754-d15c-a103a5cb190f,Git,intermediate,"{""coursework""}",,2026-08-09 11:25:00
f2cfea1d-e44b-847c-5d5b-ec72a839e062,acd397e7-afe4-4754-d15c-a103a5cb190f,Leadership,beginner,"{""coursework""}",,2026-08-09 11:25:00
025ebdbb-21a4-f525-50e1-9f953cc94bec,acd397e7-afe4-4754-d15c-a103a5cb190f,Machine Learning,beginner,"{""coursework""}",,2026-08-09 11:25:00
4a06819d-0aa2-12d9-500a-8aa012ba7406,acd397e7-afe4-4754-d15c-a103a5cb190f,Python,intermediate,"{""coursework""}",,2026-08-09 11:25:00
a8d6fd03-8ff7-f0ad-9b6b-c8bd507c0388,acd397e7-afe4-4754-d15c-a103a5cb190f,SQL,beginner,"{""coursework""}",,2026-08-09 11:25:00
75e883be-7205-3f92-987c-48d76b86e231,acd397e7-afe4-4754-d15c-a103a5cb190f,Statistical Analysis,intermediate,"{""coursework""}",,2026-08-09 11:25:00
373cd38f-af93-1ea5-3099-d7f64e5abb0e,acd397e7-afe4-4754-d15c-a103a5cb190f,Teamwork,beginner,"{""coursework""}",,2026-08-09 11:25:00
fa18e71f-58bf-fbef-415b-8dada43c2d7b,0cd06a34-d97e-049e-1896-88febb94777a,Data Analysis,advanced,"{""certification"",""coursework""}",,2026-09-07 02:05:00
63350ca2-429d-4602-1455-9383e4465eb1,0cd06a34-d97e-049e-1896-88febb94777a,Docker,intermediate,"{""project"",""coursework""}",Applied in project work.,2026-09-07 02:05:00
6f4dd75a-f19e-24ab-090a-a3c69075e069,0cd06a34-d97e-049e-1896-88febb94777a,Excel,intermediate,"{""coursework""}",,2026-09-07 02:05:00
8fa9ef09-de4f-495b-1181-3a485f610696,0cd06a34-d97e-049e-1896-88febb94777a,FastAPI,intermediate,"{""project"",""coursework""}",Applied in project work.,2026-09-07 02:05:00
1581184d-19d9-9470-e4a9-c4277dcded63,0cd06a34-d97e-049e-1896-88febb94777a,Flask,intermediate,"{""coursework""}",,2026-09-07 02:05:00
5d8dab6a-cbac-c8b6-9b8c-fe0eab38ca29,0cd06a34-d97e-049e-1896-88febb94777a,Git,advanced,"{""project"",""coursework""}",Applied in project work.,2026-09-07 02:05:00
3fbac7d4-4dbd-54aa-ff35-a7c0350ce885,0cd06a34-d97e-049e-1896-88febb94777a,Java,advanced,"{""project""}",Applied in project work.,2026-09-07 02:05:00
35a262f7-705b-7572-a7e3-e464a03587be,0cd06a34-d97e-049e-1896-88febb94777a,JavaScript,advanced,"{""certification""}",,2026-09-07 02:05:00
08498f04-b842-231b-0429-73a92584470c,0cd06a34-d97e-049e-1896-88febb94777a,Leadership,intermediate,"{""coursework""}",,2026-09-07 02:05:00
ca7f7244-c227-ed50-54ce-894d6db3a232,0cd06a34-d97e-049e-1896-88febb94777a,Node.js,beginner,"{""project"",""coursework""}",Applied in project work.,2026-09-07 02:05:00
7a10b865-b418-f5ac-783f-ed58c5417a7f,0cd06a34-d97e-049e-1896-88febb94777a,Problem Solving,intermediate,"{""coursework""}",,2026-09-07 02:05:00
b000d73d-7ec0-c731-60e7-38531973b2bd,0cd06a34-d97e-049e-1896-88febb94777a,Python,advanced,"{""project"",""coursework""}",Applied in project work.,2026-09-07 02:05:00
292ff954-c863-453a-9786-eef21bb74787,0cd06a34-d97e-049e-1896-88febb94777a,R,advanced,"{""certification""}",,2026-09-07 02:05:00
033ac08a-2758-d04f-ac5d-3cf57b012a15,0cd06a34-d97e-049e-1896-88febb94777a,React,advanced,"{""certification""}",,2026-09-07 02:05:00
0ebd5e22-aa2f-7040-433b-244024c17bb6,0cd06a34-d97e-049e-1896-88febb94777a,SQL,advanced,"{""project"",""certification""}",Applied in project work.,2026-09-07 02:05:00
a87ec290-0616-1fb0-523d-6ef85646a1b6,0cd06a34-d97e-049e-1896-88febb94777a,Tableau,intermediate,"{""certification"",""coursework""}",,2026-09-07 02:05:00
fe17e8f3-9700-abb0-4bb8-b91d5793f70e,0cd06a34-d97e-049e-1896-88febb94777a,Teamwork,advanced,"{""coursework""}",,2026-09-07 02:05:00
da65c703-739c-937a-77d5-415fbe59d254,66c62fc8-7ef8-3fa6-d8bd-2133916a50b7,C++,intermediate,"{""coursework""}",,2026-07-18 19:34:00
84c6b617-5e74-5453-a8c7-916a142d0e7c,66c62fc8-7ef8-3fa6-d8bd-2133916a50b7,Communication,intermediate,"{""coursework""}",,2026-07-18 19:34:00
1a2f9c4d-432c-4995-d379-0bc30b217f94,66c62fc8-7ef8-3fa6-d8bd-2133916a50b7,JavaScript,intermediate,"{""coursework""}",,2026-07-18 19:34:00
e880d4cf-e1ef-901f-81c0-5491dcafc9fa,66c62fc8-7ef8-3fa6-d8bd-2133916a50b7,Linux,intermediate,"{""coursework""}",,2026-07-18 19:34:00
6e6d605a-670d-50ef-69ae-6c7511c77537,66c62fc8-7ef8-3fa6-d8bd-2133916a50b7,Machine Learning,intermediate,"{""project"",""coursework""}",Applied in project work.,2026-07-18 19:34:00
2088f3d0-9440-dce1-37ae-ba542e00595a,66c62fc8-7ef8-3fa6-d8bd-2133916a50b7,Natural Language Processing,intermediate,"{""project"",""coursework""}",Applied in project work.,2026-07-18 19:34:00
468154a7-c575-7f5b-4b3d-dff18da6b97c,66c62fc8-7ef8-3fa6-d8bd-2133916a50b7,Problem Solving,intermediate,"{""coursework""}",,2026-07-18 19:34:00
6a9199ed-3196-6282-ccb6-588f61b1ad35,66c62fc8-7ef8-3fa6-d8bd-2133916a50b7,Python,intermediate,"{""project"",""certification"",""coursework""}",Applied in project work.,2026-07-18 19:34:00
9c8b3146-6412-8cf5-7940-2a7e23fa1b2b,66c62fc8-7ef8-3fa6-d8bd-2133916a50b7,Research Skills,beginner,"{""coursework""}",,2026-07-18 19:34:00
4d8ce279-4d80-c50f-4827-3422db974cb1,66c62fc8-7ef8-3fa6-d8bd-2133916a50b7,Statistical Analysis,beginner,"{""project"",""coursework""}",Applied in project work.,2026-07-18 19:34:00
fbb7ce92-f2e3-1228-027c-30264fe28a28,3e8b8467-120c-108e-b964-502130ff1f0f,Azure,advanced,"{""certification""}",,2026-08-01 00:46:00
3b40b13e-b430-ea3c-b289-4d9115ff1b10,3e8b8467-120c-108e-b964-502130ff1f0f,Cloud Computing,intermediate,"{""certification"",""coursework""}",,2026-08-01 00:46:00
4f49a94a-0091-e9b1-ab23-e5319655c748,3e8b8467-120c-108e-b964-502130ff1f0f,Communication,intermediate,"{""coursework""}",,2026-08-01 00:46:00
6a008647-5c74-e1da-8098-925109de91c6,3e8b8467-120c-108e-b964-502130ff1f0f,Data Analysis,intermediate,"{""project"",""coursework""}",Applied in project work.,2026-08-01 00:46:00
62ea9514-e719-a312-ffd3-b087ce8210ec,3e8b8467-120c-108e-b964-502130ff1f0f,Deep Learning,intermediate,"{""coursework""}",,2026-08-01 00:46:00
80da2406-d149-8761-a91b-e9454bc0e6a0,3e8b8467-120c-108e-b964-502130ff1f0f,Leadership,beginner,"{""coursework""}",,2026-08-01 00:46:00
cea74981-cf2f-df29-433e-bdf61ac4de35,3e8b8467-120c-108e-b964-502130ff1f0f,Machine Learning,intermediate,"{""project"",""coursework""}",Applied in project work.,2026-08-01 00:46:00
50905784-4592-796f-63c5-0cd3e9119ba1,3e8b8467-120c-108e-b964-502130ff1f0f,Natural Language Processing,intermediate,"{""project"",""coursework""}",Applied in project work.,2026-08-01 00:46:00
78eefa7a-fa0a-1acb-a951-027b53ffd1eb,3e8b8467-120c-108e-b964-502130ff1f0f,Problem Solving,intermediate,"{""coursework""}",,2026-08-01 00:46:00
b9c3cc98-747a-7bac-0dfd-b74fca621b3e,3e8b8467-120c-108e-b964-502130ff1f0f,Python,intermediate,"{""project""}",Applied in project work.,2026-08-01 00:46:00
421e1034-43f9-6c59-7321-bdcbeff6c41c,3e8b8467-120c-108e-b964-502130ff1f0f,R,intermediate,"{""project"",""coursework""}",Applied in project work.,2026-08-01 00:46:00
f83625d6-ebcd-ad85-9d0a-32c794a3cdd2,3e8b8467-120c-108e-b964-502130ff1f0f,Statistical Analysis,advanced,"{""project""}",Applied in project work.,2026-08-01 00:46:00
b540baba-1b46-6088-9bc3-f1403f36f300,3e8b8467-120c-108e-b964-502130ff1f0f,Time Management,advanced,"{""coursework""}",,2026-08-01 00:46:00
502dc916-7b00-2e16-a762-329c38cffb0f,0454f5a1-62a3-9105-d55d-59ed011a4361,Communication,intermediate,"{""coursework""}",,2026-08-14 16:58:00
cf170059-3280-54eb-9873-e3ac4f586137,0454f5a1-62a3-9105-d55d-59ed011a4361,Flask,intermediate,"{""project""}",Applied in project work.,2026-08-14 16:58:00
ee7bda68-1c53-6e83-1a6f-78bd871e3cfe,0454f5a1-62a3-9105-d55d-59ed011a4361,Java,intermediate,"{""project"",""coursework""}",Applied in project work.,2026-08-14 16:58:00
b4178bd9-92e0-4229-1b4b-41ec713dd54e,0454f5a1-62a3-9105-d55d-59ed011a4361,JavaScript,intermediate,"{""project""}",Applied in project work.,2026-08-14 16:58:00
2b939dd7-060c-5b62-9db7-e77f472d1ac2,0454f5a1-62a3-9105-d55d-59ed011a4361,Natural Language Processing,intermediate,"{""coursework""}",,2026-08-14 16:58:00
160cae64-4b31-8a03-495f-8947449ee4c0,0454f5a1-62a3-9105-d55d-59ed011a4361,Problem Solving,beginner,"{""coursework""}",,2026-08-14 16:58:00
478141fd-729f-0472-6c41-79829787f16d,0454f5a1-62a3-9105-d55d-59ed011a4361,R,intermediate,"{""coursework""}",,2026-08-14 16:58:00
84dc0f43-a977-7c3a-aa63-ab553bb91fa9,0454f5a1-62a3-9105-d55d-59ed011a4361,SQL,intermediate,"{""project"",""coursework""}",Applied in project work.,2026-08-14 16:58:00
5fc02441-57aa-5ae5-ecf5-497eb38a5783,0454f5a1-62a3-9105-d55d-59ed011a4361,Teamwork,beginner,"{""project"",""coursework""}",Applied in project work.,2026-08-14 16:58:00
5d2474ab-5d83-baf5-0180-46d56e3013a1,0052b9cc-e828-bb22-3e69-e1295c359d67,AWS,beginner,"{""project""}",Applied in project work.,2026-07-08 19:37:00
3a9f72f2-df6a-28de-7a49-f42b19ecb589,0052b9cc-e828-bb22-3e69-e1295c359d67,Cloud Computing,advanced,"{""project"",""internship""}",Applied in project work.,2026-07-08 19:37:00
637a0e52-1f16-5fde-b793-c642e17e7d37,0052b9cc-e828-bb22-3e69-e1295c359d67,Docker,intermediate,"{""coursework""}",,2026-07-08 19:37:00
cfbc4cd9-b28e-70a8-64a8-da03064579c8,0052b9cc-e828-bb22-3e69-e1295c359d67,Flask,intermediate,"{""internship"",""coursework""}",Used during internship.,2026-07-08 19:37:00
64a52526-4352-3aff-c007-8f905ef97dba,0052b9cc-e828-bb22-3e69-e1295c359d67,JavaScript,beginner,"{""coursework""}",,2026-07-08 19:37:00
88fd480e-97b0-056d-d1d1-fad235688205,0052b9cc-e828-bb22-3e69-e1295c359d67,Leadership,beginner,"{""coursework""}",,2026-07-08 19:37:00
a0de4e1d-fa28-7d16-a9a1-92844bc4bb44,0052b9cc-e828-bb22-3e69-e1295c359d67,Linux,intermediate,"{""project""}",Applied in project work.,2026-07-08 19:37:00
d8d20bb0-0141-4ba4-7c6a-57385c518a84,0052b9cc-e828-bb22-3e69-e1295c359d67,Node.js,intermediate,"{""internship""}",Used during internship.,2026-07-08 19:37:00
b21382b1-79b6-2e01-21df-bdc3a9524bf2,0052b9cc-e828-bb22-3e69-e1295c359d67,Python,intermediate,"{""project""}",Applied in project work.,2026-07-08 19:37:00
fc4df640-8a7f-65ab-b96b-a20a195bc096,0052b9cc-e828-bb22-3e69-e1295c359d67,React,intermediate,"{""coursework""}",,2026-07-08 19:37:00
204aeb78-5278-b2fc-5cb3-a01e26a264d7,0052b9cc-e828-bb22-3e69-e1295c359d67,Research Skills,advanced,"{""project"",""coursework""}",Applied in project work.,2026-07-08 19:37:00
544ad8e5-0e04-c7fc-a600-a03cda2cb3dc,0052b9cc-e828-bb22-3e69-e1295c359d67,Teamwork,intermediate,"{""coursework""}",,2026-07-08 19:37:00
27d18340-0770-32d9-d416-9bcc392d17cc,aacf1558-1c70-20b5-d1ab-143fcbd880b8,AWS,intermediate,"{""project""}",Applied in project work.,2026-07-10 23:10:00
3d1dcaab-9b88-7152-6fb5-6ab0a0b6ef8e,aacf1558-1c70-20b5-d1ab-143fcbd880b8,Azure,intermediate,"{""certification"",""coursework""}",,2026-07-10 23:10:00
a02c4af1-e9be-5b38-511e-0267307445de,aacf1558-1c70-20b5-d1ab-143fcbd880b8,Cloud Computing,advanced,"{""project"",""certification"",""coursework""}",Applied in project work.,2026-07-10 23:10:00
d62b7e36-03d3-cc49-461f-4c066f3e5e40,aacf1558-1c70-20b5-d1ab-143fcbd880b8,Communication,advanced,"{""coursework""}",,2026-07-10 23:10:00
aa9ad6c5-93d0-d346-c813-d0f239af1b9c,aacf1558-1c70-20b5-d1ab-143fcbd880b8,Data Analysis,advanced,"{""certification"",""coursework""}",,2026-07-10 23:10:00
23d145a3-57e1-d096-fa3e-26972dffd3ce,aacf1558-1c70-20b5-d1ab-143fcbd880b8,Docker,intermediate,"{""project"",""coursework""}",Applied in project work.,2026-07-10 23:10:00
e309fc24-e2b0-dc75-2630-fc95889df69c,aacf1558-1c70-20b5-d1ab-143fcbd880b8,Git,intermediate,"{""coursework""}",,2026-07-10 23:10:00
e358200f-616a-b234-2cc0-03361a08f156,aacf1558-1c70-20b5-d1ab-143fcbd880b8,Leadership,beginner,"{""coursework""}",,2026-07-10 23:10:00
9ae22856-4291-c441-954a-d961760a58a6,aacf1558-1c70-20b5-d1ab-143fcbd880b8,Linux,advanced,"{""project""}",Applied in project work.,2026-07-10 23:10:00
50222a43-2fbe-7816-efb0-34582a58b13d,aacf1558-1c70-20b5-d1ab-143fcbd880b8,Node.js,beginner,"{""project""}",Applied in project work.,2026-07-10 23:10:00
41dbfd14-c2f8-e4f9-6a1a-fce69d6a2282,aacf1558-1c70-20b5-d1ab-143fcbd880b8,Python,intermediate,"{""project"",""certification"",""coursework""}",Applied in project work.,2026-07-10 23:10:00
ebfabe59-cd2a-d4f5-3f91-6981f6208a2b,aacf1558-1c70-20b5-d1ab-143fcbd880b8,R,intermediate,"{""certification"",""coursework""}",,2026-07-10 23:10:00
baca14d4-b416-eaa1-c449-54626de05a39,aacf1558-1c70-20b5-d1ab-143fcbd880b8,SQL,intermediate,"{""project"",""certification""}",Applied in project work.,2026-07-10 23:10:00
4f21d95e-130a-edd1-1dbb-cbc3e2404e6f,aacf1558-1c70-20b5-d1ab-143fcbd880b8,Tableau,beginner,"{""certification""}",,2026-07-10 23:10:00
030890e2-74bf-aad3-ec23-8cc1f692a870,557d5543-d745-f3fb-15cd-e4097a995fba,C++,intermediate,"{""project"",""internship"",""coursework""}",Applied in project work.,2026-07-09 06:51:00
f617ce26-25fe-b2ff-6cfa-72878717be6d,557d5543-d745-f3fb-15cd-e4097a995fba,Docker,beginner,"{""project"",""internship"",""coursework""}",Applied in project work.,2026-07-09 06:51:00
290a407f-1a79-1525-1aa4-86776e5bd3de,557d5543-d745-f3fb-15cd-e4097a995fba,Flask,advanced,"{""coursework""}",,2026-07-09 06:51:00
d9a43ccd-baf3-d8e5-4aaa-77eb8e3c8596,557d5543-d745-f3fb-15cd-e4097a995fba,Git,intermediate,"{""project"",""coursework""}",Applied in project work.,2026-07-09 06:51:00
65de43e9-5c8a-daa4-0aff-81968b04b338,557d5543-d745-f3fb-15cd-e4097a995fba,Leadership,advanced,"{""internship"",""coursework""}",Used during internship.,2026-07-09 06:51:00
8217009b-f29e-a0ce-be3c-cfac0835f5f4,557d5543-d745-f3fb-15cd-e4097a995fba,Linux,advanced,"{""certification""}",,2026-07-09 06:51:00
8f01af8f-a332-cb8c-fe85-9d3340b3f87f,557d5543-d745-f3fb-15cd-e4097a995fba,Node.js,intermediate,"{""project""}",Applied in project work.,2026-07-09 06:51:00
e8bb9e50-f628-0c5f-3921-c69d7761e77a,557d5543-d745-f3fb-15cd-e4097a995fba,SQL,intermediate,"{""project"",""coursework""}",Applied in project work.,2026-07-09 06:51:00
b7536d18-aed5-efa8-78c1-8a87e35265ce,557d5543-d745-f3fb-15cd-e4097a995fba,Time Management,intermediate,"{""coursework""}",,2026-07-09 06:51:00
54b57893-74f7-2d9f-feea-6e19328ecb96,2f138be4-263b-8860-5953-d9c08b75f3fd,C++,advanced,"{""project""}",Applied in project work.,2026-07-10 06:03:00
6f4b0e53-fb09-519a-1d5e-d0df930659ad,2f138be4-263b-8860-5953-d9c08b75f3fd,Communication,beginner,"{""coursework""}",,2026-07-10 06:03:00
1ca2acb5-9b2c-4bf0-dd4d-d3c607b6fbf7,2f138be4-263b-8860-5953-d9c08b75f3fd,Data Analysis,advanced,"{""certification""}",,2026-07-10 06:03:00
1fbc5bde-389a-e591-657a-2952b59f726f,2f138be4-263b-8860-5953-d9c08b75f3fd,Git,advanced,"{""project"",""internship""}",Applied in project work.,2026-07-10 06:03:00
78a38a81-8ee3-0925-d60d-d16b62b095a5,2f138be4-263b-8860-5953-d9c08b75f3fd,Java,intermediate,"{""project"",""internship"",""coursework""}",Applied in project work.,2026-07-10 06:03:00
34d2c8b8-3fac-b825-025e-30ff4e387140,2f138be4-263b-8860-5953-d9c08b75f3fd,Leadership,beginner,"{""coursework""}",,2026-07-10 06:03:00
04d40065-f15f-c1be-1074-7f5140b2523d,2f138be4-263b-8860-5953-d9c08b75f3fd,Node.js,intermediate,"{""coursework""}",,2026-07-10 06:03:00
948d8c72-438f-28fb-6416-32b96f96c190,2f138be4-263b-8860-5953-d9c08b75f3fd,Problem Solving,intermediate,"{""coursework""}",,2026-07-10 06:03:00
54cf479f-bc00-6136-c9ed-6ad34a4742f6,2f138be4-263b-8860-5953-d9c08b75f3fd,Python,intermediate,"{""coursework""}",,2026-07-10 06:03:00
a7e84991-ba97-1ae8-5446-4f1f198fecf0,2f138be4-263b-8860-5953-d9c08b75f3fd,R,intermediate,"{""certification""}",,2026-07-10 06:03:00
b17bf67b-d483-c353-69b2-1ef3f203d2c4,2f138be4-263b-8860-5953-d9c08b75f3fd,SQL,intermediate,"{""project"",""certification"",""internship"",""coursework""}",Applied in project work.,2026-07-10 06:03:00
4bb42f61-212d-115e-961a-f01700eb7763,2f138be4-263b-8860-5953-d9c08b75f3fd,Tableau,intermediate,"{""certification"",""coursework""}",,2026-07-10 06:03:00
f6ddeb39-9c1e-7103-a779-736804a607d5,2f138be4-263b-8860-5953-d9c08b75f3fd,Teamwork,beginner,"{""coursework""}",,2026-07-10 06:03:00
90438f48-5a45-984f-cb1f-a573bc882208,3e9a521d-b2b8-b4de-28e8-78985f5ab599,Communication,advanced,"{""coursework""}",,2026-08-12 02:10:00
997e5c7b-7ef4-f758-71e6-1a3652388930,3e9a521d-b2b8-b4de-28e8-78985f5ab599,Data Analysis,advanced,"{""certification"",""coursework""}",,2026-08-12 02:10:00
fd4bdfec-72ff-9ea2-c906-705d3038d052,3e9a521d-b2b8-b4de-28e8-78985f5ab599,Docker,advanced,"{""project""}",Applied in project work.,2026-08-12 02:10:00
b5698260-04b0-b6c1-3937-46698c5a3de8,3e9a521d-b2b8-b4de-28e8-78985f5ab599,Git,intermediate,"{""coursework""}",,2026-08-12 02:10:00
40077ab1-dfc1-ae68-7130-de2d248e47d7,3e9a521d-b2b8-b4de-28e8-78985f5ab599,Java,advanced,"{""project"",""coursework""}",Applied in project work.,2026-08-12 02:10:00
1677a532-1aa4-fb78-aecd-dcffde3412aa,3e9a521d-b2b8-b4de-28e8-78985f5ab599,Leadership,advanced,"{""coursework""}",,2026-08-12 02:10:00
f7cd869a-5b4d-16ab-d94f-6dc9e4675db4,3e9a521d-b2b8-b4de-28e8-78985f5ab599,Linux,advanced,"{""project""}",Applied in project work.,2026-08-12 02:10:00
09fa52d1-f2d7-0179-e95c-3d2976fa2bea,3e9a521d-b2b8-b4de-28e8-78985f5ab599,Machine Learning,advanced,"{""project""}",Applied in project work.,2026-08-12 02:10:00
2e790459-2afa-a00e-f6d9-c8d4eda96d69,3e9a521d-b2b8-b4de-28e8-78985f5ab599,Node.js,advanced,"{""project""}",Applied in project work.,2026-08-12 02:10:00
b595fd4c-6100-9e1c-3390-19973481d400,3e9a521d-b2b8-b4de-28e8-78985f5ab599,Problem Solving,advanced,"{""project"",""internship"",""coursework""}",Applied in project work.,2026-08-12 02:10:00
45b51947-321d-2a7a-8396-ad17ea58867e,3e9a521d-b2b8-b4de-28e8-78985f5ab599,Python,advanced,"{""project"",""internship""}",Applied in project work.,2026-08-12 02:10:00
21416f4e-1202-5337-bf92-c619ae463402,3e9a521d-b2b8-b4de-28e8-78985f5ab599,R,advanced,"{""certification"",""internship"",""coursework""}",Used during internship.,2026-08-12 02:10:00
3a2f1b3b-b8b5-658f-9e0f-bcff9632ba72,3e9a521d-b2b8-b4de-28e8-78985f5ab599,Research Skills,intermediate,"{""coursework""}",,2026-08-12 02:10:00
47e01a1e-7eef-8149-ebb1-cc2ffd0714fe,3e9a521d-b2b8-b4de-28e8-78985f5ab599,SQL,intermediate,"{""project"",""certification"",""coursework""}",Applied in project work.,2026-08-12 02:10:00
927ea55a-d64c-495b-bb03-87cd3f152b58,3e9a521d-b2b8-b4de-28e8-78985f5ab599,Tableau,advanced,"{""certification"",""coursework""}",,2026-08-12 02:10:00
e244716d-93ca-fcc8-7aaa-842ca398db4c,3e9a521d-b2b8-b4de-28e8-78985f5ab599,Teamwork,advanced,"{""project""}",Applied in project work.,2026-08-12 02:10:00
57e66dd9-ed1e-d84b-c56c-610da3e76468,ad40134e-8557-c6aa-3614-10a8386754a2,Data Visualisation,intermediate,"{""coursework""}",,2026-08-15 13:58:00
916b66de-fe56-f624-5aca-c401d49176a0,ad40134e-8557-c6aa-3614-10a8386754a2,Git,beginner,"{""coursework""}",,2026-08-15 13:58:00
cce291fe-efca-70f5-07ef-20f76418861e,ad40134e-8557-c6aa-3614-10a8386754a2,Linux,advanced,"{""project"",""coursework""}",Applied in project work.,2026-08-15 13:58:00
ebc034a5-3594-8d20-83f0-c495eb6b1d5e,ad40134e-8557-c6aa-3614-10a8386754a2,Node.js,beginner,"{""coursework""}",,2026-08-15 13:58:00
a3075150-a06d-c01f-f46e-15835452e43e,ad40134e-8557-c6aa-3614-10a8386754a2,Problem Solving,intermediate,"{""coursework""}",,2026-08-15 13:58:00
c866a193-b43c-259c-9b20-dac7cff7ce32,ad40134e-8557-c6aa-3614-10a8386754a2,Research Skills,intermediate,"{""project""}",Applied in project work.,2026-08-15 13:58:00
505fe659-5b60-15ef-b5da-3a963e36edc5,7a197bbb-60df-ea78-1271-6f048d5a9e8d,Azure,intermediate,"{""project""}",Applied in project work.,2026-07-06 01:41:00
fd16e3c1-fc98-036a-7394-7e22b1e2640c,7a197bbb-60df-ea78-1271-6f048d5a9e8d,Cloud Computing,advanced,"{""project"",""internship"",""coursework""}",Applied in project work.,2026-07-06 01:41:00
4060c2c4-7863-3078-1d11-5c12693c1915,7a197bbb-60df-ea78-1271-6f048d5a9e8d,Leadership,intermediate,"{""coursework""}",,2026-07-06 01:41:00
43f5c5f3-4f25-a44b-f970-a4486b0861f2,7a197bbb-60df-ea78-1271-6f048d5a9e8d,Linux,intermediate,"{""project"",""certification"",""coursework""}",Applied in project work.,2026-07-06 01:41:00
6441babd-cc98-1235-7858-f301cca047a9,7a197bbb-60df-ea78-1271-6f048d5a9e8d,Machine Learning,advanced,"{""project"",""internship""}",Applied in project work.,2026-07-06 01:41:00
904fda43-8d0f-24a5-1b97-0c2328fd74e1,7a197bbb-60df-ea78-1271-6f048d5a9e8d,Problem Solving,intermediate,"{""certification"",""coursework""}",,2026-07-06 01:41:00
ad4fecb6-7a44-96d2-25c0-eac3a286af80,7a197bbb-60df-ea78-1271-6f048d5a9e8d,Python,intermediate,"{""project"",""certification"",""internship"",""coursework""}",Applied in project work.,2026-07-06 01:41:00
6b213da9-d7bd-bc43-03a7-2479c92357a7,7a197bbb-60df-ea78-1271-6f048d5a9e8d,SQL,intermediate,"{""project""}",Applied in project work.,2026-07-06 01:41:00
de8aadf1-2b3a-67bf-2760-d682e7f7ebfa,7a197bbb-60df-ea78-1271-6f048d5a9e8d,Statistical Analysis,intermediate,"{""project"",""coursework""}",Applied in project work.,2026-07-06 01:41:00
3ca28c66-a62b-e74f-8a80-4fd5fa7a07d7,7a197bbb-60df-ea78-1271-6f048d5a9e8d,Teamwork,intermediate,"{""coursework""}",,2026-07-06 01:41:00
f4c89661-112f-c376-b8a7-417eeaed87d9,52e74fa7-5ea5-c313-5ef8-707541b51e5b,Communication,intermediate,"{""coursework""}",,2026-07-17 22:55:00
3572f0f5-d92d-0883-9582-3e74350b7a36,52e74fa7-5ea5-c313-5ef8-707541b51e5b,Data Visualisation,intermediate,"{""coursework""}",,2026-07-17 22:55:00
6fb975cd-7504-3b12-087d-79a59c91e8e5,52e74fa7-5ea5-c313-5ef8-707541b51e5b,Docker,intermediate,"{""project"",""coursework""}",Applied in project work.,2026-07-17 22:55:00
12ea2c7f-ba65-ccc0-2eac-9f8561e47a6e,52e74fa7-5ea5-c313-5ef8-707541b51e5b,Excel,advanced,"{""project""}",Applied in project work.,2026-07-17 22:55:00
c141ba8b-3cd7-fc8e-af94-fc343192385d,52e74fa7-5ea5-c313-5ef8-707541b51e5b,Git,beginner,"{""project""}",Applied in project work.,2026-07-17 22:55:00
bd9a1954-1293-d2d6-d6cd-eb2ddaec4fee,52e74fa7-5ea5-c313-5ef8-707541b51e5b,Linux,intermediate,"{""project""}",Applied in project work.,2026-07-17 22:55:00
c87f931e-60bf-a85a-eb7c-426293f73f1a,52e74fa7-5ea5-c313-5ef8-707541b51e5b,Power BI,intermediate,"{""coursework""}",,2026-07-17 22:55:00
7afa7121-065f-39b5-396d-c71756511a10,52e74fa7-5ea5-c313-5ef8-707541b51e5b,SQL,intermediate,"{""project""}",Applied in project work.,2026-07-17 22:55:00
0ac89ec9-6afb-b138-eb6d-ce902c5fc4e1,52e74fa7-5ea5-c313-5ef8-707541b51e5b,Statistical Analysis,intermediate,"{""coursework""}",,2026-07-17 22:55:00
eab471de-41cf-509d-a0ac-2cd1b1dcbdad,50c8501f-0ddc-303c-c787-021c743b4f4f,Communication,beginner,"{""coursework""}",,2026-09-02 03:28:00
773d1f5d-8cd4-28e8-73fa-fda437af51d8,50c8501f-0ddc-303c-c787-021c743b4f4f,Data Visualisation,intermediate,"{""certification""}",,2026-09-02 03:28:00
e7f8cdfa-8c26-0259-7eac-652a78224ffa,50c8501f-0ddc-303c-c787-021c743b4f4f,Deep Learning,intermediate,"{""coursework""}",,2026-09-02 03:28:00
45c81af1-9b22-8a51-b2f6-900cb26697ff,50c8501f-0ddc-303c-c787-021c743b4f4f,Docker,intermediate,"{""coursework""}",,2026-09-02 03:28:00
c682fc1a-7549-334e-77d5-94677a825606,50c8501f-0ddc-303c-c787-021c743b4f4f,FastAPI,intermediate,"{""coursework""}",,2026-09-02 03:28:00
80081255-8392-2b0f-9d64-f431e7a656b3,50c8501f-0ddc-303c-c787-021c743b4f4f,Git,intermediate,"{""coursework""}",,2026-09-02 03:28:00
8bb6a85b-2735-0bfc-ebd8-fcfbf4184c80,50c8501f-0ddc-303c-c787-021c743b4f4f,Node.js,intermediate,"{""coursework""}",,2026-09-02 03:28:00
cbf12ed9-833c-ffab-22e6-942f9946f64c,50c8501f-0ddc-303c-c787-021c743b4f4f,React,intermediate,"{""coursework""}",,2026-09-02 03:28:00
b834a149-afe0-5f6d-66ab-74ade4c1b6ef,50c8501f-0ddc-303c-c787-021c743b4f4f,Tableau,intermediate,"{""certification""}",,2026-09-02 03:28:00
0055d6e9-06df-5dba-7003-11ee1e994781,50c8501f-0ddc-303c-c787-021c743b4f4f,Teamwork,intermediate,"{""coursework""}",,2026-09-02 03:28:00
8e260057-7f11-9727-1b2b-ae11d0b3b3f2,cb7e7784-02b5-0216-83eb-6cce8af194e6,AWS,advanced,"{""project"",""internship""}",Applied in project work.,2026-08-10 01:06:00
0306ad97-2d36-58ed-b9fc-bd8407300eb5,cb7e7784-02b5-0216-83eb-6cce8af194e6,Azure,advanced,"{""project""}",Applied in project work.,2026-08-10 01:06:00
afa2c76a-29d9-525f-793a-ec8990ba84d5,cb7e7784-02b5-0216-83eb-6cce8af194e6,Cloud Computing,advanced,"{""project"",""coursework""}",Applied in project work.,2026-08-10 01:06:00
aec3f7be-b40d-66dd-3ac9-eb16a07092c7,cb7e7784-02b5-0216-83eb-6cce8af194e6,Communication,advanced,"{""coursework""}",,2026-08-10 01:06:00
e6b65dbb-9ebf-2385-2c11-ee6eacb15b9b,cb7e7784-02b5-0216-83eb-6cce8af194e6,Data Analysis,advanced,"{""certification""}",,2026-08-10 01:06:00
ca61de75-9fd6-bb59-e78b-28a85d4e316d,cb7e7784-02b5-0216-83eb-6cce8af194e6,Docker,advanced,"{""coursework""}",,2026-08-10 01:06:00
dc2f392b-a9e2-6bfc-a769-736ab15c9203,cb7e7784-02b5-0216-83eb-6cce8af194e6,Git,advanced,"{""coursework""}",,2026-08-10 01:06:00
9961a398-de3f-7aa4-3ae5-bf22a3d7486e,cb7e7784-02b5-0216-83eb-6cce8af194e6,Leadership,advanced,"{""coursework""}",,2026-08-10 01:06:00
4120ae49-4f29-d580-bf87-d0267388b94e,cb7e7784-02b5-0216-83eb-6cce8af194e6,Linux,intermediate,"{""project"",""certification"",""coursework""}",Applied in project work.,2026-08-10 01:06:00
6232287c-26be-bcd7-58b7-69422ac06663,cb7e7784-02b5-0216-83eb-6cce8af194e6,Node.js,intermediate,"{""internship""}",Used during internship.,2026-08-10 01:06:00
2a6f7a09-a600-9174-ab40-3ed74206b9be,cb7e7784-02b5-0216-83eb-6cce8af194e6,Problem Solving,advanced,"{""certification""}",,2026-08-10 01:06:00
1cedf2a3-48c2-3668-678a-ec2415586e63,cb7e7784-02b5-0216-83eb-6cce8af194e6,Python,intermediate,"{""project"",""coursework""}",Applied in project work.,2026-08-10 01:06:00
c9729540-cb18-aba6-f0ef-b72c0a12cce6,cb7e7784-02b5-0216-83eb-6cce8af194e6,R,advanced,"{""certification"",""coursework""}",,2026-08-10 01:06:00
e5e8006c-e684-52b9-17c9-52085dcb9a37,cb7e7784-02b5-0216-83eb-6cce8af194e6,SQL,intermediate,"{""project"",""certification"",""internship""}",Applied in project work.,2026-08-10 01:06:00
3ad22bd9-c471-12c9-9cd3-ffddfbb97c38,cb7e7784-02b5-0216-83eb-6cce8af194e6,Tableau,advanced,"{""certification""}",,2026-08-10 01:06:00
122147ab-dc91-f73a-b167-3c86ccf96b5b,013a7943-eacf-cefb-c462-23936070fd1e,Communication,advanced,"{""internship""}",Used during internship.,2026-08-28 19:16:00
6c9e53cb-ad6b-ec19-690d-40b14012b2a4,013a7943-eacf-cefb-c462-23936070fd1e,Docker,intermediate,"{""internship""}",Used during internship.,2026-08-28 19:16:00
38ed6767-98b1-3a81-524e-48e5ba15dac8,013a7943-eacf-cefb-c462-23936070fd1e,FastAPI,beginner,"{""coursework""}",,2026-08-28 19:16:00
d3a61223-5b62-1d25-3e25-b50c138d41d8,013a7943-eacf-cefb-c462-23936070fd1e,Git,beginner,"{""coursework""}",,2026-08-28 19:16:00
7436b551-a8b9-704c-d198-91720d648971,013a7943-eacf-cefb-c462-23936070fd1e,Node.js,advanced,"{""project""}",Applied in project work.,2026-08-28 19:16:00
b1743e03-4666-495f-a69d-152f32d4cddc,013a7943-eacf-cefb-c462-23936070fd1e,Problem Solving,advanced,"{""internship""}",Used during internship.,2026-08-28 19:16:00
25d60140-27fc-80ec-e27e-f5960a35c8fe,013a7943-eacf-cefb-c462-23936070fd1e,React,beginner,"{""project""}",Applied in project work.,2026-08-28 19:16:00
589e4b66-27a5-1ec2-43c3-329b6b28c95b,013a7943-eacf-cefb-c462-23936070fd1e,SQL,intermediate,"{""project""}",Applied in project work.,2026-08-28 19:16:00
84ba72fd-80e1-e75f-eb63-3ae29ea2ec30,ebe01de0-7bf9-18f0-ed5e-f65ee2661f5e,Communication,beginner,"{""coursework""}",,2026-07-09 18:37:00
787bacc1-f0d2-421a-7605-ae29865523f8,ebe01de0-7bf9-18f0-ed5e-f65ee2661f5e,Leadership,beginner,"{""coursework""}",,2026-07-09 18:37:00
420b22f2-8341-afde-5452-dd67475e2bbe,ebe01de0-7bf9-18f0-ed5e-f65ee2661f5e,Problem Solving,intermediate,"{""coursework""}",,2026-07-09 18:37:00
1d947769-0117-ee35-4713-15143c504abb,ebe01de0-7bf9-18f0-ed5e-f65ee2661f5e,Teamwork,beginner,"{""coursework""}",,2026-07-09 18:37:00
b8d7dad4-22dd-8465-febf-e1b8ed1bbacf,ebe01de0-7bf9-18f0-ed5e-f65ee2661f5e,Time Management,beginner,"{""coursework""}",,2026-07-09 18:37:00
70a35b53-d645-6a4b-3692-f3ff0d881247,10627761-fdb5-36ad-a9da-5dd755370e6d,AWS,beginner,"{""certification"",""coursework""}",,2026-09-13 16:07:00
e88f823d-c01d-df41-b729-41aba68b9e0c,10627761-fdb5-36ad-a9da-5dd755370e6d,Azure,intermediate,"{""project""}",Applied in project work.,2026-09-13 16:07:00
a61136cc-a2bf-d683-69f2-7da18971ff47,10627761-fdb5-36ad-a9da-5dd755370e6d,Cloud Computing,intermediate,"{""project"",""certification"",""coursework""}",Applied in project work.,2026-09-13 16:07:00
dc9056aa-3024-3e0b-6b1a-48b85a261a82,10627761-fdb5-36ad-a9da-5dd755370e6d,Python,beginner,"{""coursework""}",,2026-09-13 16:07:00
a0239bac-214b-836f-1aea-71d2ce75bbc2,10627761-fdb5-36ad-a9da-5dd755370e6d,SQL,intermediate,"{""project"",""coursework""}",Applied in project work.,2026-09-13 16:07:00
8ebeeab5-2f9e-3955-d8f1-8fca8b665e8b,10627761-fdb5-36ad-a9da-5dd755370e6d,Teamwork,beginner,"{""coursework""}",,2026-09-13 16:07:00
0c280c1a-cc46-3570-c21f-b20d8a22538d,10627761-fdb5-36ad-a9da-5dd755370e6d,Time Management,beginner,"{""coursework""}",,2026-09-13 16:07:00
c71da31f-a9d4-bb3a-b3d2-05ae8aa4e423,537b8436-6ed9-a39d-5a88-1ca43b4d3447,Azure,intermediate,"{""project"",""coursework""}",Applied in project work.,2026-07-23 06:27:00
07707e0e-fb47-57de-60f3-bb28bd20c06b,537b8436-6ed9-a39d-5a88-1ca43b4d3447,Cloud Computing,beginner,"{""project"",""coursework""}",Applied in project work.,2026-07-23 06:27:00
fe72f0e4-817d-5a03-019c-5d082648770f,537b8436-6ed9-a39d-5a88-1ca43b4d3447,Data Analysis,intermediate,"{""coursework""}",,2026-07-23 06:27:00
147a7525-f84e-9845-7008-9e8844c56f4c,537b8436-6ed9-a39d-5a88-1ca43b4d3447,Data Visualisation,intermediate,"{""project""}",Applied in project work.,2026-07-23 06:27:00
aa745d5d-2e97-5604-681d-7c0d01db57c0,537b8436-6ed9-a39d-5a88-1ca43b4d3447,Excel,intermediate,"{""project""}",Applied in project work.,2026-07-23 06:27:00
debdf53c-d032-3061-58d2-4990a21fa4ab,537b8436-6ed9-a39d-5a88-1ca43b4d3447,Power BI,intermediate,"{""project""}",Applied in project work.,2026-07-23 06:27:00
b4489b2d-a2f8-c947-f4b9-a42afa876ed8,537b8436-6ed9-a39d-5a88-1ca43b4d3447,Problem Solving,beginner,"{""coursework""}",,2026-07-23 06:27:00
a67eea7c-f43b-f412-3160-70c32c6976f1,537b8436-6ed9-a39d-5a88-1ca43b4d3447,Python,intermediate,"{""project"",""coursework""}",Applied in project work.,2026-07-23 06:27:00
73f24f93-d6d7-0a89-d9f3-5979cde15c3e,537b8436-6ed9-a39d-5a88-1ca43b4d3447,SQL,advanced,"{""project"",""coursework""}",Applied in project work.,2026-07-23 06:27:00
56f3c0f6-3684-e8c0-54a1-a7a84133557c,537b8436-6ed9-a39d-5a88-1ca43b4d3447,Teamwork,intermediate,"{""coursework""}",,2026-07-23 06:27:00
d9590bbb-a8c3-a7b7-02b4-8c41076d07c5,d0d93b8b-582a-00f0-8cfe-021d2b933a75,AWS,beginner,"{""coursework""}",,2026-08-27 09:46:00
9d6e06e8-ad69-71c0-3d39-0f792963eb20,d0d93b8b-582a-00f0-8cfe-021d2b933a75,C++,advanced,"{""project"",""coursework""}",Applied in project work.,2026-08-27 09:46:00
f5799eaa-476f-a6d5-d784-a939ad6fee1b,d0d93b8b-582a-00f0-8cfe-021d2b933a75,Cloud Computing,intermediate,"{""internship"",""coursework""}",Used during internship.,2026-08-27 09:46:00
699edeed-7cfa-000c-0822-5318464b53f2,d0d93b8b-582a-00f0-8cfe-021d2b933a75,Flask,advanced,"{""project"",""coursework""}",Applied in project work.,2026-08-27 09:46:00
f1ad9124-20f7-4d29-15cb-f2d90f24e803,d0d93b8b-582a-00f0-8cfe-021d2b933a75,Git,intermediate,"{""project"",""internship"",""coursework""}",Applied in project work.,2026-08-27 09:46:00
3eb45346-f488-fbc8-dc05-37e339b316a2,d0d93b8b-582a-00f0-8cfe-021d2b933a75,Leadership,intermediate,"{""internship""}",Used during internship.,2026-08-27 09:46:00
7fb14b4b-812a-7c82-f200-a6f9b8a9c83c,d0d93b8b-582a-00f0-8cfe-021d2b933a75,Machine Learning,advanced,"{""certification""}",,2026-08-27 09:46:00
8b575c11-24ce-d0a1-603c-5f4fc25b607d,d0d93b8b-582a-00f0-8cfe-021d2b933a75,Problem Solving,intermediate,"{""coursework""}",,2026-08-27 09:46:00
e33ac2d0-e41e-a3ac-520a-38e00da7c237,d0d93b8b-582a-00f0-8cfe-021d2b933a75,Python,intermediate,"{""project"",""certification"",""coursework""}",Applied in project work.,2026-08-27 09:46:00
8a745def-09c6-e17d-1360-d6b6ff8acb6e,d0d93b8b-582a-00f0-8cfe-021d2b933a75,SQL,advanced,"{""project""}",Applied in project work.,2026-08-27 09:46:00
8028df6c-f9fd-0365-a52e-4cba879370a3,a7eb7d25-a2c9-8d78-2119-d4ff056bc7bf,Data Visualisation,beginner,"{""coursework""}",,2026-08-28 11:25:00
112d894b-dfa8-96db-18a5-d9f55036ba69,a7eb7d25-a2c9-8d78-2119-d4ff056bc7bf,Flask,intermediate,"{""project"",""coursework""}",Applied in project work.,2026-08-28 11:25:00
4ca37955-17b0-22c7-2f5a-756eb5b334c4,a7eb7d25-a2c9-8d78-2119-d4ff056bc7bf,JavaScript,beginner,"{""project"",""certification""}",Applied in project work.,2026-08-28 11:25:00
0f5eed86-2620-c92b-51d5-db5f4bbced0f,a7eb7d25-a2c9-8d78-2119-d4ff056bc7bf,React,intermediate,"{""certification""}",,2026-08-28 11:25:00
aa310ee0-ce8c-9c65-ca1c-25930a550b84,a7eb7d25-a2c9-8d78-2119-d4ff056bc7bf,SQL,intermediate,"{""project""}",Applied in project work.,2026-08-28 11:25:00
33d5ceaf-7696-33d7-4317-7b8ee1b79c11,a7eb7d25-a2c9-8d78-2119-d4ff056bc7bf,Teamwork,beginner,"{""project"",""coursework""}",Applied in project work.,2026-08-28 11:25:00
6a7fae10-8bff-5388-6d71-e2167630b50d,2c1c0a75-3df1-e70e-dbb5-d0f9aee65375,Data Analysis,beginner,"{""certification""}",,2026-08-06 09:19:00
d1c3516e-4a54-a5f3-3d3d-4d087e5a86ad,2c1c0a75-3df1-e70e-dbb5-d0f9aee65375,Flask,intermediate,"{""coursework""}",,2026-08-06 09:19:00
161891b0-9e86-e4e8-2a59-3e33c5f52912,2c1c0a75-3df1-e70e-dbb5-d0f9aee65375,Java,intermediate,"{""project"",""coursework""}",Applied in project work.,2026-08-06 09:19:00
1565b21b-80a3-e46e-342d-4e17b52f1129,2c1c0a75-3df1-e70e-dbb5-d0f9aee65375,Leadership,beginner,"{""coursework""}",,2026-08-06 09:19:00
08cc75d7-8f7b-d817-4e29-2617dbfaedfc,2c1c0a75-3df1-e70e-dbb5-d0f9aee65375,Machine Learning,intermediate,"{""project""}",Applied in project work.,2026-08-06 09:19:00
0cfd400c-9a33-1379-f366-d756869081e5,2c1c0a75-3df1-e70e-dbb5-d0f9aee65375,Problem Solving,beginner,"{""coursework""}",,2026-08-06 09:19:00
6983e150-ad6b-dc9b-613d-98d29411bd59,2c1c0a75-3df1-e70e-dbb5-d0f9aee65375,Python,beginner,"{""project""}",Applied in project work.,2026-08-06 09:19:00
1df4d71f-3031-8a12-2864-7c4b5c47581e,2c1c0a75-3df1-e70e-dbb5-d0f9aee65375,R,beginner,"{""certification"",""coursework""}",,2026-08-06 09:19:00
2771c5f8-835c-f16b-093d-df529710160b,2c1c0a75-3df1-e70e-dbb5-d0f9aee65375,SQL,intermediate,"{""project"",""certification""}",Applied in project work.,2026-08-06 09:19:00
647e7d75-5228-b1af-3133-941a378a9213,2c1c0a75-3df1-e70e-dbb5-d0f9aee65375,Statistical Analysis,intermediate,"{""project"",""coursework""}",Applied in project work.,2026-08-06 09:19:00
26cf8ce8-f587-a482-7138-84dc1816f30b,2c1c0a75-3df1-e70e-dbb5-d0f9aee65375,Tableau,intermediate,"{""certification""}",,2026-08-06 09:19:00
dc1631bb-610d-b9e1-9caf-686992c5d3fb,11b7664a-fd92-2b6f-b21e-2700e1476a7f,Communication,advanced,"{""coursework""}",,2026-07-11 09:23:00
dea12470-6620-c29e-6cad-b4c10f782400,11b7664a-fd92-2b6f-b21e-2700e1476a7f,Data Analysis,advanced,"{""certification""}",,2026-07-11 09:23:00
98e1d542-e9fb-bb50-6710-610f47eb6203,11b7664a-fd92-2b6f-b21e-2700e1476a7f,Data Visualisation,advanced,"{""project"",""certification"",""coursework""}",Applied in project work.,2026-07-11 09:23:00
afb92571-65af-c237-659b-6536f7c4e418,11b7664a-fd92-2b6f-b21e-2700e1476a7f,Excel,advanced,"{""project""}",Applied in project work.,2026-07-11 09:23:00
b0a54488-37db-f531-3f71-0a1ac40febad,11b7664a-fd92-2b6f-b21e-2700e1476a7f,Git,advanced,"{""coursework""}",,2026-07-11 09:23:00
be0020f6-1bac-1c4a-7e3f-3a28077ec64e,11b7664a-fd92-2b6f-b21e-2700e1476a7f,Power BI,advanced,"{""project"",""certification"",""coursework""}",Applied in project work.,2026-07-11 09:23:00
dddca15f-7ed7-9b91-947a-bbe806c3fc60,11b7664a-fd92-2b6f-b21e-2700e1476a7f,Problem Solving,advanced,"{""coursework""}",,2026-07-11 09:23:00
8f370139-0c6e-2d47-a7ed-47d5463bb015,11b7664a-fd92-2b6f-b21e-2700e1476a7f,Python,advanced,"{""project""}",Applied in project work.,2026-07-11 09:23:00
cc9099d4-07d6-c3da-d829-4a39372a857d,11b7664a-fd92-2b6f-b21e-2700e1476a7f,R,advanced,"{""certification"",""coursework""}",,2026-07-11 09:23:00
c73fbace-88d6-16e6-e3b9-b408566feb17,11b7664a-fd92-2b6f-b21e-2700e1476a7f,React,advanced,"{""coursework""}",,2026-07-11 09:23:00
3154a5e9-8d53-c40a-86b0-a2c6b18887b2,11b7664a-fd92-2b6f-b21e-2700e1476a7f,SQL,advanced,"{""project"",""certification"",""coursework""}",Applied in project work.,2026-07-11 09:23:00
77d6bb66-3e4f-d83b-2bcd-2d80a6ade006,11b7664a-fd92-2b6f-b21e-2700e1476a7f,Statistical Analysis,advanced,"{""coursework""}",,2026-07-11 09:23:00
864c1d67-2463-5434-2fbe-bc777e2de034,11b7664a-fd92-2b6f-b21e-2700e1476a7f,Tableau,advanced,"{""certification"",""coursework""}",,2026-07-11 09:23:00
d6a5cb00-8aaf-6cd7-e9d0-454a5334ac98,11b7664a-fd92-2b6f-b21e-2700e1476a7f,Teamwork,intermediate,"{""coursework""}",,2026-07-11 09:23:00
5b27737f-463b-a616-be21-3a6b567136ce,11b7664a-fd92-2b6f-b21e-2700e1476a7f,Time Management,intermediate,"{""coursework""}",,2026-07-11 09:23:00
834b8382-013f-37e4-4d49-f390836d3cf3,dca78898-84f6-1a6e-4f91-820aeb59baa7,Linux,intermediate,"{""coursework""}",,2026-09-03 03:31:00
40c8a03d-44f4-6ef3-c6b8-8191bfd1e8f2,dca78898-84f6-1a6e-4f91-820aeb59baa7,Machine Learning,intermediate,"{""project"",""coursework""}",Applied in project work.,2026-09-03 03:31:00
b61a54a7-4fc5-668b-b4ec-7e8e1cdc849a,dca78898-84f6-1a6e-4f91-820aeb59baa7,Python,intermediate,"{""project""}",Applied in project work.,2026-09-03 03:31:00
129bebaa-1185-6991-e442-069961162d0d,dca78898-84f6-1a6e-4f91-820aeb59baa7,SQL,intermediate,"{""coursework""}",,2026-09-03 03:31:00
dc186c23-07f2-bde7-eadc-e24462ff74f4,dca78898-84f6-1a6e-4f91-820aeb59baa7,Statistical Analysis,intermediate,"{""project"",""coursework""}",Applied in project work.,2026-09-03 03:31:00
8432986a-16de-10e9-137d-201060036a54,dca78898-84f6-1a6e-4f91-820aeb59baa7,Teamwork,intermediate,"{""coursework""}",,2026-09-03 03:31:00
8fdd7514-407b-0c89-a0dc-819e8716b3de,65f2d47e-bdd4-27f3-2cea-49944219ae92,Azure,advanced,"{""project"",""internship"",""coursework""}",Applied in project work.,2026-09-03 17:43:00
03fe14e2-08af-625f-76a1-41c3d01d9f73,65f2d47e-bdd4-27f3-2cea-49944219ae92,Cloud Computing,advanced,"{""project"",""coursework""}",Applied in project work.,2026-09-03 17:43:00
ed8e4c6d-7cac-f611-cf7b-05a72c3769be,65f2d47e-bdd4-27f3-2cea-49944219ae92,Data Visualisation,intermediate,"{""project"",""certification""}",Applied in project work.,2026-09-03 17:43:00
4e0cad29-1fc5-e87a-b5b7-0895e0536baa,65f2d47e-bdd4-27f3-2cea-49944219ae92,Docker,intermediate,"{""internship""}",Used during internship.,2026-09-03 17:43:00
414d1f46-5afb-7584-f464-4b99980afee9,65f2d47e-bdd4-27f3-2cea-49944219ae92,Excel,intermediate,"{""project"",""certification"",""internship""}",Applied in project work.,2026-09-03 17:43:00
d5d6ab99-2360-4ccf-4b2e-da84544d3500,65f2d47e-bdd4-27f3-2cea-49944219ae92,JavaScript,intermediate,"{""project"",""coursework""}",Applied in project work.,2026-09-03 17:43:00
79d9c4a1-b25a-e1fa-c067-1841bdebc419,65f2d47e-bdd4-27f3-2cea-49944219ae92,Machine Learning,intermediate,"{""coursework""}",,2026-09-03 17:43:00
57c168fb-7982-b4a4-2163-e6976f643c79,65f2d47e-bdd4-27f3-2cea-49944219ae92,Power BI,intermediate,"{""project"",""certification""}",Applied in project work.,2026-09-03 17:43:00
1cbc272c-0311-2d06-f79c-539a01fc0fc0,65f2d47e-bdd4-27f3-2cea-49944219ae92,Problem Solving,intermediate,"{""coursework""}",,2026-09-03 17:43:00
dd45a2db-b7ec-5579-ee4b-9e58e34f8ce2,65f2d47e-bdd4-27f3-2cea-49944219ae92,React,advanced,"{""project"",""coursework""}",Applied in project work.,2026-09-03 17:43:00
4559d756-3466-cdef-7263-6386fe29c9b2,65f2d47e-bdd4-27f3-2cea-49944219ae92,SQL,intermediate,"{""project"",""coursework""}",Applied in project work.,2026-09-03 17:43:00
95c783cb-51a5-04c3-c052-aeb5b2764db8,65f2d47e-bdd4-27f3-2cea-49944219ae92,Teamwork,beginner,"{""coursework""}",,2026-09-03 17:43:00
8ab4d57e-e456-05a2-d046-4feae3125624,bb76e48f-e8d1-81dc-474b-a3406c2d1000,Communication,intermediate,"{""coursework""}",,2026-07-06 10:48:00
acac397a-2b42-673e-7bbf-a8ea3698b1f8,bb76e48f-e8d1-81dc-474b-a3406c2d1000,Docker,beginner,"{""coursework""}",,2026-07-06 10:48:00
92e32273-7def-f4fc-a88f-311f67c73503,bb76e48f-e8d1-81dc-474b-a3406c2d1000,FastAPI,beginner,"{""coursework""}",,2026-07-06 10:48:00
0c5bef44-3547-4403-a8d7-ecd01febf83d,bb76e48f-e8d1-81dc-474b-a3406c2d1000,Problem Solving,intermediate,"{""coursework""}",,2026-07-06 10:48:00
f35992e3-74d3-0179-a320-6fba461f8bcc,bb76e48f-e8d1-81dc-474b-a3406c2d1000,Python,beginner,"{""coursework""}",,2026-07-06 10:48:00
fe24eaf8-8c9f-d441-3409-666fd7f55b10,f5b48747-77ff-9820-f5cb-5605fce77237,AWS,beginner,"{""project"",""internship"",""coursework""}",Applied in project work.,2026-08-05 11:29:00
5c6af630-ff59-7c4d-a586-bd7a923302e5,f5b48747-77ff-9820-f5cb-5605fce77237,Azure,advanced,"{""certification"",""coursework""}",,2026-08-05 11:29:00
22336d14-8794-4b4c-ab2b-c291d3452c2c,f5b48747-77ff-9820-f5cb-5605fce77237,Cloud Computing,intermediate,"{""project"",""certification"",""coursework""}",Applied in project work.,2026-08-05 11:29:00
d440759a-004c-4600-b79f-9bc5c4bec5ca,f5b48747-77ff-9820-f5cb-5605fce77237,Data Analysis,advanced,"{""certification""}",,2026-08-05 11:29:00
bfcfb715-c1cb-9833-d4fb-c3910276ddf0,f5b48747-77ff-9820-f5cb-5605fce77237,Docker,intermediate,"{""coursework""}",,2026-08-05 11:29:00
0bf0ce37-726f-c529-056b-b931fbddeba0,f5b48747-77ff-9820-f5cb-5605fce77237,FastAPI,intermediate,"{""project""}",Applied in project work.,2026-08-05 11:29:00
c076e606-831a-0705-a1aa-e0f987194c22,f5b48747-77ff-9820-f5cb-5605fce77237,Git,intermediate,"{""project""}",Applied in project work.,2026-08-05 11:29:00
c382ba7f-b47e-12ef-b6ae-1d6beb46c9da,f5b48747-77ff-9820-f5cb-5605fce77237,JavaScript,advanced,"{""project""}",Applied in project work.,2026-08-05 11:29:00
ccf0be48-7fab-7d8b-095d-994f2a0a697f,f5b48747-77ff-9820-f5cb-5605fce77237,Natural Language Processing,intermediate,"{""coursework""}",,2026-08-05 11:29:00
921565ea-08fd-d0ce-b4d0-26a4c0a1451e,f5b48747-77ff-9820-f5cb-5605fce77237,Node.js,beginner,"{""coursework""}",,2026-08-05 11:29:00
2790a014-9807-b8d5-4575-38a5812ded7e,f5b48747-77ff-9820-f5cb-5605fce77237,Problem Solving,intermediate,"{""coursework""}",,2026-08-05 11:29:00
b8f8247b-7de0-9197-6f68-e05eb10a5f99,f5b48747-77ff-9820-f5cb-5605fce77237,Python,intermediate,"{""project""}",Applied in project work.,2026-08-05 11:29:00
68eba848-9d9d-e80a-2d0e-7e63af222448,f5b48747-77ff-9820-f5cb-5605fce77237,R,intermediate,"{""certification"",""internship"",""coursework""}",Used during internship.,2026-08-05 11:29:00
49515159-cc66-c8a1-798a-a772da38562b,f5b48747-77ff-9820-f5cb-5605fce77237,React,advanced,"{""project"",""internship"",""coursework""}",Applied in project work.,2026-08-05 11:29:00
6d547e1c-221b-789e-710f-6f835110c40c,f5b48747-77ff-9820-f5cb-5605fce77237,SQL,intermediate,"{""project"",""certification""}",Applied in project work.,2026-08-05 11:29:00
16fdef9e-46b3-83a6-ad4e-accc5c467deb,f5b48747-77ff-9820-f5cb-5605fce77237,Tableau,advanced,"{""certification"",""coursework""}",,2026-08-05 11:29:00
457d80a9-9602-bba0-ff78-b60f725e1d3b,f5b48747-77ff-9820-f5cb-5605fce77237,Teamwork,intermediate,"{""coursework""}",,2026-08-05 11:29:00
dbee466a-00e4-e0b0-599b-3cae93d02513,f5b48747-77ff-9820-f5cb-5605fce77237,Time Management,intermediate,"{""coursework""}",,2026-08-05 11:29:00
d04e1bd2-dad8-3382-d538-e813c9599492,39cbf01f-fa08-c994-fddf-bfe09c886793,Azure,advanced,"{""coursework""}",,2026-08-02 20:47:00
1a1d2340-3538-c7d6-9469-30aec03bfa94,39cbf01f-fa08-c994-fddf-bfe09c886793,Communication,intermediate,"{""coursework""}",,2026-08-02 20:47:00
78b68612-b7ab-81ef-3abb-c7cccf5676e4,39cbf01f-fa08-c994-fddf-bfe09c886793,Data Analysis,intermediate,"{""certification"",""coursework""}",,2026-08-02 20:47:00
b1639f14-8b10-5a79-01c4-91120d9ef371,39cbf01f-fa08-c994-fddf-bfe09c886793,Docker,intermediate,"{""coursework""}",,2026-08-02 20:47:00
40407101-3526-57bc-a7ac-c549247fca51,39cbf01f-fa08-c994-fddf-bfe09c886793,Linux,intermediate,"{""project"",""certification""}",Applied in project work.,2026-08-02 20:47:00
30eb1a74-3290-41bd-4460-85d602da1b64,39cbf01f-fa08-c994-fddf-bfe09c886793,Machine Learning,advanced,"{""project""}",Applied in project work.,2026-08-02 20:47:00
1fb0abc3-aecb-f7f1-3257-d849c2fc5d79,39cbf01f-fa08-c994-fddf-bfe09c886793,Problem Solving,intermediate,"{""coursework""}",,2026-08-02 20:47:00
5dfc843e-47eb-1404-888b-464b35e6168c,39cbf01f-fa08-c994-fddf-bfe09c886793,Python,intermediate,"{""project""}",Applied in project work.,2026-08-02 20:47:00
20bceac5-151e-087b-f7e0-4b1ec41b6e70,39cbf01f-fa08-c994-fddf-bfe09c886793,R,intermediate,"{""certification"",""coursework""}",,2026-08-02 20:47:00
76f93385-44f6-3b7a-033c-760cec02fbe5,39cbf01f-fa08-c994-fddf-bfe09c886793,Research Skills,intermediate,"{""project"",""coursework""}",Applied in project work.,2026-08-02 20:47:00
cd0ad95c-8615-7303-97aa-441c19dcf2a4,39cbf01f-fa08-c994-fddf-bfe09c886793,SQL,advanced,"{""certification"",""coursework""}",,2026-08-02 20:47:00
7a3ea716-1d19-9860-ad72-b66aafe4b07a,39cbf01f-fa08-c994-fddf-bfe09c886793,Tableau,intermediate,"{""certification""}",,2026-08-02 20:47:00
8a549fd8-62b9-75b9-a8a2-355d924518c3,39cbf01f-fa08-c994-fddf-bfe09c886793,Teamwork,intermediate,"{""coursework""}",,2026-08-02 20:47:00
b4bdc2c7-d81a-40b9-5e99-75464bb90cef,39cbf01f-fa08-c994-fddf-bfe09c886793,Time Management,advanced,"{""coursework""}",,2026-08-02 20:47:00
4c3f6f87-deee-e136-17f7-80157895811e,28479019-ab31-0d48-9ee7-c59e76ac5ae6,AI Literacy,advanced,"{""certification"",""coursework""}",,2026-07-27 13:57:00
6db63fb6-882a-17c8-adb4-c94793b6ab2a,28479019-ab31-0d48-9ee7-c59e76ac5ae6,C++,intermediate,"{""project""}",Applied in project work.,2026-07-27 13:57:00
bb100491-e3fc-e367-16ca-77c89d9a7088,28479019-ab31-0d48-9ee7-c59e76ac5ae6,Communication,beginner,"{""coursework""}",,2026-07-27 13:57:00
4f77a7c2-2f69-2b34-55bf-39238719c839,28479019-ab31-0d48-9ee7-c59e76ac5ae6,Data Visualisation,intermediate,"{""project"",""coursework""}",Applied in project work.,2026-07-27 13:57:00
90e408a6-5a3b-73ba-5343-debf1a68ea20,28479019-ab31-0d48-9ee7-c59e76ac5ae6,Excel,intermediate,"{""project"",""coursework""}",Applied in project work.,2026-07-27 13:57:00
71179705-ad50-2c97-e854-d3113df497d1,28479019-ab31-0d48-9ee7-c59e76ac5ae6,Git,intermediate,"{""project""}",Applied in project work.,2026-07-27 13:57:00
41d5f626-9a8d-39c5-98b8-dd903a54847a,28479019-ab31-0d48-9ee7-c59e76ac5ae6,Java,beginner,"{""coursework""}",,2026-07-27 13:57:00
01d9587a-49fd-e505-98b2-8ca8eabd7c89,28479019-ab31-0d48-9ee7-c59e76ac5ae6,Power BI,intermediate,"{""project""}",Applied in project work.,2026-07-27 13:57:00
5cbf4a55-6a2d-96e1-4937-1332be7d4412,28479019-ab31-0d48-9ee7-c59e76ac5ae6,SQL,beginner,"{""coursework""}",,2026-07-27 13:57:00
9d319350-5b7e-d2ff-839b-edd0781241bc,a9850f62-0404-ed5e-174e-6248da27f919,Communication,beginner,"{""coursework""}",,2026-08-19 07:55:00
7bfdf54a-1763-be41-4786-4f3df07f79b0,a9850f62-0404-ed5e-174e-6248da27f919,Deep Learning,intermediate,"{""project"",""coursework""}",Applied in project work.,2026-08-19 07:55:00
9976dfa0-05f1-0481-abbf-cb6f9dc9c5cf,a9850f62-0404-ed5e-174e-6248da27f919,Java,intermediate,"{""coursework""}",,2026-08-19 07:55:00
4aea2c81-6a32-89a4-eb20-023718c321f4,a9850f62-0404-ed5e-174e-6248da27f919,JavaScript,beginner,"{""coursework""}",,2026-08-19 07:55:00
8f29829f-f318-2320-a374-c6a45da1981b,a9850f62-0404-ed5e-174e-6248da27f919,Node.js,intermediate,"{""coursework""}",,2026-08-19 07:55:00
7da7d90a-c050-6c08-599e-2787491abb0c,a9850f62-0404-ed5e-174e-6248da27f919,Problem Solving,beginner,"{""coursework""}",,2026-08-19 07:55:00
4cd6701c-d5dc-3956-931c-2818f61c1661,a9850f62-0404-ed5e-174e-6248da27f919,Python,intermediate,"{""project""}",Applied in project work.,2026-08-19 07:55:00
b04c6cda-36a1-e8cc-caf3-4ebb7e66e53c,a9850f62-0404-ed5e-174e-6248da27f919,React,beginner,"{""coursework""}",,2026-08-19 07:55:00
be83e909-0e94-e3eb-e1d6-c0768c91f81c,a9850f62-0404-ed5e-174e-6248da27f919,SQL,intermediate,"{""coursework""}",,2026-08-19 07:55:00
53595617-b627-72e8-f1db-c1a3e450f3e0,a9850f62-0404-ed5e-174e-6248da27f919,Teamwork,intermediate,"{""coursework""}",,2026-08-19 07:55:00
5842e17a-6fce-6669-6394-eb4d54ede5c3,a9850f62-0404-ed5e-174e-6248da27f919,Time Management,intermediate,"{""coursework""}",,2026-08-19 07:55:00
cd68d6e0-9660-3485-4cb6-2fb0e79b186f,8a2cc93d-c0ef-4f70-ec1f-fcbd87569963,AWS,intermediate,"{""coursework""}",,2026-08-01 18:00:00
70f8c810-4272-5442-6701-24c57a18b38f,8a2cc93d-c0ef-4f70-ec1f-fcbd87569963,Cloud Computing,intermediate,"{""coursework""}",,2026-08-01 18:00:00
e19f8cc9-bdde-949e-a835-f6d11f5dd7ba,8a2cc93d-c0ef-4f70-ec1f-fcbd87569963,Data Visualisation,beginner,"{""certification"",""internship"",""coursework""}",Used during internship.,2026-08-01 18:00:00
1da49151-2d6b-5a30-2fae-e97814c098b8,8a2cc93d-c0ef-4f70-ec1f-fcbd87569963,Machine Learning,intermediate,"{""project"",""coursework""}",Applied in project work.,2026-08-01 18:00:00
ae3a74d4-d0ef-118d-9315-e61eba1e47dc,8a2cc93d-c0ef-4f70-ec1f-fcbd87569963,Problem Solving,intermediate,"{""coursework""}",,2026-08-01 18:00:00
8d1ea9d1-59e4-d312-faa1-ffb050216737,8a2cc93d-c0ef-4f70-ec1f-fcbd87569963,Python,intermediate,"{""project"",""internship"",""coursework""}",Applied in project work.,2026-08-01 18:00:00
9022aab2-a373-01de-11f4-0812b3b056b8,8a2cc93d-c0ef-4f70-ec1f-fcbd87569963,Tableau,intermediate,"{""certification"",""internship""}",Used during internship.,2026-08-01 18:00:00
d41bb559-c9af-2794-0adb-10730b5ebf10,8a2cc93d-c0ef-4f70-ec1f-fcbd87569963,Time Management,beginner,"{""coursework""}",,2026-08-01 18:00:00
ef8e20ed-d8f3-f743-c80a-b38bf447d94c,00533212-66ae-02c5-a958-90e7b71247c4,C++,advanced,"{""coursework""}",,2026-08-10 19:46:00
6c2d2f00-99a4-4102-19f6-36eab3b5ecc8,00533212-66ae-02c5-a958-90e7b71247c4,Data Visualisation,advanced,"{""coursework""}",,2026-08-10 19:46:00
35210f6c-3852-21fc-974b-3906f67c9ca4,00533212-66ae-02c5-a958-90e7b71247c4,Docker,intermediate,"{""project"",""internship"",""coursework""}",Applied in project work.,2026-08-10 19:46:00
f6335079-29c7-0a8b-5a5f-26879394af39,00533212-66ae-02c5-a958-90e7b71247c4,Flask,advanced,"{""project""}",Applied in project work.,2026-08-10 19:46:00
dc0f10dc-f127-baa7-df1c-d28a900276b6,00533212-66ae-02c5-a958-90e7b71247c4,JavaScript,intermediate,"{""project"",""coursework""}",Applied in project work.,2026-08-10 19:46:00
36941aa7-d3ac-082b-fdf5-6e9ff1944f6c,00533212-66ae-02c5-a958-90e7b71247c4,Leadership,intermediate,"{""coursework""}",,2026-08-10 19:46:00
edcd7411-ef85-b1e2-12b2-dd75ad1cea98,00533212-66ae-02c5-a958-90e7b71247c4,Linux,advanced,"{""project"",""coursework""}",Applied in project work.,2026-08-10 19:46:00
72ef6cf9-b762-957d-278d-47d262a6bf49,00533212-66ae-02c5-a958-90e7b71247c4,Node.js,intermediate,"{""project"",""coursework""}",Applied in project work.,2026-08-10 19:46:00
1b310631-6640-d136-637f-365401c48783,00533212-66ae-02c5-a958-90e7b71247c4,Problem Solving,advanced,"{""project"",""internship"",""coursework""}",Applied in project work.,2026-08-10 19:46:00
c9fb75a0-6a1d-95f8-e7b5-a4dd2e6a88c0,00533212-66ae-02c5-a958-90e7b71247c4,Python,advanced,"{""coursework""}",,2026-08-10 19:46:00
a6508bf4-0867-37c0-b887-51be219d6a22,00533212-66ae-02c5-a958-90e7b71247c4,React,beginner,"{""coursework""}",,2026-08-10 19:46:00
f17510ac-5edf-87da-d485-d540ff23dc19,00533212-66ae-02c5-a958-90e7b71247c4,SQL,advanced,"{""project"",""coursework""}",Applied in project work.,2026-08-10 19:46:00
17e2aa93-ac7c-77c5-7d89-fa69516881a1,00533212-66ae-02c5-a958-90e7b71247c4,Teamwork,intermediate,"{""project"",""internship"",""coursework""}",Applied in project work.,2026-08-10 19:46:00
8ac34aa0-103f-b9f0-a4aa-131bd4dab805,00533212-66ae-02c5-a958-90e7b71247c4,Time Management,intermediate,"{""coursework""}",,2026-08-10 19:46:00
8e8a474d-e3d4-3569-b064-b420f101362e,ed1928e5-9bd3-cc80-d800-690a9d5530b0,Flask,intermediate,"{""project"",""internship"",""coursework""}",Applied in project work.,2026-08-11 21:11:00
cbd6ce75-bf45-4da8-414e-cf0240cfeb47,ed1928e5-9bd3-cc80-d800-690a9d5530b0,Python,beginner,"{""project""}",Applied in project work.,2026-08-11 21:11:00
9c769b42-b119-4692-134b-e397b3937d02,ed1928e5-9bd3-cc80-d800-690a9d5530b0,SQL,advanced,"{""project"",""internship""}",Applied in project work.,2026-08-11 21:11:00
cdefeef2-09c3-9ca7-41b4-19ca1a2a3a8e,ed1928e5-9bd3-cc80-d800-690a9d5530b0,Teamwork,beginner,"{""internship"",""coursework""}",Used during internship.,2026-08-11 21:11:00
47ce280a-437c-14e2-535f-fac6905d41d8,ed1928e5-9bd3-cc80-d800-690a9d5530b0,Time Management,intermediate,"{""coursework""}",,2026-08-11 21:11:00
239473aa-7ed0-81dc-4923-0cf8f799def4,4324805c-74ec-7d15-f1d5-892bb13b482c,Leadership,intermediate,"{""coursework""}",,2026-09-10 16:31:00
782b76f4-1f9b-41d4-669e-61eda148a58e,4324805c-74ec-7d15-f1d5-892bb13b482c,Machine Learning,intermediate,"{""coursework""}",,2026-09-10 16:31:00
e819562b-951b-769c-51f6-94cc84ccf931,4324805c-74ec-7d15-f1d5-892bb13b482c,Problem Solving,beginner,"{""coursework""}",,2026-09-10 16:31:00
afb6b357-f641-0b77-c845-fd6bf7517a85,4324805c-74ec-7d15-f1d5-892bb13b482c,Tableau,beginner,"{""coursework""}",,2026-09-10 16:31:00
c230a890-1ef7-36ef-15b5-9b616359812c,4324805c-74ec-7d15-f1d5-892bb13b482c,Time Management,beginner,"{""coursework""}",,2026-09-10 16:31:00
c47da2f0-32ff-f51f-5498-e46f3a480b9d,6667c06b-f0f4-63a9-ced3-6e6645233269,Data Analysis,beginner,"{""certification"",""coursework""}",,2026-09-16 06:32:00
45ae9400-83d9-5e36-1e78-8e01b80fdca9,6667c06b-f0f4-63a9-ced3-6e6645233269,Leadership,intermediate,"{""coursework""}",,2026-09-16 06:32:00
3add0e25-9fa9-3fb9-d44e-6215f5ef1ebd,6667c06b-f0f4-63a9-ced3-6e6645233269,Machine Learning,intermediate,"{""project"",""coursework""}",Applied in project work.,2026-09-16 06:32:00
207ae784-2640-9626-3e00-d86f263ff921,6667c06b-f0f4-63a9-ced3-6e6645233269,Power BI,intermediate,"{""coursework""}",,2026-09-16 06:32:00
ebde0a19-259a-3037-e218-d79115cf7f1a,6667c06b-f0f4-63a9-ced3-6e6645233269,Problem Solving,intermediate,"{""coursework""}",,2026-09-16 06:32:00
e39c71a8-4215-aa6e-ea9a-5102455791ab,6667c06b-f0f4-63a9-ced3-6e6645233269,Python,intermediate,"{""project""}",Applied in project work.,2026-09-16 06:32:00
a4034ac1-b2c7-0488-e8a5-5fbd46f433a1,6667c06b-f0f4-63a9-ced3-6e6645233269,R,intermediate,"{""certification""}",,2026-09-16 06:32:00
ceb4c025-07ed-9338-dcb3-debf47f2115a,6667c06b-f0f4-63a9-ced3-6e6645233269,SQL,beginner,"{""certification""}",,2026-09-16 06:32:00
e82ccfd9-b1d5-aea5-43e6-b71f38f230b1,6667c06b-f0f4-63a9-ced3-6e6645233269,Statistical Analysis,intermediate,"{""project""}",Applied in project work.,2026-09-16 06:32:00
a29ad66a-d7c3-ba39-ae50-5fe73263be85,6667c06b-f0f4-63a9-ced3-6e6645233269,Tableau,intermediate,"{""certification""}",,2026-09-16 06:32:00
dfb5ff86-b06d-c0d5-26b0-7bc18b430745,6667c06b-f0f4-63a9-ced3-6e6645233269,Teamwork,intermediate,"{""coursework""}",,2026-09-16 06:32:00
ed8f75ba-18bf-4a71-2609-d490c19e8315,6667c06b-f0f4-63a9-ced3-6e6645233269,Time Management,beginner,"{""coursework""}",,2026-09-16 06:32:00
b2408040-b4ee-d443-5229-f8354c9a360d,845d0f4f-beef-6c30-e6b5-20f5ae73e215,C++,intermediate,"{""project""}",Applied in project work.,2026-07-07 08:14:00
78fece7f-a032-61c3-0e3c-d23f211f2c82,845d0f4f-beef-6c30-e6b5-20f5ae73e215,Data Analysis,intermediate,"{""certification""}",,2026-07-07 08:14:00
d2512894-d78d-917a-af1b-90b5127f5138,845d0f4f-beef-6c30-e6b5-20f5ae73e215,Docker,advanced,"{""certification"",""coursework""}",,2026-07-07 08:14:00
5f153b2b-1a4c-0d23-3088-75879aab5c3c,845d0f4f-beef-6c30-e6b5-20f5ae73e215,FastAPI,advanced,"{""project"",""coursework""}",Applied in project work.,2026-07-07 08:14:00
20de77c5-6568-ef8d-22e2-34bfb597d341,845d0f4f-beef-6c30-e6b5-20f5ae73e215,Git,intermediate,"{""project""}",Applied in project work.,2026-07-07 08:14:00
f0c90c94-e602-a5e4-b63d-44134ba8221c,845d0f4f-beef-6c30-e6b5-20f5ae73e215,Java,intermediate,"{""project"",""coursework""}",Applied in project work.,2026-07-07 08:14:00
3849406d-4369-77ca-f466-e6deca548687,845d0f4f-beef-6c30-e6b5-20f5ae73e215,Problem Solving,intermediate,"{""coursework""}",,2026-07-07 08:14:00
ec069596-4701-4212-14e5-0490633fa225,845d0f4f-beef-6c30-e6b5-20f5ae73e215,Python,advanced,"{""project"",""coursework""}",Applied in project work.,2026-07-07 08:14:00
de0511ea-c9d8-19bf-9743-fafe24702c21,845d0f4f-beef-6c30-e6b5-20f5ae73e215,R,advanced,"{""certification"",""coursework""}",,2026-07-07 08:14:00
ee7b9958-456e-bc27-4fd7-ecd2761bbe02,845d0f4f-beef-6c30-e6b5-20f5ae73e215,SQL,advanced,"{""project"",""certification""}",Applied in project work.,2026-07-07 08:14:00
9cc1ad6c-cbb2-c634-985c-5a3111b25788,845d0f4f-beef-6c30-e6b5-20f5ae73e215,Tableau,advanced,"{""certification"",""coursework""}",,2026-07-07 08:14:00
3a22052f-3a0e-5cb8-5cc7-dbd1d9ee5b69,845d0f4f-beef-6c30-e6b5-20f5ae73e215,Teamwork,advanced,"{""coursework""}",,2026-07-07 08:14:00
0a7c2c59-8e87-0678-4398-09a1524d5da7,bf0e489d-0bb3-86db-c000-58950670443c,Flask,advanced,"{""internship"",""coursework""}",Used during internship.,2026-08-07 19:17:00
7351eee7-4a32-ce25-0387-174370607689,bf0e489d-0bb3-86db-c000-58950670443c,Java,advanced,"{""certification"",""internship""}",Used during internship.,2026-08-07 19:17:00
e0bd6240-bce0-c907-e0dd-6aeef119dcd9,bf0e489d-0bb3-86db-c000-58950670443c,Leadership,intermediate,"{""coursework""}",,2026-08-07 19:17:00
8e3a3300-6576-b940-cc2c-9e0837e558a0,bf0e489d-0bb3-86db-c000-58950670443c,Linux,intermediate,"{""coursework""}",,2026-08-07 19:17:00
7583d0cc-01a1-f7da-417e-9ecb7f1212f2,bf0e489d-0bb3-86db-c000-58950670443c,Teamwork,beginner,"{""internship"",""coursework""}",Used during internship.,2026-08-07 19:17:00
2e842383-1831-3337-3b4a-fedffd10c3f3,60ac0afb-7304-109b-f78b-f1c1ac15f7e3,Communication,intermediate,"{""coursework""}",,2026-07-18 14:31:00
34a126a6-43be-644f-ea05-7652a7474ee9,60ac0afb-7304-109b-f78b-f1c1ac15f7e3,Flask,intermediate,"{""project"",""coursework""}",Applied in project work.,2026-07-18 14:31:00
8ffadd2b-ffea-1eea-e0d7-0d92940a078b,60ac0afb-7304-109b-f78b-f1c1ac15f7e3,Problem Solving,beginner,"{""coursework""}",,2026-07-18 14:31:00
4f2d6d1e-a867-2480-8556-bc95f772396b,60ac0afb-7304-109b-f78b-f1c1ac15f7e3,Python,intermediate,"{""project"",""coursework""}",Applied in project work.,2026-07-18 14:31:00
2e6ab2fd-42ea-57a8-f784-e47a276ddecf,60ac0afb-7304-109b-f78b-f1c1ac15f7e3,SQL,intermediate,"{""project""}",Applied in project work.,2026-07-18 14:31:00
2ddd2e33-4c3b-519e-cca8-94f18b5f1d5e,b9d0832f-b5d7-9e8e-8f21-e8ec4e92f237,Communication,advanced,"{""coursework""}",,2026-08-18 17:36:00
31262a60-2159-da73-dadf-01c57dcba8f8,b9d0832f-b5d7-9e8e-8f21-e8ec4e92f237,Data Visualisation,intermediate,"{""project"",""coursework""}",Applied in project work.,2026-08-18 17:36:00
1d6f6d42-67f2-6386-d97a-76577d713295,b9d0832f-b5d7-9e8e-8f21-e8ec4e92f237,Git,beginner,"{""coursework""}",,2026-08-18 17:36:00
1332ee00-180e-de37-087d-08e1070eb935,b9d0832f-b5d7-9e8e-8f21-e8ec4e92f237,JavaScript,intermediate,"{""project"",""coursework""}",Applied in project work.,2026-08-18 17:36:00
4ecd23c4-000e-96ac-f78e-736186939b96,b9d0832f-b5d7-9e8e-8f21-e8ec4e92f237,Leadership,intermediate,"{""coursework""}",,2026-08-18 17:36:00
f8c93397-69a6-95f6-32e5-307dbfd79d5f,b9d0832f-b5d7-9e8e-8f21-e8ec4e92f237,Node.js,intermediate,"{""project"",""coursework""}",Applied in project work.,2026-08-18 17:36:00
9a8caa40-95c4-44fa-fe29-a3ae42f4d7c1,b9d0832f-b5d7-9e8e-8f21-e8ec4e92f237,Python,intermediate,"{""project"",""coursework""}",Applied in project work.,2026-08-18 17:36:00
864a832a-b9e3-2584-dd2f-8c0900a62f7b,b9d0832f-b5d7-9e8e-8f21-e8ec4e92f237,React,intermediate,"{""project"",""coursework""}",Applied in project work.,2026-08-18 17:36:00
d2c4b760-e84d-61e9-d1bb-db7ec6ff954a,b9d0832f-b5d7-9e8e-8f21-e8ec4e92f237,SQL,advanced,"{""project""}",Applied in project work.,2026-08-18 17:36:00
3351c6b1-796a-9818-9ade-04deac6dca52,396351d0-7b30-6b99-e7de-53d5fb329ae3,AWS,advanced,"{""project"",""coursework""}",Applied in project work.,2026-08-29 05:55:00
f7ddb1c3-fc7e-d140-60e5-85ab803e8d5f,396351d0-7b30-6b99-e7de-53d5fb329ae3,Azure,intermediate,"{""coursework""}",,2026-08-29 05:55:00
3668e63f-d44b-843c-4b18-86cf97565db3,396351d0-7b30-6b99-e7de-53d5fb329ae3,Cloud Computing,advanced,"{""project"",""coursework""}",Applied in project work.,2026-08-29 05:55:00
dafb16a7-fe2c-0822-31cd-da4bea723e7c,396351d0-7b30-6b99-e7de-53d5fb329ae3,Communication,beginner,"{""coursework""}",,2026-08-29 05:55:00
267f59bc-3365-4e76-61f7-3d232b1037f3,396351d0-7b30-6b99-e7de-53d5fb329ae3,Docker,intermediate,"{""project"",""coursework""}",Applied in project work.,2026-08-29 05:55:00
6c9ebbcd-a869-0c6d-7e27-ca2cd6f3c4dc,396351d0-7b30-6b99-e7de-53d5fb329ae3,Git,advanced,"{""project"",""coursework""}",Applied in project work.,2026-08-29 05:55:00
cc6a3edf-df33-5e9a-cef8-3c0164ca0dbb,396351d0-7b30-6b99-e7de-53d5fb329ae3,Linux,intermediate,"{""project"",""internship""}",Applied in project work.,2026-08-29 05:55:00
a7e3fe20-71c7-76d7-84ab-8be355b40f5e,396351d0-7b30-6b99-e7de-53d5fb329ae3,Machine Learning,intermediate,"{""project"",""internship"",""coursework""}",Applied in project work.,2026-08-29 05:55:00
f8f248a1-43dc-2248-a20d-27e6955791e6,396351d0-7b30-6b99-e7de-53d5fb329ae3,Python,intermediate,"{""project"",""internship""}",Applied in project work.,2026-08-29 05:55:00
843b0043-5c68-2594-6859-36ef24228f6c,093c7786-a5d4-8c65-51d8-ed0cdd1096b3,C++,advanced,"{""internship"",""coursework""}",Used during internship.,2026-08-01 00:06:00
94d853e3-a1b3-2421-73b3-5d4d887043d0,093c7786-a5d4-8c65-51d8-ed0cdd1096b3,Cloud Computing,advanced,"{""coursework""}",,2026-08-01 00:06:00
a5d0e64a-47f8-4f47-779f-9a7b65026ba0,093c7786-a5d4-8c65-51d8-ed0cdd1096b3,Docker,advanced,"{""certification"",""internship"",""coursework""}",Used during internship.,2026-08-01 00:06:00
c9e71acb-ff70-1c3a-fbc3-5bfeb1106dd8,093c7786-a5d4-8c65-51d8-ed0cdd1096b3,Git,advanced,"{""coursework""}",,2026-08-01 00:06:00
d9cbb4b4-37e9-c072-3f65-5656098f4aeb,093c7786-a5d4-8c65-51d8-ed0cdd1096b3,Leadership,intermediate,"{""internship""}",Used during internship.,2026-08-01 00:06:00
32522675-7c56-56bf-e747-1ea022f10bda,093c7786-a5d4-8c65-51d8-ed0cdd1096b3,Linux,advanced,"{""project""}",Applied in project work.,2026-08-01 00:06:00
2589f9f3-983a-0480-55ee-c0c71c8899b2,093c7786-a5d4-8c65-51d8-ed0cdd1096b3,Machine Learning,intermediate,"{""project""}",Applied in project work.,2026-08-01 00:06:00
93584c22-c206-1ef3-f476-1ab5b56e2a21,093c7786-a5d4-8c65-51d8-ed0cdd1096b3,Problem Solving,intermediate,"{""project""}",Applied in project work.,2026-08-01 00:06:00
a0d74e74-2dd5-8472-0569-f9ac16bace62,093c7786-a5d4-8c65-51d8-ed0cdd1096b3,Python,advanced,"{""project"",""certification"",""coursework""}",Applied in project work.,2026-08-01 00:06:00
8887a785-cddf-a8d7-7ba1-df410b7feb20,093c7786-a5d4-8c65-51d8-ed0cdd1096b3,Research Skills,intermediate,"{""coursework""}",,2026-08-01 00:06:00
848b2713-fa0c-7fb4-4c8d-35ce6449155b,093c7786-a5d4-8c65-51d8-ed0cdd1096b3,SQL,advanced,"{""coursework""}",,2026-08-01 00:06:00
90d70dfb-79cc-7e5e-7623-ce63e193310e,093c7786-a5d4-8c65-51d8-ed0cdd1096b3,Teamwork,intermediate,"{""project"",""coursework""}",Applied in project work.,2026-08-01 00:06:00
3a5e142b-02b8-a68f-ce37-4129323f4127,4503f517-5f07-46c1-a7c1-ca53dcb9dc82,C++,advanced,"{""project""}",Applied in project work.,2026-08-13 09:46:00
ddb6b4a8-ee00-9844-6ecf-e167368b8a84,4503f517-5f07-46c1-a7c1-ca53dcb9dc82,Communication,intermediate,"{""coursework""}",,2026-08-13 09:46:00
01da6805-adab-3072-b0aa-636348e5433e,4503f517-5f07-46c1-a7c1-ca53dcb9dc82,Data Analysis,intermediate,"{""coursework""}",,2026-08-13 09:46:00
0ec91454-839a-457f-2f48-ae687aad6e8a,4503f517-5f07-46c1-a7c1-ca53dcb9dc82,Data Visualisation,advanced,"{""project""}",Applied in project work.,2026-08-13 09:46:00
73a1b59e-ddeb-478a-1e20-8b43306b9fc4,4503f517-5f07-46c1-a7c1-ca53dcb9dc82,Excel,intermediate,"{""project"",""certification"",""internship""}",Applied in project work.,2026-08-13 09:46:00
cdb7fbff-63d4-70bb-c92f-1bb1a9c8cdb2,4503f517-5f07-46c1-a7c1-ca53dcb9dc82,Git,advanced,"{""project""}",Applied in project work.,2026-08-13 09:46:00
152c4aad-f2be-c06d-bd46-825c3ee67d5f,4503f517-5f07-46c1-a7c1-ca53dcb9dc82,Linux,intermediate,"{""certification""}",,2026-08-13 09:46:00
4458cce7-d421-11b7-80a8-ce5c9fc9eda8,4503f517-5f07-46c1-a7c1-ca53dcb9dc82,Problem Solving,intermediate,"{""certification"",""internship"",""coursework""}",Used during internship.,2026-08-13 09:46:00
0aa9504d-e385-9c44-4464-05c6fe6cc582,4503f517-5f07-46c1-a7c1-ca53dcb9dc82,Python,intermediate,"{""project""}",Applied in project work.,2026-08-13 09:46:00
37325a7f-966e-811a-be10-2cfeff1ba3e0,4503f517-5f07-46c1-a7c1-ca53dcb9dc82,SQL,intermediate,"{""project"",""internship""}",Applied in project work.,2026-08-13 09:46:00
e897c1c6-cec8-8e0d-2056-30f78465d576,278e4cfc-579f-875d-d329-4a71b697492f,Communication,beginner,"{""coursework""}",,2026-07-16 21:20:00
c8219085-1fdb-af7a-dfde-557b8741a69f,278e4cfc-579f-875d-d329-4a71b697492f,Data Visualisation,intermediate,"{""project"",""coursework""}",Applied in project work.,2026-07-16 21:20:00
58ba21d6-f5f2-cda8-e8d7-d6890e507e62,278e4cfc-579f-875d-d329-4a71b697492f,Excel,beginner,"{""project""}",Applied in project work.,2026-07-16 21:20:00
37af0808-72c2-f792-b575-008f49b2d46b,278e4cfc-579f-875d-d329-4a71b697492f,FastAPI,intermediate,"{""project"",""coursework""}",Applied in project work.,2026-07-16 21:20:00
e28dcfb3-7273-3cfd-9999-ccc07c440eb2,278e4cfc-579f-875d-d329-4a71b697492f,Git,beginner,"{""project""}",Applied in project work.,2026-07-16 21:20:00
bf9bacae-f0f0-a856-8682-ec28cfb489f5,278e4cfc-579f-875d-d329-4a71b697492f,JavaScript,intermediate,"{""coursework""}",,2026-07-16 21:20:00
86b96a2a-3c98-8376-53d1-9f8eae0e8614,278e4cfc-579f-875d-d329-4a71b697492f,Leadership,intermediate,"{""coursework""}",,2026-07-16 21:20:00
892925f6-15ab-577d-dba7-48a75fef77a4,278e4cfc-579f-875d-d329-4a71b697492f,Linux,beginner,"{""coursework""}",,2026-07-16 21:20:00
23596be8-dece-9697-83e5-72dec3c2a462,278e4cfc-579f-875d-d329-4a71b697492f,Power BI,intermediate,"{""project"",""coursework""}",Applied in project work.,2026-07-16 21:20:00
963dde79-21aa-4132-da19-83a04644d545,278e4cfc-579f-875d-d329-4a71b697492f,Problem Solving,intermediate,"{""coursework""}",,2026-07-16 21:20:00
5d7923d8-5cc2-15aa-deee-3ce82f4643a2,278e4cfc-579f-875d-d329-4a71b697492f,Python,advanced,"{""project"",""coursework""}",Applied in project work.,2026-07-16 21:20:00
872242c6-c625-34d3-6b36-a78baf80ef2b,278e4cfc-579f-875d-d329-4a71b697492f,React,intermediate,"{""coursework""}",,2026-07-16 21:20:00
0a80335a-977c-d6aa-56a4-8395e7bf5cb0,278e4cfc-579f-875d-d329-4a71b697492f,SQL,intermediate,"{""project""}",Applied in project work.,2026-07-16 21:20:00
7e5361f0-045b-df7d-09dd-97ae9d9e2f4a,bde2c14d-4305-7119-4da7-2051d84fb1fe,Data Visualisation,intermediate,"{""project""}",Applied in project work.,2026-08-13 09:30:00
e4887756-54b8-1613-dfc9-550d48f7407a,bde2c14d-4305-7119-4da7-2051d84fb1fe,Flask,advanced,"{""project"",""coursework""}",Applied in project work.,2026-08-13 09:30:00
bcb9e638-b020-0b6d-91b6-7a234f7f85a7,bde2c14d-4305-7119-4da7-2051d84fb1fe,Git,advanced,"{""coursework""}",,2026-08-13 09:30:00
b8398731-ec09-b2f2-43e0-f9f0e579b25e,bde2c14d-4305-7119-4da7-2051d84fb1fe,JavaScript,intermediate,"{""project"",""coursework""}",Applied in project work.,2026-08-13 09:30:00
574679fc-904a-b3a5-ad80-a85c328deab9,bde2c14d-4305-7119-4da7-2051d84fb1fe,Leadership,advanced,"{""coursework""}",,2026-08-13 09:30:00
1e0ec4e9-7d13-828c-d86f-b192a8b3a2d9,bde2c14d-4305-7119-4da7-2051d84fb1fe,Python,intermediate,"{""coursework""}",,2026-08-13 09:30:00
2b3397f1-ee1c-f2d2-07a5-b464e6d1bd92,bde2c14d-4305-7119-4da7-2051d84fb1fe,React,intermediate,"{""project"",""coursework""}",Applied in project work.,2026-08-13 09:30:00
9fc2bdda-4375-386e-725e-4e456e5126f1,bde2c14d-4305-7119-4da7-2051d84fb1fe,SQL,advanced,"{""project""}",Applied in project work.,2026-08-13 09:30:00
c69b5d9e-e948-c42a-27a5-3571c840c79b,bde2c14d-4305-7119-4da7-2051d84fb1fe,Teamwork,advanced,"{""project""}",Applied in project work.,2026-08-13 09:30:00
623b2e73-8e55-3ae7-6416-8c11391af421,b184add3-1cf9-159b-f2cc-ad215e29579d,Communication,intermediate,"{""coursework""}",,2026-07-08 20:34:00
ae809581-9db6-46d9-f029-4048c7479b4f,b184add3-1cf9-159b-f2cc-ad215e29579d,Data Visualisation,intermediate,"{""project""}",Applied in project work.,2026-07-08 20:34:00
93649895-8604-e4a9-093a-5d376b947405,b184add3-1cf9-159b-f2cc-ad215e29579d,Excel,advanced,"{""certification""}",,2026-07-08 20:34:00
81951a47-fbbb-2051-8484-ed40e2236d87,b184add3-1cf9-159b-f2cc-ad215e29579d,Leadership,intermediate,"{""coursework""}",,2026-07-08 20:34:00
5f2ea5ee-5e59-8b43-088d-af3d1686d8c8,b184add3-1cf9-159b-f2cc-ad215e29579d,Linux,intermediate,"{""certification""}",,2026-07-08 20:34:00
140a15e9-98e3-3b15-3268-45358d4737b9,b184add3-1cf9-159b-f2cc-ad215e29579d,Power BI,intermediate,"{""coursework""}",,2026-07-08 20:34:00
48f815a2-67e8-e184-2969-539f0b309c1b,b184add3-1cf9-159b-f2cc-ad215e29579d,Problem Solving,intermediate,"{""certification"",""coursework""}",,2026-07-08 20:34:00
af9be361-309a-a02e-b54a-22c09c705735,b184add3-1cf9-159b-f2cc-ad215e29579d,Python,advanced,"{""project"",""coursework""}",Applied in project work.,2026-07-08 20:34:00
7ff13433-3e34-d705-6ef5-357b921707d1,b184add3-1cf9-159b-f2cc-ad215e29579d,R,intermediate,"{""coursework""}",,2026-07-08 20:34:00
aa6a9f7c-009f-d6b4-e8de-a13d2f584a94,b184add3-1cf9-159b-f2cc-ad215e29579d,Research Skills,advanced,"{""coursework""}",,2026-07-08 20:34:00
f1923179-2b68-43fa-84cd-740f729263c7,b184add3-1cf9-159b-f2cc-ad215e29579d,SQL,advanced,"{""project""}",Applied in project work.,2026-07-08 20:34:00
88448955-8f41-cb36-1012-9b4bf3ba4076,b184add3-1cf9-159b-f2cc-ad215e29579d,Statistical Analysis,advanced,"{""coursework""}",,2026-07-08 20:34:00
fb960855-379c-2a7a-9c1f-c7f1d0c12a2a,e1c8cc3e-bf6b-4fd7-3f9b-754c677862ae,Communication,intermediate,"{""coursework""}",,2026-09-08 16:56:00
548d4ee7-53b8-a95d-cf74-a5da178393ca,e1c8cc3e-bf6b-4fd7-3f9b-754c677862ae,Docker,beginner,"{""project""}",Applied in project work.,2026-09-08 16:56:00
24e8811a-a751-f7d9-4f9a-936c67439b98,e1c8cc3e-bf6b-4fd7-3f9b-754c677862ae,Git,beginner,"{""project""}",Applied in project work.,2026-09-08 16:56:00
cb3ebc4c-cad0-28bc-60fc-9ea0a06933fa,e1c8cc3e-bf6b-4fd7-3f9b-754c677862ae,Linux,beginner,"{""project"",""coursework""}",Applied in project work.,2026-09-08 16:56:00
0dda442f-008b-8631-ad4f-f6588fc67d4c,a94a2ef6-1f2a-09b9-e5ba-54e7f56fc67d,Communication,intermediate,"{""coursework""}",,2026-07-24 13:44:00
bc194683-d987-e067-112d-b7de565ae02f,a94a2ef6-1f2a-09b9-e5ba-54e7f56fc67d,Data Analysis,beginner,"{""coursework""}",,2026-07-24 13:44:00
a39f2d8a-42d9-f538-6ca2-243da6d31812,a94a2ef6-1f2a-09b9-e5ba-54e7f56fc67d,Data Visualisation,beginner,"{""coursework""}",,2026-07-24 13:44:00
f7d665e4-36ff-7617-4393-62669a06055b,a94a2ef6-1f2a-09b9-e5ba-54e7f56fc67d,Docker,advanced,"{""certification"",""coursework""}",,2026-07-24 13:44:00
415f46ab-1b7c-a8f3-693c-fcff5e1dfc78,a94a2ef6-1f2a-09b9-e5ba-54e7f56fc67d,Flask,intermediate,"{""project"",""coursework""}",Applied in project work.,2026-07-24 13:44:00
4055e0bd-e1ff-dbb5-3160-c6125ae9e8bb,a94a2ef6-1f2a-09b9-e5ba-54e7f56fc67d,Leadership,intermediate,"{""coursework""}",,2026-07-24 13:44:00
af5c0047-fb0e-33b8-1678-c23526a30e64,a94a2ef6-1f2a-09b9-e5ba-54e7f56fc67d,Node.js,intermediate,"{""coursework""}",,2026-07-24 13:44:00
b721c22c-74b6-b87b-4003-eeac716d7b79,a94a2ef6-1f2a-09b9-e5ba-54e7f56fc67d,Python,intermediate,"{""project""}",Applied in project work.,2026-07-24 13:44:00
930e6d05-a1ae-b6d0-1533-d3e2536770dd,a94a2ef6-1f2a-09b9-e5ba-54e7f56fc67d,R,intermediate,"{""coursework""}",,2026-07-24 13:44:00
abb1052a-58fc-68de-8716-1f0cf894331b,a94a2ef6-1f2a-09b9-e5ba-54e7f56fc67d,SQL,intermediate,"{""project"",""coursework""}",Applied in project work.,2026-07-24 13:44:00
3c454cd6-19ed-9940-a099-fa5d5fc2cd26,a94a2ef6-1f2a-09b9-e5ba-54e7f56fc67d,Tableau,intermediate,"{""coursework""}",,2026-07-24 13:44:00
9ed4ef56-9dcd-c9f0-59f1-e37c2e20f411,2f90e997-d53c-9528-2f85-6d05e995bd67,Communication,intermediate,"{""coursework""}",,2026-08-22 15:59:00
4a38f8a7-cd41-0205-1cf1-c734f51d4d4c,2f90e997-d53c-9528-2f85-6d05e995bd67,Data Analysis,intermediate,"{""coursework""}",,2026-08-22 15:59:00
f132776a-4fe6-85c9-0b74-8dca3198fb72,2f90e997-d53c-9528-2f85-6d05e995bd67,Excel,intermediate,"{""coursework""}",,2026-08-22 15:59:00
bb48628c-7aa8-9509-7be6-1d18a0a4924b,2f90e997-d53c-9528-2f85-6d05e995bd67,Leadership,beginner,"{""coursework""}",,2026-08-22 15:59:00
02c660ff-13a9-ddff-6d98-66da0a472bfb,2f90e997-d53c-9528-2f85-6d05e995bd67,Machine Learning,intermediate,"{""coursework""}",,2026-08-22 15:59:00
fa75aac4-e3b2-a723-e5a9-d49d27345c84,2f90e997-d53c-9528-2f85-6d05e995bd67,Power BI,beginner,"{""coursework""}",,2026-08-22 15:59:00
ef94aed8-cdb7-2cd6-56d2-ae024999a59c,2f90e997-d53c-9528-2f85-6d05e995bd67,Problem Solving,beginner,"{""coursework""}",,2026-08-22 15:59:00
ff93602f-4852-fbcc-1c38-1ac375bc1b27,2f90e997-d53c-9528-2f85-6d05e995bd67,Statistical Analysis,intermediate,"{""coursework""}",,2026-08-22 15:59:00
9c0e086e-152a-d178-3eee-a86d488e1dbf,2f90e997-d53c-9528-2f85-6d05e995bd67,Tableau,intermediate,"{""coursework""}",,2026-08-22 15:59:00
1644e28f-ccc2-f6e0-3fb8-9d574831671b,2f90e997-d53c-9528-2f85-6d05e995bd67,Time Management,intermediate,"{""coursework""}",,2026-08-22 15:59:00
4df96cbb-08d6-62e0-b882-b0012486f896,5b15e527-f7d0-46d0-69f0-3ffee7820d38,Communication,intermediate,"{""coursework""}",,2026-07-19 17:33:00
8b5c086b-4e06-2994-b5c8-c6e152afb8f4,5b15e527-f7d0-46d0-69f0-3ffee7820d38,Data Analysis,advanced,"{""project"",""certification"",""internship"",""coursework""}",Applied in project work.,2026-07-19 17:33:00
0cc67b26-1939-0455-50e9-7f96c7705627,5b15e527-f7d0-46d0-69f0-3ffee7820d38,Data Visualisation,intermediate,"{""project"",""certification""}",Applied in project work.,2026-07-19 17:33:00
3969c99f-3f70-ac40-b931-11ca5d7242a5,5b15e527-f7d0-46d0-69f0-3ffee7820d38,Deep Learning,advanced,"{""project""}",Applied in project work.,2026-07-19 17:33:00
01aad933-3cf5-2c19-c392-6bcf33fd3a9c,5b15e527-f7d0-46d0-69f0-3ffee7820d38,Excel,advanced,"{""project""}",Applied in project work.,2026-07-19 17:33:00
b357b7ec-7728-88bd-3189-b9e04d7acd16,5b15e527-f7d0-46d0-69f0-3ffee7820d38,Leadership,advanced,"{""internship"",""coursework""}",Used during internship.,2026-07-19 17:33:00
8a4e6e7a-d1d3-62f9-93e0-24d200bdeefd,5b15e527-f7d0-46d0-69f0-3ffee7820d38,Power BI,intermediate,"{""project""}",Applied in project work.,2026-07-19 17:33:00
edd7ef2d-736a-1131-3bb8-b68d4377cff2,5b15e527-f7d0-46d0-69f0-3ffee7820d38,Python,advanced,"{""project""}",Applied in project work.,2026-07-19 17:33:00
188c62d5-258f-99b0-a592-0b01a3c91d29,5b15e527-f7d0-46d0-69f0-3ffee7820d38,R,advanced,"{""certification"",""coursework""}",,2026-07-19 17:33:00
1c7f690c-0fbd-a7ed-70da-a31745018605,5b15e527-f7d0-46d0-69f0-3ffee7820d38,SQL,advanced,"{""project"",""certification""}",Applied in project work.,2026-07-19 17:33:00
dfb2ecde-b337-daf6-b429-db31574c5e22,5b15e527-f7d0-46d0-69f0-3ffee7820d38,Statistical Analysis,advanced,"{""project"",""internship""}",Applied in project work.,2026-07-19 17:33:00
3650bd70-dcd3-e76f-3956-6917ce140830,5b15e527-f7d0-46d0-69f0-3ffee7820d38,Tableau,intermediate,"{""certification""}",,2026-07-19 17:33:00
03295e1c-de8d-9f3d-2e0f-ab6e64575551,9ab3d403-5ac7-74f5-096c-638a5ffe6918,Azure,beginner,"{""coursework""}",,2026-07-31 10:02:00
6ce59d25-5201-aa7d-a5e5-754ce177edcd,9ab3d403-5ac7-74f5-096c-638a5ffe6918,Communication,intermediate,"{""coursework""}",,2026-07-31 10:02:00
d19b490f-a961-1c5d-94ba-3bf21c542d78,9ab3d403-5ac7-74f5-096c-638a5ffe6918,Excel,advanced,"{""certification"",""coursework""}",,2026-07-31 10:02:00
fa6addd5-20f0-8b3c-c295-0eae06ac7b10,9ab3d403-5ac7-74f5-096c-638a5ffe6918,Machine Learning,intermediate,"{""project"",""coursework""}",Applied in project work.,2026-07-31 10:02:00
109a5450-f59e-f621-d1af-623fbd5787da,9ab3d403-5ac7-74f5-096c-638a5ffe6918,Problem Solving,intermediate,"{""coursework""}",,2026-07-31 10:02:00
dd7803c1-dc59-8529-8335-58226fa4e7bb,9ab3d403-5ac7-74f5-096c-638a5ffe6918,Python,intermediate,"{""project"",""coursework""}",Applied in project work.,2026-07-31 10:02:00
5cad2517-9839-6ae1-f635-94aa51642de2,47412b10-96ed-e17e-1168-a8a6a63c00a2,AI Literacy,intermediate,"{""certification"",""coursework""}",,2026-08-29 10:40:00
2ad0267e-d143-7323-97c4-8233fd90b30c,47412b10-96ed-e17e-1168-a8a6a63c00a2,AWS,beginner,"{""coursework""}",,2026-08-29 10:40:00
e6cddd88-d0e2-65fc-dd85-a8385aa65fb8,47412b10-96ed-e17e-1168-a8a6a63c00a2,Communication,beginner,"{""coursework""}",,2026-08-29 10:40:00
bab58fc2-ed6d-c25e-db00-ebd53d7b00c9,47412b10-96ed-e17e-1168-a8a6a63c00a2,Linux,beginner,"{""coursework""}",,2026-08-29 10:40:00
75a5f6e6-a9b3-8709-bd10-211eef0a4c5b,47412b10-96ed-e17e-1168-a8a6a63c00a2,Problem Solving,beginner,"{""coursework""}",,2026-08-29 10:40:00
0b7d80f9-5a09-64b4-2cb9-aa939c1c9a5f,47412b10-96ed-e17e-1168-a8a6a63c00a2,Teamwork,beginner,"{""coursework""}",,2026-08-29 10:40:00
778bb64c-6ca6-8270-1b18-5f765b5f6665,47412b10-96ed-e17e-1168-a8a6a63c00a2,Time Management,beginner,"{""coursework""}",,2026-08-29 10:40:00
8c822081-c68a-941a-46da-1f9caceffaa8,f1a19dab-7303-a903-8274-9f61431b9f9f,C++,advanced,"{""internship"",""coursework""}",Used during internship.,2026-09-03 00:23:00
285b54bf-8efb-db58-2fb1-21851d1dd3c8,f1a19dab-7303-a903-8274-9f61431b9f9f,Communication,intermediate,"{""coursework""}",,2026-09-03 00:23:00
326c7c76-96d8-0638-aa19-9d0fdac01824,f1a19dab-7303-a903-8274-9f61431b9f9f,FastAPI,advanced,"{""project"",""internship"",""coursework""}",Applied in project work.,2026-09-03 00:23:00
ccf6f9f0-2a4a-b336-f93a-de269211e2f5,f1a19dab-7303-a903-8274-9f61431b9f9f,Git,intermediate,"{""project"",""coursework""}",Applied in project work.,2026-09-03 00:23:00
70c45bc5-152c-17f0-3895-4fb99439f14f,f1a19dab-7303-a903-8274-9f61431b9f9f,Java,advanced,"{""project"",""certification"",""coursework""}",Applied in project work.,2026-09-03 00:23:00
3e8a1f48-cb10-30a2-0211-3207eec58bcc,f1a19dab-7303-a903-8274-9f61431b9f9f,JavaScript,intermediate,"{""certification""}",,2026-09-03 00:23:00
cfa54eac-b8a1-f215-af87-6b6f46e31d26,f1a19dab-7303-a903-8274-9f61431b9f9f,Problem Solving,advanced,"{""internship""}",Used during internship.,2026-09-03 00:23:00
535e3dfe-50f6-cbfd-0e33-ff8ca5fbbedb,f1a19dab-7303-a903-8274-9f61431b9f9f,Python,intermediate,"{""project""}",Applied in project work.,2026-09-03 00:23:00
b98a8ff5-7eb4-f468-a900-afedb1564ee2,f1a19dab-7303-a903-8274-9f61431b9f9f,React,advanced,"{""certification""}",,2026-09-03 00:23:00
ea2514bc-12fc-6b3b-342e-dbc94cf7c3c7,f1a19dab-7303-a903-8274-9f61431b9f9f,SQL,advanced,"{""project"",""coursework""}",Applied in project work.,2026-09-03 00:23:00
a407795c-4d43-6253-3630-d9fa4d1fe868,f1a19dab-7303-a903-8274-9f61431b9f9f,Teamwork,intermediate,"{""coursework""}",,2026-09-03 00:23:00
b09f863e-1196-f4d8-1394-f117b217431b,f1a19dab-7303-a903-8274-9f61431b9f9f,Time Management,intermediate,"{""coursework""}",,2026-09-03 00:23:00
ccb8e56f-864a-512d-d9ce-129c1b57856c,c98718fa-bbaa-aa00-08de-215083fc5866,AWS,intermediate,"{""coursework""}",,2026-08-28 06:58:00
9d6d898c-a3ef-973c-e096-2a428bb2d4e3,c98718fa-bbaa-aa00-08de-215083fc5866,Cloud Computing,intermediate,"{""coursework""}",,2026-08-28 06:58:00
27d6f1f5-f59a-44f5-36d1-15d21d167bef,c98718fa-bbaa-aa00-08de-215083fc5866,Flask,intermediate,"{""coursework""}",,2026-08-28 06:58:00
3ed3d722-9612-c0f5-a0ae-1153dcd74458,c98718fa-bbaa-aa00-08de-215083fc5866,JavaScript,beginner,"{""certification""}",,2026-08-28 06:58:00
80b7506d-cbec-5016-4e82-fd5e8756e050,c98718fa-bbaa-aa00-08de-215083fc5866,Leadership,intermediate,"{""coursework""}",,2026-08-28 06:58:00
532ff93e-16d2-b311-19ca-745c13db3a41,c98718fa-bbaa-aa00-08de-215083fc5866,Linux,beginner,"{""coursework""}",,2026-08-28 06:58:00
0d9f363b-6547-751d-5e93-0c917543212f,c98718fa-bbaa-aa00-08de-215083fc5866,Problem Solving,beginner,"{""coursework""}",,2026-08-28 06:58:00
697b34a2-d64d-3d6f-fa49-3abadee2e22d,c98718fa-bbaa-aa00-08de-215083fc5866,React,intermediate,"{""certification""}",,2026-08-28 06:58:00
5684257e-7cd3-a605-1b50-4d43a2135d8c,2d88cdbf-e97a-f873-00d4-c31129a48136,C++,intermediate,"{""internship"",""coursework""}",Used during internship.,2026-07-30 20:39:00
40cab143-6fa5-ba64-5662-23339b7cc800,2d88cdbf-e97a-f873-00d4-c31129a48136,Data Analysis,intermediate,"{""certification"",""coursework""}",,2026-07-30 20:39:00
f44afe7d-bb5f-e868-875e-3ac715fd2682,2d88cdbf-e97a-f873-00d4-c31129a48136,Docker,intermediate,"{""internship""}",Used during internship.,2026-07-30 20:39:00
645e6bd4-6f4b-cfc3-3272-72f0ac929046,2d88cdbf-e97a-f873-00d4-c31129a48136,Linux,intermediate,"{""coursework""}",,2026-07-30 20:39:00
849458ec-23f6-64e2-0328-420ccdb9f86d,2d88cdbf-e97a-f873-00d4-c31129a48136,Machine Learning,advanced,"{""project"",""coursework""}",Applied in project work.,2026-07-30 20:39:00
6e5c350b-e7a0-5f0e-5428-400d113d001c,2d88cdbf-e97a-f873-00d4-c31129a48136,Problem Solving,advanced,"{""coursework""}",,2026-07-30 20:39:00
1dd7b791-8d4a-f93a-51ca-63a8e117bd50,2d88cdbf-e97a-f873-00d4-c31129a48136,Python,intermediate,"{""project""}",Applied in project work.,2026-07-30 20:39:00
2ba1a7a1-8c7e-6fb7-7933-9fa8ba1e7371,2d88cdbf-e97a-f873-00d4-c31129a48136,R,intermediate,"{""certification"",""coursework""}",,2026-07-30 20:39:00
bcdb829b-2d7c-60c1-5446-03f1b4322032,2d88cdbf-e97a-f873-00d4-c31129a48136,Research Skills,beginner,"{""coursework""}",,2026-07-30 20:39:00
1dbb8fe6-dcdf-9bbd-95bb-c40bd07f229b,2d88cdbf-e97a-f873-00d4-c31129a48136,SQL,intermediate,"{""certification""}",,2026-07-30 20:39:00
28f7e1e9-487b-e236-a681-42aa1a46e123,2d88cdbf-e97a-f873-00d4-c31129a48136,Tableau,intermediate,"{""certification""}",,2026-07-30 20:39:00
48c43201-1c33-5961-4a4a-199e1ce736df,2d88cdbf-e97a-f873-00d4-c31129a48136,Teamwork,advanced,"{""internship""}",Used during internship.,2026-07-30 20:39:00
f6f2eec0-e320-4881-2bbb-36adc47b0bfa,2b1cd0d3-dace-f960-48d5-a1c51ef9aad8,Communication,beginner,"{""coursework""}",,2026-07-16 14:32:00
ef204561-402e-3ece-8b0b-81a72edb1a87,2b1cd0d3-dace-f960-48d5-a1c51ef9aad8,Data Visualisation,advanced,"{""project"",""internship"",""coursework""}",Applied in project work.,2026-07-16 14:32:00
bc1a494b-e071-fdc2-b9fd-b77de1a3f33c,2b1cd0d3-dace-f960-48d5-a1c51ef9aad8,Deep Learning,advanced,"{""project"",""internship""}",Applied in project work.,2026-07-16 14:32:00
649ff39c-f152-ca82-2c95-722065005015,2b1cd0d3-dace-f960-48d5-a1c51ef9aad8,JavaScript,intermediate,"{""project""}",Applied in project work.,2026-07-16 14:32:00
feb7bbd2-0291-2c35-2879-22f2c7c59195,2b1cd0d3-dace-f960-48d5-a1c51ef9aad8,Python,advanced,"{""project"",""internship"",""coursework""}",Applied in project work.,2026-07-16 14:32:00
f7afb9c6-d5c4-b7af-eff2-7b853f34a4af,2b1cd0d3-dace-f960-48d5-a1c51ef9aad8,Statistical Analysis,intermediate,"{""coursework""}",,2026-07-16 14:32:00
cc5bfff1-489d-c3a5-2507-2f40eacf5049,eb30ea1a-9e7b-fe5a-2276-2a35c5d376db,Azure,beginner,"{""coursework""}",,2026-09-03 06:50:00
4a122a4b-58aa-bc34-6ea8-a10d2ecf0d77,eb30ea1a-9e7b-fe5a-2276-2a35c5d376db,C++,intermediate,"{""coursework""}",,2026-09-03 06:50:00
aa9aecab-cf92-1545-beb4-7aa26fd694ff,eb30ea1a-9e7b-fe5a-2276-2a35c5d376db,Communication,beginner,"{""coursework""}",,2026-09-03 06:50:00
d810983a-ff82-c549-7c42-eb392d89a9e4,eb30ea1a-9e7b-fe5a-2276-2a35c5d376db,Teamwork,beginner,"{""coursework""}",,2026-09-03 06:50:00
b5a6de72-c0e1-6f34-f418-bd37b952b1bf,eb30ea1a-9e7b-fe5a-2276-2a35c5d376db,Time Management,beginner,"{""coursework""}",,2026-09-03 06:50:00
12ad763a-5bc0-4c28-942c-4d48e975bc02,311381e9-a5ea-2820-619e-a1dfe867eaeb,Azure,intermediate,"{""coursework""}",,2026-09-19 14:40:00
bf8d7ae3-4724-b718-5be7-237ebd66ae5c,311381e9-a5ea-2820-619e-a1dfe867eaeb,Cloud Computing,advanced,"{""coursework""}",,2026-09-19 14:40:00
55331856-952b-c2ce-5eeb-eaa8e67520c3,311381e9-a5ea-2820-619e-a1dfe867eaeb,Docker,intermediate,"{""certification"",""coursework""}",,2026-09-19 14:40:00
be143804-08d9-8370-b53e-4f8e305d9a2a,311381e9-a5ea-2820-619e-a1dfe867eaeb,Flask,advanced,"{""project"",""coursework""}",Applied in project work.,2026-09-19 14:40:00
18a4fb51-4b4d-1abd-59dc-5d95113bf124,311381e9-a5ea-2820-619e-a1dfe867eaeb,Leadership,advanced,"{""coursework""}",,2026-09-19 14:40:00
b4394ce5-bf66-91db-ebb4-3d161c1784a6,311381e9-a5ea-2820-619e-a1dfe867eaeb,Linux,advanced,"{""project"",""certification""}",Applied in project work.,2026-09-19 14:40:00
69250338-98be-139e-06a2-04601978fa00,311381e9-a5ea-2820-619e-a1dfe867eaeb,Machine Learning,advanced,"{""project""}",Applied in project work.,2026-09-19 14:40:00
ee837e20-ce83-0930-dc4d-cfcbfa3219ee,311381e9-a5ea-2820-619e-a1dfe867eaeb,Problem Solving,intermediate,"{""project"",""coursework""}",Applied in project work.,2026-09-19 14:40:00
bbf03f2c-5b00-d981-c19d-853466e319ec,311381e9-a5ea-2820-619e-a1dfe867eaeb,Python,advanced,"{""project"",""coursework""}",Applied in project work.,2026-09-19 14:40:00
7dc1a9a6-109c-5648-4076-8b2207cad14e,311381e9-a5ea-2820-619e-a1dfe867eaeb,Research Skills,advanced,"{""coursework""}",,2026-09-19 14:40:00
2471dee4-e7d6-0ad4-ebec-9a01e205eabf,311381e9-a5ea-2820-619e-a1dfe867eaeb,SQL,advanced,"{""project"",""coursework""}",Applied in project work.,2026-09-19 14:40:00
809894c9-d7e1-128a-7ca3-25a0b3ba5df7,311381e9-a5ea-2820-619e-a1dfe867eaeb,Teamwork,advanced,"{""project"",""coursework""}",Applied in project work.,2026-09-19 14:40:00
f5319da6-f5e5-f982-de4d-d5df7753c304,311381e9-a5ea-2820-619e-a1dfe867eaeb,Time Management,advanced,"{""coursework""}",,2026-09-19 14:40:00
0b667998-eaee-13de-0995-4f3dad714fa3,cade2081-e308-2448-1029-2c1270fc3404,C++,beginner,"{""coursework""}",,2026-09-19 07:19:00
8b41d6a0-0613-8a83-40b9-46c8b4d81135,cade2081-e308-2448-1029-2c1270fc3404,Communication,beginner,"{""coursework""}",,2026-09-19 07:19:00
4304b63a-848e-44dc-227c-bee60ba89629,cade2081-e308-2448-1029-2c1270fc3404,Flask,intermediate,"{""project"",""coursework""}",Applied in project work.,2026-09-19 07:19:00
a43b46b4-7213-d4a3-886f-fdb278781136,cade2081-e308-2448-1029-2c1270fc3404,JavaScript,intermediate,"{""project""}",Applied in project work.,2026-09-19 07:19:00
10716f20-c26d-d30c-2f08-0fd0310a1455,cade2081-e308-2448-1029-2c1270fc3404,Leadership,intermediate,"{""internship""}",Used during internship.,2026-09-19 07:19:00
35a9f2b3-02c0-2fbc-daa2-1fe9ea2dc2cb,cade2081-e308-2448-1029-2c1270fc3404,Node.js,beginner,"{""project"",""internship"",""coursework""}",Applied in project work.,2026-09-19 07:19:00
300da02b-47b4-ea3d-0546-085ff66feb4e,cade2081-e308-2448-1029-2c1270fc3404,Problem Solving,beginner,"{""internship""}",Used during internship.,2026-09-19 07:19:00
4e31031d-4e89-95c9-3476-581fb967956d,cade2081-e308-2448-1029-2c1270fc3404,React,intermediate,"{""project""}",Applied in project work.,2026-09-19 07:19:00
10fbe0fc-5c79-2053-694e-c9d50b1b74cc,cade2081-e308-2448-1029-2c1270fc3404,SQL,beginner,"{""project"",""coursework""}",Applied in project work.,2026-09-19 07:19:00
03119338-10cd-81bb-007f-6bd065252940,cade2081-e308-2448-1029-2c1270fc3404,Teamwork,intermediate,"{""project""}",Applied in project work.,2026-09-19 07:19:00
09f114d3-398e-1c11-79ff-479981b5b4d9,c284d2f5-78ec-798b-b883-2e4e0c1d7fd5,C++,intermediate,"{""project""}",Applied in project work.,2026-07-20 08:22:00
51af9035-40be-e298-9640-f5691dedc0fb,c284d2f5-78ec-798b-b883-2e4e0c1d7fd5,Git,intermediate,"{""project"",""internship"",""coursework""}",Applied in project work.,2026-07-20 08:22:00
a52bdb1c-15a1-6bb6-d43b-aff3cef90eae,c284d2f5-78ec-798b-b883-2e4e0c1d7fd5,R,beginner,"{""internship"",""coursework""}",Used during internship.,2026-07-20 08:22:00
392d3cda-b964-9f94-d40b-6abc74cc7889,c284d2f5-78ec-798b-b883-2e4e0c1d7fd5,Teamwork,intermediate,"{""internship""}",Used during internship.,2026-07-20 08:22:00
0e1f9be0-2f97-e3ae-4773-6cafa81f79c0,1b60a402-cb9c-a88c-a238-f54ba05a582f,AI Literacy,beginner,"{""coursework""}",,2026-09-04 20:18:00
c179981c-5629-d311-b80f-a0c559266a34,1b60a402-cb9c-a88c-a238-f54ba05a582f,Problem Solving,beginner,"{""coursework""}",,2026-09-04 20:18:00
efdd42c0-484c-6265-4458-ce4151d1fedf,1b60a402-cb9c-a88c-a238-f54ba05a582f,SQL,intermediate,"{""coursework""}",,2026-09-04 20:18:00
04030ebe-ce21-e01c-1d6f-5a801508b722,ed584d65-967b-35b8-cd70-38f4f8d822ef,Docker,intermediate,"{""certification"",""coursework""}",,2026-07-18 12:36:00
28332130-3e00-0000-3b1e-4290038711ad,ed584d65-967b-35b8-cd70-38f4f8d822ef,FastAPI,intermediate,"{""project""}",Applied in project work.,2026-07-18 12:36:00
49072a0a-b164-64e8-0c08-9916c6cc82e1,ed584d65-967b-35b8-cd70-38f4f8d822ef,Git,intermediate,"{""project"",""coursework""}",Applied in project work.,2026-07-18 12:36:00
4ed65164-2275-64fe-3e88-bcb676ad3bb6,ed584d65-967b-35b8-cd70-38f4f8d822ef,JavaScript,intermediate,"{""coursework""}",,2026-07-18 12:36:00
87b564d7-c5ce-3692-6c53-3408a8cee611,ed584d65-967b-35b8-cd70-38f4f8d822ef,Problem Solving,advanced,"{""internship""}",Used during internship.,2026-07-18 12:36:00
cfb068cf-99c8-bc55-41a1-4527e4636d0c,ed584d65-967b-35b8-cd70-38f4f8d822ef,Python,intermediate,"{""project""}",Applied in project work.,2026-07-18 12:36:00
a39b3864-36ba-eaa4-c138-20b90f51cc53,ed584d65-967b-35b8-cd70-38f4f8d822ef,SQL,intermediate,"{""project"",""internship""}",Applied in project work.,2026-07-18 12:36:00
cd843c95-19e1-be61-fb8c-799f836fe96e,ed584d65-967b-35b8-cd70-38f4f8d822ef,Teamwork,intermediate,"{""internship""}",Used during internship.,2026-07-18 12:36:00
ed6daec9-c8bf-be4a-6c80-3a41dd57077a,ae1a309e-ef55-4b80-edd8-ece81af3c49c,C++,intermediate,"{""coursework""}",,2026-08-24 18:50:00
bf8e2640-3e8d-544a-f23c-3d37fc804f90,ae1a309e-ef55-4b80-edd8-ece81af3c49c,Docker,intermediate,"{""certification"",""internship"",""coursework""}",Used during internship.,2026-08-24 18:50:00
c6637058-50e2-f229-22d6-bd79ab765b40,ae1a309e-ef55-4b80-edd8-ece81af3c49c,FastAPI,intermediate,"{""project"",""internship""}",Applied in project work.,2026-08-24 18:50:00
1bd1a6a5-68cb-a1df-d51f-fbfe1faa6188,ae1a309e-ef55-4b80-edd8-ece81af3c49c,Flask,beginner,"{""project"",""coursework""}",Applied in project work.,2026-08-24 18:50:00
4fa3230b-9c71-aebd-b725-f18d9224e427,ae1a309e-ef55-4b80-edd8-ece81af3c49c,Git,intermediate,"{""project""}",Applied in project work.,2026-08-24 18:50:00
b3a79fe1-cac7-78cf-69c0-137924446c8d,ae1a309e-ef55-4b80-edd8-ece81af3c49c,Java,advanced,"{""project"",""coursework""}",Applied in project work.,2026-08-24 18:50:00
c3605570-7047-5317-35ab-e59350888c74,ae1a309e-ef55-4b80-edd8-ece81af3c49c,Machine Learning,intermediate,"{""coursework""}",,2026-08-24 18:50:00
f8a248a9-890a-697b-5115-3d21e0bda058,ae1a309e-ef55-4b80-edd8-ece81af3c49c,Problem Solving,advanced,"{""coursework""}",,2026-08-24 18:50:00
88aae39a-0f5d-e2ac-5e66-01de9ff7386b,ae1a309e-ef55-4b80-edd8-ece81af3c49c,Python,beginner,"{""project"",""coursework""}",Applied in project work.,2026-08-24 18:50:00
d128b80b-949d-94e2-9cae-b54fd9fcd8b5,ae1a309e-ef55-4b80-edd8-ece81af3c49c,SQL,intermediate,"{""project"",""coursework""}",Applied in project work.,2026-08-24 18:50:00
31e1ed5e-2231-6896-3106-65c1cc8ffff1,ae1a309e-ef55-4b80-edd8-ece81af3c49c,Teamwork,intermediate,"{""internship""}",Used during internship.,2026-08-24 18:50:00
a6ce6b4d-e738-eb30-5a04-d51d8ffe2a70,a51432f8-e03a-aa06-5550-7cf0a0eab37e,Data Visualisation,advanced,"{""project""}",Applied in project work.,2026-08-13 09:57:00
054c71d8-613d-22c9-cdf1-3dcfa739bb7d,a51432f8-e03a-aa06-5550-7cf0a0eab37e,Git,intermediate,"{""internship""}",Used during internship.,2026-08-13 09:57:00
77c0fc27-063c-47eb-4110-df55d8b08cf3,a51432f8-e03a-aa06-5550-7cf0a0eab37e,JavaScript,advanced,"{""project""}",Applied in project work.,2026-08-13 09:57:00
fa4eacb9-cf50-c4ca-40d7-08ea5c473391,a51432f8-e03a-aa06-5550-7cf0a0eab37e,Linux,advanced,"{""internship"",""coursework""}",Used during internship.,2026-08-13 09:57:00
0f796d34-6f23-d00e-c173-550317b3502e,a51432f8-e03a-aa06-5550-7cf0a0eab37e,React,advanced,"{""project"",""internship"",""coursework""}",Applied in project work.,2026-08-13 09:57:00
fc798076-dabc-3619-9d4f-a114fddc4552,a51432f8-e03a-aa06-5550-7cf0a0eab37e,Teamwork,advanced,"{""coursework""}",,2026-08-13 09:57:00
24cb524d-cd0f-a825-a8a3-acf0dcf886a2,f025bd70-ab1e-26b7-5c4e-3ef222d5df3d,Azure,advanced,"{""certification""}",,2026-07-15 01:16:00
aeca599c-ee88-d132-2523-0758d99a0673,f025bd70-ab1e-26b7-5c4e-3ef222d5df3d,Cloud Computing,advanced,"{""certification"",""coursework""}",,2026-07-15 01:16:00
99860656-3699-56ab-2951-9a0f060f22eb,f025bd70-ab1e-26b7-5c4e-3ef222d5df3d,Communication,intermediate,"{""coursework""}",,2026-07-15 01:16:00
1a346605-6330-c4ba-79cd-d554211c8a9e,f025bd70-ab1e-26b7-5c4e-3ef222d5df3d,Data Analysis,intermediate,"{""coursework""}",,2026-07-15 01:16:00
b5e2cf5d-4547-98d9-d0d1-cc8aeb0a0a80,f025bd70-ab1e-26b7-5c4e-3ef222d5df3d,Data Visualisation,advanced,"{""project"",""coursework""}",Applied in project work.,2026-07-15 01:16:00
63b24106-ec4a-c04e-ba78-7bec4735d159,f025bd70-ab1e-26b7-5c4e-3ef222d5df3d,Excel,beginner,"{""coursework""}",,2026-07-15 01:16:00
29d2a737-14ad-450d-196b-aadd5dd86468,f025bd70-ab1e-26b7-5c4e-3ef222d5df3d,Leadership,beginner,"{""coursework""}",,2026-07-15 01:16:00
59a7b110-0412-8fb4-f6fe-b3321f6dd463,f025bd70-ab1e-26b7-5c4e-3ef222d5df3d,Power BI,intermediate,"{""coursework""}",,2026-07-15 01:16:00
cdfe0004-de94-3130-b514-db3222c78ae8,f025bd70-ab1e-26b7-5c4e-3ef222d5df3d,Problem Solving,intermediate,"{""coursework""}",,2026-07-15 01:16:00
4abd78b0-a65c-87d4-c662-ca417a116484,f025bd70-ab1e-26b7-5c4e-3ef222d5df3d,Python,intermediate,"{""project"",""coursework""}",Applied in project work.,2026-07-15 01:16:00
2b71fe06-5b44-0dac-9671-0d4f56a89706,f025bd70-ab1e-26b7-5c4e-3ef222d5df3d,SQL,intermediate,"{""project""}",Applied in project work.,2026-07-15 01:16:00
c7a3d6b2-713e-125f-2284-5732f287070e,f025bd70-ab1e-26b7-5c4e-3ef222d5df3d,Statistical Analysis,advanced,"{""coursework""}",,2026-07-15 01:16:00
cb6a3765-7b44-d71e-7d88-c4456b850d90,f025bd70-ab1e-26b7-5c4e-3ef222d5df3d,Tableau,intermediate,"{""coursework""}",,2026-07-15 01:16:00
e9209932-378e-d10b-43d6-b29db2ff8d07,f025bd70-ab1e-26b7-5c4e-3ef222d5df3d,Time Management,intermediate,"{""coursework""}",,2026-07-15 01:16:00
0d3ece41-5c81-8499-fcf6-f900917f06dc,c50d751e-6b11-2953-9ba0-11d637486850,Git,beginner,"{""coursework""}",,2026-07-06 09:24:00
779212ee-3ba1-e0f0-d75f-36ef35a7da65,c50d751e-6b11-2953-9ba0-11d637486850,Problem Solving,intermediate,"{""coursework""}",,2026-07-06 09:24:00
79f10a21-9cbf-be47-2153-65f0fb7eec4d,c50d751e-6b11-2953-9ba0-11d637486850,Teamwork,beginner,"{""coursework""}",,2026-07-06 09:24:00
48734df7-9ae1-da0c-e2d0-33eb00c642f5,ab7abdeb-7430-ba0d-b0b9-64acaf327821,Data Analysis,advanced,"{""project""}",Applied in project work.,2026-08-18 05:42:00
2b573ecd-0304-7d1c-5612-872b7700ddb4,ab7abdeb-7430-ba0d-b0b9-64acaf327821,Data Visualisation,intermediate,"{""project""}",Applied in project work.,2026-08-18 05:42:00
0c0d640b-0626-176b-eec9-09563895c13c,ab7abdeb-7430-ba0d-b0b9-64acaf327821,Machine Learning,intermediate,"{""coursework""}",,2026-08-18 05:42:00
7e5e33b2-6c56-a1fd-8bd7-ab16a011eba5,ab7abdeb-7430-ba0d-b0b9-64acaf327821,Power BI,intermediate,"{""coursework""}",,2026-08-18 05:42:00
8a8cb8fb-aeca-219c-5736-7c2b53152dbb,ab7abdeb-7430-ba0d-b0b9-64acaf327821,Python,beginner,"{""project""}",Applied in project work.,2026-08-18 05:42:00
56ba4154-9673-9276-0140-3584fdab152c,ab7abdeb-7430-ba0d-b0b9-64acaf327821,Research Skills,intermediate,"{""coursework""}",,2026-08-18 05:42:00
e8a2a582-d42f-3073-9e5d-6bfe4bf2f544,ab7abdeb-7430-ba0d-b0b9-64acaf327821,SQL,advanced,"{""project""}",Applied in project work.,2026-08-18 05:42:00
698c970f-640d-354a-3f83-fb80e6b8c62f,ab7abdeb-7430-ba0d-b0b9-64acaf327821,Statistical Analysis,intermediate,"{""project"",""coursework""}",Applied in project work.,2026-08-18 05:42:00
f497635f-6de3-3b9f-806f-bdad2d903059,ab7abdeb-7430-ba0d-b0b9-64acaf327821,Teamwork,intermediate,"{""coursework""}",,2026-08-18 05:42:00
49bc8114-1ff5-8356-e949-1f6c8a490574,ab7abdeb-7430-ba0d-b0b9-64acaf327821,Time Management,intermediate,"{""coursework""}",,2026-08-18 05:42:00
0d6918c5-7903-7f06-745b-08a93774d2d5,425e3ac3-b053-8ba8-f455-8bdeae962d14,Data Analysis,intermediate,"{""project""}",Applied in project work.,2026-07-19 12:37:00
6e608224-1c09-2736-d7f0-4aeae0f9fdf8,425e3ac3-b053-8ba8-f455-8bdeae962d14,Machine Learning,advanced,"{""project"",""coursework""}",Applied in project work.,2026-07-19 12:37:00
98feadc1-ab84-c64a-ad00-7b745b3b5572,425e3ac3-b053-8ba8-f455-8bdeae962d14,Node.js,intermediate,"{""coursework""}",,2026-07-19 12:37:00
efbe5e77-fc8f-9911-3f31-6aa1fb6fed47,425e3ac3-b053-8ba8-f455-8bdeae962d14,Python,advanced,"{""project""}",Applied in project work.,2026-07-19 12:37:00
00b3c33c-70bd-c8a6-4539-682f03bc2ae1,425e3ac3-b053-8ba8-f455-8bdeae962d14,R,advanced,"{""project"",""coursework""}",Applied in project work.,2026-07-19 12:37:00
cd42d024-117a-4942-5835-1f3a6394146d,425e3ac3-b053-8ba8-f455-8bdeae962d14,Statistical Analysis,intermediate,"{""project"",""coursework""}",Applied in project work.,2026-07-19 12:37:00
a30a14a8-d262-6cfe-3ef2-a267f9bcd06e,c6012ed5-f883-f532-d56c-02870cd837a6,Cloud Computing,intermediate,"{""internship""}",Used during internship.,2026-07-27 20:41:00
969b4652-2000-a583-3065-758ea77c0194,c6012ed5-f883-f532-d56c-02870cd837a6,Communication,intermediate,"{""coursework""}",,2026-07-27 20:41:00
adfdc6e7-e3d8-b081-9dd5-121c4457fce3,c6012ed5-f883-f532-d56c-02870cd837a6,Data Visualisation,beginner,"{""project""}",Applied in project work.,2026-07-27 20:41:00
b85a42ae-dda1-52ed-719d-6df5dbeefce0,c6012ed5-f883-f532-d56c-02870cd837a6,Excel,intermediate,"{""project"",""internship""}",Applied in project work.,2026-07-27 20:41:00
6d1acd2e-0b23-7056-cd1f-e8a67f92e22f,c6012ed5-f883-f532-d56c-02870cd837a6,Git,beginner,"{""coursework""}",,2026-07-27 20:41:00
6098844c-f04a-ccdc-45b9-1b527fac17b4,c6012ed5-f883-f532-d56c-02870cd837a6,Leadership,beginner,"{""coursework""}",,2026-07-27 20:41:00
fe2c7432-0808-f75f-71f4-ad4edf337ee8,c6012ed5-f883-f532-d56c-02870cd837a6,Power BI,intermediate,"{""project"",""coursework""}",Applied in project work.,2026-07-27 20:41:00
144ff1ec-975c-5d37-bbb6-a450471c7f3d,c6012ed5-f883-f532-d56c-02870cd837a6,Problem Solving,intermediate,"{""coursework""}",,2026-07-27 20:41:00
326cf871-48a1-551b-f337-24bde448e32e,c6012ed5-f883-f532-d56c-02870cd837a6,Python,beginner,"{""coursework""}",,2026-07-27 20:41:00
ba6be41e-a90a-91f1-151b-5289700bfc99,c6012ed5-f883-f532-d56c-02870cd837a6,R,beginner,"{""internship"",""coursework""}",Used during internship.,2026-07-27 20:41:00
59e21c5f-c7d3-2fbc-ec49-6f6742317a90,53357525-bd32-9999-0197-106fd51b62b3,AWS,beginner,"{""coursework""}",,2026-08-25 23:38:00
aab060a0-d3df-72d2-d47e-021d5d066099,53357525-bd32-9999-0197-106fd51b62b3,Communication,beginner,"{""coursework""}",,2026-08-25 23:38:00
a6601381-76f3-eab6-f35b-811abbed3411,53357525-bd32-9999-0197-106fd51b62b3,Flask,beginner,"{""project"",""coursework""}",Applied in project work.,2026-08-25 23:38:00
d67bb24d-96cf-072d-8c4d-6a496aedb75b,53357525-bd32-9999-0197-106fd51b62b3,JavaScript,beginner,"{""project""}",Applied in project work.,2026-08-25 23:38:00
66e0e965-1946-6804-e456-61c215a308fc,53357525-bd32-9999-0197-106fd51b62b3,Leadership,beginner,"{""coursework""}",,2026-08-25 23:38:00
ebae1701-7dd6-3b51-6692-6a49a724f9a8,53357525-bd32-9999-0197-106fd51b62b3,Linux,beginner,"{""coursework""}",,2026-08-25 23:38:00
c07849f2-733b-08b8-f234-4a79aad83bb4,53357525-bd32-9999-0197-106fd51b62b3,Machine Learning,beginner,"{""certification""}",,2026-08-25 23:38:00
669f7676-6286-a2dc-6eda-a280b8362d73,53357525-bd32-9999-0197-106fd51b62b3,Problem Solving,intermediate,"{""coursework""}",,2026-08-25 23:38:00
0bff9a36-64e0-638a-f900-8cca7b0c65ef,53357525-bd32-9999-0197-106fd51b62b3,Python,beginner,"{""certification""}",,2026-08-25 23:38:00
d990f664-578e-d08c-eda6-bf2ebcc5b7da,53357525-bd32-9999-0197-106fd51b62b3,SQL,intermediate,"{""project""}",Applied in project work.,2026-08-25 23:38:00
545c3a0d-4f93-f03c-6f8f-f48e960baaa4,53357525-bd32-9999-0197-106fd51b62b3,Teamwork,intermediate,"{""project""}",Applied in project work.,2026-08-25 23:38:00
1ab627e3-6487-af4d-91cb-9dae274a7225,7cd6aaf9-8053-d634-8eed-838597e18094,Azure,intermediate,"{""coursework""}",,2026-08-29 21:18:00
58b06e00-40c1-6f6f-efb8-1576751c09a8,7cd6aaf9-8053-d634-8eed-838597e18094,Data Visualisation,intermediate,"{""project"",""certification"",""coursework""}",Applied in project work.,2026-08-29 21:18:00
513fe5be-360c-0575-85f5-d6b3f42597f7,7cd6aaf9-8053-d634-8eed-838597e18094,Docker,advanced,"{""project"",""coursework""}",Applied in project work.,2026-08-29 21:18:00
806d843f-a671-56dc-3320-c6808bd43a8d,7cd6aaf9-8053-d634-8eed-838597e18094,Excel,beginner,"{""project"",""certification"",""coursework""}",Applied in project work.,2026-08-29 21:18:00
3dd54bf2-a81f-82c2-16c8-32bdece8de0a,7cd6aaf9-8053-d634-8eed-838597e18094,Git,intermediate,"{""coursework""}",,2026-08-29 21:18:00
f92f38cd-6e99-4472-9e1c-df79e9f33642,7cd6aaf9-8053-d634-8eed-838597e18094,JavaScript,advanced,"{""coursework""}",,2026-08-29 21:18:00
ced1940b-340d-ada3-fcac-8da5a8346f29,7cd6aaf9-8053-d634-8eed-838597e18094,Node.js,intermediate,"{""project""}",Applied in project work.,2026-08-29 21:18:00
8985d26c-be9a-cfb5-e29e-26e4b5e947ee,7cd6aaf9-8053-d634-8eed-838597e18094,Power BI,intermediate,"{""project"",""certification""}",Applied in project work.,2026-08-29 21:18:00
a74064f6-76c7-1549-117b-917a401605b6,7cd6aaf9-8053-d634-8eed-838597e18094,Python,beginner,"{""coursework""}",,2026-08-29 21:18:00
b147b822-0bc0-c638-e769-c88d631750bd,7cd6aaf9-8053-d634-8eed-838597e18094,SQL,advanced,"{""project""}",Applied in project work.,2026-08-29 21:18:00
fe416ff2-9549-9817-bffe-2cba9d5ece04,7cd6aaf9-8053-d634-8eed-838597e18094,Time Management,advanced,"{""coursework""}",,2026-08-29 21:18:00
e627484b-4625-ed2d-a248-07760a9d7e8f,97877d94-2b09-f48e-f2f0-3734b42473b7,AI Literacy,advanced,"{""coursework""}",,2026-07-18 23:43:00
b91ece46-fc79-200a-d0c5-389f4e03d532,97877d94-2b09-f48e-f2f0-3734b42473b7,Azure,intermediate,"{""certification"",""coursework""}",,2026-07-18 23:43:00
092071b3-2687-743e-2ed0-b69fb049ec0b,97877d94-2b09-f48e-f2f0-3734b42473b7,Cloud Computing,beginner,"{""certification"",""coursework""}",,2026-07-18 23:43:00
9a042261-3c5e-d00e-cabf-e4eca1d5df33,97877d94-2b09-f48e-f2f0-3734b42473b7,Communication,beginner,"{""coursework""}",,2026-07-18 23:43:00
859ccbca-0956-1195-5a51-911dad98d673,97877d94-2b09-f48e-f2f0-3734b42473b7,Deep Learning,intermediate,"{""coursework""}",,2026-07-18 23:43:00
ac70d3f6-3d96-ce1a-52b2-445520d377ac,97877d94-2b09-f48e-f2f0-3734b42473b7,Problem Solving,beginner,"{""coursework""}",,2026-07-18 23:43:00
1b129d36-6d90-cc36-6802-664663bf0bf1,460e372b-ac2d-0f39-10c7-9b7c48a84b3a,Excel,intermediate,"{""project"",""coursework""}",Applied in project work.,2026-07-08 13:49:00
379785a0-9481-48e4-3f3f-87bbaeef749f,460e372b-ac2d-0f39-10c7-9b7c48a84b3a,Flask,intermediate,"{""project"",""coursework""}",Applied in project work.,2026-07-08 13:49:00
7671a0dd-2de2-279c-4429-59f19b7289e5,460e372b-ac2d-0f39-10c7-9b7c48a84b3a,Java,beginner,"{""project""}",Applied in project work.,2026-07-08 13:49:00
11a849e8-f633-40a4-238a-c003d50f90f3,460e372b-ac2d-0f39-10c7-9b7c48a84b3a,Leadership,beginner,"{""coursework""}",,2026-07-08 13:49:00
daa045ad-d49c-131c-4132-ed9de27bd8c7,460e372b-ac2d-0f39-10c7-9b7c48a84b3a,Problem Solving,intermediate,"{""coursework""}",,2026-07-08 13:49:00
6fc9370f-0cf0-22d5-91c3-ce8c3fe33974,460e372b-ac2d-0f39-10c7-9b7c48a84b3a,Python,intermediate,"{""project"",""certification"",""coursework""}",Applied in project work.,2026-07-08 13:49:00
e2a40532-a4df-6a9e-9cef-cd44f8f15c22,460e372b-ac2d-0f39-10c7-9b7c48a84b3a,SQL,beginner,"{""project"",""coursework""}",Applied in project work.,2026-07-08 13:49:00
cff692bf-49bb-c6bb-e442-6d8d2e51cb19,460e372b-ac2d-0f39-10c7-9b7c48a84b3a,Time Management,beginner,"{""coursework""}",,2026-07-08 13:49:00
a256c145-3632-63fa-6c49-70c3aa64dbf0,1ca6edcc-eb40-e2bc-732e-1a5138968e31,C++,advanced,"{""project""}",Applied in project work.,2026-09-15 17:16:00
79d0ef42-f514-3d9b-a538-321d6c93b0bf,1ca6edcc-eb40-e2bc-732e-1a5138968e31,Communication,intermediate,"{""coursework""}",,2026-09-15 17:16:00
6709672f-489f-aa3a-54a9-1f62e27c4696,1ca6edcc-eb40-e2bc-732e-1a5138968e31,Docker,advanced,"{""project""}",Applied in project work.,2026-09-15 17:16:00
f6c3eb8d-4f1e-f627-a877-47a18d805e12,1ca6edcc-eb40-e2bc-732e-1a5138968e31,FastAPI,intermediate,"{""project"",""coursework""}",Applied in project work.,2026-09-15 17:16:00
4633216e-4a0f-3b41-3dc7-c09a071e8de9,1ca6edcc-eb40-e2bc-732e-1a5138968e31,Git,advanced,"{""project"",""coursework""}",Applied in project work.,2026-09-15 17:16:00
60e81149-d1ee-7ebd-497b-9689b63473ed,1ca6edcc-eb40-e2bc-732e-1a5138968e31,Java,intermediate,"{""project""}",Applied in project work.,2026-09-15 17:16:00
ab8f225a-c2be-527d-f8de-0e09c9f8ca58,1ca6edcc-eb40-e2bc-732e-1a5138968e31,Leadership,intermediate,"{""coursework""}",,2026-09-15 17:16:00
558d220f-10a7-a34d-c56e-fa11d2831e33,1ca6edcc-eb40-e2bc-732e-1a5138968e31,Linux,advanced,"{""coursework""}",,2026-09-15 17:16:00
5538bb91-3360-d07d-bc1e-ede2692b6788,1ca6edcc-eb40-e2bc-732e-1a5138968e31,Node.js,intermediate,"{""project"",""coursework""}",Applied in project work.,2026-09-15 17:16:00
1167779a-c19c-b764-fcf4-dd11f90dd71f,1ca6edcc-eb40-e2bc-732e-1a5138968e31,Problem Solving,intermediate,"{""coursework""}",,2026-09-15 17:16:00
c9a0adc9-1bb4-a6ed-5dcf-b9ff83c1a4ed,1ca6edcc-eb40-e2bc-732e-1a5138968e31,Python,advanced,"{""project"",""certification""}",Applied in project work.,2026-09-15 17:16:00
b421772e-5be5-cfe7-62f8-8815acb3d8ac,1ca6edcc-eb40-e2bc-732e-1a5138968e31,React,advanced,"{""coursework""}",,2026-09-15 17:16:00
688c1f66-9475-5d1c-e9c2-2cd65c65f43f,1ca6edcc-eb40-e2bc-732e-1a5138968e31,SQL,advanced,"{""project""}",Applied in project work.,2026-09-15 17:16:00
c4e5b7e4-ebea-8fee-a3fc-1bfaedb9610a,1ca6edcc-eb40-e2bc-732e-1a5138968e31,Teamwork,intermediate,"{""coursework""}",,2026-09-15 17:16:00
729caf22-380b-a8c8-b491-1a813a89dcfa,1ca6edcc-eb40-e2bc-732e-1a5138968e31,Time Management,intermediate,"{""coursework""}",,2026-09-15 17:16:00
4b47624a-a801-60c6-ffac-340ba8c35a5f,f883dac3-2f1b-621c-28e5-c281905f4447,AI Literacy,intermediate,"{""certification""}",,2026-08-11 12:09:00
fa1c0356-f36d-22ad-0ce0-4aeb0627f5ac,f883dac3-2f1b-621c-28e5-c281905f4447,Cloud Computing,beginner,"{""coursework""}",,2026-08-11 12:09:00
66348012-4dae-c94a-4f8a-49c727e469a3,f883dac3-2f1b-621c-28e5-c281905f4447,Communication,intermediate,"{""coursework""}",,2026-08-11 12:09:00
6e722b84-38d3-bf9e-8fdf-c543b015d2cb,f883dac3-2f1b-621c-28e5-c281905f4447,Data Analysis,beginner,"{""coursework""}",,2026-08-11 12:09:00
f7becc2c-ae14-f515-013f-68b4d1d00f29,f883dac3-2f1b-621c-28e5-c281905f4447,Data Visualisation,intermediate,"{""coursework""}",,2026-08-11 12:09:00
aea9abff-e0f8-cd08-28a5-17bf816c5065,f883dac3-2f1b-621c-28e5-c281905f4447,Deep Learning,intermediate,"{""coursework""}",,2026-08-11 12:09:00
878548f5-0432-c9c6-ba91-1958e7c9ba3e,f883dac3-2f1b-621c-28e5-c281905f4447,Leadership,intermediate,"{""coursework""}",,2026-08-11 12:09:00
92242628-2a48-687c-6d5b-408da21a28bb,f883dac3-2f1b-621c-28e5-c281905f4447,Machine Learning,intermediate,"{""project"",""coursework""}",Applied in project work.,2026-08-11 12:09:00
90c8e571-615c-d51b-6083-4ecd2f325b13,f883dac3-2f1b-621c-28e5-c281905f4447,Natural Language Processing,intermediate,"{""project"",""coursework""}",Applied in project work.,2026-08-11 12:09:00
72ab4599-53d0-1efa-248b-7d4fc72f0838,f883dac3-2f1b-621c-28e5-c281905f4447,Python,advanced,"{""project""}",Applied in project work.,2026-08-11 12:09:00
a1cb3a52-3ebb-708b-7ce3-304c28a9b672,f883dac3-2f1b-621c-28e5-c281905f4447,R,advanced,"{""coursework""}",,2026-08-11 12:09:00
b7b58b6b-d1ed-fcaa-8a50-eb5debfbddbf,f883dac3-2f1b-621c-28e5-c281905f4447,Statistical Analysis,intermediate,"{""project""}",Applied in project work.,2026-08-11 12:09:00
0e0acb92-f600-60af-793c-51512a67d5d1,f883dac3-2f1b-621c-28e5-c281905f4447,Teamwork,beginner,"{""coursework""}",,2026-08-11 12:09:00
44922815-30cc-1415-bdbf-633c944d2520,5a7aea76-0bc4-e069-1af8-8e4665d370e5,Communication,intermediate,"{""coursework""}",,2026-08-19 11:58:00
eb1e53d0-ca3c-8020-d523-e33fa539064f,5a7aea76-0bc4-e069-1af8-8e4665d370e5,Excel,beginner,"{""project"",""coursework""}",Applied in project work.,2026-08-19 11:58:00
f82d76ff-9a3b-5491-7e6b-f58ff72eb034,5a7aea76-0bc4-e069-1af8-8e4665d370e5,Python,intermediate,"{""certification"",""coursework""}",,2026-08-19 11:58:00
c6a11860-174f-a387-009a-912fce9b05f6,5a7aea76-0bc4-e069-1af8-8e4665d370e5,R,beginner,"{""coursework""}",,2026-08-19 11:58:00
ccbf98f8-ee2d-604c-28f2-05b02862763d,5a7aea76-0bc4-e069-1af8-8e4665d370e5,SQL,intermediate,"{""project""}",Applied in project work.,2026-08-19 11:58:00
3d0b950b-8793-cfe4-4f14-8ea5d99567be,5d22cfba-1972-aec9-9476-f6173d8ecdff,Communication,beginner,"{""coursework""}",,2026-08-01 22:28:00
1d1d931c-7b20-29bd-c732-b28ee8e02c58,5d22cfba-1972-aec9-9476-f6173d8ecdff,Data Visualisation,intermediate,"{""project"",""coursework""}",Applied in project work.,2026-08-01 22:28:00
b8022430-48e0-abb4-5007-9cce129e776e,5d22cfba-1972-aec9-9476-f6173d8ecdff,Docker,advanced,"{""internship"",""coursework""}",Used during internship.,2026-08-01 22:28:00
0eff4129-a058-dffc-f9f3-4c6177171798,5d22cfba-1972-aec9-9476-f6173d8ecdff,Excel,intermediate,"{""project"",""internship"",""coursework""}",Applied in project work.,2026-08-01 22:28:00
02c372f7-73c3-1f07-8d6d-55bfb0a095fe,5d22cfba-1972-aec9-9476-f6173d8ecdff,JavaScript,intermediate,"{""coursework""}",,2026-08-01 22:28:00
4127eed6-d801-0e0a-087e-66eee7f70fa9,5d22cfba-1972-aec9-9476-f6173d8ecdff,Node.js,advanced,"{""internship"",""coursework""}",Used during internship.,2026-08-01 22:28:00
fdc374f1-a823-4f22-3cc7-42599f8cf4d2,5d22cfba-1972-aec9-9476-f6173d8ecdff,Power BI,advanced,"{""project"",""coursework""}",Applied in project work.,2026-08-01 22:28:00
33bd2f2c-ba22-95eb-eedf-1e0e8b99d42e,5d22cfba-1972-aec9-9476-f6173d8ecdff,Python,beginner,"{""coursework""}",,2026-08-01 22:28:00
1d31350d-a43a-2aab-9161-ffaab6a12591,5d22cfba-1972-aec9-9476-f6173d8ecdff,React,intermediate,"{""coursework""}",,2026-08-01 22:28:00
0666de8b-033a-fd4a-ae67-4484aa8346f4,5d22cfba-1972-aec9-9476-f6173d8ecdff,SQL,intermediate,"{""coursework""}",,2026-08-01 22:28:00
36f63ffb-b5ce-eed1-ded4-cdb199ad7c9f,5d22cfba-1972-aec9-9476-f6173d8ecdff,Time Management,intermediate,"{""coursework""}",,2026-08-01 22:28:00
ac783213-f207-4bcb-486d-00d205ed8c70,5c66f44b-2901-6181-6266-c153736c1975,C++,intermediate,"{""coursework""}",,2026-07-12 16:31:00
1302b244-c780-9e9b-47f0-652e859b9fb3,5c66f44b-2901-6181-6266-c153736c1975,Data Analysis,beginner,"{""coursework""}",,2026-07-12 16:31:00
5285a7db-7286-19db-0708-2f9757bc5663,5c66f44b-2901-6181-6266-c153736c1975,Docker,intermediate,"{""project"",""coursework""}",Applied in project work.,2026-07-12 16:31:00
4a8cf63a-8c39-3f4c-29ef-e33b51e59f8d,5c66f44b-2901-6181-6266-c153736c1975,FastAPI,intermediate,"{""coursework""}",,2026-07-12 16:31:00
3b913c6b-0ff1-e4a2-7253-21827d488d20,5c66f44b-2901-6181-6266-c153736c1975,Java,beginner,"{""coursework""}",,2026-07-12 16:31:00
bbdcb66d-0cac-c178-7dfc-b8ef9c2719e3,5c66f44b-2901-6181-6266-c153736c1975,Linux,beginner,"{""coursework""}",,2026-07-12 16:31:00
ff0638b2-3a2b-3540-b9e0-2fb5a7b16a59,5c66f44b-2901-6181-6266-c153736c1975,Machine Learning,intermediate,"{""certification"",""coursework""}",,2026-07-12 16:31:00
56f95d20-0a53-8f38-d4ad-dbba4b4b254e,5c66f44b-2901-6181-6266-c153736c1975,Node.js,beginner,"{""project"",""coursework""}",Applied in project work.,2026-07-12 16:31:00
b7c76342-53e2-6216-526a-0ccb3b778820,5c66f44b-2901-6181-6266-c153736c1975,Problem Solving,intermediate,"{""coursework""}",,2026-07-12 16:31:00
a4285cc0-745e-33fd-2ac0-6056711e20c3,5c66f44b-2901-6181-6266-c153736c1975,Python,advanced,"{""certification""}",,2026-07-12 16:31:00
b99f1fe4-ee0a-79f1-3e0c-4383715430a9,5c66f44b-2901-6181-6266-c153736c1975,SQL,intermediate,"{""project""}",Applied in project work.,2026-07-12 16:31:00
18afda08-076b-b877-bce0-08f0662bcd70,c05c2cf8-1709-a4cc-1ba1-f57c5c6aec85,Docker,beginner,"{""project"",""certification"",""coursework""}",Applied in project work.,2026-07-04 23:34:00
54c35fcd-4e71-c76a-6c13-0b4c7329666b,c05c2cf8-1709-a4cc-1ba1-f57c5c6aec85,Excel,intermediate,"{""project"",""coursework""}",Applied in project work.,2026-07-04 23:34:00
f297de6a-deb8-6e1b-7bb1-17bbe64569fa,c05c2cf8-1709-a4cc-1ba1-f57c5c6aec85,FastAPI,intermediate,"{""internship"",""coursework""}",Used during internship.,2026-07-04 23:34:00
8e1c4473-34a4-8af8-aa5c-f0fa270edaaa,c05c2cf8-1709-a4cc-1ba1-f57c5c6aec85,Flask,intermediate,"{""coursework""}",,2026-07-04 23:34:00
f50e7942-599a-0b6c-fc34-7d6eb4374902,c05c2cf8-1709-a4cc-1ba1-f57c5c6aec85,Git,intermediate,"{""coursework""}",,2026-07-04 23:34:00
22cfe7d0-a838-ebc6-75df-f95a70bfe17b,c05c2cf8-1709-a4cc-1ba1-f57c5c6aec85,Java,beginner,"{""project"",""internship"",""coursework""}",Applied in project work.,2026-07-04 23:34:00
0f2f82a9-2615-b034-ba80-d52a3089660f,c05c2cf8-1709-a4cc-1ba1-f57c5c6aec85,Node.js,advanced,"{""project"",""coursework""}",Applied in project work.,2026-07-04 23:34:00
448cc5a8-8838-b639-2ebd-f74db0918574,c05c2cf8-1709-a4cc-1ba1-f57c5c6aec85,Problem Solving,intermediate,"{""coursework""}",,2026-07-04 23:34:00
3c582c70-c8a9-c10f-796b-d0088e3db032,c05c2cf8-1709-a4cc-1ba1-f57c5c6aec85,Python,advanced,"{""coursework""}",,2026-07-04 23:34:00
9e90f178-2be0-b091-f512-b62875657945,c05c2cf8-1709-a4cc-1ba1-f57c5c6aec85,React,intermediate,"{""internship"",""coursework""}",Used during internship.,2026-07-04 23:34:00
a0ed474e-3707-a3ac-30af-44d0f319a236,c05c2cf8-1709-a4cc-1ba1-f57c5c6aec85,SQL,intermediate,"{""project""}",Applied in project work.,2026-07-04 23:34:00
5d2268a4-442f-2755-46a3-df9e488728cb,b6c00396-3208-e490-6c76-d0efaa7d8c3e,C++,beginner,"{""coursework""}",,2026-09-07 18:45:00
4e75a71d-f17b-d0e1-a704-07ede24fb5b4,b6c00396-3208-e490-6c76-d0efaa7d8c3e,Data Visualisation,beginner,"{""certification"",""coursework""}",,2026-09-07 18:45:00
25b5554a-ef1b-a0ea-4a5d-95a7df0b1449,b6c00396-3208-e490-6c76-d0efaa7d8c3e,Docker,beginner,"{""project"",""certification"",""coursework""}",Applied in project work.,2026-09-07 18:45:00
4b03ded9-43d5-82db-936b-cbf6e3b047a5,b6c00396-3208-e490-6c76-d0efaa7d8c3e,Excel,intermediate,"{""coursework""}",,2026-09-07 18:45:00
49f0093a-a43c-4b44-7a61-9123551b6e87,b6c00396-3208-e490-6c76-d0efaa7d8c3e,Git,intermediate,"{""project""}",Applied in project work.,2026-09-07 18:45:00
2dfc59f1-4c9d-c93c-b7f5-b3ac880efb55,b6c00396-3208-e490-6c76-d0efaa7d8c3e,Linux,intermediate,"{""project"",""coursework""}",Applied in project work.,2026-09-07 18:45:00
3cd5c7e5-60e9-a9ad-4cdd-805dc4adb29c,b6c00396-3208-e490-6c76-d0efaa7d8c3e,Machine Learning,beginner,"{""project""}",Applied in project work.,2026-09-07 18:45:00
fa8c3f0e-1f7e-009e-1c7a-73ca9fc11d50,b6c00396-3208-e490-6c76-d0efaa7d8c3e,Power BI,intermediate,"{""certification""}",,2026-09-07 18:45:00
a4453aba-7db9-fcff-c09f-531245ea95d4,b6c00396-3208-e490-6c76-d0efaa7d8c3e,Python,beginner,"{""project""}",Applied in project work.,2026-09-07 18:45:00
98a2a6e3-962d-c449-2d93-990949cc48c8,b6c00396-3208-e490-6c76-d0efaa7d8c3e,Statistical Analysis,intermediate,"{""project""}",Applied in project work.,2026-09-07 18:45:00
e1861212-1a39-7f61-9b6d-42864f3c25a9,a5285f17-c3c1-a61a-5fe9-88897eef8777,Communication,intermediate,"{""coursework""}",,2026-07-09 00:51:00
10593a38-cbb9-a251-dbb9-9911cc89edf2,a5285f17-c3c1-a61a-5fe9-88897eef8777,Data Analysis,advanced,"{""project""}",Applied in project work.,2026-07-09 00:51:00
56920179-62c1-00a0-0977-2224a0fabd52,a5285f17-c3c1-a61a-5fe9-88897eef8777,Data Visualisation,beginner,"{""certification""}",,2026-07-09 00:51:00
44299f8c-c5d2-80a3-d979-1ce313d8c83a,a5285f17-c3c1-a61a-5fe9-88897eef8777,Deep Learning,intermediate,"{""project"",""coursework""}",Applied in project work.,2026-07-09 00:51:00
51840bab-2a29-1ea2-e680-159b1b83e18b,a5285f17-c3c1-a61a-5fe9-88897eef8777,Leadership,intermediate,"{""coursework""}",,2026-07-09 00:51:00
14d6692a-30e6-15dd-fdae-15b9ba26519b,a5285f17-c3c1-a61a-5fe9-88897eef8777,Python,intermediate,"{""project"",""coursework""}",Applied in project work.,2026-07-09 00:51:00
fb9bb71b-e90d-a574-2fef-617c0d7df548,a5285f17-c3c1-a61a-5fe9-88897eef8777,Statistical Analysis,intermediate,"{""project"",""coursework""}",Applied in project work.,2026-07-09 00:51:00
9ef8cf0f-cfb4-fa80-eda8-baed8ed3f722,a5285f17-c3c1-a61a-5fe9-88897eef8777,Tableau,intermediate,"{""certification"",""coursework""}",,2026-07-09 00:51:00
a38d188b-3a11-e6ed-f640-a7f782ed9064,a5285f17-c3c1-a61a-5fe9-88897eef8777,Teamwork,intermediate,"{""coursework""}",,2026-07-09 00:51:00
8ddf03d0-0f61-4433-2c32-ed18ecedc78b,a5285f17-c3c1-a61a-5fe9-88897eef8777,Time Management,beginner,"{""coursework""}",,2026-07-09 00:51:00
78136d65-040f-fef4-6f3e-91c9718e5595,9e2dcf10-6177-4e24-c34a-c9c46520a744,Communication,intermediate,"{""coursework""}",,2026-08-03 14:35:00
45c8bd55-9af1-4895-37ea-40b6962d639f,9e2dcf10-6177-4e24-c34a-c9c46520a744,Data Visualisation,intermediate,"{""coursework""}",,2026-08-03 14:35:00
01231ab5-5103-755f-1a76-e83e89159257,9e2dcf10-6177-4e24-c34a-c9c46520a744,Flask,intermediate,"{""coursework""}",,2026-08-03 14:35:00
574bc8e2-3c83-8695-f9a9-60b10e40b45c,9e2dcf10-6177-4e24-c34a-c9c46520a744,Git,intermediate,"{""coursework""}",,2026-08-03 14:35:00
dfe3fe67-0681-b46b-bdf8-9a056f03bad8,9e2dcf10-6177-4e24-c34a-c9c46520a744,JavaScript,intermediate,"{""coursework""}",,2026-08-03 14:35:00
f6bd93ed-a1fa-43b7-9e74-f6a868e9a079,9e2dcf10-6177-4e24-c34a-c9c46520a744,Leadership,intermediate,"{""coursework""}",,2026-08-03 14:35:00
9e0e0838-dac6-b768-03dc-2cb7b778d15c,9e2dcf10-6177-4e24-c34a-c9c46520a744,Linux,advanced,"{""project"",""coursework""}",Applied in project work.,2026-08-03 14:35:00
0460154b-648e-441c-ead0-d806e83e5f59,9e2dcf10-6177-4e24-c34a-c9c46520a744,Node.js,intermediate,"{""project"",""coursework""}",Applied in project work.,2026-08-03 14:35:00
cc153371-14f6-95ed-d862-fe2f539f8e26,9e2dcf10-6177-4e24-c34a-c9c46520a744,Problem Solving,advanced,"{""project""}",Applied in project work.,2026-08-03 14:35:00
a9cd164e-2a4a-3149-63b1-05a82128eb08,9e2dcf10-6177-4e24-c34a-c9c46520a744,React,advanced,"{""project"",""coursework""}",Applied in project work.,2026-08-03 14:35:00
4924701e-a7c8-4fc2-d6a5-56254f90af63,9e2dcf10-6177-4e24-c34a-c9c46520a744,SQL,intermediate,"{""project"",""coursework""}",Applied in project work.,2026-08-03 14:35:00
586126fe-4705-3269-dac7-6b002172a7fe,9e2dcf10-6177-4e24-c34a-c9c46520a744,Tableau,beginner,"{""coursework""}",,2026-08-03 14:35:00
fb9019db-595a-ad49-8070-05060f962dde,9e2dcf10-6177-4e24-c34a-c9c46520a744,Teamwork,intermediate,"{""project""}",Applied in project work.,2026-08-03 14:35:00
0f6a9d0b-2467-d181-0d80-107d9dd6ea31,f1f98512-bada-78c1-c387-68b974021562,Flask,beginner,"{""project""}",Applied in project work.,2026-08-16 20:00:00
0f10ca9f-003c-6335-700a-443409bd7a03,f1f98512-bada-78c1-c387-68b974021562,JavaScript,beginner,"{""project""}",Applied in project work.,2026-08-16 20:00:00
92027568-57ad-564d-16f5-05acc275add5,f1f98512-bada-78c1-c387-68b974021562,Python,beginner,"{""certification""}",,2026-08-16 20:00:00
51e3942f-bd63-4026-9071-800f6a33a75b,f1f98512-bada-78c1-c387-68b974021562,SQL,intermediate,"{""project""}",Applied in project work.,2026-08-16 20:00:00
b1d9c3c6-d64f-e4e2-38ac-1bcc51f63cea,f1f98512-bada-78c1-c387-68b974021562,Statistical Analysis,beginner,"{""coursework""}",,2026-08-16 20:00:00
dee94590-9bb7-b369-f10b-f194acfba745,f1f98512-bada-78c1-c387-68b974021562,Teamwork,advanced,"{""project""}",Applied in project work.,2026-08-16 20:00:00
5791c5ee-6a81-73fd-da72-a20a3d7ba806,0f3eb869-4568-1792-0592-6d6a2ae674ae,C++,intermediate,"{""coursework""}",,2026-08-20 17:23:00
5b69a0a6-4fa7-a6ee-60a2-362874c59b86,0f3eb869-4568-1792-0592-6d6a2ae674ae,Communication,intermediate,"{""coursework""}",,2026-08-20 17:23:00
f676075d-e646-928c-400c-b86a35414748,0f3eb869-4568-1792-0592-6d6a2ae674ae,Data Analysis,intermediate,"{""project"",""coursework""}",Applied in project work.,2026-08-20 17:23:00
dc61cc72-ce50-f223-54b0-db879d0682ba,0f3eb869-4568-1792-0592-6d6a2ae674ae,Data Visualisation,advanced,"{""project""}",Applied in project work.,2026-08-20 17:23:00
e6d89aee-1b9d-efd3-1c6d-11e2b8cf8a35,0f3eb869-4568-1792-0592-6d6a2ae674ae,Excel,advanced,"{""project""}",Applied in project work.,2026-08-20 17:23:00
92fea908-344e-3c13-9fcf-a0dd61bedea3,0f3eb869-4568-1792-0592-6d6a2ae674ae,Leadership,advanced,"{""coursework""}",,2026-08-20 17:23:00
c04896a0-bb49-0e51-9e46-ddef89902d72,0f3eb869-4568-1792-0592-6d6a2ae674ae,Machine Learning,advanced,"{""certification"",""coursework""}",,2026-08-20 17:23:00
a71df9ab-3047-950c-3fde-82aeb0ef0aa9,0f3eb869-4568-1792-0592-6d6a2ae674ae,Power BI,advanced,"{""project"",""coursework""}",Applied in project work.,2026-08-20 17:23:00
4fb3105f-11e0-93c0-fbbf-ee72bec5e361,0f3eb869-4568-1792-0592-6d6a2ae674ae,Problem Solving,advanced,"{""coursework""}",,2026-08-20 17:23:00
bf288350-561b-c402-509d-59c48520214b,0f3eb869-4568-1792-0592-6d6a2ae674ae,Python,advanced,"{""project"",""certification""}",Applied in project work.,2026-08-20 17:23:00
237c3e70-6ea2-57c2-0471-f6f8401a272f,0f3eb869-4568-1792-0592-6d6a2ae674ae,SQL,intermediate,"{""project""}",Applied in project work.,2026-08-20 17:23:00
70a4e9e4-62b0-99a5-03a2-fcda6c2e9bfa,0f3eb869-4568-1792-0592-6d6a2ae674ae,Statistical Analysis,advanced,"{""project""}",Applied in project work.,2026-08-20 17:23:00
b9a89389-adbf-2c7e-6253-ec4f152201b9,efaecf4f-eebb-4c06-1b7c-1a9e283d60f3,AI Literacy,beginner,"{""coursework""}",,2026-08-23 18:45:00
5045f270-46bb-7fc7-957f-8096b34cd20f,efaecf4f-eebb-4c06-1b7c-1a9e283d60f3,Cloud Computing,beginner,"{""coursework""}",,2026-08-23 18:45:00
4b0f8a54-fff1-2088-a824-c9bf64c1e751,efaecf4f-eebb-4c06-1b7c-1a9e283d60f3,Communication,beginner,"{""coursework""}",,2026-08-23 18:45:00
958cbdac-d31d-5681-3cfe-61bc24f6106b,efaecf4f-eebb-4c06-1b7c-1a9e283d60f3,Data Analysis,beginner,"{""coursework""}",,2026-08-23 18:45:00
5ed29e43-f7f1-e4dd-1292-a80d4200fc47,efaecf4f-eebb-4c06-1b7c-1a9e283d60f3,Data Visualisation,intermediate,"{""coursework""}",,2026-08-23 18:45:00
86bcd566-bcc7-281e-da93-9145e0fcc819,efaecf4f-eebb-4c06-1b7c-1a9e283d60f3,Deep Learning,advanced,"{""coursework""}",,2026-08-23 18:45:00
4172020e-548a-3294-5d8f-fb1f89d0f972,efaecf4f-eebb-4c06-1b7c-1a9e283d60f3,Machine Learning,beginner,"{""project"",""coursework""}",Applied in project work.,2026-08-23 18:45:00
7cf2030a-c318-7da0-784d-1304968215e6,efaecf4f-eebb-4c06-1b7c-1a9e283d60f3,Natural Language Processing,intermediate,"{""project"",""coursework""}",Applied in project work.,2026-08-23 18:45:00
1ffbbdcc-0b88-8619-c3b6-2dd358be0c1d,efaecf4f-eebb-4c06-1b7c-1a9e283d60f3,Problem Solving,intermediate,"{""coursework""}",,2026-08-23 18:45:00
9db6787f-eeed-f607-bfa4-ec3b0b220741,efaecf4f-eebb-4c06-1b7c-1a9e283d60f3,Python,intermediate,"{""project""}",Applied in project work.,2026-08-23 18:45:00
24ac36be-7d76-b497-6c6b-be963a7fa0af,efaecf4f-eebb-4c06-1b7c-1a9e283d60f3,Research Skills,intermediate,"{""coursework""}",,2026-08-23 18:45:00
3d50c7aa-90cf-f4d2-0b0b-ccd9faf87505,d422c59b-084e-c551-b609-b146e67aa688,Communication,intermediate,"{""coursework""}",,2026-08-01 12:36:00
57756632-039f-665c-a3a4-5bd46846ebe8,d422c59b-084e-c551-b609-b146e67aa688,Data Analysis,intermediate,"{""project"",""coursework""}",Applied in project work.,2026-08-01 12:36:00
b2130031-1e92-36cf-5047-03475ed8d093,d422c59b-084e-c551-b609-b146e67aa688,Docker,intermediate,"{""certification""}",,2026-08-01 12:36:00
6a52cfdc-558f-8562-9646-71ac35013e0b,d422c59b-084e-c551-b609-b146e67aa688,FastAPI,intermediate,"{""coursework""}",,2026-08-01 12:36:00
e80339dc-42c3-badb-21b7-043c2ff7306a,d422c59b-084e-c551-b609-b146e67aa688,JavaScript,intermediate,"{""coursework""}",,2026-08-01 12:36:00
113f8d7d-6772-7fb4-9b63-cb406519e771,d422c59b-084e-c551-b609-b146e67aa688,Problem Solving,intermediate,"{""coursework""}",,2026-08-01 12:36:00
a4283ea5-2533-f9da-f2e4-400d14dec4ee,d422c59b-084e-c551-b609-b146e67aa688,Python,intermediate,"{""project""}",Applied in project work.,2026-08-01 12:36:00
8edbe792-4fd8-06d8-e458-e273bd341081,d422c59b-084e-c551-b609-b146e67aa688,Statistical Analysis,intermediate,"{""project""}",Applied in project work.,2026-08-01 12:36:00
379313d4-090b-b275-b5be-51a8f96e8963,6cc37514-9257-e288-15d4-8ee832bd08a9,C++,intermediate,"{""coursework""}",,2026-07-08 20:51:00
04ba3313-3407-7faa-7801-8d8128cafb6b,6cc37514-9257-e288-15d4-8ee832bd08a9,Docker,intermediate,"{""coursework""}",,2026-07-08 20:51:00
4dfaa83c-71ca-0be9-b59e-67cc2c92c826,6cc37514-9257-e288-15d4-8ee832bd08a9,Flask,advanced,"{""project"",""coursework""}",Applied in project work.,2026-07-08 20:51:00
bf86bc0d-34ff-2d85-6185-17bdfca94d04,6cc37514-9257-e288-15d4-8ee832bd08a9,Git,intermediate,"{""coursework""}",,2026-07-08 20:51:00
69c4b61f-d6cc-298d-576f-3527c97be1ad,6cc37514-9257-e288-15d4-8ee832bd08a9,Linux,advanced,"{""project""}",Applied in project work.,2026-07-08 20:51:00
c0b739f3-b0c4-bb27-83cd-578a8e89bf1c,6cc37514-9257-e288-15d4-8ee832bd08a9,Machine Learning,advanced,"{""project"",""coursework""}",Applied in project work.,2026-07-08 20:51:00
d7d35684-afcd-b099-00d8-a7638a403e66,6cc37514-9257-e288-15d4-8ee832bd08a9,Problem Solving,advanced,"{""project"",""coursework""}",Applied in project work.,2026-07-08 20:51:00
b849acf1-b41d-12c5-ac2f-746ad303e1df,6cc37514-9257-e288-15d4-8ee832bd08a9,Python,intermediate,"{""project"",""certification"",""coursework""}",Applied in project work.,2026-07-08 20:51:00
112df282-a94c-0732-2384-7d67f7720595,6cc37514-9257-e288-15d4-8ee832bd08a9,Research Skills,beginner,"{""coursework""}",,2026-07-08 20:51:00
f7bff429-a641-8f79-eb21-68f1332aba47,6cc37514-9257-e288-15d4-8ee832bd08a9,SQL,intermediate,"{""project""}",Applied in project work.,2026-07-08 20:51:00
80a4ed6d-29e0-53af-ee1c-313ca7e68614,6cc37514-9257-e288-15d4-8ee832bd08a9,Teamwork,intermediate,"{""project""}",Applied in project work.,2026-07-08 20:51:00
8ab41c5b-cba4-c938-4ac7-b72f9f61c06a,b854ac7c-a6a3-74d9-646c-a6f33a81481e,AWS,advanced,"{""certification"",""coursework""}",,2026-08-09 01:23:00
cca06420-28f4-0736-5b04-ab998020982d,b854ac7c-a6a3-74d9-646c-a6f33a81481e,Azure,advanced,"{""coursework""}",,2026-08-09 01:23:00
e8c96331-2b53-db56-e643-134e80b68384,b854ac7c-a6a3-74d9-646c-a6f33a81481e,Cloud Computing,advanced,"{""certification""}",,2026-08-09 01:23:00
1eed01d2-53f8-35cb-12e6-fb9db689ec1a,b854ac7c-a6a3-74d9-646c-a6f33a81481e,Communication,intermediate,"{""coursework""}",,2026-08-09 01:23:00
3effe0de-16d9-539c-9308-38c144abd1aa,b854ac7c-a6a3-74d9-646c-a6f33a81481e,Data Analysis,intermediate,"{""coursework""}",,2026-08-09 01:23:00
5a1fde56-db6c-1c9b-6880-6cc415bbe42b,b854ac7c-a6a3-74d9-646c-a6f33a81481e,Docker,intermediate,"{""coursework""}",,2026-08-09 01:23:00
f5745d4a-2aa1-4851-fec0-2849e6f8498c,b854ac7c-a6a3-74d9-646c-a6f33a81481e,Flask,advanced,"{""project"",""coursework""}",Applied in project work.,2026-08-09 01:23:00
6300acd4-c039-44a9-ce11-9fe4f259b3b8,b854ac7c-a6a3-74d9-646c-a6f33a81481e,Leadership,intermediate,"{""coursework""}",,2026-08-09 01:23:00
90450a45-edd0-a30f-b55b-f7df44d635b5,b854ac7c-a6a3-74d9-646c-a6f33a81481e,Linux,intermediate,"{""coursework""}",,2026-08-09 01:23:00
f4fd5a6c-db7f-bf0b-e3ad-c62906111161,b854ac7c-a6a3-74d9-646c-a6f33a81481e,Machine Learning,intermediate,"{""project""}",Applied in project work.,2026-08-09 01:23:00
3090f538-4be7-982f-c758-a01d94952c71,b854ac7c-a6a3-74d9-646c-a6f33a81481e,Problem Solving,intermediate,"{""coursework""}",,2026-08-09 01:23:00
bd87d303-418a-de0e-d07c-6216bea365ab,b854ac7c-a6a3-74d9-646c-a6f33a81481e,Python,advanced,"{""project""}",Applied in project work.,2026-08-09 01:23:00
65247b14-dd0a-7bc4-68c6-85eefc9bca74,b854ac7c-a6a3-74d9-646c-a6f33a81481e,Research Skills,beginner,"{""coursework""}",,2026-08-09 01:23:00
8ad645c8-eb26-8c8a-3cda-c538e1a42036,b854ac7c-a6a3-74d9-646c-a6f33a81481e,SQL,advanced,"{""project"",""coursework""}",Applied in project work.,2026-08-09 01:23:00
e55447c1-fca7-4018-394a-38c580d76c46,beac2657-6678-b006-b863-271558bff12f,AI Literacy,intermediate,"{""coursework""}",,2026-07-28 04:15:00
a10154b5-944d-58b2-19c3-92b5a3fe4ce9,beac2657-6678-b006-b863-271558bff12f,Deep Learning,intermediate,"{""internship"",""coursework""}",Used during internship.,2026-07-28 04:15:00
db6be908-a8cb-54c3-67d7-7d7a58f63590,beac2657-6678-b006-b863-271558bff12f,Machine Learning,intermediate,"{""project"",""internship""}",Applied in project work.,2026-07-28 04:15:00
68753423-96c5-a3c7-319c-016cd8b51dca,beac2657-6678-b006-b863-271558bff12f,Natural Language Processing,advanced,"{""project"",""coursework""}",Applied in project work.,2026-07-28 04:15:00
641eb3bc-42b9-4ab3-5151-4c4708b21461,beac2657-6678-b006-b863-271558bff12f,Problem Solving,beginner,"{""coursework""}",,2026-07-28 04:15:00
98d47d41-b9ce-3c5e-4052-6aad6478eb55,beac2657-6678-b006-b863-271558bff12f,Python,intermediate,"{""project""}",Applied in project work.,2026-07-28 04:15:00
577aeaea-fe9b-f28a-be21-481af23ef5f3,beac2657-6678-b006-b863-271558bff12f,SQL,intermediate,"{""coursework""}",,2026-07-28 04:15:00
f7881d98-bf0b-24c8-7ec2-6db7885db755,beac2657-6678-b006-b863-271558bff12f,Statistical Analysis,intermediate,"{""project"",""internship"",""coursework""}",Applied in project work.,2026-07-28 04:15:00
2037e10a-4b36-0565-59a3-9d2e0365d0cd,fb2427c0-365c-4100-549c-afee292c05f0,Data Visualisation,intermediate,"{""project""}",Applied in project work.,2026-08-24 23:19:00
a79d6fe1-40cc-69ef-a32c-b76a8aa3f160,fb2427c0-365c-4100-549c-afee292c05f0,Flask,intermediate,"{""project""}",Applied in project work.,2026-08-24 23:19:00
e72a6c39-f76a-e8a4-162a-89231a8335cb,fb2427c0-365c-4100-549c-afee292c05f0,JavaScript,intermediate,"{""project""}",Applied in project work.,2026-08-24 23:19:00
5a76a315-c175-4cf3-3241-f4f00ab6a7ed,fb2427c0-365c-4100-549c-afee292c05f0,Leadership,intermediate,"{""coursework""}",,2026-08-24 23:19:00
93d151b4-a96d-ca7e-2a82-645d4b36ed31,fb2427c0-365c-4100-549c-afee292c05f0,Node.js,intermediate,"{""project""}",Applied in project work.,2026-08-24 23:19:00
90914ba1-5042-6c91-2e72-efd7d36085f9,fb2427c0-365c-4100-549c-afee292c05f0,React,intermediate,"{""project"",""coursework""}",Applied in project work.,2026-08-24 23:19:00
3a6fdb21-aee8-e8a2-ba8b-f26c094e539a,fb2427c0-365c-4100-549c-afee292c05f0,SQL,beginner,"{""project"",""coursework""}",Applied in project work.,2026-08-24 23:19:00
8ad055ae-8ecd-6d69-3f35-013423b7b8bb,fb2427c0-365c-4100-549c-afee292c05f0,Teamwork,beginner,"{""project""}",Applied in project work.,2026-08-24 23:19:00
09493c74-6e21-fa38-da42-f2e263a1e211,fb2427c0-365c-4100-549c-afee292c05f0,Time Management,beginner,"{""coursework""}",,2026-08-24 23:19:00
d0134e67-dfb4-e0bd-c840-8d88b44ffb05,d16f6817-9ca5-16d6-906d-c63b36634891,Azure,intermediate,"{""project"",""coursework""}",Applied in project work.,2026-09-09 16:26:00
c363a714-2280-8829-9b55-9dd28d7be55d,d16f6817-9ca5-16d6-906d-c63b36634891,Cloud Computing,intermediate,"{""project""}",Applied in project work.,2026-09-09 16:26:00
fdb059d1-fb89-7092-f85a-019787d9bb93,d16f6817-9ca5-16d6-906d-c63b36634891,Data Visualisation,intermediate,"{""project"",""coursework""}",Applied in project work.,2026-09-09 16:26:00
08933949-4512-aa6e-7017-2842cdc79d1f,d16f6817-9ca5-16d6-906d-c63b36634891,Problem Solving,advanced,"{""coursework""}",,2026-09-09 16:26:00
034ffced-d601-83c2-adf8-a9c23cfc7354,d16f6817-9ca5-16d6-906d-c63b36634891,Python,beginner,"{""project"",""coursework""}",Applied in project work.,2026-09-09 16:26:00
7d2236af-701a-9eaf-60c9-49b503515198,d16f6817-9ca5-16d6-906d-c63b36634891,SQL,beginner,"{""project"",""coursework""}",Applied in project work.,2026-09-09 16:26:00
98db780d-c276-a38d-442b-7a2c2b749593,d16f6817-9ca5-16d6-906d-c63b36634891,Time Management,intermediate,"{""coursework""}",,2026-09-09 16:26:00
fd6a6562-d8af-0727-dd9b-d582c03b6576,7a04166d-6a09-7adb-d76e-5aa5938107e2,Cloud Computing,beginner,"{""coursework""}",,2026-08-16 12:14:00
33c83423-8b6a-a701-9bc7-f652f8764c84,7a04166d-6a09-7adb-d76e-5aa5938107e2,Linux,advanced,"{""project""}",Applied in project work.,2026-08-16 12:14:00
6f153e8f-4259-6a86-392c-c57e953873c8,7a04166d-6a09-7adb-d76e-5aa5938107e2,Node.js,intermediate,"{""project""}",Applied in project work.,2026-08-16 12:14:00
7c204d12-c268-2e39-2d6f-29a60f7f0d86,7a04166d-6a09-7adb-d76e-5aa5938107e2,Problem Solving,intermediate,"{""coursework""}",,2026-08-16 12:14:00
bf1e2b91-4c98-0eec-a027-a9a4ebf7250d,7a04166d-6a09-7adb-d76e-5aa5938107e2,React,intermediate,"{""project"",""coursework""}",Applied in project work.,2026-08-16 12:14:00
b02aa367-33e7-7548-6077-6e1558171b35,7a04166d-6a09-7adb-d76e-5aa5938107e2,Research Skills,intermediate,"{""project""}",Applied in project work.,2026-08-16 12:14:00
9fa8b479-4cf7-9d96-3e84-897c26963ba4,7a04166d-6a09-7adb-d76e-5aa5938107e2,SQL,intermediate,"{""project"",""coursework""}",Applied in project work.,2026-08-16 12:14:00
ec2620b4-e347-f95a-87a3-678de5c53ed0,87cc9f07-da6d-46d1-7873-44abb8f39f1a,AWS,intermediate,"{""project""}",Applied in project work.,2026-07-18 22:44:00
00ebf10e-c40c-f33a-42e3-2c2115e5d4dd,87cc9f07-da6d-46d1-7873-44abb8f39f1a,C++,intermediate,"{""project""}",Applied in project work.,2026-07-18 22:44:00
ea33f408-e792-7c36-33f9-776b072a5b8c,87cc9f07-da6d-46d1-7873-44abb8f39f1a,Cloud Computing,advanced,"{""project"",""coursework""}",Applied in project work.,2026-07-18 22:44:00
30d738c3-798f-5701-6e5c-13e92691d2aa,87cc9f07-da6d-46d1-7873-44abb8f39f1a,Docker,advanced,"{""coursework""}",,2026-07-18 22:44:00
945ed3ef-725f-fd6f-fbdd-d9cf4ef022e1,87cc9f07-da6d-46d1-7873-44abb8f39f1a,Excel,intermediate,"{""project"",""coursework""}",Applied in project work.,2026-07-18 22:44:00
5c3beecf-615b-8f41-f383-57728bf224ae,87cc9f07-da6d-46d1-7873-44abb8f39f1a,FastAPI,advanced,"{""project""}",Applied in project work.,2026-07-18 22:44:00
a77c909c-6fca-abdd-b6bb-123c958f00cc,87cc9f07-da6d-46d1-7873-44abb8f39f1a,Git,intermediate,"{""project"",""coursework""}",Applied in project work.,2026-07-18 22:44:00
bd389791-c78a-bc0f-25d3-8ae031d7ca7c,87cc9f07-da6d-46d1-7873-44abb8f39f1a,Java,advanced,"{""project"",""coursework""}",Applied in project work.,2026-07-18 22:44:00
e83fc4fd-6864-77b3-8a36-8a15d9b60b28,87cc9f07-da6d-46d1-7873-44abb8f39f1a,Linux,advanced,"{""coursework""}",,2026-07-18 22:44:00
a0070063-f5dd-cc01-4acb-cb6762cc9d22,87cc9f07-da6d-46d1-7873-44abb8f39f1a,Machine Learning,advanced,"{""certification""}",,2026-07-18 22:44:00
df8bc936-d2f2-06f0-861b-2272ae19f157,87cc9f07-da6d-46d1-7873-44abb8f39f1a,Problem Solving,intermediate,"{""coursework""}",,2026-07-18 22:44:00
939d5aab-0531-611f-35fd-933c2cc23f40,87cc9f07-da6d-46d1-7873-44abb8f39f1a,Python,advanced,"{""project"",""certification""}",Applied in project work.,2026-07-18 22:44:00
a6ac512e-ca9a-c89d-9915-8a3d854a518c,87cc9f07-da6d-46d1-7873-44abb8f39f1a,SQL,intermediate,"{""project"",""coursework""}",Applied in project work.,2026-07-18 22:44:00
e007f4d8-eed3-18fc-7782-37fb6522ab52,87cc9f07-da6d-46d1-7873-44abb8f39f1a,Teamwork,advanced,"{""coursework""}",,2026-07-18 22:44:00
f389c5d1-da81-5f02-ed2a-a90ce9ee043c,64e5cdc7-be85-300c-285e-db0278163f76,AWS,intermediate,"{""project"",""coursework""}",Applied in project work.,2026-07-21 02:32:00
1aa5c53b-d668-ad5c-c388-e5e61371a041,64e5cdc7-be85-300c-285e-db0278163f76,Cloud Computing,intermediate,"{""project"",""coursework""}",Applied in project work.,2026-07-21 02:32:00
6d4f2f52-86ec-a9ed-4fec-41b282ee6507,64e5cdc7-be85-300c-285e-db0278163f76,Data Analysis,intermediate,"{""coursework""}",,2026-07-21 02:32:00
bd61c466-0b33-d22d-bf59-59746a216452,64e5cdc7-be85-300c-285e-db0278163f76,Leadership,beginner,"{""coursework""}",,2026-07-21 02:32:00
63b40bb1-ddc6-2b2a-2ec2-8d090f64f445,64e5cdc7-be85-300c-285e-db0278163f76,Python,advanced,"{""project""}",Applied in project work.,2026-07-21 02:32:00
43086251-7133-dbef-1a99-71a4a31bc1cd,64e5cdc7-be85-300c-285e-db0278163f76,R,beginner,"{""coursework""}",,2026-07-21 02:32:00
d44dbeca-82d8-426f-3302-278c55e35bb6,64e5cdc7-be85-300c-285e-db0278163f76,Time Management,intermediate,"{""coursework""}",,2026-07-21 02:32:00
ee1a7dcd-3be6-7049-56fe-51c28a77a760,8b5a5b7b-8bb2-44fd-7dd9-ec07a0616b25,AWS,beginner,"{""coursework""}",,2026-07-19 11:35:00
74803a96-4135-9f08-14a0-d222c392d719,8b5a5b7b-8bb2-44fd-7dd9-ec07a0616b25,Cloud Computing,intermediate,"{""coursework""}",,2026-07-19 11:35:00
bc4c8151-4166-5491-5b59-534d51191c04,8b5a5b7b-8bb2-44fd-7dd9-ec07a0616b25,Git,intermediate,"{""coursework""}",,2026-07-19 11:35:00
2a741f92-b1eb-8a39-8d6a-4c9cddca2d0b,8b5a5b7b-8bb2-44fd-7dd9-ec07a0616b25,Node.js,intermediate,"{""coursework""}",,2026-07-19 11:35:00
2817dd6b-2d82-8a37-9438-acf8c228ead2,8b5a5b7b-8bb2-44fd-7dd9-ec07a0616b25,Problem Solving,advanced,"{""coursework""}",,2026-07-19 11:35:00
127d556d-8c83-059a-e684-fcf6abe5b1fc,8b5a5b7b-8bb2-44fd-7dd9-ec07a0616b25,SQL,intermediate,"{""coursework""}",,2026-07-19 11:35:00
d235a4e1-4131-6886-a3fc-1d1c692fe234,00eaf991-8c2b-cb77-6479-4eeadf78f5e3,Cloud Computing,intermediate,"{""coursework""}",,2026-09-16 23:40:00
3eec3946-a7c5-b775-6955-c00b8e7efbc3,00eaf991-8c2b-cb77-6479-4eeadf78f5e3,Docker,intermediate,"{""coursework""}",,2026-09-16 23:40:00
552bd285-0535-e796-cfe8-4ae251bf2d1d,00eaf991-8c2b-cb77-6479-4eeadf78f5e3,Flask,intermediate,"{""project""}",Applied in project work.,2026-09-16 23:40:00
eff66bdd-45ba-d376-d472-99d3c102caf7,00eaf991-8c2b-cb77-6479-4eeadf78f5e3,Git,intermediate,"{""coursework""}",,2026-09-16 23:40:00
d615a47c-0719-6de9-95a5-286255a70768,00eaf991-8c2b-cb77-6479-4eeadf78f5e3,Linux,intermediate,"{""project""}",Applied in project work.,2026-09-16 23:40:00
361e8d10-e94b-4e51-2010-dd308e9db261,00eaf991-8c2b-cb77-6479-4eeadf78f5e3,Problem Solving,beginner,"{""project"",""coursework""}",Applied in project work.,2026-09-16 23:40:00
49f7fdc5-40cd-7029-7bb9-b6910d4ef0a3,00eaf991-8c2b-cb77-6479-4eeadf78f5e3,Python,intermediate,"{""project"",""coursework""}",Applied in project work.,2026-09-16 23:40:00
91687426-3b43-e0e2-b0dd-04bc928802db,00eaf991-8c2b-cb77-6479-4eeadf78f5e3,React,intermediate,"{""coursework""}",,2026-09-16 23:40:00
b6d98418-daa6-f481-405d-5951f08d3f0b,00eaf991-8c2b-cb77-6479-4eeadf78f5e3,SQL,intermediate,"{""project"",""coursework""}",Applied in project work.,2026-09-16 23:40:00
5b4684f1-4196-5462-b5c4-36ac334e0614,00eaf991-8c2b-cb77-6479-4eeadf78f5e3,Teamwork,intermediate,"{""project"",""coursework""}",Applied in project work.,2026-09-16 23:40:00
87ab47a5-f2b4-e112-ea54-d0f346ec2a4d,00eaf991-8c2b-cb77-6479-4eeadf78f5e3,Time Management,beginner,"{""coursework""}",,2026-09-16 23:40:00
9cffaf8a-c180-6c2f-3ae3-bc4f83e06683,38185ffb-2295-f29d-7146-96760141eaf2,Data Analysis,beginner,"{""coursework""}",,2026-08-30 17:59:00
c34ba458-9fc6-3a31-f4d1-495a358da995,38185ffb-2295-f29d-7146-96760141eaf2,Docker,beginner,"{""project"",""certification"",""coursework""}",Applied in project work.,2026-08-30 17:59:00
d96964d0-e1e9-b021-b2bc-5f62bd91395b,38185ffb-2295-f29d-7146-96760141eaf2,Excel,intermediate,"{""project""}",Applied in project work.,2026-08-30 17:59:00
fb4fae54-898c-6d6f-a749-6098859c7587,38185ffb-2295-f29d-7146-96760141eaf2,Git,intermediate,"{""project"",""coursework""}",Applied in project work.,2026-08-30 17:59:00
3c9afae8-e131-a916-77ce-1ad2d630d279,38185ffb-2295-f29d-7146-96760141eaf2,Leadership,intermediate,"{""coursework""}",,2026-08-30 17:59:00
1586bdb7-17ce-5517-07ba-df43dd75a365,38185ffb-2295-f29d-7146-96760141eaf2,Linux,advanced,"{""project"",""coursework""}",Applied in project work.,2026-08-30 17:59:00
fa703139-748e-5b36-4df8-faacb8455521,38185ffb-2295-f29d-7146-96760141eaf2,Power BI,intermediate,"{""coursework""}",,2026-08-30 17:59:00
ac05b7a8-33a2-f3d5-7d4c-360fba3e5b77,38185ffb-2295-f29d-7146-96760141eaf2,SQL,beginner,"{""project"",""coursework""}",Applied in project work.,2026-08-30 17:59:00
f3e85d1d-96a5-8e14-c2c7-232746848290,38185ffb-2295-f29d-7146-96760141eaf2,Statistical Analysis,beginner,"{""coursework""}",,2026-08-30 17:59:00
75754a82-6ac1-3bd4-fba1-5595936fb9d5,38185ffb-2295-f29d-7146-96760141eaf2,Teamwork,intermediate,"{""coursework""}",,2026-08-30 17:59:00
dc3541e7-fa06-8c08-63ad-0b29cab71e01,38185ffb-2295-f29d-7146-96760141eaf2,Time Management,beginner,"{""coursework""}",,2026-08-30 17:59:00
f80336ad-8da0-4aed-1111-ab48d4f86557,056fc94b-4035-9cc0-afea-34bbc5f7f8ab,Azure,intermediate,"{""project"",""coursework""}",Applied in project work.,2026-09-09 04:48:00
1e1f83d8-d70e-9627-963b-933bc52bbfb4,056fc94b-4035-9cc0-afea-34bbc5f7f8ab,Cloud Computing,intermediate,"{""project"",""coursework""}",Applied in project work.,2026-09-09 04:48:00
8246b144-88b6-0f2e-d90d-b377a42ebd3f,056fc94b-4035-9cc0-afea-34bbc5f7f8ab,Communication,beginner,"{""coursework""}",,2026-09-09 04:48:00
93d3e5b6-421c-f9e3-2a23-8bd9a605a224,056fc94b-4035-9cc0-afea-34bbc5f7f8ab,Data Visualisation,intermediate,"{""certification"",""coursework""}",,2026-09-09 04:48:00
87a2d227-a35f-7e9f-069c-fdf5678278cc,056fc94b-4035-9cc0-afea-34bbc5f7f8ab,Docker,beginner,"{""coursework""}",,2026-09-09 04:48:00
ad693ffe-5901-373b-b218-a3b6b8132ec3,056fc94b-4035-9cc0-afea-34bbc5f7f8ab,Flask,intermediate,"{""coursework""}",,2026-09-09 04:48:00
3a16c195-b698-59d7-7717-4dc6317c2dbe,056fc94b-4035-9cc0-afea-34bbc5f7f8ab,Git,intermediate,"{""coursework""}",,2026-09-09 04:48:00
74aaed03-36e9-c4e7-4731-94c5cb7811ec,056fc94b-4035-9cc0-afea-34bbc5f7f8ab,JavaScript,beginner,"{""project"",""coursework""}",Applied in project work.,2026-09-09 04:48:00
f88fb565-674f-ad22-90c3-a74b5e501f3d,056fc94b-4035-9cc0-afea-34bbc5f7f8ab,Node.js,intermediate,"{""coursework""}",,2026-09-09 04:48:00
6f69bcd4-1f8d-cc0a-d253-18977e3883ee,056fc94b-4035-9cc0-afea-34bbc5f7f8ab,React,advanced,"{""project"",""coursework""}",Applied in project work.,2026-09-09 04:48:00
187140a0-d8ee-dee8-ec05-f6c6b5c1aabf,056fc94b-4035-9cc0-afea-34bbc5f7f8ab,SQL,intermediate,"{""project""}",Applied in project work.,2026-09-09 04:48:00
0f21d27a-0139-2099-0094-8a5a4e3061dc,056fc94b-4035-9cc0-afea-34bbc5f7f8ab,Tableau,intermediate,"{""certification"",""coursework""}",,2026-09-09 04:48:00
2624adfc-0b8e-03c2-6909-417e5e9d8d97,056fc94b-4035-9cc0-afea-34bbc5f7f8ab,Teamwork,intermediate,"{""coursework""}",,2026-09-09 04:48:00
0e1de0be-9710-31ce-b6c5-3b98a5c67409,693f6dd8-9595-7d54-28ae-1f987c7c0478,Linux,intermediate,"{""certification"",""internship""}",Used during internship.,2026-09-11 02:10:00
75a7bb40-7edd-5cbf-ce7c-5015b175aea1,693f6dd8-9595-7d54-28ae-1f987c7c0478,Problem Solving,beginner,"{""certification"",""internship""}",Used during internship.,2026-09-11 02:10:00
1b58723b-a29b-171c-c491-dc5b00848b9b,693f6dd8-9595-7d54-28ae-1f987c7c0478,Time Management,beginner,"{""internship"",""coursework""}",Used during internship.,2026-09-11 02:10:00
a3edf3b3-6571-bc7f-1265-9624f364ae2c,1ef47373-4b23-f06e-0bf7-3e360f12430b,Communication,beginner,"{""coursework""}",,2026-08-21 01:52:00
518da0ce-1116-3abb-9315-f50e3b6d2baf,1ef47373-4b23-f06e-0bf7-3e360f12430b,Excel,beginner,"{""project""}",Applied in project work.,2026-08-21 01:52:00
6b258cbb-55e0-eeee-2048-ca3e7b849c2e,1ef47373-4b23-f06e-0bf7-3e360f12430b,SQL,intermediate,"{""project""}",Applied in project work.,2026-08-21 01:52:00
f41d4011-0832-9b86-84f0-716bf78e5f10,057d4194-9ecf-8c9b-6f93-01f634441e35,AWS,intermediate,"{""coursework""}",,2026-08-14 10:07:00
393c68a1-1da1-6f4f-2fd1-8781396f1701,057d4194-9ecf-8c9b-6f93-01f634441e35,Cloud Computing,intermediate,"{""coursework""}",,2026-08-14 10:07:00
a74cf330-e9a1-6121-ef74-9a92c1d86237,057d4194-9ecf-8c9b-6f93-01f634441e35,Docker,advanced,"{""project"",""coursework""}",Applied in project work.,2026-08-14 10:07:00
d5085c23-550e-3c67-5b5d-acb14beecc23,057d4194-9ecf-8c9b-6f93-01f634441e35,Git,beginner,"{""project""}",Applied in project work.,2026-08-14 10:07:00
fe2ee930-02d9-b4e6-70c2-79c707b9606b,057d4194-9ecf-8c9b-6f93-01f634441e35,Linux,intermediate,"{""project"",""certification"",""coursework""}",Applied in project work.,2026-08-14 10:07:00
7f6af7e5-fb55-c310-5d8a-a07caa6460ce,057d4194-9ecf-8c9b-6f93-01f634441e35,Machine Learning,intermediate,"{""certification""}",,2026-08-14 10:07:00
8fe7b2b7-093f-05cd-5f9c-7cecf23e80fa,057d4194-9ecf-8c9b-6f93-01f634441e35,Problem Solving,advanced,"{""certification"",""coursework""}",,2026-08-14 10:07:00
4455f3bd-cc3f-77bb-e3b5-33267e225f21,057d4194-9ecf-8c9b-6f93-01f634441e35,Python,intermediate,"{""certification"",""coursework""}",,2026-08-14 10:07:00
952145b7-9630-98ad-ac73-07bfedaab92d,057d4194-9ecf-8c9b-6f93-01f634441e35,SQL,intermediate,"{""coursework""}",,2026-08-14 10:07:00
faf00443-1843-87ec-8293-28abad2f9fd4,620423f1-08f5-3973-0663-7e426e4e8497,Communication,intermediate,"{""coursework""}",,2026-08-16 11:58:00
b0e49987-872c-ad84-450f-c02e1b722ff3,620423f1-08f5-3973-0663-7e426e4e8497,Data Visualisation,intermediate,"{""project""}",Applied in project work.,2026-08-16 11:58:00
45c090e9-8905-c183-8ef1-56c19d8c65d1,620423f1-08f5-3973-0663-7e426e4e8497,FastAPI,beginner,"{""coursework""}",,2026-08-16 11:58:00
e135711a-99e1-155b-8e38-f2f7d70ee61c,620423f1-08f5-3973-0663-7e426e4e8497,Git,intermediate,"{""coursework""}",,2026-08-16 11:58:00
8dc60df0-4d52-8b3c-f2ca-735fca7a3539,620423f1-08f5-3973-0663-7e426e4e8497,JavaScript,intermediate,"{""project""}",Applied in project work.,2026-08-16 11:58:00
ba375947-a5db-9294-dd51-fd7cead51a11,620423f1-08f5-3973-0663-7e426e4e8497,Leadership,intermediate,"{""coursework""}",,2026-08-16 11:58:00
1c26b594-83ec-6eda-66df-a3f5e4ed03eb,620423f1-08f5-3973-0663-7e426e4e8497,Machine Learning,advanced,"{""project""}",Applied in project work.,2026-08-16 11:58:00
021f0784-3fee-e611-99fa-31a1ed0b3d5f,620423f1-08f5-3973-0663-7e426e4e8497,Problem Solving,beginner,"{""coursework""}",,2026-08-16 11:58:00
97bfc4ad-ce72-1953-8ab6-040583d60f8f,620423f1-08f5-3973-0663-7e426e4e8497,Python,intermediate,"{""project""}",Applied in project work.,2026-08-16 11:58:00
a785bd5e-da4e-b8b0-5467-3fcb030d1e86,620423f1-08f5-3973-0663-7e426e4e8497,React,intermediate,"{""coursework""}",,2026-08-16 11:58:00
377516c4-314d-9798-041d-bf5a448c9f12,620423f1-08f5-3973-0663-7e426e4e8497,SQL,beginner,"{""coursework""}",,2026-08-16 11:58:00
e6c9221d-b726-ad6a-7ed4-e93a5a9c9194,f2e943a9-fb1e-1f84-606c-74d156cf7658,Azure,beginner,"{""project""}",Applied in project work.,2026-09-15 05:08:00
5abb748d-6407-bda9-6b68-ec5cc24ea4b2,f2e943a9-fb1e-1f84-606c-74d156cf7658,Cloud Computing,advanced,"{""project""}",Applied in project work.,2026-09-15 05:08:00
49109966-05cf-a3fa-3609-749018b79247,f2e943a9-fb1e-1f84-606c-74d156cf7658,Data Analysis,intermediate,"{""certification"",""coursework""}",,2026-09-15 05:08:00
0eaddbb3-d96f-f642-5869-bf9d9fa5abd4,f2e943a9-fb1e-1f84-606c-74d156cf7658,Git,beginner,"{""coursework""}",,2026-09-15 05:08:00
a634f02e-4a6b-6dcf-6566-58a7c0f9243d,f2e943a9-fb1e-1f84-606c-74d156cf7658,Java,intermediate,"{""project"",""coursework""}",Applied in project work.,2026-09-15 05:08:00
8742cf97-0a1a-5bde-5a09-a428454aa182,f2e943a9-fb1e-1f84-606c-74d156cf7658,Machine Learning,beginner,"{""certification"",""coursework""}",,2026-09-15 05:08:00
30a5d2a9-52ad-a213-e0a4-59619044175b,f2e943a9-fb1e-1f84-606c-74d156cf7658,Problem Solving,intermediate,"{""coursework""}",,2026-09-15 05:08:00
d8d64b60-2088-3181-c4d4-39da2153b5a3,f2e943a9-fb1e-1f84-606c-74d156cf7658,Python,beginner,"{""certification""}",,2026-09-15 05:08:00
fa9ed060-ba3b-5666-e4b2-4b71456e6703,f2e943a9-fb1e-1f84-606c-74d156cf7658,R,beginner,"{""certification"",""coursework""}",,2026-09-15 05:08:00
41324262-62b3-4855-7d3c-0b88eade9a61,f2e943a9-fb1e-1f84-606c-74d156cf7658,SQL,intermediate,"{""project"",""certification""}",Applied in project work.,2026-09-15 05:08:00
9189e63d-ddcc-dad0-ab64-6f5037b2ae27,f2e943a9-fb1e-1f84-606c-74d156cf7658,Tableau,intermediate,"{""certification"",""coursework""}",,2026-09-15 05:08:00
5cf01b14-c77e-e0ee-eeb4-2aeed6fbf5ea,f2e943a9-fb1e-1f84-606c-74d156cf7658,Teamwork,intermediate,"{""coursework""}",,2026-09-15 05:08:00
16829d05-048b-20a2-8390-6265e4de4cb0,e26f6587-4ff2-5f79-3ed2-8bad939ca12e,Communication,beginner,"{""coursework""}",,2026-09-05 16:29:00
90642a4e-2144-0515-6ba5-8bb606d827c7,e26f6587-4ff2-5f79-3ed2-8bad939ca12e,Data Visualisation,intermediate,"{""certification""}",,2026-09-05 16:29:00
222e5640-0489-f607-ea07-4ea4de178e5e,e26f6587-4ff2-5f79-3ed2-8bad939ca12e,Deep Learning,advanced,"{""certification"",""coursework""}",,2026-09-05 16:29:00
c6e5de42-3924-4773-746f-d34244780494,e26f6587-4ff2-5f79-3ed2-8bad939ca12e,Docker,intermediate,"{""coursework""}",,2026-09-05 16:29:00
fe758605-1871-891f-470f-057236ab058a,e26f6587-4ff2-5f79-3ed2-8bad939ca12e,FastAPI,intermediate,"{""coursework""}",,2026-09-05 16:29:00
be34363a-07d8-ba72-12be-c5969f0c86ec,e26f6587-4ff2-5f79-3ed2-8bad939ca12e,JavaScript,intermediate,"{""coursework""}",,2026-09-05 16:29:00
b341b98d-bc67-9ccb-3d03-6a63f324d128,e26f6587-4ff2-5f79-3ed2-8bad939ca12e,Node.js,intermediate,"{""project"",""coursework""}",Applied in project work.,2026-09-05 16:29:00
77fa1ea1-f761-8aab-6d4c-bce2bf981b28,e26f6587-4ff2-5f79-3ed2-8bad939ca12e,Power BI,intermediate,"{""certification"",""coursework""}",,2026-09-05 16:29:00
6caf5a79-e370-8424-0cc8-af93a31c29c5,e26f6587-4ff2-5f79-3ed2-8bad939ca12e,Problem Solving,intermediate,"{""coursework""}",,2026-09-05 16:29:00
a27ef480-a559-adb6-7b68-f666787f6ba7,e26f6587-4ff2-5f79-3ed2-8bad939ca12e,Python,beginner,"{""coursework""}",,2026-09-05 16:29:00
18fbd8b3-ed3d-5de3-b661-d71e0d3ed666,e26f6587-4ff2-5f79-3ed2-8bad939ca12e,React,advanced,"{""project"",""coursework""}",Applied in project work.,2026-09-05 16:29:00
40152787-8261-47aa-3aff-80858d22463f,e26f6587-4ff2-5f79-3ed2-8bad939ca12e,SQL,advanced,"{""project"",""coursework""}",Applied in project work.,2026-09-05 16:29:00
2c650e65-8ecc-93da-d89f-8a4f77e0e08d,e26f6587-4ff2-5f79-3ed2-8bad939ca12e,Teamwork,intermediate,"{""coursework""}",,2026-09-05 16:29:00
79c6078d-b629-73fc-7801-ac19726c53f0,e26f6587-4ff2-5f79-3ed2-8bad939ca12e,Time Management,intermediate,"{""coursework""}",,2026-09-05 16:29:00
b8e67936-f3c2-09c4-b399-9ad09383b253,2249655d-2132-2b90-9daf-e686f0f0e58d,AWS,beginner,"{""coursework""}",,2026-09-01 00:23:00
86b6a677-2d7b-02b0-96f9-6766aeb6518a,2249655d-2132-2b90-9daf-e686f0f0e58d,Azure,advanced,"{""project""}",Applied in project work.,2026-09-01 00:23:00
ef07a45b-f92d-66a5-fda3-c8dc2674635a,2249655d-2132-2b90-9daf-e686f0f0e58d,Cloud Computing,advanced,"{""project"",""coursework""}",Applied in project work.,2026-09-01 00:23:00
6b70923d-da28-13ab-14ca-6d826844f776,2249655d-2132-2b90-9daf-e686f0f0e58d,Docker,advanced,"{""coursework""}",,2026-09-01 00:23:00
bf02676c-6958-ade0-4a31-1006f343eaa7,2249655d-2132-2b90-9daf-e686f0f0e58d,JavaScript,advanced,"{""certification""}",,2026-09-01 00:23:00
aa1d147a-867c-a123-73c7-0afda5148adb,2249655d-2132-2b90-9daf-e686f0f0e58d,Linux,intermediate,"{""project""}",Applied in project work.,2026-09-01 00:23:00
371a937a-6f3c-970d-c992-cf45844bbc08,2249655d-2132-2b90-9daf-e686f0f0e58d,Node.js,intermediate,"{""coursework""}",,2026-09-01 00:23:00
df840c30-1413-e712-eb64-e130bf0d0256,2249655d-2132-2b90-9daf-e686f0f0e58d,Problem Solving,intermediate,"{""coursework""}",,2026-09-01 00:23:00
53f9beb9-a320-6f17-c7bf-a5004a63361f,2249655d-2132-2b90-9daf-e686f0f0e58d,React,intermediate,"{""certification"",""coursework""}",,2026-09-01 00:23:00
f8ecaad2-b44a-9699-2293-ce3995f55eaf,2249655d-2132-2b90-9daf-e686f0f0e58d,SQL,intermediate,"{""project""}",Applied in project work.,2026-09-01 00:23:00
f3ee407b-3aca-c271-2c44-422c702fae13,2249655d-2132-2b90-9daf-e686f0f0e58d,Teamwork,intermediate,"{""coursework""}",,2026-09-01 00:23:00
165ed636-0d39-8754-a15f-92d9f6136079,2249655d-2132-2b90-9daf-e686f0f0e58d,Time Management,intermediate,"{""coursework""}",,2026-09-01 00:23:00
f9d82e54-e066-e4eb-4b01-edd1a41fcfaf,d4a44cfa-e222-a2ba-610a-eb6c955a8d3d,Azure,advanced,"{""coursework""}",,2026-09-03 08:10:00
20e5f153-a8c3-4c48-b42a-4c93597d7baa,d4a44cfa-e222-a2ba-610a-eb6c955a8d3d,Communication,beginner,"{""coursework""}",,2026-09-03 08:10:00
da7db853-32c8-b2b1-842a-8dd2d0ecbbe1,d4a44cfa-e222-a2ba-610a-eb6c955a8d3d,Excel,intermediate,"{""project""}",Applied in project work.,2026-09-03 08:10:00
27c0fcee-76f9-c3ad-9619-4fcc1fd1f68c,d4a44cfa-e222-a2ba-610a-eb6c955a8d3d,Leadership,intermediate,"{""coursework""}",,2026-09-03 08:10:00
3796b4ae-a70c-8662-2e17-315e105ec2cc,d4a44cfa-e222-a2ba-610a-eb6c955a8d3d,Linux,intermediate,"{""certification""}",,2026-09-03 08:10:00
f1cdd25e-3b65-4056-53da-18c63c29fa01,d4a44cfa-e222-a2ba-610a-eb6c955a8d3d,Power BI,intermediate,"{""coursework""}",,2026-09-03 08:10:00
ae0a5bbe-728f-11c8-acee-6f285f860186,d4a44cfa-e222-a2ba-610a-eb6c955a8d3d,Problem Solving,advanced,"{""certification"",""coursework""}",,2026-09-03 08:10:00
214cfb58-d21e-af8a-c979-e451b8e118d6,d4a44cfa-e222-a2ba-610a-eb6c955a8d3d,SQL,intermediate,"{""project"",""coursework""}",Applied in project work.,2026-09-03 08:10:00
88334779-55b5-dfce-c4df-c979d53df7a7,d4a44cfa-e222-a2ba-610a-eb6c955a8d3d,Statistical Analysis,intermediate,"{""coursework""}",,2026-09-03 08:10:00
b577ced0-4caf-bbf2-0252-bebf11d13c8a,d4a44cfa-e222-a2ba-610a-eb6c955a8d3d,Tableau,intermediate,"{""coursework""}",,2026-09-03 08:10:00
41bb126e-1797-295a-9969-76f67006c5bf,d4a44cfa-e222-a2ba-610a-eb6c955a8d3d,Teamwork,intermediate,"{""coursework""}",,2026-09-03 08:10:00
2ead0be0-a0b4-5327-af8b-8fb1e53b7a49,d4a44cfa-e222-a2ba-610a-eb6c955a8d3d,Time Management,intermediate,"{""coursework""}",,2026-09-03 08:10:00
4c512513-b2b2-7856-64fb-831955705d78,698ca52b-fab6-819c-b53e-4fe3e32bf644,Flask,advanced,"{""project"",""coursework""}",Applied in project work.,2026-07-20 12:04:00
09cabe14-c315-f084-de13-b9b294810f80,698ca52b-fab6-819c-b53e-4fe3e32bf644,JavaScript,beginner,"{""project"",""coursework""}",Applied in project work.,2026-07-20 12:04:00
fdfbfd7d-e380-2397-64ab-f276563eb843,698ca52b-fab6-819c-b53e-4fe3e32bf644,Leadership,advanced,"{""coursework""}",,2026-07-20 12:04:00
a6e5e885-0fc9-3b0b-0439-fdcaffb3cb32,698ca52b-fab6-819c-b53e-4fe3e32bf644,Machine Learning,intermediate,"{""certification"",""coursework""}",,2026-07-20 12:04:00
0dc6f1f7-fd97-6fd5-cae4-0b951e3d208e,698ca52b-fab6-819c-b53e-4fe3e32bf644,Node.js,beginner,"{""coursework""}",,2026-07-20 12:04:00
0e75e4ab-424c-4c8f-638b-123c13c4b8ac,698ca52b-fab6-819c-b53e-4fe3e32bf644,Python,advanced,"{""certification"",""coursework""}",,2026-07-20 12:04:00
d8cb8d78-b659-822b-cf50-0caff5c95bc7,698ca52b-fab6-819c-b53e-4fe3e32bf644,R,beginner,"{""coursework""}",,2026-07-20 12:04:00
e8d4dde8-d6da-c7e5-4cea-f1b6df001592,698ca52b-fab6-819c-b53e-4fe3e32bf644,React,intermediate,"{""project""}",Applied in project work.,2026-07-20 12:04:00
e459cb10-dd11-d58f-c3e0-b99b5d2b8bbd,698ca52b-fab6-819c-b53e-4fe3e32bf644,SQL,advanced,"{""project""}",Applied in project work.,2026-07-20 12:04:00
babe8c1a-b015-6679-eea3-ec22dfa7324a,698ca52b-fab6-819c-b53e-4fe3e32bf644,Teamwork,advanced,"{""project""}",Applied in project work.,2026-07-20 12:04:00
5d6975e4-6a65-cef4-9ab6-d0a93f10142c,698ca52b-fab6-819c-b53e-4fe3e32bf644,Time Management,beginner,"{""coursework""}",,2026-07-20 12:04:00
38596d16-27b7-28b9-2811-1ac2999bd9dc,b26cd381-7804-249e-75f7-b3dc70cf8953,Azure,advanced,"{""certification""}",,2026-09-06 05:13:00
b0d87d0c-2130-7c3b-e206-62ad5c8d4d53,b26cd381-7804-249e-75f7-b3dc70cf8953,Cloud Computing,intermediate,"{""certification""}",,2026-09-06 05:13:00
6feaf9f0-e5f3-abf5-fd02-81efde9fd5e5,b26cd381-7804-249e-75f7-b3dc70cf8953,Communication,beginner,"{""coursework""}",,2026-09-06 05:13:00
c48d2648-26bf-9e73-aab9-dc4fc8a966f1,b26cd381-7804-249e-75f7-b3dc70cf8953,Data Visualisation,intermediate,"{""project"",""coursework""}",Applied in project work.,2026-09-06 05:13:00
cc20fa5e-3909-3829-edaa-b9d99bbd038e,b26cd381-7804-249e-75f7-b3dc70cf8953,JavaScript,intermediate,"{""project"",""coursework""}",Applied in project work.,2026-09-06 05:13:00
da96aedd-8b0d-0c43-24ca-ce84f3558fdc,b26cd381-7804-249e-75f7-b3dc70cf8953,Linux,beginner,"{""project"",""coursework""}",Applied in project work.,2026-09-06 05:13:00
59cabccd-31a2-8b9e-e4ce-4b2ab9e838b7,b26cd381-7804-249e-75f7-b3dc70cf8953,Node.js,intermediate,"{""project"",""coursework""}",Applied in project work.,2026-09-06 05:13:00
4ce1d237-68f1-e02f-a61f-829c993f9b16,b26cd381-7804-249e-75f7-b3dc70cf8953,Problem Solving,intermediate,"{""project""}",Applied in project work.,2026-09-06 05:13:00
7fb3c50c-bcce-1509-d9b9-e1bd4f4f3cf0,b26cd381-7804-249e-75f7-b3dc70cf8953,React,advanced,"{""project"",""coursework""}",Applied in project work.,2026-09-06 05:13:00
522a5bb1-5c24-c791-ad07-020c46e831dc,b26cd381-7804-249e-75f7-b3dc70cf8953,Research Skills,intermediate,"{""coursework""}",,2026-09-06 05:13:00
0282c3df-c218-d089-1a4b-18c03ed1d993,b26cd381-7804-249e-75f7-b3dc70cf8953,SQL,intermediate,"{""project"",""coursework""}",Applied in project work.,2026-09-06 05:13:00
f2fe17d9-8cf5-f55c-ffab-7ef61f769f37,b26cd381-7804-249e-75f7-b3dc70cf8953,Teamwork,beginner,"{""project""}",Applied in project work.,2026-09-06 05:13:00
7aed472c-8a33-132f-ef43-e9180c92fa09,b26cd381-7804-249e-75f7-b3dc70cf8953,Time Management,intermediate,"{""coursework""}",,2026-09-06 05:13:00
c0658100-216c-a920-7926-21be40a3bd80,02b294be-879f-aa84-51ef-7bf20310f80a,Cloud Computing,intermediate,"{""coursework""}",,2026-08-24 01:36:00
e8bd7d78-dd42-a08d-7a6b-60109fd305b0,02b294be-879f-aa84-51ef-7bf20310f80a,Communication,advanced,"{""internship"",""coursework""}",Used during internship.,2026-08-24 01:36:00
96664830-f310-d097-5afb-add84509d4f8,02b294be-879f-aa84-51ef-7bf20310f80a,Docker,intermediate,"{""certification"",""internship""}",Used during internship.,2026-08-24 01:36:00
68e16e19-f861-becc-f9fc-57503c7a6960,02b294be-879f-aa84-51ef-7bf20310f80a,Java,intermediate,"{""coursework""}",,2026-08-24 01:36:00
1d66e8a0-94a2-3860-512c-663eef90d5ce,02b294be-879f-aa84-51ef-7bf20310f80a,Linux,beginner,"{""project"",""coursework""}",Applied in project work.,2026-08-24 01:36:00
4c4c470b-c05a-2a81-7067-ca4a17d79e90,02b294be-879f-aa84-51ef-7bf20310f80a,Machine Learning,intermediate,"{""project""}",Applied in project work.,2026-08-24 01:36:00
70f3d0fb-9d2e-f2a8-3479-f3865d661199,02b294be-879f-aa84-51ef-7bf20310f80a,Problem Solving,intermediate,"{""coursework""}",,2026-08-24 01:36:00
734d73fc-8623-135d-599e-7faa86f382db,02b294be-879f-aa84-51ef-7bf20310f80a,Python,intermediate,"{""project""}",Applied in project work.,2026-08-24 01:36:00
a792841a-e735-5df7-58aa-bc83ae1291e5,02b294be-879f-aa84-51ef-7bf20310f80a,Research Skills,intermediate,"{""project""}",Applied in project work.,2026-08-24 01:36:00
1cfcbd1d-3ea7-4ccc-1dd0-e0e473e30da8,02b294be-879f-aa84-51ef-7bf20310f80a,Statistical Analysis,intermediate,"{""project"",""internship""}",Applied in project work.,2026-08-24 01:36:00
caead7c0-f545-c4ad-4391-f7d4432f8d68,02b294be-879f-aa84-51ef-7bf20310f80a,Teamwork,intermediate,"{""coursework""}",,2026-08-24 01:36:00
eb37b884-1084-6404-63ea-e724eec5d076,02b294be-879f-aa84-51ef-7bf20310f80a,Time Management,intermediate,"{""coursework""}",,2026-08-24 01:36:00
395fbde5-9257-d302-1131-371c9138f07f,38e609a6-2440-1bef-1450-dd1728664c3c,Communication,intermediate,"{""coursework""}",,2026-08-26 21:36:00
bd484900-a85f-8c1c-dc17-3194202ce507,38e609a6-2440-1bef-1450-dd1728664c3c,Data Analysis,intermediate,"{""coursework""}",,2026-08-26 21:36:00
303ddadd-227d-bc8f-fb0d-8db61a67f58d,38e609a6-2440-1bef-1450-dd1728664c3c,Leadership,beginner,"{""coursework""}",,2026-08-26 21:36:00
c35422f5-faa0-1764-c657-c1b80e29c12e,38e609a6-2440-1bef-1450-dd1728664c3c,Problem Solving,intermediate,"{""coursework""}",,2026-08-26 21:36:00
e0958c06-5f32-2b99-33c1-f5d03c9b59fc,38e609a6-2440-1bef-1450-dd1728664c3c,Python,advanced,"{""coursework""}",,2026-08-26 21:36:00
eec59661-5053-21a6-78e8-f5faf1e44154,38e609a6-2440-1bef-1450-dd1728664c3c,Teamwork,intermediate,"{""coursework""}",,2026-08-26 21:36:00
340b417d-51c9-f33a-712b-f0827574c1a7,8f6559e4-7d76-5345-867d-28bc00061bf4,AI Literacy,intermediate,"{""coursework""}",,2026-09-04 07:14:00
b99f8386-f50d-c407-c549-1809d71522ad,8f6559e4-7d76-5345-867d-28bc00061bf4,Communication,advanced,"{""internship""}",Used during internship.,2026-09-04 07:14:00
172efc79-8db9-c39b-50d3-c6f8a333cf2d,8f6559e4-7d76-5345-867d-28bc00061bf4,FastAPI,intermediate,"{""project""}",Applied in project work.,2026-09-04 07:14:00
d8f216a8-d8a8-ea36-c959-a7da971e940c,8f6559e4-7d76-5345-867d-28bc00061bf4,Git,advanced,"{""project""}",Applied in project work.,2026-09-04 07:14:00
01d4511d-4ddd-51c2-8035-5d33abd774e5,8f6559e4-7d76-5345-867d-28bc00061bf4,JavaScript,intermediate,"{""project"",""internship""}",Applied in project work.,2026-09-04 07:14:00
3352c24d-c3ca-dd85-50bf-964eb63b25db,8f6559e4-7d76-5345-867d-28bc00061bf4,Machine Learning,beginner,"{""project"",""coursework""}",Applied in project work.,2026-09-04 07:14:00
9e5bc2a5-56b7-1e2a-6452-650fbddd0da0,8f6559e4-7d76-5345-867d-28bc00061bf4,Python,advanced,"{""project""}",Applied in project work.,2026-09-04 07:14:00
3788678f-8585-db00-6ff8-0ca12455dd36,8f6559e4-7d76-5345-867d-28bc00061bf4,React,intermediate,"{""project""}",Applied in project work.,2026-09-04 07:14:00
f9476347-b2be-318e-bda2-715d74149008,8f6559e4-7d76-5345-867d-28bc00061bf4,SQL,advanced,"{""project""}",Applied in project work.,2026-09-04 07:14:00
da204e06-309c-19fb-cc29-3cfa15029eca,8f6559e4-7d76-5345-867d-28bc00061bf4,Statistical Analysis,intermediate,"{""project"",""internship"",""coursework""}",Applied in project work.,2026-09-04 07:14:00
c1d8d365-bebb-99f4-f185-67d95186082a,732cccb9-8d83-b04e-3e09-78798c2993cd,Data Visualisation,intermediate,"{""coursework""}",,2026-09-05 20:23:00
fa2b218d-5a92-15f1-217e-a378a8b04733,732cccb9-8d83-b04e-3e09-78798c2993cd,Deep Learning,intermediate,"{""project""}",Applied in project work.,2026-09-05 20:23:00
b03dfb38-5405-8a01-2dc8-29e00a026807,732cccb9-8d83-b04e-3e09-78798c2993cd,Docker,beginner,"{""project"",""coursework""}",Applied in project work.,2026-09-05 20:23:00
108fa565-8c51-c283-808f-bfa1bcc57c88,732cccb9-8d83-b04e-3e09-78798c2993cd,Git,beginner,"{""coursework""}",,2026-09-05 20:23:00
ce510e87-51f5-cb7e-e975-3bd68a636ba5,732cccb9-8d83-b04e-3e09-78798c2993cd,JavaScript,beginner,"{""coursework""}",,2026-09-05 20:23:00
c18decb7-4abd-f5fe-80fc-5ba87c03a8d3,732cccb9-8d83-b04e-3e09-78798c2993cd,Node.js,beginner,"{""project"",""coursework""}",Applied in project work.,2026-09-05 20:23:00
0be521ff-2623-7a14-a118-bb8b78fe562d,732cccb9-8d83-b04e-3e09-78798c2993cd,Python,intermediate,"{""project"",""coursework""}",Applied in project work.,2026-09-05 20:23:00
15ecf897-4948-3a08-cb00-249d0433d97c,732cccb9-8d83-b04e-3e09-78798c2993cd,SQL,intermediate,"{""project""}",Applied in project work.,2026-09-05 20:23:00
c35f962f-c847-f156-108b-0830597767e7,ae3750ce-c43b-18b0-6d99-6b2b1e6f1679,Communication,intermediate,"{""coursework""}",,2026-08-25 12:02:00
2f192ad2-aafa-5f0a-a490-017cdf0584da,ae3750ce-c43b-18b0-6d99-6b2b1e6f1679,Data Visualisation,intermediate,"{""project""}",Applied in project work.,2026-08-25 12:02:00
b5cf3e9d-d46d-e3a8-a173-ba1a9cd1aff1,ae3750ce-c43b-18b0-6d99-6b2b1e6f1679,Docker,intermediate,"{""certification"",""coursework""}",,2026-08-25 12:02:00
9b830f5f-abd3-5669-3f6e-d190b3cd167b,ae3750ce-c43b-18b0-6d99-6b2b1e6f1679,Flask,beginner,"{""coursework""}",,2026-08-25 12:02:00
e83d0e3e-9779-809c-3633-34e75b621efb,ae3750ce-c43b-18b0-6d99-6b2b1e6f1679,Git,intermediate,"{""coursework""}",,2026-08-25 12:02:00
b393eaea-45f2-1670-04a7-53fc8c7c62f0,ae3750ce-c43b-18b0-6d99-6b2b1e6f1679,JavaScript,advanced,"{""project""}",Applied in project work.,2026-08-25 12:02:00
bc94a17c-cc8d-6394-8b32-1356c2b6f793,ae3750ce-c43b-18b0-6d99-6b2b1e6f1679,Natural Language Processing,advanced,"{""coursework""}",,2026-08-25 12:02:00
50f10435-d798-608f-2a6c-6a31a1c88bb6,ae3750ce-c43b-18b0-6d99-6b2b1e6f1679,Node.js,intermediate,"{""coursework""}",,2026-08-25 12:02:00
0d09ba27-7001-f96f-bd1e-17451c078109,ae3750ce-c43b-18b0-6d99-6b2b1e6f1679,Problem Solving,advanced,"{""coursework""}",,2026-08-25 12:02:00
35f427a6-72a4-2452-f1fa-007f8080910b,ae3750ce-c43b-18b0-6d99-6b2b1e6f1679,R,intermediate,"{""coursework""}",,2026-08-25 12:02:00
e335d0b4-1d9e-ecb4-f7f6-87e680471ddd,ae3750ce-c43b-18b0-6d99-6b2b1e6f1679,React,advanced,"{""project"",""coursework""}",Applied in project work.,2026-08-25 12:02:00
e9394b79-8886-9eb3-f591-36906802514c,ae3750ce-c43b-18b0-6d99-6b2b1e6f1679,SQL,beginner,"{""coursework""}",,2026-08-25 12:02:00
4b475a0b-8baa-b659-a06f-da4bdba1586f,ae3750ce-c43b-18b0-6d99-6b2b1e6f1679,Teamwork,intermediate,"{""coursework""}",,2026-08-25 12:02:00
7c2febce-8188-0021-984d-cca241192e85,fecdd103-6292-fb95-68aa-a4f9ed6f576f,C++,advanced,"{""project""}",Applied in project work.,2026-07-15 14:17:00
307949c6-9a5a-4d67-055a-e18d2291c893,fecdd103-6292-fb95-68aa-a4f9ed6f576f,Communication,intermediate,"{""internship""}",Used during internship.,2026-07-15 14:17:00
53446b19-ee4f-f59e-6465-b541981f6add,fecdd103-6292-fb95-68aa-a4f9ed6f576f,Data Visualisation,advanced,"{""coursework""}",,2026-07-15 14:17:00
d116abc9-2c72-4fcb-e621-de874ffd45d7,fecdd103-6292-fb95-68aa-a4f9ed6f576f,Deep Learning,intermediate,"{""certification"",""internship""}",Used during internship.,2026-07-15 14:17:00
ad060c21-a8ee-ee1b-4804-739b7c602f06,fecdd103-6292-fb95-68aa-a4f9ed6f576f,Docker,intermediate,"{""project"",""coursework""}",Applied in project work.,2026-07-15 14:17:00
c34d627f-d848-9d22-42f3-99bb6fc247ed,fecdd103-6292-fb95-68aa-a4f9ed6f576f,Git,advanced,"{""project"",""coursework""}",Applied in project work.,2026-07-15 14:17:00
5a3094f1-30b9-cead-1fbc-c5f0b19c4b30,fecdd103-6292-fb95-68aa-a4f9ed6f576f,Java,advanced,"{""project""}",Applied in project work.,2026-07-15 14:17:00
576baa21-5a6c-bd88-5357-3ede27a8ffcf,fecdd103-6292-fb95-68aa-a4f9ed6f576f,Machine Learning,advanced,"{""certification"",""coursework""}",,2026-07-15 14:17:00
27060974-b849-8f8c-6e24-5d18f1d5117c,fecdd103-6292-fb95-68aa-a4f9ed6f576f,Node.js,advanced,"{""project"",""coursework""}",Applied in project work.,2026-07-15 14:17:00
f058bd1b-417e-26a4-888a-711c3533ce4b,fecdd103-6292-fb95-68aa-a4f9ed6f576f,Problem Solving,advanced,"{""internship""}",Used during internship.,2026-07-15 14:17:00
aac16152-935d-1c24-0246-dd11d7abd797,fecdd103-6292-fb95-68aa-a4f9ed6f576f,Python,advanced,"{""certification"",""coursework""}",,2026-07-15 14:17:00
f7bdf0fd-dee8-5c08-21ed-17e4ee02fe41,fecdd103-6292-fb95-68aa-a4f9ed6f576f,SQL,advanced,"{""project"",""coursework""}",Applied in project work.,2026-07-15 14:17:00
d0a2c065-b595-c8ae-42b8-ee76812fac3b,868d2c9b-e076-eab8-a5b0-eca4461c5e81,Communication,beginner,"{""coursework""}",,2026-07-02 23:58:00
a62db9df-6782-acf7-3adb-5e345490c6d7,868d2c9b-e076-eab8-a5b0-eca4461c5e81,Data Visualisation,advanced,"{""project""}",Applied in project work.,2026-07-02 23:58:00
35909433-805b-7c77-a56b-3436706b771e,868d2c9b-e076-eab8-a5b0-eca4461c5e81,Excel,beginner,"{""project"",""coursework""}",Applied in project work.,2026-07-02 23:58:00
b613e519-b691-f8fb-e6e5-a2fc1f99eadd,868d2c9b-e076-eab8-a5b0-eca4461c5e81,Leadership,intermediate,"{""coursework""}",,2026-07-02 23:58:00
733f4ae0-7bd1-5d83-1b78-376bdfd1d149,868d2c9b-e076-eab8-a5b0-eca4461c5e81,Machine Learning,intermediate,"{""coursework""}",,2026-07-02 23:58:00
ae3b0ab2-8df8-d56c-3516-545cea468cd2,868d2c9b-e076-eab8-a5b0-eca4461c5e81,Python,intermediate,"{""project"",""certification""}",Applied in project work.,2026-07-02 23:58:00
a778ad6f-1a10-2949-331f-e7c7307d474c,868d2c9b-e076-eab8-a5b0-eca4461c5e81,SQL,intermediate,"{""project""}",Applied in project work.,2026-07-02 23:58:00
565c9f6a-3ea5-96b0-c6be-d439cac564c7,0eee21c3-89a9-b21c-229a-a1476c62487f,C++,intermediate,"{""coursework""}",,2026-09-15 16:34:00
13cf9b2c-087d-8e15-4a01-d77e87848ab0,0eee21c3-89a9-b21c-229a-a1476c62487f,Data Visualisation,intermediate,"{""project"",""coursework""}",Applied in project work.,2026-09-15 16:34:00
e3d7954f-9d11-963c-d827-72e17ae5b44e,0eee21c3-89a9-b21c-229a-a1476c62487f,Excel,intermediate,"{""project"",""certification"",""coursework""}",Applied in project work.,2026-09-15 16:34:00
e25fd611-9d79-0f80-b587-5e1522cd7ff0,0eee21c3-89a9-b21c-229a-a1476c62487f,Leadership,intermediate,"{""coursework""}",,2026-09-15 16:34:00
9c9e0e0c-ffb3-77bc-9078-02120983fd67,0eee21c3-89a9-b21c-229a-a1476c62487f,Linux,intermediate,"{""project""}",Applied in project work.,2026-09-15 16:34:00
6b1c39c3-6549-fe09-87ed-f6c66c32e888,0eee21c3-89a9-b21c-229a-a1476c62487f,Machine Learning,beginner,"{""coursework""}",,2026-09-15 16:34:00
36e47a8e-888c-d4db-fb09-e6890cb3bcc3,0eee21c3-89a9-b21c-229a-a1476c62487f,Power BI,advanced,"{""project""}",Applied in project work.,2026-09-15 16:34:00
eecf9fa5-ac72-2e8c-cf3c-f4beee13be73,0eee21c3-89a9-b21c-229a-a1476c62487f,Python,intermediate,"{""coursework""}",,2026-09-15 16:34:00
f42d6d00-7149-4c4f-0abe-b05c4a791f0b,0eee21c3-89a9-b21c-229a-a1476c62487f,Statistical Analysis,intermediate,"{""coursework""}",,2026-09-15 16:34:00
152f9129-7410-81a8-f941-e86eaf976123,0eee21c3-89a9-b21c-229a-a1476c62487f,Teamwork,intermediate,"{""coursework""}",,2026-09-15 16:34:00
d4c69a13-a111-8eaf-d061-b34d79bdc5f9,aa3af6b7-bd2a-9da3-ca5c-6f9ad873ef5a,Communication,beginner,"{""coursework""}",,2026-08-31 09:14:00
45044404-fb7a-3a14-bc87-b2c32c779434,aa3af6b7-bd2a-9da3-ca5c-6f9ad873ef5a,Docker,beginner,"{""coursework""}",,2026-08-31 09:14:00
3dffa2aa-85f3-1c88-d5f9-664799415464,aa3af6b7-bd2a-9da3-ca5c-6f9ad873ef5a,FastAPI,beginner,"{""coursework""}",,2026-08-31 09:14:00
a37661d7-fa62-c8cb-5c06-9b5359b2eb78,aa3af6b7-bd2a-9da3-ca5c-6f9ad873ef5a,Flask,intermediate,"{""project"",""coursework""}",Applied in project work.,2026-08-31 09:14:00
3e775b7f-8b4d-b6dc-5610-0399eb0981b6,aa3af6b7-bd2a-9da3-ca5c-6f9ad873ef5a,JavaScript,beginner,"{""project""}",Applied in project work.,2026-08-31 09:14:00
dfdf7727-037c-0216-09e7-bfe15c61fd8d,aa3af6b7-bd2a-9da3-ca5c-6f9ad873ef5a,Node.js,beginner,"{""project""}",Applied in project work.,2026-08-31 09:14:00
bb53b061-0de0-d071-94c0-2a1f9df876ab,aa3af6b7-bd2a-9da3-ca5c-6f9ad873ef5a,Problem Solving,beginner,"{""coursework""}",,2026-08-31 09:14:00
1851408c-2512-4d94-ca1f-8f77719cec78,aa3af6b7-bd2a-9da3-ca5c-6f9ad873ef5a,React,beginner,"{""project"",""coursework""}",Applied in project work.,2026-08-31 09:14:00
b4e49cb1-966a-58d6-fdca-df205cd15fc8,aa3af6b7-bd2a-9da3-ca5c-6f9ad873ef5a,SQL,intermediate,"{""project""}",Applied in project work.,2026-08-31 09:14:00
3c89bca4-35a0-5637-3164-e87948627ff2,aa3af6b7-bd2a-9da3-ca5c-6f9ad873ef5a,Tableau,intermediate,"{""coursework""}",,2026-08-31 09:14:00
04b4fa56-43bf-9523-6ba7-7cab94a7df0e,aa3af6b7-bd2a-9da3-ca5c-6f9ad873ef5a,Teamwork,intermediate,"{""project"",""coursework""}",Applied in project work.,2026-08-31 09:14:00
d47de257-d76c-e100-0174-386d02f92c9c,2f82ffd6-53ae-2240-3573-fdb6eb293beb,Azure,intermediate,"{""coursework""}",,2026-07-23 22:04:00
70e3cee9-c577-679b-69be-ea26552cc912,2f82ffd6-53ae-2240-3573-fdb6eb293beb,Java,beginner,"{""coursework""}",,2026-07-23 22:04:00
39d00f87-ff6c-31a4-6acd-5724cd752ade,2f82ffd6-53ae-2240-3573-fdb6eb293beb,Leadership,beginner,"{""coursework""}",,2026-07-23 22:04:00
ccbe0940-78ca-ad0e-1647-7c455e7c0b07,2f82ffd6-53ae-2240-3573-fdb6eb293beb,Node.js,beginner,"{""coursework""}",,2026-07-23 22:04:00
073393d6-f1fa-c66b-a6f3-f7af3d641028,2f82ffd6-53ae-2240-3573-fdb6eb293beb,Teamwork,beginner,"{""coursework""}",,2026-07-23 22:04:00
b3a3d7e0-4af2-7e30-283f-2db61db2cd36,6c65ffc0-be13-e321-5397-b17a6a09e05b,AWS,intermediate,"{""coursework""}",,2026-07-22 15:35:00
e307b2f2-5d40-33db-fe76-d3e54fcf1b1c,6c65ffc0-be13-e321-5397-b17a6a09e05b,Azure,advanced,"{""certification""}",,2026-07-22 15:35:00
343237a7-ef6b-6c36-ac3c-498fea518c9d,6c65ffc0-be13-e321-5397-b17a6a09e05b,Cloud Computing,intermediate,"{""certification"",""coursework""}",,2026-07-22 15:35:00
e54cb568-784f-7e7e-bdb6-e680ec4f914e,6c65ffc0-be13-e321-5397-b17a6a09e05b,Data Visualisation,intermediate,"{""project"",""coursework""}",Applied in project work.,2026-07-22 15:35:00
aeb151f9-0023-cbfa-ec0b-e929e42fdb23,6c65ffc0-be13-e321-5397-b17a6a09e05b,Git,intermediate,"{""coursework""}",,2026-07-22 15:35:00
e79a2e24-4f6d-8d2d-5238-9ed898dc47f9,6c65ffc0-be13-e321-5397-b17a6a09e05b,JavaScript,intermediate,"{""project"",""coursework""}",Applied in project work.,2026-07-22 15:35:00
014212cc-d07b-e54e-bd82-c6fd79c0009b,6c65ffc0-be13-e321-5397-b17a6a09e05b,Leadership,beginner,"{""coursework""}",,2026-07-22 15:35:00
a64789f0-1f4b-83af-e48d-497101e79267,6c65ffc0-be13-e321-5397-b17a6a09e05b,Linux,beginner,"{""coursework""}",,2026-07-22 15:35:00
762548f8-16de-ad77-e806-f8bbe207e30e,6c65ffc0-be13-e321-5397-b17a6a09e05b,Problem Solving,intermediate,"{""coursework""}",,2026-07-22 15:35:00
84bdb077-396c-c3a8-0e08-4ce5667c1df7,f3ce346f-aa27-9626-1729-5279db69f162,C++,intermediate,"{""project""}",Applied in project work.,2026-07-21 10:00:00
59034bd7-cf17-4634-98fc-24ebf1001fd6,f3ce346f-aa27-9626-1729-5279db69f162,FastAPI,advanced,"{""project"",""internship""}",Applied in project work.,2026-07-21 10:00:00
b07f7157-eb5a-83dd-4771-a24f3cf1e41b,f3ce346f-aa27-9626-1729-5279db69f162,Flask,intermediate,"{""internship"",""coursework""}",Used during internship.,2026-07-21 10:00:00
d872c46a-108b-90e6-2598-c556518fe8f3,f3ce346f-aa27-9626-1729-5279db69f162,Git,intermediate,"{""project"",""coursework""}",Applied in project work.,2026-07-21 10:00:00
3bce8fcd-ece9-1846-c2e1-450230360f50,f3ce346f-aa27-9626-1729-5279db69f162,Java,intermediate,"{""certification"",""internship""}",Used during internship.,2026-07-21 10:00:00
4534c69f-ddbe-f36d-c087-33796ee34080,f3ce346f-aa27-9626-1729-5279db69f162,Leadership,intermediate,"{""coursework""}",,2026-07-21 10:00:00
d24f9fce-a544-5a7d-52d6-09e8c774f124,f3ce346f-aa27-9626-1729-5279db69f162,Problem Solving,intermediate,"{""coursework""}",,2026-07-21 10:00:00
3693ee9c-e1b3-e3f0-b0e7-5cdd189bdfe5,f3ce346f-aa27-9626-1729-5279db69f162,Python,advanced,"{""project"",""coursework""}",Applied in project work.,2026-07-21 10:00:00
ac9ec4ad-a450-fbaa-3948-b2a0ee6cd849,f3ce346f-aa27-9626-1729-5279db69f162,React,advanced,"{""coursework""}",,2026-07-21 10:00:00
ca2d6883-e282-1da3-be2a-1c206cdfee4d,f3ce346f-aa27-9626-1729-5279db69f162,SQL,intermediate,"{""project"",""coursework""}",Applied in project work.,2026-07-21 10:00:00
729bb83a-b24f-e018-9282-24308e9821a2,6da0d5a3-8918-68eb-7bc8-a925a393d432,JavaScript,intermediate,"{""certification""}",,2026-08-18 10:49:00
53da5675-0570-62c3-908d-84272b4d8b6b,6da0d5a3-8918-68eb-7bc8-a925a393d432,Linux,intermediate,"{""project"",""coursework""}",Applied in project work.,2026-08-18 10:49:00
08528782-5ab3-f581-f026-45a4a83e64c0,6da0d5a3-8918-68eb-7bc8-a925a393d432,Problem Solving,intermediate,"{""project""}",Applied in project work.,2026-08-18 10:49:00
4453a482-87d7-ddf5-1142-7ee8808f891c,6da0d5a3-8918-68eb-7bc8-a925a393d432,Python,beginner,"{""coursework""}",,2026-08-18 10:49:00
815d1364-65f1-c662-63fc-7a91273feb36,6da0d5a3-8918-68eb-7bc8-a925a393d432,React,intermediate,"{""certification"",""coursework""}",,2026-08-18 10:49:00
e448fd0e-a296-4f1e-9b08-d5059b39534e,6da0d5a3-8918-68eb-7bc8-a925a393d432,SQL,intermediate,"{""coursework""}",,2026-08-18 10:49:00
a2acb218-f09d-d007-6d0f-b26713b3f645,6da0d5a3-8918-68eb-7bc8-a925a393d432,Teamwork,intermediate,"{""project"",""coursework""}",Applied in project work.,2026-08-18 10:49:00
b8975e3d-b0a3-b320-cfff-dd05090513a7,6da0d5a3-8918-68eb-7bc8-a925a393d432,Time Management,beginner,"{""coursework""}",,2026-08-18 10:49:00
b314e6bc-3b86-a32c-7ded-034ca68af9e7,a7f81262-bec0-b0a1-bc57-4f4cff346fe9,AI Literacy,beginner,"{""coursework""}",,2026-07-12 13:11:00
c8cbc17a-e87f-eb8e-2e0d-ce66411f10b7,a7f81262-bec0-b0a1-bc57-4f4cff346fe9,Data Analysis,beginner,"{""coursework""}",,2026-07-12 13:11:00
2f650efa-40ac-67a1-9bf4-a1ac03099cca,a7f81262-bec0-b0a1-bc57-4f4cff346fe9,Data Visualisation,intermediate,"{""coursework""}",,2026-07-12 13:11:00
7b2c88c0-e579-5c1c-3d0b-b4c9980b0ca5,a7f81262-bec0-b0a1-bc57-4f4cff346fe9,Leadership,beginner,"{""coursework""}",,2026-07-12 13:11:00
9dcf3c3f-b57b-1170-9e1b-eb1310c4f8c6,a7f81262-bec0-b0a1-bc57-4f4cff346fe9,Machine Learning,beginner,"{""certification"",""coursework""}",,2026-07-12 13:11:00
dc0397c7-fa3f-b27b-0ce7-f36957a62e68,a7f81262-bec0-b0a1-bc57-4f4cff346fe9,Python,intermediate,"{""certification"",""coursework""}",,2026-07-12 13:11:00
b833b633-c39d-ff73-c1c3-c7e5c4a48c8d,7e8f0cff-7ddf-d0cc-8c22-41eaaf126682,Communication,intermediate,"{""coursework""}",,2026-08-20 19:04:00
030e5558-7ae3-c958-3fa1-17811ad5ed2c,7e8f0cff-7ddf-d0cc-8c22-41eaaf126682,Data Visualisation,intermediate,"{""certification""}",,2026-08-20 19:04:00
e0c30f26-8fd5-db9d-5a6f-21ccf995ff74,7e8f0cff-7ddf-d0cc-8c22-41eaaf126682,Docker,advanced,"{""coursework""}",,2026-08-20 19:04:00
f32a2659-39a6-2072-1fb7-81152b6177c6,7e8f0cff-7ddf-d0cc-8c22-41eaaf126682,Flask,intermediate,"{""project"",""coursework""}",Applied in project work.,2026-08-20 19:04:00
bd982e2d-f242-5ae9-d0d5-805a6c9bb4d3,7e8f0cff-7ddf-d0cc-8c22-41eaaf126682,Git,intermediate,"{""coursework""}",,2026-08-20 19:04:00
fed9fcf2-9e05-77f6-01ab-89d8840fb04b,7e8f0cff-7ddf-d0cc-8c22-41eaaf126682,Leadership,intermediate,"{""coursework""}",,2026-08-20 19:04:00
5f540fc9-114e-a4fa-7245-84ac358a36cb,7e8f0cff-7ddf-d0cc-8c22-41eaaf126682,Linux,advanced,"{""project""}",Applied in project work.,2026-08-20 19:04:00
451be473-4d35-6704-8b1f-f501d7aace8c,7e8f0cff-7ddf-d0cc-8c22-41eaaf126682,Power BI,intermediate,"{""certification"",""internship"",""coursework""}",Used during internship.,2026-08-20 19:04:00
c5c9a543-c967-b8aa-8f21-f5d68b6207cc,7e8f0cff-7ddf-d0cc-8c22-41eaaf126682,Problem Solving,advanced,"{""coursework""}",,2026-08-20 19:04:00
a667e980-fc0f-2fb7-473f-13a1a350a6e4,7e8f0cff-7ddf-d0cc-8c22-41eaaf126682,Python,intermediate,"{""project""}",Applied in project work.,2026-08-20 19:04:00
8b31deb9-3b37-1fd9-cdcf-9e05bd8cc80e,7e8f0cff-7ddf-d0cc-8c22-41eaaf126682,Research Skills,intermediate,"{""project"",""coursework""}",Applied in project work.,2026-08-20 19:04:00
932a3701-400d-972f-abd0-0d120faacef7,7e8f0cff-7ddf-d0cc-8c22-41eaaf126682,SQL,intermediate,"{""project"",""internship"",""coursework""}",Applied in project work.,2026-08-20 19:04:00
5dc241a0-d7a1-e3c2-4e63-0ebf2b46e30a,7e8f0cff-7ddf-d0cc-8c22-41eaaf126682,Teamwork,advanced,"{""internship"",""coursework""}",Used during internship.,2026-08-20 19:04:00
03f8c89b-03e7-cfc5-fbd3-ac77e1e0815b,7e8f0cff-7ddf-d0cc-8c22-41eaaf126682,Time Management,advanced,"{""coursework""}",,2026-08-20 19:04:00
e7c9b300-c3fb-1ffb-3691-f17866ce8d55,0705e2d5-82dc-4b59-c770-207a1fd35c48,Communication,beginner,"{""coursework""}",,2026-09-05 19:59:00
fca68d96-c9ec-a3eb-92b4-c39b19910748,0705e2d5-82dc-4b59-c770-207a1fd35c48,Problem Solving,beginner,"{""coursework""}",,2026-09-05 19:59:00
971cc363-f68a-6338-fd3c-c4e31ab6d603,0705e2d5-82dc-4b59-c770-207a1fd35c48,Teamwork,beginner,"{""coursework""}",,2026-09-05 19:59:00
3bf18e57-d8db-f1da-05cf-46ab9af78021,7e2e5641-7cd7-aea8-3af9-40f50e9c4a6b,C++,intermediate,"{""project"",""internship"",""coursework""}",Applied in project work.,2026-09-02 04:31:00
02dc4dbe-5221-595c-b3a3-be65f9ad7fd3,7e2e5641-7cd7-aea8-3af9-40f50e9c4a6b,Data Analysis,intermediate,"{""certification"",""coursework""}",,2026-09-02 04:31:00
f79c1392-ca24-f29c-cd5e-c9fec0e74da3,7e2e5641-7cd7-aea8-3af9-40f50e9c4a6b,Docker,beginner,"{""coursework""}",,2026-09-02 04:31:00
f0027c3b-ccfc-ca2d-dc15-3db48a23af14,7e2e5641-7cd7-aea8-3af9-40f50e9c4a6b,Git,intermediate,"{""project""}",Applied in project work.,2026-09-02 04:31:00
725ad157-b43c-383c-f393-02bc539eceb1,7e2e5641-7cd7-aea8-3af9-40f50e9c4a6b,JavaScript,intermediate,"{""project""}",Applied in project work.,2026-09-02 04:31:00
89e39c2a-b822-7f4c-b270-1138be7e7841,7e2e5641-7cd7-aea8-3af9-40f50e9c4a6b,Leadership,intermediate,"{""coursework""}",,2026-09-02 04:31:00
089b1373-2f79-a373-fefd-58be4b5f5b3e,7e2e5641-7cd7-aea8-3af9-40f50e9c4a6b,Python,intermediate,"{""coursework""}",,2026-09-02 04:31:00
f52effa6-ed32-3242-0e37-55ca42a30532,7e2e5641-7cd7-aea8-3af9-40f50e9c4a6b,R,intermediate,"{""certification""}",,2026-09-02 04:31:00
b0c51dde-ec59-8190-5eb2-0456ebd4e983,7e2e5641-7cd7-aea8-3af9-40f50e9c4a6b,React,advanced,"{""project""}",Applied in project work.,2026-09-02 04:31:00
fca81956-cc2d-2fae-7bfe-0f866b79cc2a,7e2e5641-7cd7-aea8-3af9-40f50e9c4a6b,SQL,beginner,"{""certification"",""internship""}",Used during internship.,2026-09-02 04:31:00
a55f8289-64c0-3fd0-bab6-5eae1df68c32,7e2e5641-7cd7-aea8-3af9-40f50e9c4a6b,Tableau,intermediate,"{""certification"",""coursework""}",,2026-09-02 04:31:00
98c4c735-bc7f-9bc8-99f6-8c9a50e2b159,7e2e5641-7cd7-aea8-3af9-40f50e9c4a6b,Teamwork,intermediate,"{""internship"",""coursework""}",Used during internship.,2026-09-02 04:31:00
6ece727a-a1c7-b57a-1237-4a0341b895e0,6339a865-0d5a-9251-89f1-b1a9a10fbf9e,AWS,advanced,"{""internship""}",Used during internship.,2026-08-04 23:47:00
b8c34677-f87b-a01b-c428-5a2edb546468,6339a865-0d5a-9251-89f1-b1a9a10fbf9e,Cloud Computing,intermediate,"{""internship""}",Used during internship.,2026-08-04 23:47:00
c533d06e-d18d-0cf9-304e-0cd1e0cac955,6339a865-0d5a-9251-89f1-b1a9a10fbf9e,Communication,intermediate,"{""coursework""}",,2026-08-04 23:47:00
c6e27d27-3a8c-0c71-e488-dfd3f66126ed,6339a865-0d5a-9251-89f1-b1a9a10fbf9e,Deep Learning,advanced,"{""certification""}",,2026-08-04 23:47:00
957cfc83-1f23-c7d9-3f5c-7a04b359c5e9,6339a865-0d5a-9251-89f1-b1a9a10fbf9e,Docker,intermediate,"{""coursework""}",,2026-08-04 23:47:00
1982052f-6031-57f5-f6a1-f72e4eaa80cf,6339a865-0d5a-9251-89f1-b1a9a10fbf9e,Flask,intermediate,"{""project"",""coursework""}",Applied in project work.,2026-08-04 23:47:00
472f2e77-4ae2-dd3f-ebae-6dc34104cc3f,6339a865-0d5a-9251-89f1-b1a9a10fbf9e,Git,intermediate,"{""coursework""}",,2026-08-04 23:47:00
9b605d6f-814c-ad98-a4c5-1b0df2c7530c,6339a865-0d5a-9251-89f1-b1a9a10fbf9e,Linux,intermediate,"{""project"",""internship"",""coursework""}",Applied in project work.,2026-08-04 23:47:00
4eed751a-aee5-2323-4054-e2302e155a39,6339a865-0d5a-9251-89f1-b1a9a10fbf9e,Machine Learning,advanced,"{""project""}",Applied in project work.,2026-08-04 23:47:00
113b436a-c5cc-0e88-e50d-2706822c4d41,6339a865-0d5a-9251-89f1-b1a9a10fbf9e,Problem Solving,intermediate,"{""coursework""}",,2026-08-04 23:47:00
3df8e0cb-cb8f-b4b4-cc8d-4862db2e59b0,6339a865-0d5a-9251-89f1-b1a9a10fbf9e,Python,intermediate,"{""project""}",Applied in project work.,2026-08-04 23:47:00
476f88e0-ae42-1baa-aecf-2f69bef200aa,6339a865-0d5a-9251-89f1-b1a9a10fbf9e,Research Skills,intermediate,"{""project""}",Applied in project work.,2026-08-04 23:47:00
d128454d-987f-94c5-b65e-9eb9eefc5272,6339a865-0d5a-9251-89f1-b1a9a10fbf9e,SQL,intermediate,"{""project""}",Applied in project work.,2026-08-04 23:47:00
931f330c-faa8-75f1-5319-f42cb78fe9f5,6339a865-0d5a-9251-89f1-b1a9a10fbf9e,Teamwork,intermediate,"{""coursework""}",,2026-08-04 23:47:00
d59cbab6-ea5a-d562-4422-b701dbf4437c,6339a865-0d5a-9251-89f1-b1a9a10fbf9e,Time Management,intermediate,"{""coursework""}",,2026-08-04 23:47:00
5d624823-e4e5-917e-3091-ebb499f49513,67b9b1f9-e5a4-72ca-414c-2daf8b5ec0e5,Azure,intermediate,"{""project""}",Applied in project work.,2026-08-08 04:07:00
9c788612-a60d-7c0c-a866-f62193ad7a76,67b9b1f9-e5a4-72ca-414c-2daf8b5ec0e5,Cloud Computing,intermediate,"{""project"",""coursework""}",Applied in project work.,2026-08-08 04:07:00
9451a436-dd5b-1869-6f6b-215672c5643b,67b9b1f9-e5a4-72ca-414c-2daf8b5ec0e5,Communication,intermediate,"{""coursework""}",,2026-08-08 04:07:00
c084b255-6ba3-48d9-5ae3-b17ecb261491,67b9b1f9-e5a4-72ca-414c-2daf8b5ec0e5,Deep Learning,intermediate,"{""coursework""}",,2026-08-08 04:07:00
06b2496b-1de5-0783-933d-cf84518d1338,67b9b1f9-e5a4-72ca-414c-2daf8b5ec0e5,Node.js,intermediate,"{""coursework""}",,2026-08-08 04:07:00
e41b87bb-cbe7-a835-366a-2438c946a8ab,67b9b1f9-e5a4-72ca-414c-2daf8b5ec0e5,React,intermediate,"{""coursework""}",,2026-08-08 04:07:00
faf43e26-d301-6a71-abc0-9a0da6f13da2,67b9b1f9-e5a4-72ca-414c-2daf8b5ec0e5,SQL,intermediate,"{""project""}",Applied in project work.,2026-08-08 04:07:00
05d98c40-6730-723a-d120-c9c56d272c5f,5afdf463-08b7-7c51-458d-971c1c696395,C++,intermediate,"{""project""}",Applied in project work.,2026-07-18 21:27:00
a2df6584-c9b7-b082-07f7-009a8a51819f,5afdf463-08b7-7c51-458d-971c1c696395,Communication,advanced,"{""coursework""}",,2026-07-18 21:27:00
e009316f-ae6c-8d4d-6f67-e1a776f58592,5afdf463-08b7-7c51-458d-971c1c696395,Git,intermediate,"{""project"",""coursework""}",Applied in project work.,2026-07-18 21:27:00
d2e5aab8-f660-df3d-999d-ef8ac530ad91,5afdf463-08b7-7c51-458d-971c1c696395,Leadership,beginner,"{""coursework""}",,2026-07-18 21:27:00
5c40784a-b124-8af3-3250-d67849149efe,5afdf463-08b7-7c51-458d-971c1c696395,Linux,intermediate,"{""project"",""certification""}",Applied in project work.,2026-07-18 21:27:00
6eaea044-1a44-ae3e-cd4d-c52665ea17dd,5afdf463-08b7-7c51-458d-971c1c696395,Machine Learning,advanced,"{""project"",""coursework""}",Applied in project work.,2026-07-18 21:27:00
c7eafa89-dee4-39eb-7ee8-30007a6b3f8c,5afdf463-08b7-7c51-458d-971c1c696395,Natural Language Processing,intermediate,"{""project"",""coursework""}",Applied in project work.,2026-07-18 21:27:00
fe666c5a-6b8a-0a4c-1b2e-046c7db06075,5afdf463-08b7-7c51-458d-971c1c696395,Problem Solving,intermediate,"{""project"",""certification"",""coursework""}",Applied in project work.,2026-07-18 21:27:00
1c982099-961f-8ddf-108b-90d0feb6bae2,5afdf463-08b7-7c51-458d-971c1c696395,Python,intermediate,"{""project"",""coursework""}",Applied in project work.,2026-07-18 21:27:00
d61b5779-dac2-7830-058e-94d2556b9623,5afdf463-08b7-7c51-458d-971c1c696395,Statistical Analysis,advanced,"{""project"",""coursework""}",Applied in project work.,2026-07-18 21:27:00
9b7d905a-57d5-e16c-2c71-0b68cd856d32,5afdf463-08b7-7c51-458d-971c1c696395,Teamwork,intermediate,"{""project""}",Applied in project work.,2026-07-18 21:27:00
8da4ee46-27db-48c7-8ada-b2f21b62f672,24551e23-8276-c48c-9ff8-4ad87af8c27f,Communication,beginner,"{""coursework""}",,2026-07-04 02:52:00
97125512-5b73-4738-ea33-23da6f44f2e2,24551e23-8276-c48c-9ff8-4ad87af8c27f,Data Visualisation,beginner,"{""coursework""}",,2026-07-04 02:52:00
25244dcd-a74d-6072-1505-1857fa2f558b,24551e23-8276-c48c-9ff8-4ad87af8c27f,FastAPI,beginner,"{""coursework""}",,2026-07-04 02:52:00
fb3b5f27-bfd5-2d8f-e7eb-19fad0482dc1,24551e23-8276-c48c-9ff8-4ad87af8c27f,Node.js,intermediate,"{""coursework""}",,2026-07-04 02:52:00
62806750-f3b9-9598-9a4d-027c5e1082b0,24551e23-8276-c48c-9ff8-4ad87af8c27f,Teamwork,intermediate,"{""coursework""}",,2026-07-04 02:52:00
41d205a9-7ae9-993c-7cd2-e3ed81a51949,b8942998-3532-ea2e-acf8-5ea78ec0793d,Azure,intermediate,"{""project"",""coursework""}",Applied in project work.,2026-09-07 02:05:00
049c6f46-4b68-8cf1-0d50-798c155df726,b8942998-3532-ea2e-acf8-5ea78ec0793d,Cloud Computing,beginner,"{""project"",""coursework""}",Applied in project work.,2026-09-07 02:05:00
c8c938a3-db5f-c59e-df3a-82bdb4783e0c,b8942998-3532-ea2e-acf8-5ea78ec0793d,FastAPI,intermediate,"{""project"",""internship"",""coursework""}",Applied in project work.,2026-09-07 02:05:00
2ec18ff5-5041-471d-6182-8f6dcb5c5268,b8942998-3532-ea2e-acf8-5ea78ec0793d,Git,intermediate,"{""project"",""coursework""}",Applied in project work.,2026-09-07 02:05:00
51161b26-be60-38a7-19af-5a94481d6550,b8942998-3532-ea2e-acf8-5ea78ec0793d,Java,intermediate,"{""coursework""}",,2026-09-07 02:05:00
052b05bf-4921-14a3-04ac-010e240696b4,b8942998-3532-ea2e-acf8-5ea78ec0793d,Leadership,intermediate,"{""coursework""}",,2026-09-07 02:05:00
75cf289b-0209-1ae5-e554-4216b451483d,b8942998-3532-ea2e-acf8-5ea78ec0793d,Problem Solving,intermediate,"{""internship"",""coursework""}",Used during internship.,2026-09-07 02:05:00
3fd58b00-47a2-f46f-cdf1-fe5fc68d2e72,b8942998-3532-ea2e-acf8-5ea78ec0793d,Python,intermediate,"{""project""}",Applied in project work.,2026-09-07 02:05:00
fd065ff1-0e65-07ad-74d6-08623f9d4a7f,b8942998-3532-ea2e-acf8-5ea78ec0793d,SQL,intermediate,"{""project"",""internship""}",Applied in project work.,2026-09-07 02:05:00
9ecd8b29-4a85-e4d2-1985-50f7ec5464a1,b8942998-3532-ea2e-acf8-5ea78ec0793d,Statistical Analysis,beginner,"{""coursework""}",,2026-09-07 02:05:00
07abbbee-515e-a0d3-5b8b-f877cce4a797,b8942998-3532-ea2e-acf8-5ea78ec0793d,Teamwork,intermediate,"{""coursework""}",,2026-09-07 02:05:00
69ea4de5-2bfb-65da-90d0-73ec4a17ba92,5e8f972e-4d59-3c14-82db-34f352c3c305,AWS,intermediate,"{""certification""}",,2026-07-30 01:17:00
eb59d057-2876-d508-da53-be509dd838ea,5e8f972e-4d59-3c14-82db-34f352c3c305,Cloud Computing,intermediate,"{""certification"",""coursework""}",,2026-07-30 01:17:00
e57e0377-ad61-620f-b9d9-79bff3051e8d,5e8f972e-4d59-3c14-82db-34f352c3c305,Communication,beginner,"{""coursework""}",,2026-07-30 01:17:00
55aaede7-619a-c7cb-8633-296d356e6aea,5e8f972e-4d59-3c14-82db-34f352c3c305,Docker,intermediate,"{""coursework""}",,2026-07-30 01:17:00
ed31a097-6d25-ac25-97f3-a5deb14526b0,5e8f972e-4d59-3c14-82db-34f352c3c305,Git,beginner,"{""coursework""}",,2026-07-30 01:17:00
f33ab2c9-f9d1-475d-15c3-1c86daec9713,5e8f972e-4d59-3c14-82db-34f352c3c305,Linux,intermediate,"{""coursework""}",,2026-07-30 01:17:00
0a9ae42f-b8cc-4959-8ae0-52d357656ec2,5e8f972e-4d59-3c14-82db-34f352c3c305,SQL,intermediate,"{""coursework""}",,2026-07-30 01:17:00
da798e97-b612-875d-8e9e-ed95d47e2d34,5e8f972e-4d59-3c14-82db-34f352c3c305,Teamwork,intermediate,"{""coursework""}",,2026-07-30 01:17:00
c6f4fa2b-7fa7-0f78-28cb-d42e84aa3fa6,f1982abd-927a-08aa-1ccd-29c6b52de69a,Communication,beginner,"{""coursework""}",,2026-07-21 01:26:00
8fcf4d2a-4cd3-f6ad-1da5-a774cb17f774,f1982abd-927a-08aa-1ccd-29c6b52de69a,Docker,intermediate,"{""certification"",""coursework""}",,2026-07-21 01:26:00
05644530-8e6c-3463-f6ea-19835e7cf1c2,f1982abd-927a-08aa-1ccd-29c6b52de69a,Leadership,beginner,"{""coursework""}",,2026-07-21 01:26:00
c921fee8-abd1-6c63-7fcc-a09e91492453,f1982abd-927a-08aa-1ccd-29c6b52de69a,Time Management,beginner,"{""coursework""}",,2026-07-21 01:26:00
6435032e-77af-e93a-c96c-677ca68ae8fb,45553ab3-433d-3d6a-0bf0-7d81e338cce9,Data Analysis,intermediate,"{""coursework""}",,2026-07-19 06:18:00
75805d15-dd94-753b-1f1a-8d9540673e2d,45553ab3-433d-3d6a-0bf0-7d81e338cce9,Data Visualisation,advanced,"{""project"",""internship"",""coursework""}",Applied in project work.,2026-07-19 06:18:00
cbe9a2ee-077f-f307-09aa-8df1528bd2de,45553ab3-433d-3d6a-0bf0-7d81e338cce9,Excel,advanced,"{""project"",""internship""}",Applied in project work.,2026-07-19 06:18:00
c1fd6735-590d-910f-7508-128ddee6d93e,45553ab3-433d-3d6a-0bf0-7d81e338cce9,Leadership,advanced,"{""coursework""}",,2026-07-19 06:18:00
e16d8a59-8971-42bc-be1a-45f7b5da12a4,45553ab3-433d-3d6a-0bf0-7d81e338cce9,Machine Learning,intermediate,"{""coursework""}",,2026-07-19 06:18:00
81c471e0-2dd4-36d0-401b-9ca18db8884f,45553ab3-433d-3d6a-0bf0-7d81e338cce9,Power BI,advanced,"{""project"",""internship"",""coursework""}",Applied in project work.,2026-07-19 06:18:00
6fd22e3d-74e0-b03c-5cd2-abe05e231bc6,45553ab3-433d-3d6a-0bf0-7d81e338cce9,Problem Solving,beginner,"{""coursework""}",,2026-07-19 06:18:00
6ef7ccbb-0bb5-aa87-cc94-e34e7b72ae6d,45553ab3-433d-3d6a-0bf0-7d81e338cce9,Statistical Analysis,beginner,"{""coursework""}",,2026-07-19 06:18:00
be347890-1895-d9de-6a39-9b7f37577987,1e08b398-dd37-ef7c-9610-da6e4ca50346,Git,beginner,"{""coursework""}",,2026-07-20 12:46:00
2612a304-09ce-2544-8a2a-e5858f31bafd,1e08b398-dd37-ef7c-9610-da6e4ca50346,Leadership,beginner,"{""internship"",""coursework""}",Used during internship.,2026-07-20 12:46:00
dfffa5f2-6747-4de3-d993-373611e29315,1e08b398-dd37-ef7c-9610-da6e4ca50346,Problem Solving,beginner,"{""coursework""}",,2026-07-20 12:46:00
a75d83ea-bc37-aa1a-0c19-962cb7ba1b36,1e08b398-dd37-ef7c-9610-da6e4ca50346,React,beginner,"{""internship""}",Used during internship.,2026-07-20 12:46:00
5648f953-ed54-fcd5-5f25-36d8e6ca93e2,1e08b398-dd37-ef7c-9610-da6e4ca50346,Teamwork,intermediate,"{""internship"",""coursework""}",Used during internship.,2026-07-20 12:46:00
4985b1e5-83e9-0210-4af9-bb068a37b9f4,e03eeb6f-67e7-0efb-9292-057ffb894819,Azure,beginner,"{""coursework""}",,2026-08-19 10:51:00
da05bca7-3da8-2745-f659-6d4af7b87e9e,e03eeb6f-67e7-0efb-9292-057ffb894819,Git,beginner,"{""coursework""}",,2026-08-19 10:51:00
017d252d-c1a7-db2d-06fe-7832f4644ddd,e03eeb6f-67e7-0efb-9292-057ffb894819,Leadership,beginner,"{""coursework""}",,2026-08-19 10:51:00
cfda8ed8-b399-9f2b-39a3-1c1e0fddc43b,e03eeb6f-67e7-0efb-9292-057ffb894819,Linux,beginner,"{""project"",""coursework""}",Applied in project work.,2026-08-19 10:51:00
b2418dea-9bf5-dd77-889f-6264b57bccf1,e03eeb6f-67e7-0efb-9292-057ffb894819,Problem Solving,beginner,"{""project"",""coursework""}",Applied in project work.,2026-08-19 10:51:00
09c4489b-e338-b6c3-7f1a-8f72a0f387e9,e03eeb6f-67e7-0efb-9292-057ffb894819,Teamwork,beginner,"{""project""}",Applied in project work.,2026-08-19 10:51:00
d79b30c4-51d1-7e79-12ad-e8365c58b2b2,f27c75ed-d491-4931-a2ad-03d60d0a5493,AWS,intermediate,"{""coursework""}",,2026-07-08 17:58:00
14a38eee-77d6-6316-40bd-884f2831392b,f27c75ed-d491-4931-a2ad-03d60d0a5493,C++,intermediate,"{""coursework""}",,2026-07-08 17:58:00
7956f953-8298-d8db-8d88-15b0700e0602,f27c75ed-d491-4931-a2ad-03d60d0a5493,Cloud Computing,intermediate,"{""coursework""}",,2026-07-08 17:58:00
3550cc71-1f40-f37f-5c87-91c3b834af7f,f27c75ed-d491-4931-a2ad-03d60d0a5493,Git,intermediate,"{""coursework""}",,2026-07-08 17:58:00
1ed02b04-b10e-7dd6-bf05-413e9f531cc0,f27c75ed-d491-4931-a2ad-03d60d0a5493,JavaScript,intermediate,"{""project""}",Applied in project work.,2026-07-08 17:58:00
17b3da76-bfa8-0526-5bde-0066064679bc,f27c75ed-d491-4931-a2ad-03d60d0a5493,Linux,intermediate,"{""coursework""}",,2026-07-08 17:58:00
f7c001ef-05a6-19ff-208e-932c1a116f3b,f27c75ed-d491-4931-a2ad-03d60d0a5493,Machine Learning,intermediate,"{""project""}",Applied in project work.,2026-07-08 17:58:00
fa3fbc7b-0aad-cf98-ecce-9751a1c77ea1,f27c75ed-d491-4931-a2ad-03d60d0a5493,Problem Solving,intermediate,"{""coursework""}",,2026-07-08 17:58:00
54cadef0-1157-c4b6-5fa9-9c60fa37e81c,f27c75ed-d491-4931-a2ad-03d60d0a5493,Python,intermediate,"{""project"",""coursework""}",Applied in project work.,2026-07-08 17:58:00
276e2b7e-c58d-47b3-cd5e-2b77375d6f24,f27c75ed-d491-4931-a2ad-03d60d0a5493,React,beginner,"{""project"",""coursework""}",Applied in project work.,2026-07-08 17:58:00
c8db2501-2538-e26c-9ffd-db82b33d83d7,f27c75ed-d491-4931-a2ad-03d60d0a5493,Time Management,beginner,"{""coursework""}",,2026-07-08 17:58:00
62f73ff7-91eb-586a-a952-78e41a887675,3422bb5a-d9cc-21d2-2d9c-60cd5ea03d42,AWS,intermediate,"{""certification""}",,2026-08-22 15:46:00
274fb207-a8b1-ca19-b6b5-81afb9eda241,3422bb5a-d9cc-21d2-2d9c-60cd5ea03d42,Azure,intermediate,"{""coursework""}",,2026-08-22 15:46:00
c738e97e-0635-4d06-0179-fea4422d6d4a,3422bb5a-d9cc-21d2-2d9c-60cd5ea03d42,Cloud Computing,advanced,"{""certification"",""coursework""}",,2026-08-22 15:46:00
6dc1fead-6129-296b-edca-e4f16f7e0375,3422bb5a-d9cc-21d2-2d9c-60cd5ea03d42,Communication,intermediate,"{""coursework""}",,2026-08-22 15:46:00
7fe8b570-cfd0-da66-0a44-4a9f77a11b8e,3422bb5a-d9cc-21d2-2d9c-60cd5ea03d42,Docker,intermediate,"{""coursework""}",,2026-08-22 15:46:00
bbd3361d-7a04-8ced-5081-a40076cfd5b6,3422bb5a-d9cc-21d2-2d9c-60cd5ea03d42,Flask,intermediate,"{""project""}",Applied in project work.,2026-08-22 15:46:00
33d97b3b-6d37-00eb-f3ce-1b5a6b2084a7,3422bb5a-d9cc-21d2-2d9c-60cd5ea03d42,Git,advanced,"{""coursework""}",,2026-08-22 15:46:00
87a88faa-318b-508c-7c4b-c7e7fedd5c98,3422bb5a-d9cc-21d2-2d9c-60cd5ea03d42,Leadership,intermediate,"{""coursework""}",,2026-08-22 15:46:00
f9e1c6cb-869e-d41b-c64e-1c628e045196,3422bb5a-d9cc-21d2-2d9c-60cd5ea03d42,Linux,advanced,"{""project"",""coursework""}",Applied in project work.,2026-08-22 15:46:00
07901a35-75dc-631e-9072-0cd70b0ca79c,3422bb5a-d9cc-21d2-2d9c-60cd5ea03d42,Machine Learning,advanced,"{""project"",""certification""}",Applied in project work.,2026-08-22 15:46:00
8ac1002a-94ae-96bf-fe40-6b97cc118610,3422bb5a-d9cc-21d2-2d9c-60cd5ea03d42,Problem Solving,advanced,"{""coursework""}",,2026-08-22 15:46:00
196a202c-5ca7-e998-777a-7939affae738,3422bb5a-d9cc-21d2-2d9c-60cd5ea03d42,Python,intermediate,"{""project"",""certification"",""coursework""}",Applied in project work.,2026-08-22 15:46:00
1ab43b62-237b-db3a-656b-a154ec14c5bb,3422bb5a-d9cc-21d2-2d9c-60cd5ea03d42,Research Skills,advanced,"{""project""}",Applied in project work.,2026-08-22 15:46:00
e6b875df-d458-61d7-a7f8-c2d4cbcb7fe9,3422bb5a-d9cc-21d2-2d9c-60cd5ea03d42,SQL,intermediate,"{""project"",""coursework""}",Applied in project work.,2026-08-22 15:46:00
8703cc53-75dc-654f-675d-24cb3028c1de,3422bb5a-d9cc-21d2-2d9c-60cd5ea03d42,Time Management,intermediate,"{""coursework""}",,2026-08-22 15:46:00
6a3ee1e1-ba25-30b4-bf68-e6086c28cbbf,e877770e-ae51-9a9b-8113-2981caedf979,Communication,beginner,"{""coursework""}",,2026-09-14 10:36:00
a2aa7f9a-79fe-3183-93f5-4676e2572729,e877770e-ae51-9a9b-8113-2981caedf979,Docker,intermediate,"{""project"",""coursework""}",Applied in project work.,2026-09-14 10:36:00
87fd018e-0638-4ca8-a3ed-aaf938fa6094,e877770e-ae51-9a9b-8113-2981caedf979,FastAPI,advanced,"{""project""}",Applied in project work.,2026-09-14 10:36:00
2c484912-8627-5aaa-71f4-2468362e84f3,e877770e-ae51-9a9b-8113-2981caedf979,Git,beginner,"{""project"",""coursework""}",Applied in project work.,2026-09-14 10:36:00
b4bef407-559d-1417-c6a4-1868a475516b,e877770e-ae51-9a9b-8113-2981caedf979,Java,beginner,"{""coursework""}",,2026-09-14 10:36:00
dfdeb8fe-e079-a4ca-bc25-de4b6b13a06f,e877770e-ae51-9a9b-8113-2981caedf979,Leadership,intermediate,"{""coursework""}",,2026-09-14 10:36:00
fe323af0-498e-8829-05eb-7c547f1a1298,e877770e-ae51-9a9b-8113-2981caedf979,Machine Learning,intermediate,"{""certification""}",,2026-09-14 10:36:00
a2f8758c-f351-1ee5-8a5f-050e7c928d60,e877770e-ae51-9a9b-8113-2981caedf979,Node.js,beginner,"{""project""}",Applied in project work.,2026-09-14 10:36:00
3345fa1b-708a-3515-bbe7-450ca1b9b7ee,e877770e-ae51-9a9b-8113-2981caedf979,Problem Solving,advanced,"{""coursework""}",,2026-09-14 10:36:00
7a5f8a17-d73a-2d0b-1e93-bbfaf8702c7b,e877770e-ae51-9a9b-8113-2981caedf979,Python,intermediate,"{""project"",""certification""}",Applied in project work.,2026-09-14 10:36:00
45254f32-2334-dd39-fb70-78bd6340254d,e877770e-ae51-9a9b-8113-2981caedf979,React,intermediate,"{""coursework""}",,2026-09-14 10:36:00
d5c6f363-3246-d48a-3f0a-5c9f40851dba,e877770e-ae51-9a9b-8113-2981caedf979,SQL,beginner,"{""project"",""coursework""}",Applied in project work.,2026-09-14 10:36:00
3bbf056b-ed85-612a-ec95-763eb79efcb6,6f488673-6893-9da2-7a43-84199ddd7ecc,Data Visualisation,intermediate,"{""certification"",""coursework""}",,2026-07-03 00:02:00
37f8373a-868e-a928-899c-a7afabc163b1,6f488673-6893-9da2-7a43-84199ddd7ecc,Flask,intermediate,"{""coursework""}",,2026-07-03 00:02:00
c028e9ff-aa99-c64c-8950-eeb1d595bdbf,6f488673-6893-9da2-7a43-84199ddd7ecc,Git,beginner,"{""coursework""}",,2026-07-03 00:02:00
5bafd14f-27b6-f261-2348-9c1063e9316e,6f488673-6893-9da2-7a43-84199ddd7ecc,JavaScript,intermediate,"{""project""}",Applied in project work.,2026-07-03 00:02:00
902089b9-2fcc-9e22-6bd8-357fbd5917bb,6f488673-6893-9da2-7a43-84199ddd7ecc,Node.js,intermediate,"{""coursework""}",,2026-07-03 00:02:00
0f761580-163d-8b82-fba3-08676e444d7d,6f488673-6893-9da2-7a43-84199ddd7ecc,Power BI,advanced,"{""certification"",""coursework""}",,2026-07-03 00:02:00
8f3f5876-0d43-240a-8dfc-fcefa4346ef7,6f488673-6893-9da2-7a43-84199ddd7ecc,Problem Solving,beginner,"{""coursework""}",,2026-07-03 00:02:00
ed11f765-a6dd-e2aa-7d98-c83c3365bd5e,6f488673-6893-9da2-7a43-84199ddd7ecc,React,advanced,"{""project""}",Applied in project work.,2026-07-03 00:02:00
7b25706b-2549-e09b-6911-31412932cfea,6f488673-6893-9da2-7a43-84199ddd7ecc,SQL,intermediate,"{""coursework""}",,2026-07-03 00:02:00
66170439-a5c4-564a-010a-8a915d9a1711,6f488673-6893-9da2-7a43-84199ddd7ecc,Teamwork,advanced,"{""coursework""}",,2026-07-03 00:02:00
490dea5e-dc9d-41e7-699f-8b056d8e8aea,6f488673-6893-9da2-7a43-84199ddd7ecc,Time Management,intermediate,"{""coursework""}",,2026-07-03 00:02:00
4f637747-3ec5-62fe-41da-29b3c9ffb6a0,98e81d6f-0c05-5bb3-01a0-78f51565fe66,Data Visualisation,beginner,"{""project"",""coursework""}",Applied in project work.,2026-09-14 20:01:00
abe594e1-c345-f317-4e7d-b439a577d497,98e81d6f-0c05-5bb3-01a0-78f51565fe66,FastAPI,intermediate,"{""project""}",Applied in project work.,2026-09-14 20:01:00
0f9552b5-5b2b-79d3-ea1f-506aaf9190b2,98e81d6f-0c05-5bb3-01a0-78f51565fe66,Flask,intermediate,"{""coursework""}",,2026-09-14 20:01:00
7fc4318c-48d1-9469-3145-4d09f920b0cf,98e81d6f-0c05-5bb3-01a0-78f51565fe66,Git,intermediate,"{""project""}",Applied in project work.,2026-09-14 20:01:00
03cec54a-6947-af8e-fef7-c9a814e9e10a,98e81d6f-0c05-5bb3-01a0-78f51565fe66,Java,intermediate,"{""project"",""certification""}",Applied in project work.,2026-09-14 20:01:00
e0914476-92b1-00e6-b37c-8bb85fbf0670,98e81d6f-0c05-5bb3-01a0-78f51565fe66,JavaScript,beginner,"{""coursework""}",,2026-09-14 20:01:00
b89f1b65-8998-985b-8ca7-b9d9f43435b2,98e81d6f-0c05-5bb3-01a0-78f51565fe66,Leadership,beginner,"{""coursework""}",,2026-09-14 20:01:00
e6778e35-a3aa-2afd-9979-337b5bf14572,98e81d6f-0c05-5bb3-01a0-78f51565fe66,Node.js,beginner,"{""coursework""}",,2026-09-14 20:01:00
42a4f2fe-0f30-89e8-2ff2-8e9dbd20647e,98e81d6f-0c05-5bb3-01a0-78f51565fe66,Python,advanced,"{""project""}",Applied in project work.,2026-09-14 20:01:00
52b9cd7b-e1b0-c8e7-5821-c044ac50a7cb,98e81d6f-0c05-5bb3-01a0-78f51565fe66,SQL,intermediate,"{""project""}",Applied in project work.,2026-09-14 20:01:00
2a291267-eabb-0b14-d72c-ad7ac8d7fee6,98e81d6f-0c05-5bb3-01a0-78f51565fe66,Tableau,intermediate,"{""coursework""}",,2026-09-14 20:01:00
19561791-dcbb-2fa3-ce4a-73240cbb5bb9,98e81d6f-0c05-5bb3-01a0-78f51565fe66,Teamwork,beginner,"{""coursework""}",,2026-09-14 20:01:00
98b0119a-083d-b4f0-0593-95711310e902,4b7f5fa6-477c-f98d-b474-d20a753e7a37,Data Analysis,beginner,"{""coursework""}",,2026-09-15 08:58:00
2a4049d2-8203-3ec2-9d15-76172c7a5163,4b7f5fa6-477c-f98d-b474-d20a753e7a37,Problem Solving,beginner,"{""coursework""}",,2026-09-15 08:58:00
f98473b6-7eeb-d53d-c4a6-9bc743382b8f,7847074d-9abc-d9bf-f5dd-342259415c99,AWS,intermediate,"{""coursework""}",,2026-07-07 15:08:00
76e2e392-c468-30a5-37a8-245995686452,7847074d-9abc-d9bf-f5dd-342259415c99,Deep Learning,intermediate,"{""project""}",Applied in project work.,2026-07-07 15:08:00
71a69b82-073c-002f-db11-60425eb330dd,7847074d-9abc-d9bf-f5dd-342259415c99,Docker,intermediate,"{""project""}",Applied in project work.,2026-07-07 15:08:00
b8b664a7-a533-559d-f26e-b8385efb9d99,7847074d-9abc-d9bf-f5dd-342259415c99,FastAPI,intermediate,"{""coursework""}",,2026-07-07 15:08:00
719be0ca-2f7d-1391-37a1-d11dab31f518,7847074d-9abc-d9bf-f5dd-342259415c99,Flask,intermediate,"{""coursework""}",,2026-07-07 15:08:00
a822323a-b6bb-3b94-415f-f8eaee823f36,7847074d-9abc-d9bf-f5dd-342259415c99,Git,intermediate,"{""coursework""}",,2026-07-07 15:08:00
2725ef9e-73f8-11c8-55af-91976d6ae8ce,7847074d-9abc-d9bf-f5dd-342259415c99,Java,intermediate,"{""coursework""}",,2026-07-07 15:08:00
86787aa8-9b3a-f389-7efb-f9d8c4dcd45e,7847074d-9abc-d9bf-f5dd-342259415c99,Leadership,intermediate,"{""coursework""}",,2026-07-07 15:08:00
ca887add-ffad-dc07-9f1b-66d1836fc338,7847074d-9abc-d9bf-f5dd-342259415c99,Linux,intermediate,"{""coursework""}",,2026-07-07 15:08:00
9ab12a4c-70e0-bae3-3dda-9fcaa40abcce,7847074d-9abc-d9bf-f5dd-342259415c99,Machine Learning,intermediate,"{""certification""}",,2026-07-07 15:08:00
a6da3e79-f874-3719-b34b-5f0729bfc0ce,7847074d-9abc-d9bf-f5dd-342259415c99,Node.js,intermediate,"{""project""}",Applied in project work.,2026-07-07 15:08:00
d5f72b51-6f45-c0df-9f28-bff696c347fd,7847074d-9abc-d9bf-f5dd-342259415c99,Problem Solving,intermediate,"{""coursework""}",,2026-07-07 15:08:00
5ca8aa69-4cf0-4e09-84e8-e640cf8e0248,7847074d-9abc-d9bf-f5dd-342259415c99,Python,intermediate,"{""project"",""certification""}",Applied in project work.,2026-07-07 15:08:00
ce76b4db-adc9-f4e3-ddca-24851b8d9838,7847074d-9abc-d9bf-f5dd-342259415c99,SQL,advanced,"{""project"",""coursework""}",Applied in project work.,2026-07-07 15:08:00
f91cafb9-73ce-ca7e-5cc1-23c1ea1b6457,7847074d-9abc-d9bf-f5dd-342259415c99,Teamwork,intermediate,"{""coursework""}",,2026-07-07 15:08:00
2a6359f3-86fd-a633-2753-1e5c91965133,7847074d-9abc-d9bf-f5dd-342259415c99,Time Management,beginner,"{""coursework""}",,2026-07-07 15:08:00
7ef608c6-e31a-790d-373c-6cc6e67ca10d,da2de42e-7242-e3dd-48b8-2b0aedb36225,Azure,intermediate,"{""project"",""coursework""}",Applied in project work.,2026-08-17 06:56:00
77b8d504-8e68-ee7d-baed-5fcb2bacbdbd,da2de42e-7242-e3dd-48b8-2b0aedb36225,Cloud Computing,beginner,"{""project""}",Applied in project work.,2026-08-17 06:56:00
2af2a2f4-af04-a01e-d3fb-4469e82835ed,da2de42e-7242-e3dd-48b8-2b0aedb36225,Data Analysis,intermediate,"{""certification""}",,2026-08-17 06:56:00
62824085-cb1f-4c06-d7b0-f9ccacef1584,da2de42e-7242-e3dd-48b8-2b0aedb36225,Docker,advanced,"{""project""}",Applied in project work.,2026-08-17 06:56:00
83ff70d6-e92c-0550-652d-48762dd205e6,da2de42e-7242-e3dd-48b8-2b0aedb36225,JavaScript,beginner,"{""coursework""}",,2026-08-17 06:56:00
5910d841-e1bb-c4b6-bf32-3f9213a353cf,da2de42e-7242-e3dd-48b8-2b0aedb36225,Leadership,beginner,"{""coursework""}",,2026-08-17 06:56:00
34d70475-cb0f-b554-c278-9b0f4299057d,da2de42e-7242-e3dd-48b8-2b0aedb36225,Node.js,intermediate,"{""project"",""coursework""}",Applied in project work.,2026-08-17 06:56:00
9a437632-7231-6218-533e-721871c8fb57,da2de42e-7242-e3dd-48b8-2b0aedb36225,Problem Solving,intermediate,"{""coursework""}",,2026-08-17 06:56:00
a6a866c3-dc72-0e63-4f7b-afa018d6adc4,da2de42e-7242-e3dd-48b8-2b0aedb36225,Python,intermediate,"{""coursework""}",,2026-08-17 06:56:00
97fdb7b5-1d73-61ee-cc9e-3c75c8729915,da2de42e-7242-e3dd-48b8-2b0aedb36225,R,intermediate,"{""certification"",""coursework""}",,2026-08-17 06:56:00
50c9738a-4529-982c-a8e6-00746027ddc3,da2de42e-7242-e3dd-48b8-2b0aedb36225,SQL,intermediate,"{""project"",""certification""}",Applied in project work.,2026-08-17 06:56:00
2d01eecc-6265-afa4-a6d2-8573c34b41d1,da2de42e-7242-e3dd-48b8-2b0aedb36225,Tableau,beginner,"{""certification""}",,2026-08-17 06:56:00
4727f854-8d88-7c1e-33d7-9079ab4c3829,da2de42e-7242-e3dd-48b8-2b0aedb36225,Teamwork,beginner,"{""coursework""}",,2026-08-17 06:56:00
7e3fdc23-c454-9a11-241f-94dbd42449cf,da2de42e-7242-e3dd-48b8-2b0aedb36225,Time Management,beginner,"{""coursework""}",,2026-08-17 06:56:00
b9feb1ce-cd40-3fa3-c097-9de5cad267b4,0f0cffa1-71d7-c324-a5a5-8349016b0531,Cloud Computing,beginner,"{""coursework""}",,2026-07-20 20:55:00
c88e4acb-9ca9-4273-0df4-b8cb3e60af64,0f0cffa1-71d7-c324-a5a5-8349016b0531,Communication,intermediate,"{""coursework""}",,2026-07-20 20:55:00
b3f615e4-4f84-b526-1e06-009c2f91d5e0,0f0cffa1-71d7-c324-a5a5-8349016b0531,Docker,advanced,"{""certification"",""coursework""}",,2026-07-20 20:55:00
d67dcfed-6b0c-b67f-dd22-f1cf05ff3f3b,0f0cffa1-71d7-c324-a5a5-8349016b0531,Flask,intermediate,"{""project"",""coursework""}",Applied in project work.,2026-07-20 20:55:00
e5b96b5e-d663-4906-d98a-27753865ab28,0f0cffa1-71d7-c324-a5a5-8349016b0531,Linux,intermediate,"{""project"",""coursework""}",Applied in project work.,2026-07-20 20:55:00
033fd3c3-ca5f-875b-d5d8-e0bdd61bb866,0f0cffa1-71d7-c324-a5a5-8349016b0531,Machine Learning,advanced,"{""project"",""coursework""}",Applied in project work.,2026-07-20 20:55:00
000494cd-98ae-63f5-8b0d-57732a37e66a,0f0cffa1-71d7-c324-a5a5-8349016b0531,Problem Solving,intermediate,"{""project"",""coursework""}",Applied in project work.,2026-07-20 20:55:00
a28bc59f-11ff-4d56-8737-25cfb597693f,0f0cffa1-71d7-c324-a5a5-8349016b0531,Python,beginner,"{""project""}",Applied in project work.,2026-07-20 20:55:00
cd970b02-9354-0737-ef3e-e8550ffa2017,0f0cffa1-71d7-c324-a5a5-8349016b0531,SQL,intermediate,"{""project""}",Applied in project work.,2026-07-20 20:55:00
0e60fb33-de1e-af35-5a03-90411c86d338,0f0cffa1-71d7-c324-a5a5-8349016b0531,Teamwork,advanced,"{""project""}",Applied in project work.,2026-07-20 20:55:00
167d4184-a86a-058f-ba11-169426c1549a,0f00aaa8-9380-8821-54e7-b6000ec41539,Data Analysis,advanced,"{""project"",""coursework""}",Applied in project work.,2026-09-13 06:50:00
10ee358e-f791-645d-859a-1a8dbb5c1b94,0f00aaa8-9380-8821-54e7-b6000ec41539,Data Visualisation,advanced,"{""project"",""coursework""}",Applied in project work.,2026-09-13 06:50:00
88e2bfe7-e802-e289-28cd-2b4d8923bc95,0f00aaa8-9380-8821-54e7-b6000ec41539,Excel,advanced,"{""project"",""coursework""}",Applied in project work.,2026-09-13 06:50:00
a47ed9ff-9bef-b06b-f02d-f5754eff7434,0f00aaa8-9380-8821-54e7-b6000ec41539,Linux,advanced,"{""certification"",""internship"",""coursework""}",Used during internship.,2026-09-13 06:50:00
1e782114-d027-2f86-cfa6-36f8cbba9500,0f00aaa8-9380-8821-54e7-b6000ec41539,Machine Learning,advanced,"{""coursework""}",,2026-09-13 06:50:00
474f606b-9161-d089-0e51-dca653782b7c,0f00aaa8-9380-8821-54e7-b6000ec41539,Power BI,intermediate,"{""project""}",Applied in project work.,2026-09-13 06:50:00
c859c0eb-cf6b-fd37-a9f6-05ed2aec7576,0f00aaa8-9380-8821-54e7-b6000ec41539,Problem Solving,advanced,"{""certification"",""internship""}",Used during internship.,2026-09-13 06:50:00
781c695a-3c5e-0874-a380-e9ba68873634,0f00aaa8-9380-8821-54e7-b6000ec41539,Python,advanced,"{""project"",""coursework""}",Applied in project work.,2026-09-13 06:50:00
1e3fdf12-3903-9fb3-cbda-c20c15f68117,0f00aaa8-9380-8821-54e7-b6000ec41539,R,advanced,"{""coursework""}",,2026-09-13 06:50:00
13166bfc-ba24-e92b-833d-842b1b3073cb,0f00aaa8-9380-8821-54e7-b6000ec41539,SQL,advanced,"{""project""}",Applied in project work.,2026-09-13 06:50:00
cda6fa31-9488-f45b-cea1-51636196cc53,0f00aaa8-9380-8821-54e7-b6000ec41539,Statistical Analysis,advanced,"{""project""}",Applied in project work.,2026-09-13 06:50:00
bbd11f4b-6ea5-3d7b-4dca-04c10c54254c,0f00aaa8-9380-8821-54e7-b6000ec41539,Teamwork,advanced,"{""internship"",""coursework""}",Used during internship.,2026-09-13 06:50:00
8519d0eb-c94f-ff2e-bf15-047b10831398,e8649a16-4145-0000-9dc1-127139056a43,AI Literacy,intermediate,"{""coursework""}",,2026-07-13 09:00:00
96e81397-58f8-fa8e-7283-c78117a52aa6,e8649a16-4145-0000-9dc1-127139056a43,Data Analysis,intermediate,"{""coursework""}",,2026-07-13 09:00:00
4dc28261-9c5b-9c2c-4f63-bcd1afaeb523,e8649a16-4145-0000-9dc1-127139056a43,Data Visualisation,beginner,"{""project""}",Applied in project work.,2026-07-13 09:00:00
a5304809-4393-6e6e-6b5a-303d77defce6,e8649a16-4145-0000-9dc1-127139056a43,Deep Learning,advanced,"{""project""}",Applied in project work.,2026-07-13 09:00:00
818cd118-dd24-f2db-58a2-ee7ad7c2467a,e8649a16-4145-0000-9dc1-127139056a43,Git,beginner,"{""coursework""}",,2026-07-13 09:00:00
1345c47f-5ce6-cdf4-fed2-d0202e5fd3c4,e8649a16-4145-0000-9dc1-127139056a43,JavaScript,intermediate,"{""project"",""certification""}",Applied in project work.,2026-07-13 09:00:00
674ccb71-cf4f-aa6e-dc77-be61dc629367,e8649a16-4145-0000-9dc1-127139056a43,Machine Learning,intermediate,"{""project""}",Applied in project work.,2026-07-13 09:00:00
d5c688ba-9f6d-6c8c-eea8-e3904329dbe4,e8649a16-4145-0000-9dc1-127139056a43,Python,intermediate,"{""project"",""coursework""}",Applied in project work.,2026-07-13 09:00:00
7935a9a4-c281-ac65-b286-14367c7fece3,e8649a16-4145-0000-9dc1-127139056a43,R,advanced,"{""coursework""}",,2026-07-13 09:00:00
d9af7bf4-4e52-56c8-93c6-fffe53cec5c5,e8649a16-4145-0000-9dc1-127139056a43,React,advanced,"{""certification"",""coursework""}",,2026-07-13 09:00:00
5c43d8eb-be58-7107-a8a1-eaaa9df3cd59,e8649a16-4145-0000-9dc1-127139056a43,Statistical Analysis,intermediate,"{""project""}",Applied in project work.,2026-07-13 09:00:00
473be44d-b1b2-290d-32d1-57a8439037e8,e8649a16-4145-0000-9dc1-127139056a43,Teamwork,intermediate,"{""coursework""}",,2026-07-13 09:00:00
dba09812-79d1-afc8-0aaa-b2ca4ae839df,1982e948-c757-5d20-46c6-5b1e9a1e0227,Communication,intermediate,"{""coursework""}",,2026-09-19 03:37:00
85856e65-58e8-95c1-bc13-67ef5d853afc,1982e948-c757-5d20-46c6-5b1e9a1e0227,Docker,intermediate,"{""project""}",Applied in project work.,2026-09-19 03:37:00
de06c5a3-3074-4c7c-9398-22752e00cd93,1982e948-c757-5d20-46c6-5b1e9a1e0227,FastAPI,advanced,"{""project"",""coursework""}",Applied in project work.,2026-09-19 03:37:00
a14a12bf-2840-02d2-c0af-6a60e06c1a0a,1982e948-c757-5d20-46c6-5b1e9a1e0227,Git,beginner,"{""project""}",Applied in project work.,2026-09-19 03:37:00
768957f2-f3a5-a0a9-81b3-2638de727157,1982e948-c757-5d20-46c6-5b1e9a1e0227,Java,intermediate,"{""coursework""}",,2026-09-19 03:37:00
220ae7a5-89da-9d78-5a20-9e045e002e3b,1982e948-c757-5d20-46c6-5b1e9a1e0227,JavaScript,beginner,"{""coursework""}",,2026-09-19 03:37:00
c177af24-24c3-532a-6b06-511522c9395d,1982e948-c757-5d20-46c6-5b1e9a1e0227,Leadership,intermediate,"{""coursework""}",,2026-09-19 03:37:00
5f8efce5-75ce-b460-fe5d-ae3568a50c9b,1982e948-c757-5d20-46c6-5b1e9a1e0227,Node.js,intermediate,"{""project"",""coursework""}",Applied in project work.,2026-09-19 03:37:00
32adec60-5ebe-5f74-1598-6e2d104299a8,1982e948-c757-5d20-46c6-5b1e9a1e0227,Problem Solving,intermediate,"{""coursework""}",,2026-09-19 03:37:00
370c0904-c683-315a-fcfb-036c0642b41a,1982e948-c757-5d20-46c6-5b1e9a1e0227,Python,intermediate,"{""project""}",Applied in project work.,2026-09-19 03:37:00
e78d7ff7-d455-9b72-186f-a278c458a3bc,1982e948-c757-5d20-46c6-5b1e9a1e0227,React,beginner,"{""coursework""}",,2026-09-19 03:37:00
6135f432-c1d2-98f9-5664-4d02ecc47eb3,1982e948-c757-5d20-46c6-5b1e9a1e0227,SQL,advanced,"{""project""}",Applied in project work.,2026-09-19 03:37:00
acf71193-b254-036a-8263-0ae08b795457,1982e948-c757-5d20-46c6-5b1e9a1e0227,Teamwork,intermediate,"{""coursework""}",,2026-09-19 03:37:00
971196c8-fcd3-5670-7088-5e2ffcbc2a89,1982e948-c757-5d20-46c6-5b1e9a1e0227,Time Management,intermediate,"{""coursework""}",,2026-09-19 03:37:00
03c40337-60b1-c3b9-bb0a-d480fffb6cbf,ff0ba26b-bd15-17d2-8cfe-63459554be4c,Azure,advanced,"{""project"",""coursework""}",Applied in project work.,2026-07-30 07:29:00
5f8dc716-81c0-c81f-7c18-28d22f7f9f62,ff0ba26b-bd15-17d2-8cfe-63459554be4c,Cloud Computing,advanced,"{""project"",""coursework""}",Applied in project work.,2026-07-30 07:29:00
a6a33f30-6be8-07a8-3ed6-e3530ea6d1fe,ff0ba26b-bd15-17d2-8cfe-63459554be4c,Communication,advanced,"{""internship""}",Used during internship.,2026-07-30 07:29:00
993716bc-6069-1dab-5c3c-3c5d0331072b,ff0ba26b-bd15-17d2-8cfe-63459554be4c,Linux,intermediate,"{""project"",""coursework""}",Applied in project work.,2026-07-30 07:29:00
a0658316-50e3-f712-2d1b-eafae9b4d593,ff0ba26b-bd15-17d2-8cfe-63459554be4c,Machine Learning,advanced,"{""project"",""coursework""}",Applied in project work.,2026-07-30 07:29:00
4cd23528-9d0e-66cb-6221-381394ce24f5,ff0ba26b-bd15-17d2-8cfe-63459554be4c,Node.js,intermediate,"{""coursework""}",,2026-07-30 07:29:00
951a682f-9d4c-bbd6-8bda-37b58758c128,ff0ba26b-bd15-17d2-8cfe-63459554be4c,Python,advanced,"{""project"",""coursework""}",Applied in project work.,2026-07-30 07:29:00
f7597f20-ad67-86f6-006d-8707d2ac7c26,ff0ba26b-bd15-17d2-8cfe-63459554be4c,Research Skills,intermediate,"{""coursework""}",,2026-07-30 07:29:00
c334f2bc-6233-93ab-ef9c-783e84dca558,ff0ba26b-bd15-17d2-8cfe-63459554be4c,SQL,advanced,"{""project""}",Applied in project work.,2026-07-30 07:29:00
e557b574-e267-c372-177d-b90b118f1885,ff0ba26b-bd15-17d2-8cfe-63459554be4c,Statistical Analysis,intermediate,"{""project"",""internship"",""coursework""}",Applied in project work.,2026-07-30 07:29:00
344f77bc-f576-b4e0-ea01-992d2ca6c723,ff0ba26b-bd15-17d2-8cfe-63459554be4c,Teamwork,advanced,"{""coursework""}",,2026-07-30 07:29:00
f9237b28-c7ab-407a-3e96-afa906921ebf,ff0ba26b-bd15-17d2-8cfe-63459554be4c,Time Management,advanced,"{""internship""}",Used during internship.,2026-07-30 07:29:00
c04e5dfa-c95b-6b5e-72a1-0fd91d02fa19,d528f013-cd5e-2dcb-359c-8f9245a178fa,AWS,advanced,"{""project"",""coursework""}",Applied in project work.,2026-07-23 23:43:00
50911fc8-db23-d7a9-7e72-326523fb7ddb,d528f013-cd5e-2dcb-359c-8f9245a178fa,Azure,advanced,"{""project"",""internship"",""coursework""}",Applied in project work.,2026-07-23 23:43:00
14509f6c-df75-83b7-1786-43cc8d28f82e,d528f013-cd5e-2dcb-359c-8f9245a178fa,Cloud Computing,advanced,"{""project"",""internship""}",Applied in project work.,2026-07-23 23:43:00
db66aca5-0638-ebfe-37f9-20146a1d007e,d528f013-cd5e-2dcb-359c-8f9245a178fa,Communication,intermediate,"{""coursework""}",,2026-07-23 23:43:00
dd90ed3e-215a-91fa-5814-f3d9618cd01a,d528f013-cd5e-2dcb-359c-8f9245a178fa,Deep Learning,intermediate,"{""certification"",""coursework""}",,2026-07-23 23:43:00
027aa6b0-1a59-1f6e-9101-75f8e3609926,d528f013-cd5e-2dcb-359c-8f9245a178fa,Docker,intermediate,"{""coursework""}",,2026-07-23 23:43:00
0ae2bc3f-ef26-d1f8-18cc-11fe39a9c4c6,d528f013-cd5e-2dcb-359c-8f9245a178fa,Leadership,intermediate,"{""coursework""}",,2026-07-23 23:43:00
2e4da5c8-d6c2-eafa-a8a7-dccb9a1a769c,d528f013-cd5e-2dcb-359c-8f9245a178fa,Problem Solving,intermediate,"{""coursework""}",,2026-07-23 23:43:00
de10a04c-659e-ff7e-39ba-880a107ed9af,d528f013-cd5e-2dcb-359c-8f9245a178fa,Python,intermediate,"{""project""}",Applied in project work.,2026-07-23 23:43:00
a999e3e4-371f-ce97-133d-ca47049bf703,d528f013-cd5e-2dcb-359c-8f9245a178fa,SQL,advanced,"{""project"",""internship""}",Applied in project work.,2026-07-23 23:43:00
912b0d3b-5685-0d99-3397-e28ad7ac98d0,dd968c25-1322-c4b9-0140-27e54fcdefd4,AI Literacy,intermediate,"{""coursework""}",,2026-08-05 22:14:00
3d25e7ef-5662-12a3-6a35-211f6b6b617b,dd968c25-1322-c4b9-0140-27e54fcdefd4,Data Analysis,intermediate,"{""project""}",Applied in project work.,2026-08-05 22:14:00
84797103-faf5-013d-a933-107439ac75d5,dd968c25-1322-c4b9-0140-27e54fcdefd4,Data Visualisation,advanced,"{""certification"",""internship"",""coursework""}",Used during internship.,2026-08-05 22:14:00
335b59c5-4727-c213-7b03-0b075ca5b5d3,dd968c25-1322-c4b9-0140-27e54fcdefd4,Deep Learning,intermediate,"{""project""}",Applied in project work.,2026-08-05 22:14:00
02fc6823-b3db-ae46-04f9-8de5811e6b6f,dd968c25-1322-c4b9-0140-27e54fcdefd4,Git,advanced,"{""internship"",""coursework""}",Used during internship.,2026-08-05 22:14:00
64502bae-1a1a-d0ba-4c66-da558d788bd0,dd968c25-1322-c4b9-0140-27e54fcdefd4,Machine Learning,intermediate,"{""project"",""coursework""}",Applied in project work.,2026-08-05 22:14:00
6e36dc96-4f61-68f4-b69f-4ca617af9323,dd968c25-1322-c4b9-0140-27e54fcdefd4,Natural Language Processing,intermediate,"{""project"",""coursework""}",Applied in project work.,2026-08-05 22:14:00
642e1d04-449a-fe5d-1f0c-033ba5fc982f,dd968c25-1322-c4b9-0140-27e54fcdefd4,Power BI,advanced,"{""certification""}",,2026-08-05 22:14:00
c4bee9ab-4173-dfef-93da-030139a35cc3,dd968c25-1322-c4b9-0140-27e54fcdefd4,Python,advanced,"{""project"",""coursework""}",Applied in project work.,2026-08-05 22:14:00
d79645a8-de03-ef7b-5ec3-5a8efc42a8da,dd968c25-1322-c4b9-0140-27e54fcdefd4,R,intermediate,"{""project"",""internship""}",Applied in project work.,2026-08-05 22:14:00
dc3fc3de-6375-65d5-4a5b-2cecf35a5589,dd968c25-1322-c4b9-0140-27e54fcdefd4,Statistical Analysis,intermediate,"{""coursework""}",,2026-08-05 22:14:00
3a34d202-d412-5757-07a5-f9b0e3c7bab7,fa3fea1e-6013-cf28-184c-d43f008f90ae,Docker,beginner,"{""project""}",Applied in project work.,2026-09-10 05:36:00
48c83c03-3a3c-4a0d-56e0-4335ac72c205,fa3fea1e-6013-cf28-184c-d43f008f90ae,Machine Learning,beginner,"{""coursework""}",,2026-09-10 05:36:00
b8fb26d7-2485-1df8-c902-89484a9dc999,fa3fea1e-6013-cf28-184c-d43f008f90ae,Node.js,beginner,"{""project"",""coursework""}",Applied in project work.,2026-09-10 05:36:00
1d707bc6-7811-63dc-bf07-ac86dc492177,fa3fea1e-6013-cf28-184c-d43f008f90ae,Problem Solving,beginner,"{""coursework""}",,2026-09-10 05:36:00
107e4167-37c7-2bec-564d-38114ba193df,fa3fea1e-6013-cf28-184c-d43f008f90ae,SQL,beginner,"{""project""}",Applied in project work.,2026-09-10 05:36:00
5ae9d2b3-5e42-8bd6-9499-8ecc5d030f8b,fa3fea1e-6013-cf28-184c-d43f008f90ae,Teamwork,beginner,"{""coursework""}",,2026-09-10 05:36:00
1a735d49-e75f-c829-a16d-fae69e51e399,7870c89c-4e15-24f2-599f-9fed952e3305,Communication,advanced,"{""coursework""}",,2026-08-02 13:36:00
cd257693-29e3-f133-8b0d-ce30f3b77b51,7870c89c-4e15-24f2-599f-9fed952e3305,Docker,advanced,"{""coursework""}",,2026-08-02 13:36:00
5a9c7356-f9c0-fab1-a934-9deca6d75b2f,7870c89c-4e15-24f2-599f-9fed952e3305,FastAPI,intermediate,"{""project""}",Applied in project work.,2026-08-02 13:36:00
61fd0e9a-f14a-3506-d73a-95cac80c86fb,7870c89c-4e15-24f2-599f-9fed952e3305,Flask,advanced,"{""internship"",""coursework""}",Used during internship.,2026-08-02 13:36:00
d63327dc-68a6-ac04-b889-cc66471c5a71,7870c89c-4e15-24f2-599f-9fed952e3305,Git,advanced,"{""project"",""coursework""}",Applied in project work.,2026-08-02 13:36:00
61e5eacf-5b08-c649-d10c-690a8e14b9f6,7870c89c-4e15-24f2-599f-9fed952e3305,Java,intermediate,"{""project""}",Applied in project work.,2026-08-02 13:36:00
42f09374-8e19-c314-0c38-87b8e6224f69,7870c89c-4e15-24f2-599f-9fed952e3305,JavaScript,intermediate,"{""coursework""}",,2026-08-02 13:36:00
e2bd2c2c-ffad-383b-ddef-33aaa615de96,7870c89c-4e15-24f2-599f-9fed952e3305,Leadership,advanced,"{""coursework""}",,2026-08-02 13:36:00
d40338ec-fbf4-84d0-cb56-e0623f70b1db,7870c89c-4e15-24f2-599f-9fed952e3305,Linux,advanced,"{""project"",""certification""}",Applied in project work.,2026-08-02 13:36:00
e170f883-03ff-41d0-e1fe-529177f01488,7870c89c-4e15-24f2-599f-9fed952e3305,Node.js,intermediate,"{""internship""}",Used during internship.,2026-08-02 13:36:00
6e92f1de-83bf-8b10-2bae-8604e257417f,7870c89c-4e15-24f2-599f-9fed952e3305,Problem Solving,intermediate,"{""coursework""}",,2026-08-02 13:36:00
1b68d638-d52a-c5ce-c3c4-087f55bf12e2,7870c89c-4e15-24f2-599f-9fed952e3305,Python,advanced,"{""project"",""coursework""}",Applied in project work.,2026-08-02 13:36:00
27336bc9-dbba-f966-ad1a-689a8759b6de,7870c89c-4e15-24f2-599f-9fed952e3305,React,advanced,"{""internship"",""coursework""}",Used during internship.,2026-08-02 13:36:00
ac2e1e81-eced-8476-f057-39a02f87455b,7870c89c-4e15-24f2-599f-9fed952e3305,SQL,intermediate,"{""project"",""coursework""}",Applied in project work.,2026-08-02 13:36:00
746086fe-8284-8720-3f4a-b4fc4f35302a,c7696a46-090a-f3e0-8772-dff7dab92589,AWS,intermediate,"{""coursework""}",,2026-09-16 10:27:00
a4bd7d3a-8d63-d40e-350e-fdc27887f1ed,c7696a46-090a-f3e0-8772-dff7dab92589,Azure,intermediate,"{""project""}",Applied in project work.,2026-09-16 10:27:00
cd0d5d63-bebf-8ffa-5142-f752a23c82a8,c7696a46-090a-f3e0-8772-dff7dab92589,Cloud Computing,advanced,"{""project"",""coursework""}",Applied in project work.,2026-09-16 10:27:00
5080b2dd-9bb8-74fe-6cb3-48207ece896f,c7696a46-090a-f3e0-8772-dff7dab92589,Data Visualisation,intermediate,"{""coursework""}",,2026-09-16 10:27:00
68b01c6f-bca2-fc2c-2e18-2d78608bcdfa,c7696a46-090a-f3e0-8772-dff7dab92589,Docker,intermediate,"{""certification""}",,2026-09-16 10:27:00
2adaabb9-37eb-b070-79d2-769eb74b8e50,c7696a46-090a-f3e0-8772-dff7dab92589,Flask,intermediate,"{""coursework""}",,2026-09-16 10:27:00
dc99ddae-ad27-dccd-30ce-c6d80afadc21,c7696a46-090a-f3e0-8772-dff7dab92589,Git,intermediate,"{""coursework""}",,2026-09-16 10:27:00
fd00bfe2-aab1-da7e-922b-6cc2142f489d,c7696a46-090a-f3e0-8772-dff7dab92589,JavaScript,beginner,"{""coursework""}",,2026-09-16 10:27:00
1bf52666-f9c3-8c8c-ce46-02a0aee8a0b6,c7696a46-090a-f3e0-8772-dff7dab92589,Problem Solving,beginner,"{""coursework""}",,2026-09-16 10:27:00
3bcb78f0-af6b-193f-1019-a51e43fbb527,c7696a46-090a-f3e0-8772-dff7dab92589,SQL,intermediate,"{""project""}",Applied in project work.,2026-09-16 10:27:00
3b0d9dff-db1d-e157-a6e1-6e9584b37623,c7696a46-090a-f3e0-8772-dff7dab92589,Teamwork,intermediate,"{""coursework""}",,2026-09-16 10:27:00
71a7386b-81cb-bb68-c7b9-5ea093c9e777,c7696a46-090a-f3e0-8772-dff7dab92589,Time Management,intermediate,"{""coursework""}",,2026-09-16 10:27:00
1903b72f-a6e3-63da-1070-22a131a99e71,cadd5626-7885-c68f-1a70-300195405966,Data Analysis,advanced,"{""project""}",Applied in project work.,2026-07-31 23:36:00
3b3ca691-6705-3a72-678e-f2bf2d166cce,cadd5626-7885-c68f-1a70-300195405966,Excel,beginner,"{""coursework""}",,2026-07-31 23:36:00
8ba1c9e3-0388-0452-04d2-4b37b9e52587,cadd5626-7885-c68f-1a70-300195405966,Leadership,beginner,"{""coursework""}",,2026-07-31 23:36:00
0b9be349-31c0-8c10-8c7f-6489393d64e2,cadd5626-7885-c68f-1a70-300195405966,Machine Learning,beginner,"{""project""}",Applied in project work.,2026-07-31 23:36:00
7952fc0f-5dac-2b2c-aafb-375d8c08b527,cadd5626-7885-c68f-1a70-300195405966,Python,intermediate,"{""project"",""coursework""}",Applied in project work.,2026-07-31 23:36:00
0280859e-6efe-6421-e6e7-bd0c5f9f28dd,cadd5626-7885-c68f-1a70-300195405966,Statistical Analysis,intermediate,"{""project""}",Applied in project work.,2026-07-31 23:36:00
ad85ec2f-e3d9-7cc0-0c17-e38af7cd70ec,cadd5626-7885-c68f-1a70-300195405966,Teamwork,beginner,"{""coursework""}",,2026-07-31 23:36:00
7c97366d-65c4-370b-3339-9850169f9729,2ba41da8-c820-ac8a-86e0-31408e456886,AWS,intermediate,"{""project""}",Applied in project work.,2026-08-04 08:38:00
e9f35bca-129a-8333-4f97-b35680efb86d,2ba41da8-c820-ac8a-86e0-31408e456886,Cloud Computing,intermediate,"{""project"",""coursework""}",Applied in project work.,2026-08-04 08:38:00
67568dbd-747f-e762-8567-1209c25ca547,2ba41da8-c820-ac8a-86e0-31408e456886,Communication,intermediate,"{""coursework""}",,2026-08-04 08:38:00
28ecdbfa-78da-0864-03ad-d52cfe7d3906,2ba41da8-c820-ac8a-86e0-31408e456886,Data Analysis,intermediate,"{""certification"",""coursework""}",,2026-08-04 08:38:00
87df7ea6-4039-5ec0-af8a-a755b0e0477c,2ba41da8-c820-ac8a-86e0-31408e456886,Docker,intermediate,"{""project"",""coursework""}",Applied in project work.,2026-08-04 08:38:00
6added37-168c-2901-9670-e5773f88cdeb,2ba41da8-c820-ac8a-86e0-31408e456886,Flask,intermediate,"{""coursework""}",,2026-08-04 08:38:00
82bf1c98-87f5-3c66-2c73-476f1314e0eb,2ba41da8-c820-ac8a-86e0-31408e456886,JavaScript,intermediate,"{""coursework""}",,2026-08-04 08:38:00
54351bd7-8a40-81c0-a5eb-26659a0b7509,2ba41da8-c820-ac8a-86e0-31408e456886,Machine Learning,beginner,"{""project""}",Applied in project work.,2026-08-04 08:38:00
c1bfcce4-f117-b0d1-3929-b2ac913c2eec,2ba41da8-c820-ac8a-86e0-31408e456886,Node.js,intermediate,"{""project""}",Applied in project work.,2026-08-04 08:38:00
2f0fe6e3-caf3-f3d7-f5c7-a800f72dbfbd,2ba41da8-c820-ac8a-86e0-31408e456886,Problem Solving,intermediate,"{""coursework""}",,2026-08-04 08:38:00
18ae0d77-8453-11fd-f47a-8193a57081f5,2ba41da8-c820-ac8a-86e0-31408e456886,Python,beginner,"{""project""}",Applied in project work.,2026-08-04 08:38:00
c6246193-d3d9-5832-3ebd-fb0551135dc0,2ba41da8-c820-ac8a-86e0-31408e456886,R,intermediate,"{""certification"",""coursework""}",,2026-08-04 08:38:00
3e3369ca-260d-94c8-baa7-aec7843ec3c3,2ba41da8-c820-ac8a-86e0-31408e456886,SQL,intermediate,"{""project"",""certification"",""coursework""}",Applied in project work.,2026-08-04 08:38:00
d070b1dd-4cee-5c04-a1e0-fd512ada4905,2ba41da8-c820-ac8a-86e0-31408e456886,Statistical Analysis,intermediate,"{""project""}",Applied in project work.,2026-08-04 08:38:00
15e323d4-adda-aef7-dc1c-b11a1960c6ae,2ba41da8-c820-ac8a-86e0-31408e456886,Tableau,intermediate,"{""certification""}",,2026-08-04 08:38:00
d594ce06-bdc8-4886-79c2-b6b23f2086da,7dc0242f-62be-486b-4789-46719374f923,Azure,intermediate,"{""project"",""coursework""}",Applied in project work.,2026-07-10 14:08:00
5a81f5cf-45b9-4df4-81d7-f38cdc527466,7dc0242f-62be-486b-4789-46719374f923,Cloud Computing,intermediate,"{""project""}",Applied in project work.,2026-07-10 14:08:00
b6e7dddd-7b4e-0fd4-73f0-61a27b5aab2e,7dc0242f-62be-486b-4789-46719374f923,Data Analysis,intermediate,"{""project"",""coursework""}",Applied in project work.,2026-07-10 14:08:00
f6ec011d-46cd-9d84-9c00-9b37b02043f7,7dc0242f-62be-486b-4789-46719374f923,Flask,intermediate,"{""project"",""internship"",""coursework""}",Applied in project work.,2026-07-10 14:08:00
8925259f-12de-b1e7-69fb-ce783bd4a1e0,7dc0242f-62be-486b-4789-46719374f923,Problem Solving,intermediate,"{""coursework""}",,2026-07-10 14:08:00
4aa8bb0e-7097-7ee9-311d-2bceb2a6bfd5,7dc0242f-62be-486b-4789-46719374f923,Python,advanced,"{""project"",""internship""}",Applied in project work.,2026-07-10 14:08:00
2a8bdccb-e76a-b69a-90c9-4278e04d16d4,7dc0242f-62be-486b-4789-46719374f923,SQL,intermediate,"{""project"",""internship"",""coursework""}",Applied in project work.,2026-07-10 14:08:00
44c7c4b0-216a-37b4-4834-4953099bab83,7dc0242f-62be-486b-4789-46719374f923,Statistical Analysis,beginner,"{""project"",""coursework""}",Applied in project work.,2026-07-10 14:08:00
7ed32e7d-aa93-0a20-e816-1deeaf7c02d9,5536bd5f-9e2b-5770-2c4d-8acd845c7a3e,Communication,beginner,"{""coursework""}",,2026-08-20 12:42:00
5743fe86-c8c2-6668-00d0-acedc1255ccd,5536bd5f-9e2b-5770-2c4d-8acd845c7a3e,Data Visualisation,intermediate,"{""project"",""certification""}",Applied in project work.,2026-08-20 12:42:00
85fba303-35ce-6746-7a95-95605086111d,5536bd5f-9e2b-5770-2c4d-8acd845c7a3e,Docker,advanced,"{""certification"",""coursework""}",,2026-08-20 12:42:00
48aa50c5-d68e-40e9-f4e3-ab6ec35b83fb,5536bd5f-9e2b-5770-2c4d-8acd845c7a3e,Git,intermediate,"{""internship""}",Used during internship.,2026-08-20 12:42:00
ed987bd7-6e7c-b018-bf11-fb440757b010,5536bd5f-9e2b-5770-2c4d-8acd845c7a3e,JavaScript,advanced,"{""project"",""coursework""}",Applied in project work.,2026-08-20 12:42:00
f949ebff-e0ec-2c75-6874-03a01dcec4d7,5536bd5f-9e2b-5770-2c4d-8acd845c7a3e,Node.js,advanced,"{""project"",""coursework""}",Applied in project work.,2026-08-20 12:42:00
70c4f3a7-144c-1db2-fbc1-b4463194ece5,5536bd5f-9e2b-5770-2c4d-8acd845c7a3e,React,advanced,"{""project"",""internship""}",Applied in project work.,2026-08-20 12:42:00
2a1e3bd7-b162-c40a-cdf4-1c76055637fc,5536bd5f-9e2b-5770-2c4d-8acd845c7a3e,SQL,intermediate,"{""project"",""coursework""}",Applied in project work.,2026-08-20 12:42:00
17662e7a-9701-cc2c-b3cf-330b7688a5fa,5536bd5f-9e2b-5770-2c4d-8acd845c7a3e,Tableau,advanced,"{""certification"",""internship"",""coursework""}",Used during internship.,2026-08-20 12:42:00
c25778dd-3aea-a9ba-3682-11704b19197d,5536bd5f-9e2b-5770-2c4d-8acd845c7a3e,Teamwork,intermediate,"{""coursework""}",,2026-08-20 12:42:00
05a3197a-e111-89d5-3552-5ba79b79d05c,6afcdf87-2e3f-a03a-ffe0-8f41c65abb30,Communication,intermediate,"{""coursework""}",,2026-09-07 03:39:00
afbef2c6-11f5-b25a-f083-54a5f199d305,6afcdf87-2e3f-a03a-ffe0-8f41c65abb30,Data Analysis,beginner,"{""coursework""}",,2026-09-07 03:39:00
fe5ec4e3-4651-4b72-3282-16dbca843bd5,6afcdf87-2e3f-a03a-ffe0-8f41c65abb30,Leadership,beginner,"{""coursework""}",,2026-09-07 03:39:00
07d272b9-98b8-9f24-9c5f-62259b4dfd7a,6afcdf87-2e3f-a03a-ffe0-8f41c65abb30,Python,beginner,"{""certification""}",,2026-09-07 03:39:00
66acde8a-57b7-26ba-2f7f-792b79b7e8d8,6afcdf87-2e3f-a03a-ffe0-8f41c65abb30,Time Management,intermediate,"{""coursework""}",,2026-09-07 03:39:00
6d2ac0fc-855a-1f4f-8bc0-2f6fc43b7783,32b5a6a4-f9a7-203c-86e1-abafdd0f8a48,Communication,beginner,"{""coursework""}",,2026-07-14 10:47:00
84f4ebb0-0216-81d6-df22-0c4a9a3efdc4,32b5a6a4-f9a7-203c-86e1-abafdd0f8a48,Java,beginner,"{""project""}",Applied in project work.,2026-07-14 10:47:00
9099b032-3b60-c1da-6c83-28f384a9e047,32b5a6a4-f9a7-203c-86e1-abafdd0f8a48,JavaScript,intermediate,"{""project""}",Applied in project work.,2026-07-14 10:47:00
52d44f9e-3d46-05e3-b154-e2998a0b0874,32b5a6a4-f9a7-203c-86e1-abafdd0f8a48,Leadership,intermediate,"{""coursework""}",,2026-07-14 10:47:00
9f8b946c-e62f-524e-b98e-b25cbef256f0,32b5a6a4-f9a7-203c-86e1-abafdd0f8a48,Linux,intermediate,"{""coursework""}",,2026-07-14 10:47:00
4761e3a7-776a-3cbb-42aa-5d184a80f2ef,32b5a6a4-f9a7-203c-86e1-abafdd0f8a48,Natural Language Processing,intermediate,"{""coursework""}",,2026-07-14 10:47:00
5cbfc498-2340-c857-73e6-33a80da4d12b,32b5a6a4-f9a7-203c-86e1-abafdd0f8a48,Node.js,intermediate,"{""coursework""}",,2026-07-14 10:47:00
0f97f401-1051-8316-6976-86778f8b5cae,32b5a6a4-f9a7-203c-86e1-abafdd0f8a48,Power BI,intermediate,"{""coursework""}",,2026-07-14 10:47:00
a633e9b4-d3c4-56ae-75c6-f18d40a6c855,32b5a6a4-f9a7-203c-86e1-abafdd0f8a48,Problem Solving,intermediate,"{""coursework""}",,2026-07-14 10:47:00
17224e91-faea-a1e0-514e-9cce74d4eb9b,32b5a6a4-f9a7-203c-86e1-abafdd0f8a48,React,beginner,"{""project"",""coursework""}",Applied in project work.,2026-07-14 10:47:00
ee7beff1-1fb8-56ea-9c67-49543ee56a57,32b5a6a4-f9a7-203c-86e1-abafdd0f8a48,SQL,intermediate,"{""project""}",Applied in project work.,2026-07-14 10:47:00
8405c6a5-9d6e-d0d6-d1bb-4400af51a617,992c28a2-f31b-a715-85f0-119069f5af52,Docker,advanced,"{""project"",""coursework""}",Applied in project work.,2026-08-18 03:15:00
d336f98b-cf25-2200-5dc3-b34165817a76,992c28a2-f31b-a715-85f0-119069f5af52,Java,advanced,"{""project"",""internship"",""coursework""}",Applied in project work.,2026-08-18 03:15:00
c7197359-07c2-bb9d-73d7-966b7c8bfc72,992c28a2-f31b-a715-85f0-119069f5af52,Node.js,intermediate,"{""project"",""coursework""}",Applied in project work.,2026-08-18 03:15:00
d12f27f8-3f9a-0796-cd88-4a36f4990604,992c28a2-f31b-a715-85f0-119069f5af52,Problem Solving,intermediate,"{""internship"",""coursework""}",Used during internship.,2026-08-18 03:15:00
498a255c-5623-db44-a65b-e099902a542f,992c28a2-f31b-a715-85f0-119069f5af52,Python,intermediate,"{""coursework""}",,2026-08-18 03:15:00
8a76c888-e7b1-a394-0c63-b9522b9e7d18,992c28a2-f31b-a715-85f0-119069f5af52,SQL,advanced,"{""project"",""coursework""}",Applied in project work.,2026-08-18 03:15:00
2d37d86e-b35c-8d7e-1385-9066d90c4a26,992c28a2-f31b-a715-85f0-119069f5af52,Teamwork,advanced,"{""internship""}",Used during internship.,2026-08-18 03:15:00
6f967406-5427-5d70-d437-0c763d309c42,3f00196f-5af8-3ec8-04ce-b8ebd2a43f25,AWS,beginner,"{""project"",""coursework""}",Applied in project work.,2026-08-11 09:53:00
448b5368-8d29-440e-17fb-5ae20519b0c2,3f00196f-5af8-3ec8-04ce-b8ebd2a43f25,Cloud Computing,beginner,"{""project""}",Applied in project work.,2026-08-11 09:53:00
f691615d-64cc-0731-729f-93b5520b21b7,3f00196f-5af8-3ec8-04ce-b8ebd2a43f25,Python,beginner,"{""project"",""coursework""}",Applied in project work.,2026-08-11 09:53:00
e25d212d-2cdd-00e9-f1d4-447aab21eae9,3f00196f-5af8-3ec8-04ce-b8ebd2a43f25,React,beginner,"{""coursework""}",,2026-08-11 09:53:00
c575e00a-b704-42eb-e9f7-89f5d4d46452,3f00196f-5af8-3ec8-04ce-b8ebd2a43f25,Teamwork,intermediate,"{""coursework""}",,2026-08-11 09:53:00
88ddd3e6-13eb-9091-36bb-f8b3038e4840,3f00196f-5af8-3ec8-04ce-b8ebd2a43f25,Time Management,beginner,"{""coursework""}",,2026-08-11 09:53:00
c21a31b8-0d42-2811-42ab-f5ddab7d0879,5e949995-6d93-26e4-ffc9-371ea2710f88,Docker,beginner,"{""project"",""internship""}",Applied in project work.,2026-07-09 13:21:00
44f9b23b-c4d2-db6b-50b5-66a5ef0b9584,5e949995-6d93-26e4-ffc9-371ea2710f88,FastAPI,intermediate,"{""project"",""coursework""}",Applied in project work.,2026-07-09 13:21:00
a97075cc-05e8-cf16-9de8-0e5566c9cdd4,5e949995-6d93-26e4-ffc9-371ea2710f88,Git,intermediate,"{""project"",""internship"",""coursework""}",Applied in project work.,2026-07-09 13:21:00
9fcdeedd-1880-8a3d-1bd0-75b56e4618dc,5e949995-6d93-26e4-ffc9-371ea2710f88,Java,advanced,"{""project""}",Applied in project work.,2026-07-09 13:21:00
708b888f-a3a1-1c54-37f1-3e48744f2e91,5e949995-6d93-26e4-ffc9-371ea2710f88,JavaScript,intermediate,"{""coursework""}",,2026-07-09 13:21:00
3b66a06a-0045-6415-ca69-96243d07dc1e,5e949995-6d93-26e4-ffc9-371ea2710f88,Leadership,intermediate,"{""internship"",""coursework""}",Used during internship.,2026-07-09 13:21:00
988f1739-c389-dfbd-f746-91683a57ad45,5e949995-6d93-26e4-ffc9-371ea2710f88,Linux,intermediate,"{""project"",""coursework""}",Applied in project work.,2026-07-09 13:21:00
c229c1c0-d57c-24c9-e45c-93d9457ebfdb,5e949995-6d93-26e4-ffc9-371ea2710f88,Python,intermediate,"{""project""}",Applied in project work.,2026-07-09 13:21:00
959ef9db-0fa9-958c-0451-4370ac3a15fc,5e949995-6d93-26e4-ffc9-371ea2710f88,SQL,advanced,"{""project"",""coursework""}",Applied in project work.,2026-07-09 13:21:00
59e1ebf5-ae9a-1684-940e-eb4e078c4973,e1697c3e-03dd-19b1-3e31-14aa7f1b47ba,Docker,beginner,"{""coursework""}",,2026-07-26 04:51:00
5a7e4e9d-822a-a26f-812c-6c4c8a1c7082,e1697c3e-03dd-19b1-3e31-14aa7f1b47ba,Natural Language Processing,beginner,"{""coursework""}",,2026-07-26 04:51:00
87836002-e174-cf4a-c903-ae552fd291ed,e1697c3e-03dd-19b1-3e31-14aa7f1b47ba,Problem Solving,beginner,"{""coursework""}",,2026-07-26 04:51:00
90dc9587-d8b3-087e-adc9-4f2103df4884,e1697c3e-03dd-19b1-3e31-14aa7f1b47ba,Python,beginner,"{""certification""}",,2026-07-26 04:51:00
72194068-9a9f-ada8-3e04-07c6827e51a4,e1697c3e-03dd-19b1-3e31-14aa7f1b47ba,Time Management,beginner,"{""coursework""}",,2026-07-26 04:51:00
c1df6079-3223-c5fb-c1dd-c3fd0ed4247c,677a740e-4adb-6881-85cb-135aae2f9cbf,Azure,intermediate,"{""coursework""}",,2026-08-07 20:39:00
ae5e8962-9c44-bf56-2e07-950ce8e77d1e,677a740e-4adb-6881-85cb-135aae2f9cbf,Data Visualisation,intermediate,"{""project"",""coursework""}",Applied in project work.,2026-08-07 20:39:00
ed850f27-40af-4998-a154-acf2ce331d81,677a740e-4adb-6881-85cb-135aae2f9cbf,Deep Learning,advanced,"{""coursework""}",,2026-08-07 20:39:00
a37cb48e-fa92-8794-1522-46876efd8fb1,677a740e-4adb-6881-85cb-135aae2f9cbf,Excel,advanced,"{""project"",""coursework""}",Applied in project work.,2026-08-07 20:39:00
fdb2e8a0-10f7-d299-7bc1-262e464b512c,677a740e-4adb-6881-85cb-135aae2f9cbf,Linux,intermediate,"{""certification""}",,2026-08-07 20:39:00
58b8aa20-3849-bae6-92b9-4a30b1c2d289,677a740e-4adb-6881-85cb-135aae2f9cbf,Machine Learning,advanced,"{""certification"",""coursework""}",,2026-08-07 20:39:00
06626dc4-b50e-3fba-b375-25dffd180366,677a740e-4adb-6881-85cb-135aae2f9cbf,Node.js,intermediate,"{""project"",""coursework""}",Applied in project work.,2026-08-07 20:39:00
e6adcd35-af47-ff2f-f425-a31e1b3cd2f2,677a740e-4adb-6881-85cb-135aae2f9cbf,Power BI,advanced,"{""project""}",Applied in project work.,2026-08-07 20:39:00
62e1b0ca-bc8b-f50b-1342-9ed601528a02,677a740e-4adb-6881-85cb-135aae2f9cbf,Problem Solving,intermediate,"{""certification"",""internship""}",Used during internship.,2026-08-07 20:39:00
2db070a0-38a0-fb48-865f-4904dda49b2f,677a740e-4adb-6881-85cb-135aae2f9cbf,Python,intermediate,"{""certification"",""internship"",""coursework""}",Used during internship.,2026-08-07 20:39:00
f46ad1bf-d6d0-b804-0f35-d1140bf7dd69,677a740e-4adb-6881-85cb-135aae2f9cbf,React,advanced,"{""project"",""internship"",""coursework""}",Applied in project work.,2026-08-07 20:39:00
62186634-bd04-3605-cead-bc0811c87f0d,677a740e-4adb-6881-85cb-135aae2f9cbf,SQL,advanced,"{""project"",""coursework""}",Applied in project work.,2026-08-07 20:39:00
60b6c27e-8cc2-4e9e-09a5-a2eaf30bf192,677a740e-4adb-6881-85cb-135aae2f9cbf,Teamwork,intermediate,"{""coursework""}",,2026-08-07 20:39:00
db79c48b-8e64-6572-25fb-66f34bf8c414,677a740e-4adb-6881-85cb-135aae2f9cbf,Time Management,intermediate,"{""coursework""}",,2026-08-07 20:39:00
ba589fdc-c017-62ce-96cd-5029a21b65ed,1d9d49a6-7964-e3d6-47e0-b4a4fc493658,Communication,intermediate,"{""coursework""}",,2026-07-08 23:40:00
f90ab73b-d55d-794b-1547-2e98fa277bbe,1d9d49a6-7964-e3d6-47e0-b4a4fc493658,Git,intermediate,"{""coursework""}",,2026-07-08 23:40:00
b75437c8-9e34-923f-c2cd-b51d9546973a,1d9d49a6-7964-e3d6-47e0-b4a4fc493658,JavaScript,beginner,"{""coursework""}",,2026-07-08 23:40:00
877d2b8c-7bab-4ee4-f10a-dbcad31a0d15,1d9d49a6-7964-e3d6-47e0-b4a4fc493658,Leadership,intermediate,"{""coursework""}",,2026-07-08 23:40:00
50825070-66f7-9519-da65-1914b75af1f5,1d9d49a6-7964-e3d6-47e0-b4a4fc493658,Node.js,beginner,"{""project"",""coursework""}",Applied in project work.,2026-07-08 23:40:00
36c928d4-d6e3-8280-50d9-584e49fcb816,1d9d49a6-7964-e3d6-47e0-b4a4fc493658,Problem Solving,beginner,"{""coursework""}",,2026-07-08 23:40:00
438459ad-0659-9675-3647-d396e08190ed,1d9d49a6-7964-e3d6-47e0-b4a4fc493658,React,beginner,"{""project"",""coursework""}",Applied in project work.,2026-07-08 23:40:00
008c8ea9-0843-578f-d941-a66c7687bc6a,1d9d49a6-7964-e3d6-47e0-b4a4fc493658,SQL,intermediate,"{""project""}",Applied in project work.,2026-07-08 23:40:00
77f6effb-c4ed-d24a-f3f5-42836484ab25,1d9d49a6-7964-e3d6-47e0-b4a4fc493658,Teamwork,beginner,"{""coursework""}",,2026-07-08 23:40:00
9db6679a-c69c-0c1c-b57a-9c4fcffc019f,1d9d49a6-7964-e3d6-47e0-b4a4fc493658,Time Management,beginner,"{""coursework""}",,2026-07-08 23:40:00
f6ed0554-1841-b1be-e665-54b187e29a89,a278c88a-fc78-1c5a-d1f8-4d79241cc262,Data Visualisation,intermediate,"{""certification""}",,2026-09-03 14:35:00
ffce34b9-7431-3abc-df40-6e29a8d57bed,a278c88a-fc78-1c5a-d1f8-4d79241cc262,Flask,intermediate,"{""project""}",Applied in project work.,2026-09-03 14:35:00
55759b79-15d2-c8a1-20f2-2f6e5e115b7f,a278c88a-fc78-1c5a-d1f8-4d79241cc262,JavaScript,beginner,"{""project"",""coursework""}",Applied in project work.,2026-09-03 14:35:00
d3ffe272-33b4-bb79-7be7-0b0d6b107e6a,a278c88a-fc78-1c5a-d1f8-4d79241cc262,SQL,intermediate,"{""project"",""coursework""}",Applied in project work.,2026-09-03 14:35:00
651a8b1e-ef9d-5df1-01ae-956ac3cbdfb1,a278c88a-fc78-1c5a-d1f8-4d79241cc262,Tableau,intermediate,"{""certification""}",,2026-09-03 14:35:00
462aed6f-6ee2-864f-a510-336e86a698c0,a278c88a-fc78-1c5a-d1f8-4d79241cc262,Teamwork,intermediate,"{""project""}",Applied in project work.,2026-09-03 14:35:00
f6e98b74-a37d-740c-5c84-944d176a3da9,31019662-55ef-5723-91bb-ca038c9c0a38,AWS,intermediate,"{""coursework""}",,2026-07-23 19:50:00
3add363d-dbc5-e4bd-a102-6590af4a2290,31019662-55ef-5723-91bb-ca038c9c0a38,Data Analysis,advanced,"{""project""}",Applied in project work.,2026-07-23 19:50:00
4a8cd2e9-c608-301b-814f-d9bac71c41f8,31019662-55ef-5723-91bb-ca038c9c0a38,Linux,intermediate,"{""project"",""coursework""}",Applied in project work.,2026-07-23 19:50:00
aef8ed0a-9464-e4c9-d0fa-47dcaef1e998,31019662-55ef-5723-91bb-ca038c9c0a38,Problem Solving,intermediate,"{""coursework""}",,2026-07-23 19:50:00
6f356854-046e-5578-c639-93dfe6c9bc26,31019662-55ef-5723-91bb-ca038c9c0a38,Python,advanced,"{""project""}",Applied in project work.,2026-07-23 19:50:00
baabed4f-b212-3a66-b83a-4bcc52275a66,31019662-55ef-5723-91bb-ca038c9c0a38,Statistical Analysis,intermediate,"{""project"",""coursework""}",Applied in project work.,2026-07-23 19:50:00
caa45ec7-d40e-0d08-a961-339b0db6bbbb,31019662-55ef-5723-91bb-ca038c9c0a38,Teamwork,beginner,"{""coursework""}",,2026-07-23 19:50:00
8e75fe33-0a5f-2b19-96d7-ec56b5a586ca,462c2c93-3335-7b7e-ee59-cad04357cf15,Communication,beginner,"{""coursework""}",,2026-08-26 03:00:00
7a0e07e4-7025-e2bb-23cd-95e260ac2b37,462c2c93-3335-7b7e-ee59-cad04357cf15,Docker,beginner,"{""coursework""}",,2026-08-26 03:00:00
ecb69e26-dc8e-9f8a-1a21-cb33392694c6,462c2c93-3335-7b7e-ee59-cad04357cf15,Git,intermediate,"{""coursework""}",,2026-08-26 03:00:00
8f76608f-d764-cfba-f374-5283c4bf8b22,462c2c93-3335-7b7e-ee59-cad04357cf15,Leadership,beginner,"{""coursework""}",,2026-08-26 03:00:00
3912a96c-6705-75c2-fb99-00dd64b286c3,462c2c93-3335-7b7e-ee59-cad04357cf15,Node.js,intermediate,"{""project""}",Applied in project work.,2026-08-26 03:00:00
be0669d1-ddfc-9f0c-f987-e24e713c2470,462c2c93-3335-7b7e-ee59-cad04357cf15,React,intermediate,"{""project"",""coursework""}",Applied in project work.,2026-08-26 03:00:00
6ce222f4-77b5-6182-fcc0-7ddaeb86f66c,462c2c93-3335-7b7e-ee59-cad04357cf15,SQL,intermediate,"{""project"",""coursework""}",Applied in project work.,2026-08-26 03:00:00
a31fe79b-2d2c-842d-8a68-94bf49412afd,69877892-1d65-19e3-c335-e611f0a91ba0,Data Analysis,beginner,"{""coursework""}",,2026-08-29 12:33:00
d37be457-4974-beac-2075-d1355cc03569,69877892-1d65-19e3-c335-e611f0a91ba0,Data Visualisation,beginner,"{""coursework""}",,2026-08-29 12:33:00
1e62ebca-8968-83ea-8a84-5c6cc1c7b811,69877892-1d65-19e3-c335-e611f0a91ba0,Problem Solving,beginner,"{""coursework""}",,2026-08-29 12:33:00
4f28ceb2-3f91-cc50-ce92-aeeb5d55b647,69877892-1d65-19e3-c335-e611f0a91ba0,Time Management,beginner,"{""coursework""}",,2026-08-29 12:33:00
76eef203-3ebf-35b0-90a6-cb25b1cd0c78,1bf56c95-a7e1-9ab0-9425-b29dc4008d41,Communication,intermediate,"{""coursework""}",,2026-08-29 16:35:00
6a7cc62b-d249-0d20-2072-8d10526b7613,1bf56c95-a7e1-9ab0-9425-b29dc4008d41,Data Visualisation,advanced,"{""project"",""certification"",""coursework""}",Applied in project work.,2026-08-29 16:35:00
2b296382-edc5-b082-03a6-3de286515ea6,1bf56c95-a7e1-9ab0-9425-b29dc4008d41,Excel,beginner,"{""project""}",Applied in project work.,2026-08-29 16:35:00
6b76cc7f-51fb-b075-6284-74b8e0e9f2dc,1bf56c95-a7e1-9ab0-9425-b29dc4008d41,Flask,intermediate,"{""coursework""}",,2026-08-29 16:35:00
94619bc3-5d74-4c75-0216-17e78deeb414,1bf56c95-a7e1-9ab0-9425-b29dc4008d41,Git,beginner,"{""coursework""}",,2026-08-29 16:35:00
dcee15d6-1ec0-774b-de6b-8a69ab4beed2,1bf56c95-a7e1-9ab0-9425-b29dc4008d41,Node.js,advanced,"{""project""}",Applied in project work.,2026-08-29 16:35:00
001e4962-0003-54b2-3f57-8008b2f1e6e3,1bf56c95-a7e1-9ab0-9425-b29dc4008d41,Power BI,advanced,"{""project""}",Applied in project work.,2026-08-29 16:35:00
275de2c4-89bf-9377-74c0-a6ad31f3329b,1bf56c95-a7e1-9ab0-9425-b29dc4008d41,Problem Solving,intermediate,"{""coursework""}",,2026-08-29 16:35:00
c935c39b-2906-5111-a12f-5a8a7aa3d450,1bf56c95-a7e1-9ab0-9425-b29dc4008d41,Python,intermediate,"{""coursework""}",,2026-08-29 16:35:00
0d15f206-2792-d1f5-a08a-271dd8d5df0d,1bf56c95-a7e1-9ab0-9425-b29dc4008d41,React,advanced,"{""project""}",Applied in project work.,2026-08-29 16:35:00
dbd406a6-fc2b-fb2f-0fb8-d63a120da3cb,1bf56c95-a7e1-9ab0-9425-b29dc4008d41,SQL,advanced,"{""project""}",Applied in project work.,2026-08-29 16:35:00
9233d281-6c91-ef46-c37a-dae1e64e61f9,1bf56c95-a7e1-9ab0-9425-b29dc4008d41,Statistical Analysis,intermediate,"{""coursework""}",,2026-08-29 16:35:00
60e2dde1-77a6-0544-971f-0b98b5258a33,1bf56c95-a7e1-9ab0-9425-b29dc4008d41,Tableau,advanced,"{""certification""}",,2026-08-29 16:35:00
2604acea-f763-8f94-d861-2dad749e389e,00aaf1bb-7201-dad7-0f3b-fd628fb1c751,Leadership,intermediate,"{""coursework""}",,2026-07-19 06:09:00
66668d28-4336-1f25-3897-bfe3a642f14a,00aaf1bb-7201-dad7-0f3b-fd628fb1c751,Time Management,beginner,"{""coursework""}",,2026-07-19 06:09:00
cd5abece-74f2-e425-5b01-939f05c2d34d,a2e0f852-b2bd-4452-04bf-be6a353ca07e,C++,advanced,"{""project"",""internship""}",Applied in project work.,2026-08-05 04:58:00
c33fe513-f6e4-5cdf-35d7-9f82dd3343c3,a2e0f852-b2bd-4452-04bf-be6a353ca07e,Docker,beginner,"{""coursework""}",,2026-08-05 04:58:00
524e7cba-7244-e01f-5261-8023fe8c8ef9,a2e0f852-b2bd-4452-04bf-be6a353ca07e,FastAPI,intermediate,"{""project""}",Applied in project work.,2026-08-05 04:58:00
d1bc663c-fe94-ce40-5806-1f03548667a5,a2e0f852-b2bd-4452-04bf-be6a353ca07e,Git,intermediate,"{""project""}",Applied in project work.,2026-08-05 04:58:00
a2e562e0-df8c-e172-5fa4-fd7dc2671682,a2e0f852-b2bd-4452-04bf-be6a353ca07e,Leadership,intermediate,"{""internship""}",Used during internship.,2026-08-05 04:58:00
998bfad6-d165-3edf-6ca2-085e44beb76a,a2e0f852-b2bd-4452-04bf-be6a353ca07e,Linux,advanced,"{""certification"",""coursework""}",,2026-08-05 04:58:00
b1ceccba-56e6-e186-1a9b-e9eb005e1e7e,a2e0f852-b2bd-4452-04bf-be6a353ca07e,Python,intermediate,"{""project""}",Applied in project work.,2026-08-05 04:58:00
45f05689-2700-1969-db70-bbfd61537d95,a2e0f852-b2bd-4452-04bf-be6a353ca07e,SQL,advanced,"{""project""}",Applied in project work.,2026-08-05 04:58:00
fb318cea-a540-e790-9ee4-bec14b1c147a,a2e0f852-b2bd-4452-04bf-be6a353ca07e,Time Management,advanced,"{""internship""}",Used during internship.,2026-08-05 04:58:00
52e2d104-8eb4-f66c-69e3-17d18248c947,b1c4ef50-4eea-7844-2394-38b7e7763526,C++,advanced,"{""project"",""coursework""}",Applied in project work.,2026-09-18 21:16:00
c31fddaf-6d1b-5b9c-f4dc-7daeb9871bae,b1c4ef50-4eea-7844-2394-38b7e7763526,Communication,intermediate,"{""coursework""}",,2026-09-18 21:16:00
7a199d04-803f-2c47-f7bd-eda4fc5adb19,b1c4ef50-4eea-7844-2394-38b7e7763526,Docker,intermediate,"{""certification"",""internship"",""coursework""}",Used during internship.,2026-09-18 21:16:00
1c8fa3f4-7914-e10e-8299-349bf9246599,b1c4ef50-4eea-7844-2394-38b7e7763526,Git,intermediate,"{""project""}",Applied in project work.,2026-09-18 21:16:00
57e95b83-2cfe-189a-0dc2-9c550d20274e,b1c4ef50-4eea-7844-2394-38b7e7763526,JavaScript,intermediate,"{""coursework""}",,2026-09-18 21:16:00
49249072-3d19-656a-3fd3-d6a6d937f11d,b1c4ef50-4eea-7844-2394-38b7e7763526,Leadership,intermediate,"{""internship"",""coursework""}",Used during internship.,2026-09-18 21:16:00
95c047e7-22e0-127a-5960-0f11827cb2bf,b1c4ef50-4eea-7844-2394-38b7e7763526,Linux,advanced,"{""certification"",""coursework""}",,2026-09-18 21:16:00
49618a6f-018c-b065-7482-d4e749af15cf,b1c4ef50-4eea-7844-2394-38b7e7763526,Node.js,intermediate,"{""coursework""}",,2026-09-18 21:16:00
5f335f30-4fb5-d43e-b2fb-7a18b07ebe41,b1c4ef50-4eea-7844-2394-38b7e7763526,SQL,intermediate,"{""internship""}",Used during internship.,2026-09-18 21:16:00
86c50e09-ec2a-10da-b35b-3e921736e54b,da4dd3c5-1b1c-8af3-a615-217d55b9998e,C++,intermediate,"{""project""}",Applied in project work.,2026-08-21 07:07:00
86047882-50fe-ef62-ba28-1d3af7b36bc2,da4dd3c5-1b1c-8af3-a615-217d55b9998e,FastAPI,intermediate,"{""project""}",Applied in project work.,2026-08-21 07:07:00
14cfb71d-3065-b3a2-4afc-6fef8a279be1,da4dd3c5-1b1c-8af3-a615-217d55b9998e,Git,intermediate,"{""project""}",Applied in project work.,2026-08-21 07:07:00
b1ba6d90-e7ba-652e-113d-74f4b9c3267c,da4dd3c5-1b1c-8af3-a615-217d55b9998e,Java,intermediate,"{""coursework""}",,2026-08-21 07:07:00
a3e3ba1f-0949-af75-bc6e-1ec8907b8a68,da4dd3c5-1b1c-8af3-a615-217d55b9998e,JavaScript,intermediate,"{""coursework""}",,2026-08-21 07:07:00
6b7ff1f1-fe29-fdca-2258-9d3b1095d9fb,da4dd3c5-1b1c-8af3-a615-217d55b9998e,Leadership,intermediate,"{""coursework""}",,2026-08-21 07:07:00
7d76ace1-d88c-990d-b268-df8b518cd540,da4dd3c5-1b1c-8af3-a615-217d55b9998e,Linux,intermediate,"{""certification"",""coursework""}",,2026-08-21 07:07:00
edf401b5-c0a3-d4f6-8811-fcc6ccbf9e2e,da4dd3c5-1b1c-8af3-a615-217d55b9998e,Problem Solving,advanced,"{""certification"",""coursework""}",,2026-08-21 07:07:00
89aa22b0-5e0a-cbb3-9f05-149b5604cb1e,da4dd3c5-1b1c-8af3-a615-217d55b9998e,Python,advanced,"{""project"",""coursework""}",Applied in project work.,2026-08-21 07:07:00
def7c3bc-90b6-25e4-5fd4-134a522cd6d7,da4dd3c5-1b1c-8af3-a615-217d55b9998e,SQL,advanced,"{""project""}",Applied in project work.,2026-08-21 07:07:00
840ec47b-6a6f-48bb-2baa-7981a3f02d59,da4dd3c5-1b1c-8af3-a615-217d55b9998e,Tableau,intermediate,"{""coursework""}",,2026-08-21 07:07:00
1bf43eb8-35af-32ab-dde7-efac7376299f,da4dd3c5-1b1c-8af3-a615-217d55b9998e,Teamwork,advanced,"{""coursework""}",,2026-08-21 07:07:00
593accf2-3de4-9945-b095-e0e7b1e685e0,da4dd3c5-1b1c-8af3-a615-217d55b9998e,Time Management,intermediate,"{""coursework""}",,2026-08-21 07:07:00
6017b12f-bf4f-b9e2-e2f6-896cf76852a4,842e5527-b16a-d616-5ea9-edb3cf9793e3,Azure,intermediate,"{""internship""}",Used during internship.,2026-08-14 19:53:00
b5d981f6-12e6-f372-4719-73b765e887f4,842e5527-b16a-d616-5ea9-edb3cf9793e3,Cloud Computing,advanced,"{""internship""}",Used during internship.,2026-08-14 19:53:00
8c1ab874-ce00-52df-97a8-ba9c2de1e67e,842e5527-b16a-d616-5ea9-edb3cf9793e3,Communication,advanced,"{""coursework""}",,2026-08-14 19:53:00
5c28157e-183a-303c-2697-653b54ad9d4f,842e5527-b16a-d616-5ea9-edb3cf9793e3,Docker,intermediate,"{""certification"",""internship""}",Used during internship.,2026-08-14 19:53:00
ad920918-44dc-20b2-1690-79a9e037e207,842e5527-b16a-d616-5ea9-edb3cf9793e3,Problem Solving,intermediate,"{""coursework""}",,2026-08-14 19:53:00
798f9d48-1866-d97e-df5b-692ddabe15a5,842e5527-b16a-d616-5ea9-edb3cf9793e3,Python,intermediate,"{""coursework""}",,2026-08-14 19:53:00
ec48fa38-619e-a0fd-ab26-110232af8c05,842e5527-b16a-d616-5ea9-edb3cf9793e3,Teamwork,beginner,"{""coursework""}",,2026-08-14 19:53:00
869bde55-1034-db17-8e08-56a6970e930c,b8f0aea6-d26b-1581-2447-367ac04c5594,Data Visualisation,intermediate,"{""project""}",Applied in project work.,2026-08-12 18:48:00
7052924e-c725-2659-9057-26659cce63e9,b8f0aea6-d26b-1581-2447-367ac04c5594,Excel,beginner,"{""project""}",Applied in project work.,2026-08-12 18:48:00
8f7ff3c8-9470-f704-63b9-73a3ca4b0a99,b8f0aea6-d26b-1581-2447-367ac04c5594,Power BI,intermediate,"{""project"",""coursework""}",Applied in project work.,2026-08-12 18:48:00
35604d18-f581-6983-b620-dfc47d034407,b8f0aea6-d26b-1581-2447-367ac04c5594,Problem Solving,intermediate,"{""coursework""}",,2026-08-12 18:48:00
864ddc0d-e84d-f8cd-33d3-07f2d745e51e,b8f0aea6-d26b-1581-2447-367ac04c5594,R,beginner,"{""coursework""}",,2026-08-12 18:48:00
6368854b-a131-9f08-67f3-49a72032b2b8,b8f0aea6-d26b-1581-2447-367ac04c5594,Statistical Analysis,beginner,"{""coursework""}",,2026-08-12 18:48:00
4dd1c5a2-0292-0aab-49f7-ffe0ac7de8bf,b8f0aea6-d26b-1581-2447-367ac04c5594,Tableau,beginner,"{""coursework""}",,2026-08-12 18:48:00
508bfaff-ceab-8804-7479-9ed41a4354bb,b8f0aea6-d26b-1581-2447-367ac04c5594,Teamwork,intermediate,"{""coursework""}",,2026-08-12 18:48:00
2bda49c1-9a85-bafb-f030-d6d386c3e1d9,a5412d3b-09f6-269a-bf62-ca27f7661dec,Data Analysis,advanced,"{""project"",""coursework""}",Applied in project work.,2026-09-15 01:57:00
a98c0555-43c7-20db-293e-e1caac0d5bc8,a5412d3b-09f6-269a-bf62-ca27f7661dec,Data Visualisation,advanced,"{""project""}",Applied in project work.,2026-09-15 01:57:00
b6d24c00-188b-c525-9132-58b67d01b829,a5412d3b-09f6-269a-bf62-ca27f7661dec,Excel,advanced,"{""project"",""coursework""}",Applied in project work.,2026-09-15 01:57:00
296baa88-c249-6718-3af1-e2a255ed3280,a5412d3b-09f6-269a-bf62-ca27f7661dec,Git,intermediate,"{""coursework""}",,2026-09-15 01:57:00
692d1846-ff57-0304-7c14-e62ef0e42289,a5412d3b-09f6-269a-bf62-ca27f7661dec,Power BI,advanced,"{""project""}",Applied in project work.,2026-09-15 01:57:00
b242e0f6-bc8c-36ba-e4ee-f5b947da7f5e,a5412d3b-09f6-269a-bf62-ca27f7661dec,Python,intermediate,"{""project"",""coursework""}",Applied in project work.,2026-09-15 01:57:00
e64cfd61-0e56-50c3-492f-37566037c111,a5412d3b-09f6-269a-bf62-ca27f7661dec,R,intermediate,"{""coursework""}",,2026-09-15 01:57:00
dc44c0c9-e5f3-6a8e-f76d-59eec0ed156c,a5412d3b-09f6-269a-bf62-ca27f7661dec,SQL,advanced,"{""project""}",Applied in project work.,2026-09-15 01:57:00
11b1817e-603f-2c7a-372d-08335ce7160a,a5412d3b-09f6-269a-bf62-ca27f7661dec,Statistical Analysis,intermediate,"{""project""}",Applied in project work.,2026-09-15 01:57:00
00117e58-3070-ab6a-8d44-8a6400e3cf8e,a5412d3b-09f6-269a-bf62-ca27f7661dec,Tableau,intermediate,"{""coursework""}",,2026-09-15 01:57:00
3ccb9d66-ee0d-466b-e568-50123ef8cc0f,a5412d3b-09f6-269a-bf62-ca27f7661dec,Time Management,intermediate,"{""coursework""}",,2026-09-15 01:57:00
b493e7ce-dc9e-c2b3-94b6-09c1c57b2fcc,11a0d06c-6be0-a953-29f3-2051b95a4616,Azure,intermediate,"{""coursework""}",,2026-07-25 05:03:00
0ad88ed3-d9fa-aebe-d175-6ee9fc9d9887,11a0d06c-6be0-a953-29f3-2051b95a4616,Communication,intermediate,"{""coursework""}",,2026-07-25 05:03:00
4fbe6dca-2bf9-1ec2-130c-8c614c9e8de4,11a0d06c-6be0-a953-29f3-2051b95a4616,Flask,beginner,"{""coursework""}",,2026-07-25 05:03:00
fcc2d2bf-971b-791d-2f7e-8fc2291022d3,11a0d06c-6be0-a953-29f3-2051b95a4616,Java,beginner,"{""coursework""}",,2026-07-25 05:03:00
aa53df33-85bc-244a-06ba-77aeace3ccdc,11a0d06c-6be0-a953-29f3-2051b95a4616,Leadership,intermediate,"{""coursework""}",,2026-07-25 05:03:00
b4cba22d-9345-af1d-3873-bdc5913a8dd3,11a0d06c-6be0-a953-29f3-2051b95a4616,Linux,beginner,"{""certification""}",,2026-07-25 05:03:00
e8ac336f-6a3c-561f-4790-0f0e08dbe950,11a0d06c-6be0-a953-29f3-2051b95a4616,Problem Solving,intermediate,"{""certification"",""coursework""}",,2026-07-25 05:03:00
306d8dee-b10a-8ef0-9d15-6546f725e56b,11a0d06c-6be0-a953-29f3-2051b95a4616,SQL,beginner,"{""coursework""}",,2026-07-25 05:03:00
dbebde7e-325e-429d-ec53-37875a37d834,11a0d06c-6be0-a953-29f3-2051b95a4616,Teamwork,intermediate,"{""coursework""}",,2026-07-25 05:03:00
e284ccd7-ba37-61a9-cffd-46a9d1a9f011,11a0d06c-6be0-a953-29f3-2051b95a4616,Time Management,beginner,"{""coursework""}",,2026-07-25 05:03:00
d82d6041-7544-5e02-23af-ac49d6a016b1,ed1d1ea9-ce7f-41fb-e7d8-6b10bb3abc80,Data Visualisation,intermediate,"{""coursework""}",,2026-08-04 20:36:00
2153f93c-d19a-5b71-553b-89042c36e2ae,ed1d1ea9-ce7f-41fb-e7d8-6b10bb3abc80,Docker,intermediate,"{""project""}",Applied in project work.,2026-08-04 20:36:00
a2988939-cd40-6c28-cd87-7f8a5e75a6b3,ed1d1ea9-ce7f-41fb-e7d8-6b10bb3abc80,FastAPI,beginner,"{""coursework""}",,2026-08-04 20:36:00
aafe7411-bef9-8d60-1c4e-62bfcbc57540,ed1d1ea9-ce7f-41fb-e7d8-6b10bb3abc80,Leadership,intermediate,"{""internship""}",Used during internship.,2026-08-04 20:36:00
5ae6f4a7-5e32-66b2-dfce-add0c01c77fd,ed1d1ea9-ce7f-41fb-e7d8-6b10bb3abc80,Node.js,intermediate,"{""project"",""internship"",""coursework""}",Applied in project work.,2026-08-04 20:36:00
a8e2ff58-6c3d-fae9-2490-d08c125b60ec,ed1d1ea9-ce7f-41fb-e7d8-6b10bb3abc80,SQL,intermediate,"{""project"",""internship""}",Applied in project work.,2026-08-04 20:36:00
81e4fcc6-a515-1678-e576-e9dd6bbed9ad,ed1d1ea9-ce7f-41fb-e7d8-6b10bb3abc80,Tableau,intermediate,"{""coursework""}",,2026-08-04 20:36:00
ab010785-a046-0ca8-a688-da5b70358c97,6c9ea692-334c-0920-3f94-3466091024e7,Azure,intermediate,"{""project"",""coursework""}",Applied in project work.,2026-07-26 14:19:00
3b95ec4f-de7d-8595-efbc-6165a093cde0,6c9ea692-334c-0920-3f94-3466091024e7,Cloud Computing,intermediate,"{""project"",""coursework""}",Applied in project work.,2026-07-26 14:19:00
07a84413-bcaf-6e87-a8b7-34dcfb8fe799,6c9ea692-334c-0920-3f94-3466091024e7,Communication,intermediate,"{""coursework""}",,2026-07-26 14:19:00
1bf05ffa-0962-af1c-bbb0-89e811b623ce,6c9ea692-334c-0920-3f94-3466091024e7,Docker,intermediate,"{""project"",""coursework""}",Applied in project work.,2026-07-26 14:19:00
4a3d0480-f84d-5d6f-d6dc-ff7effe2050b,6c9ea692-334c-0920-3f94-3466091024e7,Git,intermediate,"{""coursework""}",,2026-07-26 14:19:00
20fbf03a-f144-0d84-4c1c-946ba3e229c0,6c9ea692-334c-0920-3f94-3466091024e7,Leadership,intermediate,"{""coursework""}",,2026-07-26 14:19:00
4eb12388-7b7c-5da0-825f-55e5bd27f3a7,6c9ea692-334c-0920-3f94-3466091024e7,Linux,intermediate,"{""certification"",""coursework""}",,2026-07-26 14:19:00
d39dc3b9-11cf-c867-958c-55ce4194d14a,6c9ea692-334c-0920-3f94-3466091024e7,Node.js,intermediate,"{""project""}",Applied in project work.,2026-07-26 14:19:00
0fcd8679-b91c-e27e-c77e-6aa5f80cc715,6c9ea692-334c-0920-3f94-3466091024e7,SQL,intermediate,"{""project"",""coursework""}",Applied in project work.,2026-07-26 14:19:00
4b1ec61f-ce3b-f563-d707-3400bb621534,6c9ea692-334c-0920-3f94-3466091024e7,Teamwork,beginner,"{""coursework""}",,2026-07-26 14:19:00
a1bde90d-02aa-b92a-535b-9bbff6a6f4d4,0f1a616f-12c9-543f-214d-b1a615e9c8ff,C++,intermediate,"{""coursework""}",,2026-07-10 09:59:00
2fd07b2f-7fb8-66bc-df8e-5693b290256f,0f1a616f-12c9-543f-214d-b1a615e9c8ff,Communication,advanced,"{""internship"",""coursework""}",Used during internship.,2026-07-10 09:59:00
3337ac96-7f2c-d3dc-0939-7a99b2e24b9c,0f1a616f-12c9-543f-214d-b1a615e9c8ff,Docker,intermediate,"{""project""}",Applied in project work.,2026-07-10 09:59:00
01c3f43d-2547-b8a9-2fd8-31ab130aae92,0f1a616f-12c9-543f-214d-b1a615e9c8ff,FastAPI,intermediate,"{""project"",""internship"",""coursework""}",Applied in project work.,2026-07-10 09:59:00
52253ff0-4e61-f683-fd0b-4507a5e01c64,0f1a616f-12c9-543f-214d-b1a615e9c8ff,Git,intermediate,"{""project"",""internship"",""coursework""}",Applied in project work.,2026-07-10 09:59:00
ed28e55c-4cf6-d115-2d42-b7e2bf63b3d7,0f1a616f-12c9-543f-214d-b1a615e9c8ff,Leadership,intermediate,"{""coursework""}",,2026-07-10 09:59:00
6db3146d-9c15-efc6-bd5c-48b608d3d647,0f1a616f-12c9-543f-214d-b1a615e9c8ff,Node.js,beginner,"{""project"",""coursework""}",Applied in project work.,2026-07-10 09:59:00
f1fc5561-c408-486c-514e-4c6d20da292e,0f1a616f-12c9-543f-214d-b1a615e9c8ff,Python,intermediate,"{""project""}",Applied in project work.,2026-07-10 09:59:00
ee40ed82-ec39-b784-03d2-be8aac123657,0f1a616f-12c9-543f-214d-b1a615e9c8ff,SQL,intermediate,"{""project"",""coursework""}",Applied in project work.,2026-07-10 09:59:00
3cd03541-9339-41a7-9cf4-2ac1a7a6be93,0f1a616f-12c9-543f-214d-b1a615e9c8ff,Teamwork,intermediate,"{""coursework""}",,2026-07-10 09:59:00
04ec4364-3063-fd92-4566-2281d1b6a810,2a2c750c-1d40-6357-814c-31b2aed99198,Node.js,beginner,"{""project"",""coursework""}",Applied in project work.,2026-09-14 13:37:00
62aa7a4c-a9c8-e5db-3bcb-de2584437c76,2a2c750c-1d40-6357-814c-31b2aed99198,React,beginner,"{""project""}",Applied in project work.,2026-09-14 13:37:00
7e405778-02f6-68c6-110f-ede881f1fe2d,2a2c750c-1d40-6357-814c-31b2aed99198,SQL,intermediate,"{""project"",""coursework""}",Applied in project work.,2026-09-14 13:37:00
86b030c8-0511-a147-5aae-37ff57226456,b1d250bc-b742-7eb6-154f-82435bc75849,AWS,advanced,"{""project"",""internship""}",Applied in project work.,2026-07-29 15:31:00
9bc133a2-adc4-4f54-0c75-7b17ebe4ac40,b1d250bc-b742-7eb6-154f-82435bc75849,Cloud Computing,intermediate,"{""project""}",Applied in project work.,2026-07-29 15:31:00
a0301221-6a84-d736-0b05-65c937d643db,b1d250bc-b742-7eb6-154f-82435bc75849,Data Analysis,intermediate,"{""coursework""}",,2026-07-29 15:31:00
d456eba6-8148-1abf-c2fa-642a972d9db5,b1d250bc-b742-7eb6-154f-82435bc75849,Data Visualisation,intermediate,"{""project""}",Applied in project work.,2026-07-29 15:31:00
5eeac647-f69f-954d-f9e1-79dffbc931d1,b1d250bc-b742-7eb6-154f-82435bc75849,Excel,advanced,"{""project"",""coursework""}",Applied in project work.,2026-07-29 15:31:00
bfb1e9da-92eb-ff8f-95c5-184213eccf02,b1d250bc-b742-7eb6-154f-82435bc75849,Power BI,advanced,"{""project""}",Applied in project work.,2026-07-29 15:31:00
42e13bc8-2076-3fc9-d81f-045f11499c2e,b1d250bc-b742-7eb6-154f-82435bc75849,Problem Solving,advanced,"{""internship"",""coursework""}",Used during internship.,2026-07-29 15:31:00
98a24020-2e18-5055-b2fc-8f24034a3c95,b1d250bc-b742-7eb6-154f-82435bc75849,Python,advanced,"{""project"",""certification"",""internship"",""coursework""}",Applied in project work.,2026-07-29 15:31:00
f7fb0119-9c2a-4c35-9599-1a6ff3d8dee6,b1d250bc-b742-7eb6-154f-82435bc75849,R,intermediate,"{""coursework""}",,2026-07-29 15:31:00
1c0c0822-8137-83ad-a15e-7cc4c3278b3a,b1d250bc-b742-7eb6-154f-82435bc75849,Research Skills,intermediate,"{""coursework""}",,2026-07-29 15:31:00
e09b1353-9c7e-1575-4f7c-9e59e66df910,b1d250bc-b742-7eb6-154f-82435bc75849,SQL,advanced,"{""project""}",Applied in project work.,2026-07-29 15:31:00
22496157-3cac-b3b2-03ac-46679c235660,b1d250bc-b742-7eb6-154f-82435bc75849,Statistical Analysis,intermediate,"{""coursework""}",,2026-07-29 15:31:00
4771ffb7-7144-3eb0-732d-ded917fb0786,b1d250bc-b742-7eb6-154f-82435bc75849,Tableau,advanced,"{""coursework""}",,2026-07-29 15:31:00
6f79e139-7a6d-befb-c44e-9e721e703811,b1d250bc-b742-7eb6-154f-82435bc75849,Time Management,advanced,"{""coursework""}",,2026-07-29 15:31:00
db32ff5c-16c8-8a74-8a2e-96247e19afe7,32f6a44a-deec-a657-a445-86ea56c81807,Docker,beginner,"{""coursework""}",,2026-07-17 15:03:00
24afc1a0-a24e-a6f1-3fc3-940200c87d7a,32f6a44a-deec-a657-a445-86ea56c81807,Linux,intermediate,"{""project"",""coursework""}",Applied in project work.,2026-07-17 15:03:00
18ca4e7e-e818-93c7-41d0-2f193d44f271,32f6a44a-deec-a657-a445-86ea56c81807,Problem Solving,intermediate,"{""project""}",Applied in project work.,2026-07-17 15:03:00
af73bf1d-98e7-4b9b-0277-0d6067af09de,32f6a44a-deec-a657-a445-86ea56c81807,Teamwork,intermediate,"{""project""}",Applied in project work.,2026-07-17 15:03:00
31254af3-d98d-3193-379b-9809e5cd269d,7fa9aae9-04ba-dcf4-9000-72e315991dbf,Azure,intermediate,"{""project""}",Applied in project work.,2026-08-03 19:39:00
f6a0b00e-9b42-e3b3-e077-88c730b07cdc,7fa9aae9-04ba-dcf4-9000-72e315991dbf,Cloud Computing,beginner,"{""project""}",Applied in project work.,2026-08-03 19:39:00
8a853d24-3bb8-22c4-2d1d-1aaa0aeb1a39,7fa9aae9-04ba-dcf4-9000-72e315991dbf,Communication,beginner,"{""coursework""}",,2026-08-03 19:39:00
4148c6bf-4dbc-b9ca-4dc1-26a3a39572b8,7fa9aae9-04ba-dcf4-9000-72e315991dbf,Data Visualisation,beginner,"{""project"",""coursework""}",Applied in project work.,2026-08-03 19:39:00
ab6c940a-397e-f9f4-d8e3-b5f9b752615a,7fa9aae9-04ba-dcf4-9000-72e315991dbf,Excel,intermediate,"{""project"",""coursework""}",Applied in project work.,2026-08-03 19:39:00
09788a75-a55d-3226-a4e4-15d2c5693b6c,7fa9aae9-04ba-dcf4-9000-72e315991dbf,Power BI,beginner,"{""project""}",Applied in project work.,2026-08-03 19:39:00
544c3c14-8318-5b55-0fdb-1f03d87fa072,7fa9aae9-04ba-dcf4-9000-72e315991dbf,SQL,intermediate,"{""project""}",Applied in project work.,2026-08-03 19:39:00
6470c168-715a-8041-4e53-69fe9a54644f,7fa9aae9-04ba-dcf4-9000-72e315991dbf,Teamwork,beginner,"{""coursework""}",,2026-08-03 19:39:00
f2cf1197-fae7-2a7b-6083-c69540f67d3f,2a7b0c8f-97f8-b7d9-eeb7-61db49173d53,Cloud Computing,intermediate,"{""coursework""}",,2026-07-26 19:04:00
85eecded-05cd-47fd-c167-d1749a48cabd,2a7b0c8f-97f8-b7d9-eeb7-61db49173d53,Communication,intermediate,"{""coursework""}",,2026-07-26 19:04:00
232fa8fa-0b26-054d-ff16-30aa642c643c,2a7b0c8f-97f8-b7d9-eeb7-61db49173d53,Data Analysis,intermediate,"{""project"",""coursework""}",Applied in project work.,2026-07-26 19:04:00
fcfb993e-54ab-75c9-cb2d-065c67888389,2a7b0c8f-97f8-b7d9-eeb7-61db49173d53,Deep Learning,advanced,"{""coursework""}",,2026-07-26 19:04:00
5834a583-13a4-7936-dda4-42bb391227ee,2a7b0c8f-97f8-b7d9-eeb7-61db49173d53,Leadership,intermediate,"{""coursework""}",,2026-07-26 19:04:00
0443777c-7ab8-1d02-05ac-3f00338f29be,2a7b0c8f-97f8-b7d9-eeb7-61db49173d53,Machine Learning,intermediate,"{""project""}",Applied in project work.,2026-07-26 19:04:00
4a9ee90c-cbc1-fc8f-0add-d5889e33324a,2a7b0c8f-97f8-b7d9-eeb7-61db49173d53,Natural Language Processing,beginner,"{""project"",""coursework""}",Applied in project work.,2026-07-26 19:04:00
6cc1afc2-8431-dc99-7f06-5380b22e93bb,2a7b0c8f-97f8-b7d9-eeb7-61db49173d53,Python,intermediate,"{""project""}",Applied in project work.,2026-07-26 19:04:00
cd3d2f6b-a324-8246-c3e0-b5acb5f62122,2a7b0c8f-97f8-b7d9-eeb7-61db49173d53,R,advanced,"{""project""}",Applied in project work.,2026-07-26 19:04:00
ff0a0c79-ee0e-2a3c-3d1e-9491f61e1fc5,2a7b0c8f-97f8-b7d9-eeb7-61db49173d53,Research Skills,intermediate,"{""coursework""}",,2026-07-26 19:04:00
fde58e65-9a57-8298-2622-bdd7871ec90a,2a7b0c8f-97f8-b7d9-eeb7-61db49173d53,SQL,intermediate,"{""coursework""}",,2026-07-26 19:04:00
c0ea1d0c-45fb-dacd-58d9-152f40605d7f,2a7b0c8f-97f8-b7d9-eeb7-61db49173d53,Teamwork,intermediate,"{""coursework""}",,2026-07-26 19:04:00
8709dfd8-7190-beb6-133f-e2ff578eca82,e2302224-250b-6c28-4ebc-a2d6b55f1265,Communication,advanced,"{""coursework""}",,2026-07-30 02:57:00
0f6782ab-33f5-95c7-795c-d0137ed62c37,e2302224-250b-6c28-4ebc-a2d6b55f1265,Data Visualisation,intermediate,"{""project"",""coursework""}",Applied in project work.,2026-07-30 02:57:00
e993dc3e-ded2-df0c-42ab-b0ab117d1aad,e2302224-250b-6c28-4ebc-a2d6b55f1265,Docker,advanced,"{""certification""}",,2026-07-30 02:57:00
60baf8bc-9870-7b43-1602-3f51c4115792,e2302224-250b-6c28-4ebc-a2d6b55f1265,FastAPI,advanced,"{""internship"",""coursework""}",Used during internship.,2026-07-30 02:57:00
0fb80c30-0f68-fe5e-b9c7-5a24e5ed6fcd,e2302224-250b-6c28-4ebc-a2d6b55f1265,Flask,advanced,"{""internship"",""coursework""}",Used during internship.,2026-07-30 02:57:00
33c70f35-ca42-192e-82c0-ba74ad35d894,e2302224-250b-6c28-4ebc-a2d6b55f1265,Git,intermediate,"{""coursework""}",,2026-07-30 02:57:00
99bb0880-ed5e-209d-547e-3313ad469c88,e2302224-250b-6c28-4ebc-a2d6b55f1265,JavaScript,advanced,"{""project"",""internship""}",Applied in project work.,2026-07-30 02:57:00
cea29164-a039-1831-3fd9-15e385317824,e2302224-250b-6c28-4ebc-a2d6b55f1265,Node.js,advanced,"{""project""}",Applied in project work.,2026-07-30 02:57:00
61e6a2f9-7a81-a858-7a42-9c49794f69f1,e2302224-250b-6c28-4ebc-a2d6b55f1265,React,advanced,"{""project""}",Applied in project work.,2026-07-30 02:57:00
c30c5192-7899-ec2c-ff57-635cf05bb082,e2302224-250b-6c28-4ebc-a2d6b55f1265,SQL,advanced,"{""project"",""coursework""}",Applied in project work.,2026-07-30 02:57:00
3179c421-e2cd-7f23-1d4e-88715834732e,e2302224-250b-6c28-4ebc-a2d6b55f1265,Statistical Analysis,advanced,"{""coursework""}",,2026-07-30 02:57:00
c4f181a5-5a6a-515d-e042-7c03d9ee1215,f6d000dd-6e79-7647-c581-a359a516198f,AI Literacy,intermediate,"{""coursework""}",,2026-08-19 01:20:00
39869af6-443a-3ac2-c73a-b963a60af29b,f6d000dd-6e79-7647-c581-a359a516198f,Azure,intermediate,"{""coursework""}",,2026-08-19 01:20:00
b06d481b-9eb0-2129-953f-ab9ed2ae1f59,f6d000dd-6e79-7647-c581-a359a516198f,Cloud Computing,advanced,"{""coursework""}",,2026-08-19 01:20:00
df7311c9-4533-7b06-4f8c-206f51633446,f6d000dd-6e79-7647-c581-a359a516198f,Communication,intermediate,"{""coursework""}",,2026-08-19 01:20:00
27e4f5d8-0f89-3e34-47c1-b3dbcd999c38,f6d000dd-6e79-7647-c581-a359a516198f,Data Analysis,intermediate,"{""project""}",Applied in project work.,2026-08-19 01:20:00
01e584e2-c3c0-39e6-891e-3df3e33b9157,f6d000dd-6e79-7647-c581-a359a516198f,Data Visualisation,advanced,"{""coursework""}",,2026-08-19 01:20:00
629ecdf0-8670-bf5d-83fb-da1d6c9faa95,f6d000dd-6e79-7647-c581-a359a516198f,Deep Learning,intermediate,"{""project"",""coursework""}",Applied in project work.,2026-08-19 01:20:00
9f2f173c-a2e2-a6d2-8ed7-185bf52d9a6d,f6d000dd-6e79-7647-c581-a359a516198f,Leadership,advanced,"{""coursework""}",,2026-08-19 01:20:00
330975a6-668b-aa47-738d-967cb6511d4a,f6d000dd-6e79-7647-c581-a359a516198f,Machine Learning,intermediate,"{""project"",""coursework""}",Applied in project work.,2026-08-19 01:20:00
4eadfa0f-2a61-fe80-7cd5-f6c12c91bf45,f6d000dd-6e79-7647-c581-a359a516198f,Python,advanced,"{""project""}",Applied in project work.,2026-08-19 01:20:00
59d80a28-1c86-e375-1a85-80dc77212b42,f6d000dd-6e79-7647-c581-a359a516198f,R,intermediate,"{""project"",""coursework""}",Applied in project work.,2026-08-19 01:20:00
576480a7-15c7-9f62-8979-eeeef15f2603,f6d000dd-6e79-7647-c581-a359a516198f,Statistical Analysis,intermediate,"{""project"",""coursework""}",Applied in project work.,2026-08-19 01:20:00
67561314-e21b-dad8-d6c1-ea631f625067,f6d000dd-6e79-7647-c581-a359a516198f,Time Management,intermediate,"{""coursework""}",,2026-08-19 01:20:00
188bea0c-c190-b72d-d17b-4c5fdf399d91,102478ac-328e-99cd-7ec8-6fd6b8f57bcf,Communication,intermediate,"{""coursework""}",,2026-09-12 08:34:00
2e4478ea-db84-c3f3-2f89-69effdeb5ca5,102478ac-328e-99cd-7ec8-6fd6b8f57bcf,Data Analysis,intermediate,"{""project""}",Applied in project work.,2026-09-12 08:34:00
90d79b73-d39f-84ea-1cff-818f8eafe791,102478ac-328e-99cd-7ec8-6fd6b8f57bcf,Data Visualisation,advanced,"{""project"",""internship""}",Applied in project work.,2026-09-12 08:34:00
d2a5656b-7371-40d5-007e-364cf7cb7f85,102478ac-328e-99cd-7ec8-6fd6b8f57bcf,Excel,intermediate,"{""project"",""coursework""}",Applied in project work.,2026-09-12 08:34:00
6d6c95ae-a735-6f6f-78df-0f9574ca3720,102478ac-328e-99cd-7ec8-6fd6b8f57bcf,Git,advanced,"{""internship"",""coursework""}",Used during internship.,2026-09-12 08:34:00
cb190bd7-18e1-85da-35a3-eb4b1df1afc4,102478ac-328e-99cd-7ec8-6fd6b8f57bcf,Problem Solving,beginner,"{""coursework""}",,2026-09-12 08:34:00
500e0609-4c38-6c51-dd15-3fb1e6d8a8a9,102478ac-328e-99cd-7ec8-6fd6b8f57bcf,Python,intermediate,"{""project"",""certification""}",Applied in project work.,2026-09-12 08:34:00
5288670b-5949-a9ee-294e-62094bc5d0a9,102478ac-328e-99cd-7ec8-6fd6b8f57bcf,SQL,advanced,"{""project"",""coursework""}",Applied in project work.,2026-09-12 08:34:00
5c59be8b-f603-eb69-3910-37f2daf1a515,102478ac-328e-99cd-7ec8-6fd6b8f57bcf,Statistical Analysis,advanced,"{""project""}",Applied in project work.,2026-09-12 08:34:00
d0bace58-2cc1-ece3-f772-a55ab974c9f3,102478ac-328e-99cd-7ec8-6fd6b8f57bcf,Teamwork,intermediate,"{""coursework""}",,2026-09-12 08:34:00
565938b4-2916-489b-19a8-d52e0876e568,102478ac-328e-99cd-7ec8-6fd6b8f57bcf,Time Management,intermediate,"{""internship""}",Used during internship.,2026-09-12 08:34:00
7267f0b6-442f-ec0e-2cc7-8bacd45a9fc0,c1aeebca-da38-38bb-c351-999e9222a5de,C++,advanced,"{""project"",""coursework""}",Applied in project work.,2026-07-14 08:59:00
6e4d4607-0cd5-9a0f-5758-c544a1753ba1,c1aeebca-da38-38bb-c351-999e9222a5de,FastAPI,advanced,"{""project"",""coursework""}",Applied in project work.,2026-07-14 08:59:00
2b635065-e650-54dc-8a9f-6bdd7bba83c8,c1aeebca-da38-38bb-c351-999e9222a5de,Flask,advanced,"{""project""}",Applied in project work.,2026-07-14 08:59:00
1e60f1ea-dff6-537a-2267-64517ae9dbf7,c1aeebca-da38-38bb-c351-999e9222a5de,Git,intermediate,"{""project"",""coursework""}",Applied in project work.,2026-07-14 08:59:00
82f851ab-372d-0226-04bd-c677ee596910,c1aeebca-da38-38bb-c351-999e9222a5de,Java,intermediate,"{""coursework""}",,2026-07-14 08:59:00
f8d0e4b0-d215-c99a-c1b7-64129667ebcf,c1aeebca-da38-38bb-c351-999e9222a5de,JavaScript,intermediate,"{""project"",""coursework""}",Applied in project work.,2026-07-14 08:59:00
1ad7bd06-0a7a-ee57-eab1-01f7d58852a3,c1aeebca-da38-38bb-c351-999e9222a5de,Natural Language Processing,intermediate,"{""coursework""}",,2026-07-14 08:59:00
5e17df4a-f9fb-6273-ad74-fc20c7c244cf,c1aeebca-da38-38bb-c351-999e9222a5de,Problem Solving,advanced,"{""coursework""}",,2026-07-14 08:59:00
fbf87ff0-7d75-4e26-4c4e-193df0b31c9b,c1aeebca-da38-38bb-c351-999e9222a5de,Python,intermediate,"{""project""}",Applied in project work.,2026-07-14 08:59:00
fa204f6d-a0c9-0906-b91d-a65e0f97d8ef,c1aeebca-da38-38bb-c351-999e9222a5de,SQL,beginner,"{""project"",""coursework""}",Applied in project work.,2026-07-14 08:59:00
09c25b46-3ccb-c148-f334-8eed08d0dd1a,c1aeebca-da38-38bb-c351-999e9222a5de,Teamwork,advanced,"{""project"",""coursework""}",Applied in project work.,2026-07-14 08:59:00
037ac684-8514-75b4-d312-54d86ba8df6e,c4cf769e-b363-8c5a-cdc9-62721449603c,Communication,beginner,"{""coursework""}",,2026-07-31 23:12:00
fd728980-3778-ee98-a960-f8b0d2fdb7e2,c4cf769e-b363-8c5a-cdc9-62721449603c,Data Analysis,intermediate,"{""coursework""}",,2026-07-31 23:12:00
4abfd122-628f-71fc-9fc2-e6f7049e908d,c4cf769e-b363-8c5a-cdc9-62721449603c,Deep Learning,intermediate,"{""certification""}",,2026-07-31 23:12:00
4449e023-a7bc-a40a-3213-8519fba8f7ed,c4cf769e-b363-8c5a-cdc9-62721449603c,Machine Learning,intermediate,"{""project"",""coursework""}",Applied in project work.,2026-07-31 23:12:00
0f0eeb9d-2048-018c-3523-915d7e2ec7af,c4cf769e-b363-8c5a-cdc9-62721449603c,Python,intermediate,"{""project"",""certification""}",Applied in project work.,2026-07-31 23:12:00
55b36a79-324a-6038-5f22-14e11dd57b5e,c4cf769e-b363-8c5a-cdc9-62721449603c,Statistical Analysis,intermediate,"{""project"",""coursework""}",Applied in project work.,2026-07-31 23:12:00
36dfe182-0611-ab16-7a6f-1dae31151c58,4eea696c-ed54-3aa0-2c3b-e788beb98ddb,Communication,advanced,"{""coursework""}",,2026-09-08 09:35:00
2745821a-1521-dfb4-c063-d44034c64309,4eea696c-ed54-3aa0-2c3b-e788beb98ddb,Data Analysis,intermediate,"{""project"",""coursework""}",Applied in project work.,2026-09-08 09:35:00
b0122d2b-a478-2efb-911e-7d6868d5e91c,4eea696c-ed54-3aa0-2c3b-e788beb98ddb,Data Visualisation,advanced,"{""project"",""coursework""}",Applied in project work.,2026-09-08 09:35:00
0fc1bcf4-b120-af1d-348b-68b55ad28c2b,4eea696c-ed54-3aa0-2c3b-e788beb98ddb,Excel,advanced,"{""project"",""internship"",""coursework""}",Applied in project work.,2026-09-08 09:35:00
419fd247-3059-92ee-cdc4-9be213e05833,4eea696c-ed54-3aa0-2c3b-e788beb98ddb,Flask,intermediate,"{""project"",""coursework""}",Applied in project work.,2026-09-08 09:35:00
b0fd0ff3-595c-fa33-97af-d04fb909d278,4eea696c-ed54-3aa0-2c3b-e788beb98ddb,Linux,advanced,"{""certification""}",,2026-09-08 09:35:00
8db59b6f-1267-d29c-be5e-23570eaad00d,4eea696c-ed54-3aa0-2c3b-e788beb98ddb,Power BI,advanced,"{""project""}",Applied in project work.,2026-09-08 09:35:00
62e3d6d1-b5a0-cbae-d831-1287b5dde115,4eea696c-ed54-3aa0-2c3b-e788beb98ddb,Problem Solving,advanced,"{""certification"",""internship"",""coursework""}",Used during internship.,2026-09-08 09:35:00
d1db378a-83c3-bc72-46b1-c0faf7e53755,4eea696c-ed54-3aa0-2c3b-e788beb98ddb,Python,advanced,"{""project"",""internship"",""coursework""}",Applied in project work.,2026-09-08 09:35:00
b946a2f4-1bf1-a566-a83c-4511ba686bf1,4eea696c-ed54-3aa0-2c3b-e788beb98ddb,SQL,advanced,"{""project"",""coursework""}",Applied in project work.,2026-09-08 09:35:00
819f42bc-4036-dcb8-aa5a-5cfc313ace7e,4eea696c-ed54-3aa0-2c3b-e788beb98ddb,Statistical Analysis,advanced,"{""project""}",Applied in project work.,2026-09-08 09:35:00
952987bb-b9a2-7cd5-dfeb-778f02260ca3,4eea696c-ed54-3aa0-2c3b-e788beb98ddb,Teamwork,advanced,"{""coursework""}",,2026-09-08 09:35:00
b5a8db84-2a29-94ae-1074-b2e413b756e0,45856270-140c-9b0d-6e6d-d4635c73e1ed,AWS,intermediate,"{""coursework""}",,2026-09-09 00:12:00
d359f650-9467-76aa-746a-ed706b75c910,45856270-140c-9b0d-6e6d-d4635c73e1ed,Azure,intermediate,"{""coursework""}",,2026-09-09 00:12:00
fca89f60-a02a-4c45-5e61-bb35fb535834,45856270-140c-9b0d-6e6d-d4635c73e1ed,Cloud Computing,beginner,"{""coursework""}",,2026-09-09 00:12:00
a5aaa246-ba1b-54a0-8c60-d08738ad82b0,45856270-140c-9b0d-6e6d-d4635c73e1ed,Communication,beginner,"{""coursework""}",,2026-09-09 00:12:00
8143d2c5-6363-153e-3131-569bfc05ed8c,45856270-140c-9b0d-6e6d-d4635c73e1ed,Git,intermediate,"{""coursework""}",,2026-09-09 00:12:00
2cdaf2b9-2b7c-59ba-e413-e5a064a0fdc8,45856270-140c-9b0d-6e6d-d4635c73e1ed,Java,intermediate,"{""certification"",""coursework""}",,2026-09-09 00:12:00
438af48f-7c96-28c0-bffd-d52405cacf57,45856270-140c-9b0d-6e6d-d4635c73e1ed,Linux,intermediate,"{""coursework""}",,2026-09-09 00:12:00
feeccb47-ac86-8c19-832f-2f6733207444,45856270-140c-9b0d-6e6d-d4635c73e1ed,Problem Solving,beginner,"{""coursework""}",,2026-09-09 00:12:00
037c0738-a404-7785-c758-e6b1924758c4,45856270-140c-9b0d-6e6d-d4635c73e1ed,Time Management,beginner,"{""coursework""}",,2026-09-09 00:12:00
fd0f3bb9-fccf-465d-1c78-8758c0e5f034,54d3edb4-2703-fb66-65b2-5d353b3f3679,AWS,intermediate,"{""project"",""coursework""}",Applied in project work.,2026-09-01 15:06:00
b8bf24cf-231e-a008-6137-21c3dd05191b,54d3edb4-2703-fb66-65b2-5d353b3f3679,Azure,intermediate,"{""project"",""coursework""}",Applied in project work.,2026-09-01 15:06:00
e23ade2b-0f7a-795b-37fb-67420f80aa7a,54d3edb4-2703-fb66-65b2-5d353b3f3679,Cloud Computing,advanced,"{""project"",""coursework""}",Applied in project work.,2026-09-01 15:06:00
35ffc218-1cf5-8421-1d95-dbe303e4ac62,54d3edb4-2703-fb66-65b2-5d353b3f3679,Data Analysis,intermediate,"{""certification"",""coursework""}",,2026-09-01 15:06:00
4eb3c40c-d534-dffe-4d67-f4286c9e7811,54d3edb4-2703-fb66-65b2-5d353b3f3679,Docker,intermediate,"{""project"",""coursework""}",Applied in project work.,2026-09-01 15:06:00
dffb285f-ad8a-19d7-808e-67c57a66aa7d,54d3edb4-2703-fb66-65b2-5d353b3f3679,Excel,intermediate,"{""coursework""}",,2026-09-01 15:06:00
55f81a6f-5f0e-1de2-d933-6f8bf6eb0a2e,54d3edb4-2703-fb66-65b2-5d353b3f3679,Git,advanced,"{""project""}",Applied in project work.,2026-09-01 15:06:00
7968e752-f73d-47de-7a79-e8e2e43d9011,54d3edb4-2703-fb66-65b2-5d353b3f3679,Linux,intermediate,"{""project""}",Applied in project work.,2026-09-01 15:06:00
0d9641ab-6d6b-8264-207b-9832a91cac0d,54d3edb4-2703-fb66-65b2-5d353b3f3679,Machine Learning,intermediate,"{""certification"",""coursework""}",,2026-09-01 15:06:00
9cd1ba01-7918-a891-a687-4c45ef5e3d02,54d3edb4-2703-fb66-65b2-5d353b3f3679,Python,intermediate,"{""project"",""certification""}",Applied in project work.,2026-09-01 15:06:00
732b4c55-efc0-d6df-84a5-106ef7544f6d,54d3edb4-2703-fb66-65b2-5d353b3f3679,R,intermediate,"{""certification""}",,2026-09-01 15:06:00
4e43ad3e-c79f-61ea-a5e1-17936fa001cc,54d3edb4-2703-fb66-65b2-5d353b3f3679,SQL,intermediate,"{""project"",""certification""}",Applied in project work.,2026-09-01 15:06:00
daa2e68c-03f2-674b-5900-514e363160cf,54d3edb4-2703-fb66-65b2-5d353b3f3679,Tableau,advanced,"{""certification"",""coursework""}",,2026-09-01 15:06:00
2afb0283-73a2-9e29-615c-22629f605569,54d3edb4-2703-fb66-65b2-5d353b3f3679,Teamwork,intermediate,"{""coursework""}",,2026-09-01 15:06:00
37bf87d1-30a3-de0c-6723-07a4b4e040de,54d3edb4-2703-fb66-65b2-5d353b3f3679,Time Management,intermediate,"{""coursework""}",,2026-09-01 15:06:00
a59e98e9-7631-148e-47f9-af6ccffc5841,2f1b8c90-a28f-3731-5b2e-a9d6c7eaf180,Deep Learning,intermediate,"{""certification"",""coursework""}",,2026-07-20 01:30:00
a569206b-5b62-c7b2-05e7-5f06ab88cf23,2f1b8c90-a28f-3731-5b2e-a9d6c7eaf180,Flask,intermediate,"{""project""}",Applied in project work.,2026-07-20 01:30:00
e393a76d-1147-9bbb-10c3-29a6a087ce20,2f1b8c90-a28f-3731-5b2e-a9d6c7eaf180,JavaScript,advanced,"{""project""}",Applied in project work.,2026-07-20 01:30:00
0c90a57d-4772-aad6-4e8b-0760a1d36bdc,2f1b8c90-a28f-3731-5b2e-a9d6c7eaf180,Linux,advanced,"{""project""}",Applied in project work.,2026-07-20 01:30:00
42ac5977-d346-d92f-7cc2-cd69bbb965e8,2f1b8c90-a28f-3731-5b2e-a9d6c7eaf180,Natural Language Processing,intermediate,"{""coursework""}",,2026-07-20 01:30:00
710a17e5-3b26-ae53-efeb-89764e8d0d4b,2f1b8c90-a28f-3731-5b2e-a9d6c7eaf180,Node.js,intermediate,"{""project""}",Applied in project work.,2026-07-20 01:30:00
6d82055c-63c5-5fea-67f0-85813473a17d,2f1b8c90-a28f-3731-5b2e-a9d6c7eaf180,Problem Solving,intermediate,"{""project""}",Applied in project work.,2026-07-20 01:30:00
bc102f5f-ff8f-1f51-c92b-449865b187f7,2f1b8c90-a28f-3731-5b2e-a9d6c7eaf180,React,intermediate,"{""project""}",Applied in project work.,2026-07-20 01:30:00
13762125-8626-893f-89df-77201e99722f,2f1b8c90-a28f-3731-5b2e-a9d6c7eaf180,Research Skills,advanced,"{""coursework""}",,2026-07-20 01:30:00
3862f76c-a505-9584-70c6-9cd0b7835134,2f1b8c90-a28f-3731-5b2e-a9d6c7eaf180,SQL,intermediate,"{""project"",""coursework""}",Applied in project work.,2026-07-20 01:30:00
968f1402-49c9-0d5f-76b1-cfae7205c581,2f1b8c90-a28f-3731-5b2e-a9d6c7eaf180,Teamwork,intermediate,"{""project"",""coursework""}",Applied in project work.,2026-07-20 01:30:00
674f5777-a66b-d893-ec50-626727f0769a,84386aaf-a3fd-8f6f-1a33-47cba3dca0c6,Azure,advanced,"{""project"",""coursework""}",Applied in project work.,2026-08-24 01:54:00
4ecc4285-7011-6fea-374d-8058450886d7,84386aaf-a3fd-8f6f-1a33-47cba3dca0c6,Cloud Computing,advanced,"{""project"",""coursework""}",Applied in project work.,2026-08-24 01:54:00
2767e67d-c838-3c8d-229f-821dbe91b54c,84386aaf-a3fd-8f6f-1a33-47cba3dca0c6,Communication,advanced,"{""coursework""}",,2026-08-24 01:54:00
e78e59a6-4ae5-e57d-6b1b-860f00e738fd,84386aaf-a3fd-8f6f-1a33-47cba3dca0c6,Data Visualisation,advanced,"{""project"",""coursework""}",Applied in project work.,2026-08-24 01:54:00
6040f6a1-2974-667c-7525-e3f20abe1622,84386aaf-a3fd-8f6f-1a33-47cba3dca0c6,FastAPI,intermediate,"{""coursework""}",,2026-08-24 01:54:00
b963de96-1b5a-c5d7-afc2-fbd8e049da46,84386aaf-a3fd-8f6f-1a33-47cba3dca0c6,Git,intermediate,"{""coursework""}",,2026-08-24 01:54:00
9f76f585-0c0e-b100-6b5c-0b8f76199d0b,84386aaf-a3fd-8f6f-1a33-47cba3dca0c6,JavaScript,beginner,"{""project"",""certification"",""coursework""}",Applied in project work.,2026-08-24 01:54:00
92d5fd24-0e10-eb23-0896-b2f75fba0794,84386aaf-a3fd-8f6f-1a33-47cba3dca0c6,Leadership,advanced,"{""coursework""}",,2026-08-24 01:54:00
bc195987-1e01-d085-f967-f6242929dcd8,84386aaf-a3fd-8f6f-1a33-47cba3dca0c6,Python,intermediate,"{""project"",""coursework""}",Applied in project work.,2026-08-24 01:54:00
2deb72dc-ca0a-4ac9-31f3-e2609f43eb20,84386aaf-a3fd-8f6f-1a33-47cba3dca0c6,React,intermediate,"{""certification""}",,2026-08-24 01:54:00
ba711b2a-6c27-5224-0046-1c0cbb83114a,84386aaf-a3fd-8f6f-1a33-47cba3dca0c6,SQL,advanced,"{""project"",""coursework""}",Applied in project work.,2026-08-24 01:54:00
ba456de9-8a6d-bf9e-2a15-a70f4b05cd2b,40e00833-8514-0240-8a7f-81ddea4f5853,AI Literacy,intermediate,"{""certification"",""coursework""}",,2026-07-28 22:32:00
a422363a-b0e2-4d24-e2ff-8d7dfc06cebd,40e00833-8514-0240-8a7f-81ddea4f5853,AWS,advanced,"{""project"",""coursework""}",Applied in project work.,2026-07-28 22:32:00
f49657f8-7341-7e30-87a0-41f9ddd0375f,40e00833-8514-0240-8a7f-81ddea4f5853,Azure,advanced,"{""coursework""}",,2026-07-28 22:32:00
10514381-1a94-ad1a-1e3a-c7300eaebd1c,40e00833-8514-0240-8a7f-81ddea4f5853,Cloud Computing,beginner,"{""project"",""coursework""}",Applied in project work.,2026-07-28 22:32:00
2c105598-599e-4336-a725-77aa087852b3,40e00833-8514-0240-8a7f-81ddea4f5853,Data Visualisation,intermediate,"{""certification""}",,2026-07-28 22:32:00
ec800cbb-5d36-4d8e-38f7-27f18795e119,40e00833-8514-0240-8a7f-81ddea4f5853,Docker,beginner,"{""project""}",Applied in project work.,2026-07-28 22:32:00
7e6976e5-7728-3467-35db-11ee25dfc81e,40e00833-8514-0240-8a7f-81ddea4f5853,Git,intermediate,"{""project""}",Applied in project work.,2026-07-28 22:32:00
a72a19f0-65c4-b85a-07ac-4aa2cd488f4d,40e00833-8514-0240-8a7f-81ddea4f5853,Linux,intermediate,"{""project"",""coursework""}",Applied in project work.,2026-07-28 22:32:00
8cddcdba-4756-115b-4391-fa562fe6cfb0,40e00833-8514-0240-8a7f-81ddea4f5853,Node.js,advanced,"{""coursework""}",,2026-07-28 22:32:00
1c11a8e7-d81f-fc66-475b-802508de63c0,40e00833-8514-0240-8a7f-81ddea4f5853,Power BI,intermediate,"{""certification""}",,2026-07-28 22:32:00
1ad62581-6b09-f69e-2b58-428bb6812877,40e00833-8514-0240-8a7f-81ddea4f5853,Python,advanced,"{""project""}",Applied in project work.,2026-07-28 22:32:00
95e61ba6-7792-c19b-213a-5e324f9d3fa4,40e00833-8514-0240-8a7f-81ddea4f5853,SQL,intermediate,"{""coursework""}",,2026-07-28 22:32:00
7805271d-9220-4bde-9685-95d7a89fd3f3,40e00833-8514-0240-8a7f-81ddea4f5853,Teamwork,intermediate,"{""coursework""}",,2026-07-28 22:32:00
bdc374fc-13d0-70fa-6181-116bab9b4d7b,40e00833-8514-0240-8a7f-81ddea4f5853,Time Management,advanced,"{""coursework""}",,2026-07-28 22:32:00
41daf25b-8bd9-1309-3f2b-d1d759206dbd,a6319b8e-a603-8076-c202-0122a9789239,Communication,intermediate,"{""coursework""}",,2026-08-03 19:01:00
dc6f234d-ca67-9742-5491-c0f7716db197,a6319b8e-a603-8076-c202-0122a9789239,Data Analysis,intermediate,"{""project"",""certification"",""coursework""}",Applied in project work.,2026-08-03 19:01:00
7c0c5281-adfc-a24b-5fd6-801567bc21bf,a6319b8e-a603-8076-c202-0122a9789239,Data Visualisation,intermediate,"{""project"",""coursework""}",Applied in project work.,2026-08-03 19:01:00
e9eb2be0-dce2-6a5c-4223-78adab7dd703,a6319b8e-a603-8076-c202-0122a9789239,Excel,intermediate,"{""project"",""coursework""}",Applied in project work.,2026-08-03 19:01:00
e0683eaa-dcd4-4551-fa13-8636853cffe7,a6319b8e-a603-8076-c202-0122a9789239,Git,advanced,"{""coursework""}",,2026-08-03 19:01:00
95d6aa94-7fe9-22e1-0399-7d526ed1d205,a6319b8e-a603-8076-c202-0122a9789239,Leadership,beginner,"{""coursework""}",,2026-08-03 19:01:00
bbab11d5-3376-36ff-8386-d7370c32dc94,a6319b8e-a603-8076-c202-0122a9789239,Linux,intermediate,"{""project""}",Applied in project work.,2026-08-03 19:01:00
37d817e1-82e0-edf6-78ce-b8cd31cb3704,a6319b8e-a603-8076-c202-0122a9789239,Machine Learning,advanced,"{""certification""}",,2026-08-03 19:01:00
da1615fa-2eb8-cad9-9388-984aa26fcc48,a6319b8e-a603-8076-c202-0122a9789239,Power BI,intermediate,"{""project"",""coursework""}",Applied in project work.,2026-08-03 19:01:00
a4faa3d6-61ee-5c12-67e3-527385bf2d22,a6319b8e-a603-8076-c202-0122a9789239,Problem Solving,intermediate,"{""project"",""coursework""}",Applied in project work.,2026-08-03 19:01:00
55fda441-6ac5-bd2a-5e85-365996be4e38,a6319b8e-a603-8076-c202-0122a9789239,Python,intermediate,"{""project"",""certification""}",Applied in project work.,2026-08-03 19:01:00
cfc2d1ad-2fb8-f0da-0ca9-82c70676676d,a6319b8e-a603-8076-c202-0122a9789239,R,intermediate,"{""certification"",""coursework""}",,2026-08-03 19:01:00
a8b51d7e-68bf-1290-b121-e75933a37ae6,a6319b8e-a603-8076-c202-0122a9789239,React,intermediate,"{""coursework""}",,2026-08-03 19:01:00
01775527-dfac-679b-7868-27f247e9f13f,a6319b8e-a603-8076-c202-0122a9789239,SQL,intermediate,"{""certification""}",,2026-08-03 19:01:00
16455819-cd3d-c01a-73dd-d9b638dc963a,a6319b8e-a603-8076-c202-0122a9789239,Statistical Analysis,intermediate,"{""project""}",Applied in project work.,2026-08-03 19:01:00
cdf22607-3746-87fd-1c88-b791aea5a3bf,a6319b8e-a603-8076-c202-0122a9789239,Tableau,intermediate,"{""certification"",""coursework""}",,2026-08-03 19:01:00
942b3767-3a48-8c5e-9198-f5eed3ecdff3,a6319b8e-a603-8076-c202-0122a9789239,Teamwork,intermediate,"{""project"",""coursework""}",Applied in project work.,2026-08-03 19:01:00
b42823dc-b083-6426-2244-02fccc193642,7fadd0bc-2865-c565-4291-4a5253e601ac,AWS,advanced,"{""project""}",Applied in project work.,2026-08-01 17:24:00
e54960e0-2f74-560f-2df0-60417bfffc1b,7fadd0bc-2865-c565-4291-4a5253e601ac,Cloud Computing,advanced,"{""project"",""internship""}",Applied in project work.,2026-08-01 17:24:00
0cd8e5f9-51f1-2775-2560-a5c53cf4f2fb,7fadd0bc-2865-c565-4291-4a5253e601ac,Python,advanced,"{""project"",""internship"",""coursework""}",Applied in project work.,2026-08-01 17:24:00
94168bf7-dd76-9216-9e55-f97e6471262f,7fadd0bc-2865-c565-4291-4a5253e601ac,Time Management,beginner,"{""internship""}",Used during internship.,2026-08-01 17:24:00
4bf85285-27b3-3337-f94d-4236407f3f10,c7dba592-fd1a-b6b5-b3ca-a376d09795e3,Communication,advanced,"{""coursework""}",,2026-07-23 19:06:00
77c979c1-7f58-f942-1ea0-c93932917432,c7dba592-fd1a-b6b5-b3ca-a376d09795e3,Data Analysis,advanced,"{""project""}",Applied in project work.,2026-07-23 19:06:00
45fe72ec-e693-1d49-b54c-c0334586143c,c7dba592-fd1a-b6b5-b3ca-a376d09795e3,Data Visualisation,advanced,"{""project"",""certification"",""coursework""}",Applied in project work.,2026-07-23 19:06:00
f7916b38-2195-a5f6-4d30-534fae0298d9,c7dba592-fd1a-b6b5-b3ca-a376d09795e3,Excel,advanced,"{""project"",""internship"",""coursework""}",Applied in project work.,2026-07-23 19:06:00
9720efbf-cb40-ddeb-b774-571ecf61a3e6,c7dba592-fd1a-b6b5-b3ca-a376d09795e3,Flask,advanced,"{""project"",""internship""}",Applied in project work.,2026-07-23 19:06:00
cd5e4d31-dfb6-4b0b-bb8a-6b03ab0c1272,c7dba592-fd1a-b6b5-b3ca-a376d09795e3,Linux,advanced,"{""certification""}",,2026-07-23 19:06:00
41e33d02-3b8a-0161-eab0-ccb6073bc0a7,c7dba592-fd1a-b6b5-b3ca-a376d09795e3,Machine Learning,advanced,"{""coursework""}",,2026-07-23 19:06:00
97469f46-2d39-61c3-a960-f20f080053ad,c7dba592-fd1a-b6b5-b3ca-a376d09795e3,Power BI,advanced,"{""project"",""certification"",""coursework""}",Applied in project work.,2026-07-23 19:06:00
8f3c9b4c-ba8e-cfbc-3c85-64418a5adf79,c7dba592-fd1a-b6b5-b3ca-a376d09795e3,Problem Solving,advanced,"{""certification""}",,2026-07-23 19:06:00
063ecc12-19e3-1a3f-7955-20b12b15288e,c7dba592-fd1a-b6b5-b3ca-a376d09795e3,Python,advanced,"{""project"",""coursework""}",Applied in project work.,2026-07-23 19:06:00
5297970c-f4ba-d423-bc6d-9653350faeb4,c7dba592-fd1a-b6b5-b3ca-a376d09795e3,R,advanced,"{""coursework""}",,2026-07-23 19:06:00
ac0d4e02-fc15-8826-33a6-53abbb5b7ded,c7dba592-fd1a-b6b5-b3ca-a376d09795e3,SQL,advanced,"{""project"",""internship"",""coursework""}",Applied in project work.,2026-07-23 19:06:00
b25fb914-10c0-9270-39a4-eec7ff08b2ab,c7dba592-fd1a-b6b5-b3ca-a376d09795e3,Statistical Analysis,advanced,"{""project""}",Applied in project work.,2026-07-23 19:06:00
e4d1b17b-1083-8ffc-f75c-c946a1fe4180,c7dba592-fd1a-b6b5-b3ca-a376d09795e3,Teamwork,advanced,"{""coursework""}",,2026-07-23 19:06:00
61ef0296-3ca7-2cb2-d4cb-0420b1bfe0c4,efd13d60-3e3c-54d1-360f-b1f2fdb59d06,Communication,intermediate,"{""coursework""}",,2026-08-08 12:40:00
42792e8d-b367-4e98-7f87-224c20869742,efd13d60-3e3c-54d1-360f-b1f2fdb59d06,Data Analysis,advanced,"{""certification"",""coursework""}",,2026-08-08 12:40:00
3d4562ed-f698-3ce3-5ff7-76b3dabba049,efd13d60-3e3c-54d1-360f-b1f2fdb59d06,Data Visualisation,intermediate,"{""project"",""coursework""}",Applied in project work.,2026-08-08 12:40:00
ca1867a6-7413-f788-1ba7-04fc2c907ca5,efd13d60-3e3c-54d1-360f-b1f2fdb59d06,Flask,advanced,"{""project"",""internship""}",Applied in project work.,2026-08-08 12:40:00
634b7186-affd-ebf8-a9bd-5c37001ac906,efd13d60-3e3c-54d1-360f-b1f2fdb59d06,Git,intermediate,"{""coursework""}",,2026-08-08 12:40:00
9815b2d1-fcbe-2289-23f3-0208737818e5,efd13d60-3e3c-54d1-360f-b1f2fdb59d06,JavaScript,intermediate,"{""project""}",Applied in project work.,2026-08-08 12:40:00
6e16a204-8dfb-0181-16cd-7b0e45d9a499,efd13d60-3e3c-54d1-360f-b1f2fdb59d06,Leadership,advanced,"{""coursework""}",,2026-08-08 12:40:00
c1837629-9da9-0ea1-10af-e0c432043de9,efd13d60-3e3c-54d1-360f-b1f2fdb59d06,Node.js,advanced,"{""internship"",""coursework""}",Used during internship.,2026-08-08 12:40:00
a1ffa8fc-e2a5-0b62-ecf4-d42c8d4cdaa5,efd13d60-3e3c-54d1-360f-b1f2fdb59d06,R,intermediate,"{""certification""}",,2026-08-08 12:40:00
8ee62d71-ef9e-096c-b084-663cbe4eb66d,efd13d60-3e3c-54d1-360f-b1f2fdb59d06,React,intermediate,"{""project"",""coursework""}",Applied in project work.,2026-08-08 12:40:00
e22dc39f-c775-5f0b-e37e-942403a7712a,efd13d60-3e3c-54d1-360f-b1f2fdb59d06,SQL,advanced,"{""project"",""certification"",""coursework""}",Applied in project work.,2026-08-08 12:40:00
5d165771-a360-3c11-24d1-69ebd21736e1,efd13d60-3e3c-54d1-360f-b1f2fdb59d06,Tableau,advanced,"{""certification"",""coursework""}",,2026-08-08 12:40:00
004f57de-cc9c-1447-5382-1a2755ba55e3,efd13d60-3e3c-54d1-360f-b1f2fdb59d06,Teamwork,advanced,"{""project"",""coursework""}",Applied in project work.,2026-08-08 12:40:00
1cb8c790-6f38-882f-1a51-8da3d6826d19,efd13d60-3e3c-54d1-360f-b1f2fdb59d06,Time Management,intermediate,"{""internship"",""coursework""}",Used during internship.,2026-08-08 12:40:00
2d37f9ba-67be-34ab-6bc2-4e093236c39b,7a0d5ff9-60ee-552c-d86b-ed9a202de51c,Azure,advanced,"{""project""}",Applied in project work.,2026-08-24 05:06:00
6feda59e-cec1-336f-f70e-db761da9f5f5,7a0d5ff9-60ee-552c-d86b-ed9a202de51c,Cloud Computing,advanced,"{""project""}",Applied in project work.,2026-08-24 05:06:00
57ad9822-a30d-4395-f717-909b3651897a,7a0d5ff9-60ee-552c-d86b-ed9a202de51c,Communication,intermediate,"{""coursework""}",,2026-08-24 05:06:00
5e8a93c3-ecdc-e9e9-44f3-c5c99b01b968,7a0d5ff9-60ee-552c-d86b-ed9a202de51c,Docker,intermediate,"{""project"",""internship""}",Applied in project work.,2026-08-24 05:06:00
8578b35c-9170-5229-aa5c-cea46ccc39c5,7a0d5ff9-60ee-552c-d86b-ed9a202de51c,Git,advanced,"{""project"",""internship""}",Applied in project work.,2026-08-24 05:06:00
69babc6b-89c2-298e-437f-d41c9b5ee09b,7a0d5ff9-60ee-552c-d86b-ed9a202de51c,Linux,beginner,"{""project""}",Applied in project work.,2026-08-24 05:06:00
92e05c5b-9b53-4f54-0fa6-cfe3cd5795eb,7a0d5ff9-60ee-552c-d86b-ed9a202de51c,Natural Language Processing,intermediate,"{""coursework""}",,2026-08-24 05:06:00
46d6c31b-a0bc-3c69-b1c9-7a745344f500,7a0d5ff9-60ee-552c-d86b-ed9a202de51c,SQL,intermediate,"{""project"",""internship""}",Applied in project work.,2026-08-24 05:06:00
d53187a5-b368-2a24-3451-f36c949442f4,7a0d5ff9-60ee-552c-d86b-ed9a202de51c,Time Management,beginner,"{""coursework""}",,2026-08-24 05:06:00
90476877-2727-1498-836c-7a410cc46732,fa923fde-df89-7a84-b8e2-c5e24f5d9769,Azure,intermediate,"{""project"",""certification"",""coursework""}",Applied in project work.,2026-09-13 22:42:00
b332cc02-c1ce-e1b3-1689-d72c515569f4,fa923fde-df89-7a84-b8e2-c5e24f5d9769,Cloud Computing,intermediate,"{""project"",""certification"",""coursework""}",Applied in project work.,2026-09-13 22:42:00
95cbeb8b-2de9-00c1-011e-921d0743e8c1,fa923fde-df89-7a84-b8e2-c5e24f5d9769,Communication,intermediate,"{""coursework""}",,2026-09-13 22:42:00
41b81000-70f2-d3a2-4dc9-237717fa9bc8,fa923fde-df89-7a84-b8e2-c5e24f5d9769,Data Analysis,advanced,"{""coursework""}",,2026-09-13 22:42:00
2d2e1889-721d-c6de-d889-273ad4374745,fa923fde-df89-7a84-b8e2-c5e24f5d9769,Excel,intermediate,"{""project""}",Applied in project work.,2026-09-13 22:42:00
3d9a7129-2065-7718-526e-b0dd5ec1c270,fa923fde-df89-7a84-b8e2-c5e24f5d9769,Machine Learning,advanced,"{""project""}",Applied in project work.,2026-09-13 22:42:00
07256699-9e37-6e92-b1b8-b77b3012f305,fa923fde-df89-7a84-b8e2-c5e24f5d9769,Python,intermediate,"{""project"",""coursework""}",Applied in project work.,2026-09-13 22:42:00
4aff51ab-c51d-f0ca-b3c6-75df7ae71f4b,fa923fde-df89-7a84-b8e2-c5e24f5d9769,R,intermediate,"{""coursework""}",,2026-09-13 22:42:00
4896ee54-487f-b094-8b4f-c0e9eda2ad63,fa923fde-df89-7a84-b8e2-c5e24f5d9769,SQL,intermediate,"{""project"",""coursework""}",Applied in project work.,2026-09-13 22:42:00
c6df0266-3ee1-b480-f18a-3743d2c69847,fa923fde-df89-7a84-b8e2-c5e24f5d9769,Statistical Analysis,intermediate,"{""project"",""coursework""}",Applied in project work.,2026-09-13 22:42:00
f2bbd74c-cd6b-8d3b-8b45-5e1706fb5fdc,355d3715-16d5-86c1-4b6a-24ad234bf2fe,Azure,advanced,"{""project"",""coursework""}",Applied in project work.,2026-08-22 07:35:00
3c4c32ce-debf-8c16-ece9-bb6f277d05d7,355d3715-16d5-86c1-4b6a-24ad234bf2fe,Cloud Computing,advanced,"{""project""}",Applied in project work.,2026-08-22 07:35:00
7acad9d7-ae0f-85eb-93c2-b283ff4a26a5,355d3715-16d5-86c1-4b6a-24ad234bf2fe,Communication,beginner,"{""coursework""}",,2026-08-22 07:35:00
cc39398d-23f3-853a-acfd-c5f3c535fb4c,355d3715-16d5-86c1-4b6a-24ad234bf2fe,FastAPI,intermediate,"{""project""}",Applied in project work.,2026-08-22 07:35:00
c8474127-3d61-a1ef-5103-c95de1fc0ced,355d3715-16d5-86c1-4b6a-24ad234bf2fe,Flask,intermediate,"{""project""}",Applied in project work.,2026-08-22 07:35:00
10578f94-a8cb-8e75-453b-06194f42889e,355d3715-16d5-86c1-4b6a-24ad234bf2fe,Git,intermediate,"{""project"",""coursework""}",Applied in project work.,2026-08-22 07:35:00
c7c04e6c-e8ef-c4bb-4abf-432e59431127,355d3715-16d5-86c1-4b6a-24ad234bf2fe,JavaScript,intermediate,"{""project""}",Applied in project work.,2026-08-22 07:35:00
3fbf5784-6404-6619-85fb-99dd2f502567,355d3715-16d5-86c1-4b6a-24ad234bf2fe,Problem Solving,beginner,"{""coursework""}",,2026-08-22 07:35:00
a9df367e-0443-df34-cea8-13414e60d27b,355d3715-16d5-86c1-4b6a-24ad234bf2fe,Python,intermediate,"{""project""}",Applied in project work.,2026-08-22 07:35:00
f7c484dd-432e-7406-b3cf-d66d80901edf,355d3715-16d5-86c1-4b6a-24ad234bf2fe,SQL,intermediate,"{""project"",""coursework""}",Applied in project work.,2026-08-22 07:35:00
134710eb-9f7f-8fdc-5852-2ed4a2388e95,355d3715-16d5-86c1-4b6a-24ad234bf2fe,Teamwork,intermediate,"{""project""}",Applied in project work.,2026-08-22 07:35:00
e59a431d-bf8a-eb85-404a-c611c701e4b7,e51d86f2-856c-df86-2370-c9e97ab09e1b,AI Literacy,intermediate,"{""certification"",""coursework""}",,2026-08-13 17:02:00
3db8e28b-8795-009f-ff0a-0c59f02e461d,e51d86f2-856c-df86-2370-c9e97ab09e1b,Data Analysis,intermediate,"{""project"",""internship""}",Applied in project work.,2026-08-13 17:02:00
4638ec10-b0ee-544b-0198-bdc12d0ad224,e51d86f2-856c-df86-2370-c9e97ab09e1b,Deep Learning,advanced,"{""project""}",Applied in project work.,2026-08-13 17:02:00
7c9df1a9-a3d0-c09d-3ac3-eb480d5f6b72,e51d86f2-856c-df86-2370-c9e97ab09e1b,Linux,intermediate,"{""project"",""coursework""}",Applied in project work.,2026-08-13 17:02:00
e19f4eb9-c09c-413a-e8ba-d221267240f2,e51d86f2-856c-df86-2370-c9e97ab09e1b,Machine Learning,intermediate,"{""project"",""coursework""}",Applied in project work.,2026-08-13 17:02:00
d14ac60a-5770-eab2-986e-b55d2c1d57a2,e51d86f2-856c-df86-2370-c9e97ab09e1b,Problem Solving,intermediate,"{""project""}",Applied in project work.,2026-08-13 17:02:00
6e6ae1a6-27df-fdad-1d4a-dfa1f814294c,e51d86f2-856c-df86-2370-c9e97ab09e1b,Python,intermediate,"{""project""}",Applied in project work.,2026-08-13 17:02:00
7e6e4c2d-0e47-75f8-a4c2-89280e4b738e,e51d86f2-856c-df86-2370-c9e97ab09e1b,R,advanced,"{""project"",""internship"",""coursework""}",Applied in project work.,2026-08-13 17:02:00
3535898c-3628-746c-bea2-cecaa7bd5535,e51d86f2-856c-df86-2370-c9e97ab09e1b,SQL,beginner,"{""internship""}",Used during internship.,2026-08-13 17:02:00
5954d3d2-288a-5503-2e41-3b92cbf829fb,e51d86f2-856c-df86-2370-c9e97ab09e1b,Teamwork,advanced,"{""project""}",Applied in project work.,2026-08-13 17:02:00
52518df0-0125-4fcf-b910-d9cc7c711608,290e9997-6afb-0cf2-4921-c5857d35c657,Azure,intermediate,"{""project""}",Applied in project work.,2026-08-08 21:26:00
76c60616-6574-b0a7-0d60-b6add4e69bc1,290e9997-6afb-0cf2-4921-c5857d35c657,Cloud Computing,intermediate,"{""project"",""coursework""}",Applied in project work.,2026-08-08 21:26:00
ec62b30e-69de-f29a-94c1-0463c62b58fa,290e9997-6afb-0cf2-4921-c5857d35c657,Docker,intermediate,"{""certification""}",,2026-08-08 21:26:00
5021c57d-0157-c575-a423-3a7095fd62db,290e9997-6afb-0cf2-4921-c5857d35c657,Problem Solving,intermediate,"{""coursework""}",,2026-08-08 21:26:00
54d524b0-d7e2-786d-ff6b-a153df9e1560,290e9997-6afb-0cf2-4921-c5857d35c657,Research Skills,intermediate,"{""coursework""}",,2026-08-08 21:26:00
60be505e-4328-bfc4-6cbc-7e602a6ac433,290e9997-6afb-0cf2-4921-c5857d35c657,SQL,intermediate,"{""project"",""coursework""}",Applied in project work.,2026-08-08 21:26:00
0bdff995-5b6b-8f80-9e09-53217fe07d03,290e9997-6afb-0cf2-4921-c5857d35c657,Teamwork,intermediate,"{""coursework""}",,2026-08-08 21:26:00
68405bdd-65bd-e179-b04a-d3054ca5c01b,290e9997-6afb-0cf2-4921-c5857d35c657,Time Management,beginner,"{""coursework""}",,2026-08-08 21:26:00
8cd4f50e-222b-1dd1-24a5-a90b56f9b2b3,4bb64f5a-b74d-79e0-081b-0b205f0c3ee5,C++,intermediate,"{""project""}",Applied in project work.,2026-08-12 09:00:00
144456d6-525a-7d2d-adf6-f8c6a6fb8fa9,4bb64f5a-b74d-79e0-081b-0b205f0c3ee5,Communication,intermediate,"{""coursework""}",,2026-08-12 09:00:00
7f1d37aa-16fe-18f8-8c57-551a10d48142,4bb64f5a-b74d-79e0-081b-0b205f0c3ee5,Data Analysis,advanced,"{""certification"",""coursework""}",,2026-08-12 09:00:00
3fda8388-751f-8769-933e-0e04c10a59d2,4bb64f5a-b74d-79e0-081b-0b205f0c3ee5,Docker,intermediate,"{""coursework""}",,2026-08-12 09:00:00
35bf4d56-3d23-1498-6c5b-92fb9b73e388,4bb64f5a-b74d-79e0-081b-0b205f0c3ee5,Git,advanced,"{""project""}",Applied in project work.,2026-08-12 09:00:00
9c337461-8af3-e84e-9085-1bef068442ca,4bb64f5a-b74d-79e0-081b-0b205f0c3ee5,Java,advanced,"{""project"",""coursework""}",Applied in project work.,2026-08-12 09:00:00
ac2cae6a-4826-449f-00bf-94e3ab61213d,4bb64f5a-b74d-79e0-081b-0b205f0c3ee5,Linux,advanced,"{""certification""}",,2026-08-12 09:00:00
63b6d3f3-c07d-9d4b-9aec-159e527d7808,4bb64f5a-b74d-79e0-081b-0b205f0c3ee5,Problem Solving,intermediate,"{""coursework""}",,2026-08-12 09:00:00
44e9b17a-f64f-3a3b-a61a-5645e65de477,4bb64f5a-b74d-79e0-081b-0b205f0c3ee5,Python,advanced,"{""coursework""}",,2026-08-12 09:00:00
9df4354f-5cb5-bdb8-b471-0b31d8ce3005,4bb64f5a-b74d-79e0-081b-0b205f0c3ee5,R,advanced,"{""certification"",""coursework""}",,2026-08-12 09:00:00
4a759845-fdf8-6210-ac21-a335e93c8172,4bb64f5a-b74d-79e0-081b-0b205f0c3ee5,SQL,advanced,"{""project"",""certification"",""coursework""}",Applied in project work.,2026-08-12 09:00:00
16c97de7-2b04-007a-45c5-f6fbbc43377b,4bb64f5a-b74d-79e0-081b-0b205f0c3ee5,Tableau,intermediate,"{""certification"",""coursework""}",,2026-08-12 09:00:00
d04af9e7-4b5e-5448-e7a3-b5308248df78,4bb64f5a-b74d-79e0-081b-0b205f0c3ee5,Time Management,intermediate,"{""coursework""}",,2026-08-12 09:00:00
ac3df183-9037-f483-637f-6f555fe5071b,2c8fbe55-7164-92ba-8c14-a123771844b2,AWS,intermediate,"{""certification"",""coursework""}",,2026-08-09 13:04:00
6f59a98e-0753-dd5b-9918-90e44077c324,2c8fbe55-7164-92ba-8c14-a123771844b2,Azure,intermediate,"{""project""}",Applied in project work.,2026-08-09 13:04:00
04f9d43e-1fd9-dfaf-6cba-47027f5115b7,2c8fbe55-7164-92ba-8c14-a123771844b2,Cloud Computing,intermediate,"{""project"",""certification""}",Applied in project work.,2026-08-09 13:04:00
d07311ba-5aa7-7e2e-39ae-4e5fb62e1990,2c8fbe55-7164-92ba-8c14-a123771844b2,Data Visualisation,beginner,"{""coursework""}",,2026-08-09 13:04:00
5d8d7406-4242-3206-de34-c4d3c347069c,2c8fbe55-7164-92ba-8c14-a123771844b2,Docker,advanced,"{""project"",""coursework""}",Applied in project work.,2026-08-09 13:04:00
9562b6d9-623c-cf37-c714-a715b55e5175,2c8fbe55-7164-92ba-8c14-a123771844b2,Leadership,advanced,"{""coursework""}",,2026-08-09 13:04:00
42e817f7-99d4-a4d4-42cb-b969b432d6f8,2c8fbe55-7164-92ba-8c14-a123771844b2,Linux,intermediate,"{""coursework""}",,2026-08-09 13:04:00
a28042ba-ed62-fc20-5899-47808ffdfaee,2c8fbe55-7164-92ba-8c14-a123771844b2,Node.js,intermediate,"{""project""}",Applied in project work.,2026-08-09 13:04:00
b1eae126-830c-e24b-ddd8-9ebd912cb8b4,2c8fbe55-7164-92ba-8c14-a123771844b2,SQL,intermediate,"{""project""}",Applied in project work.,2026-08-09 13:04:00
b4dd5307-0b30-bc62-7fa1-d66b18f59446,a13fe1be-16ac-56d0-840f-c16f8fa84ec0,Azure,intermediate,"{""coursework""}",,2026-07-30 16:58:00
d4448baf-a74a-5aa7-c7fb-59dfccfbd7ba,a13fe1be-16ac-56d0-840f-c16f8fa84ec0,Cloud Computing,intermediate,"{""coursework""}",,2026-07-30 16:58:00
7e00752b-7e92-97dc-3d12-29fb187e5a61,a13fe1be-16ac-56d0-840f-c16f8fa84ec0,Data Visualisation,intermediate,"{""project"",""certification""}",Applied in project work.,2026-07-30 16:58:00
3962e1e8-08f0-42ed-41e7-e48735a92ca8,a13fe1be-16ac-56d0-840f-c16f8fa84ec0,Docker,advanced,"{""project""}",Applied in project work.,2026-07-30 16:58:00
92efe88b-7916-123e-aae5-d356bd25e429,a13fe1be-16ac-56d0-840f-c16f8fa84ec0,Git,advanced,"{""project""}",Applied in project work.,2026-07-30 16:58:00
1743faf6-a39d-41fc-ce8d-80e4b50bae6d,a13fe1be-16ac-56d0-840f-c16f8fa84ec0,JavaScript,intermediate,"{""project"",""certification"",""coursework""}",Applied in project work.,2026-07-30 16:58:00
6893d5df-3b8e-7124-1d7e-f83985432556,a13fe1be-16ac-56d0-840f-c16f8fa84ec0,Leadership,intermediate,"{""coursework""}",,2026-07-30 16:58:00
14ea22a2-0c00-207a-2989-7033c293337a,a13fe1be-16ac-56d0-840f-c16f8fa84ec0,Linux,advanced,"{""project""}",Applied in project work.,2026-07-30 16:58:00
7c8bcd14-b05a-7f1d-ed6c-60cdf4bb00b3,a13fe1be-16ac-56d0-840f-c16f8fa84ec0,Node.js,intermediate,"{""coursework""}",,2026-07-30 16:58:00
49aa286d-ffd1-6bb4-5e36-63c28d93bca5,a13fe1be-16ac-56d0-840f-c16f8fa84ec0,Power BI,intermediate,"{""certification""}",,2026-07-30 16:58:00
0db4f7a0-a245-81e7-0239-9c4373a1872e,a13fe1be-16ac-56d0-840f-c16f8fa84ec0,React,advanced,"{""project"",""certification"",""coursework""}",Applied in project work.,2026-07-30 16:58:00
f1ec2acf-230c-1da7-839f-c54a0b268728,a13fe1be-16ac-56d0-840f-c16f8fa84ec0,SQL,intermediate,"{""coursework""}",,2026-07-30 16:58:00
19d401fd-5358-0fef-625f-d3fad0350303,d1328e84-aaf6-267b-567d-589ba2d9cd29,Cloud Computing,advanced,"{""internship""}",Used during internship.,2026-07-17 12:58:00
7c285974-5cf4-6fb8-cd0b-f30fb19a9cbc,d1328e84-aaf6-267b-567d-589ba2d9cd29,Communication,intermediate,"{""coursework""}",,2026-07-17 12:58:00
bd3f02ee-4adb-4446-cc57-ae4a1176ea1d,d1328e84-aaf6-267b-567d-589ba2d9cd29,Data Analysis,advanced,"{""certification"",""coursework""}",,2026-07-17 12:58:00
88bd7fb0-82c4-4436-c196-c84382f96a0f,d1328e84-aaf6-267b-567d-589ba2d9cd29,Docker,intermediate,"{""certification"",""coursework""}",,2026-07-17 12:58:00
5168923d-6100-06ee-4c49-231264d6df9e,d1328e84-aaf6-267b-567d-589ba2d9cd29,Flask,advanced,"{""project"",""internship""}",Applied in project work.,2026-07-17 12:58:00
3cfca8cd-4000-2588-065f-06d7e5232adb,d1328e84-aaf6-267b-567d-589ba2d9cd29,Problem Solving,intermediate,"{""coursework""}",,2026-07-17 12:58:00
4b32efbc-8edf-fc0d-edad-dac579c4ced5,d1328e84-aaf6-267b-567d-589ba2d9cd29,Python,intermediate,"{""project""}",Applied in project work.,2026-07-17 12:58:00
b3f194f2-6fd6-7579-c6e0-548e394b98f2,d1328e84-aaf6-267b-567d-589ba2d9cd29,R,intermediate,"{""certification"",""coursework""}",,2026-07-17 12:58:00
42b8d038-5719-80f1-7fce-d75ff2cc49e4,d1328e84-aaf6-267b-567d-589ba2d9cd29,SQL,advanced,"{""project"",""certification""}",Applied in project work.,2026-07-17 12:58:00
21ebf7fd-ffd9-3e32-e53c-c1257bd498d0,d1328e84-aaf6-267b-567d-589ba2d9cd29,Tableau,intermediate,"{""certification"",""internship""}",Used during internship.,2026-07-17 12:58:00
1f3a34ce-bce1-48df-70f8-f0c2ff19d2a8,d1328e84-aaf6-267b-567d-589ba2d9cd29,Time Management,intermediate,"{""coursework""}",,2026-07-17 12:58:00
f28f2b5d-28bb-e6fd-39f3-1f6cf1b63d8d,86ed18f2-da10-3739-341c-aa81b771abff,FastAPI,intermediate,"{""coursework""}",,2026-08-07 01:12:00
e1077091-5e9b-6204-c410-462cc55bba63,86ed18f2-da10-3739-341c-aa81b771abff,Git,beginner,"{""coursework""}",,2026-08-07 01:12:00
58bf1058-85f8-39b6-8e88-ae2a0f999e2c,86ed18f2-da10-3739-341c-aa81b771abff,Java,beginner,"{""project"",""coursework""}",Applied in project work.,2026-08-07 01:12:00
ab02e549-b5c2-8587-f926-2d658411974f,86ed18f2-da10-3739-341c-aa81b771abff,JavaScript,beginner,"{""coursework""}",,2026-08-07 01:12:00
cc8bcb71-1986-a61a-e973-eaf71f59f253,86ed18f2-da10-3739-341c-aa81b771abff,Leadership,beginner,"{""coursework""}",,2026-08-07 01:12:00
e388d11f-d162-17e2-7f35-e6031ebf333b,86ed18f2-da10-3739-341c-aa81b771abff,Linux,beginner,"{""coursework""}",,2026-08-07 01:12:00
c7afe757-2289-020f-4909-fb243c32acd9,86ed18f2-da10-3739-341c-aa81b771abff,Python,beginner,"{""coursework""}",,2026-08-07 01:12:00
bec5ec4f-9696-56c6-eb11-8799a874329c,86ed18f2-da10-3739-341c-aa81b771abff,SQL,intermediate,"{""project""}",Applied in project work.,2026-08-07 01:12:00
d607bb17-80cc-899e-fd40-466c91a38a10,a01d3239-20ab-96a9-71df-2c8d9885adb1,Communication,intermediate,"{""coursework""}",,2026-07-28 15:19:00
29af83c4-c3e6-85d8-7883-aa472ddd6fdc,a01d3239-20ab-96a9-71df-2c8d9885adb1,FastAPI,intermediate,"{""coursework""}",,2026-07-28 15:19:00
70cea612-098d-99ba-ffe4-26042d2dec8a,a01d3239-20ab-96a9-71df-2c8d9885adb1,Flask,beginner,"{""coursework""}",,2026-07-28 15:19:00
13bc5b8d-d08c-c94c-a0e5-fa55953964eb,a01d3239-20ab-96a9-71df-2c8d9885adb1,Java,advanced,"{""project"",""coursework""}",Applied in project work.,2026-07-28 15:19:00
c633804e-ef19-bfbc-170b-d27e15d39b12,a01d3239-20ab-96a9-71df-2c8d9885adb1,JavaScript,intermediate,"{""coursework""}",,2026-07-28 15:19:00
5b59cfb9-9385-f44e-81b9-30707e35805d,a01d3239-20ab-96a9-71df-2c8d9885adb1,Leadership,beginner,"{""coursework""}",,2026-07-28 15:19:00
e1151128-1b49-0e2b-ee64-9d5b0e6ca8ce,a01d3239-20ab-96a9-71df-2c8d9885adb1,Node.js,beginner,"{""coursework""}",,2026-07-28 15:19:00
4bf85b36-46aa-e4c2-5f57-de9c0d79e093,a01d3239-20ab-96a9-71df-2c8d9885adb1,Problem Solving,intermediate,"{""coursework""}",,2026-07-28 15:19:00
aa55b5b3-1dfc-839b-0f20-e0f563cd5e1b,a01d3239-20ab-96a9-71df-2c8d9885adb1,Python,intermediate,"{""certification""}",,2026-07-28 15:19:00
233ac8b1-6393-0f59-18e8-edff38e6d127,a01d3239-20ab-96a9-71df-2c8d9885adb1,SQL,beginner,"{""project""}",Applied in project work.,2026-07-28 15:19:00
537548ad-28e3-e551-9364-eb7227041d21,3d39451b-4fef-f537-dc66-a4dd78b2ae15,C++,intermediate,"{""coursework""}",,2026-09-09 18:13:00
b4307cf0-c164-91f0-d11d-10f7f4270c94,3d39451b-4fef-f537-dc66-a4dd78b2ae15,Data Visualisation,advanced,"{""project"",""internship"",""coursework""}",Applied in project work.,2026-09-09 18:13:00
cfce855b-38f8-560d-6045-6d367e8b3cc2,3d39451b-4fef-f537-dc66-a4dd78b2ae15,Git,intermediate,"{""internship""}",Used during internship.,2026-09-09 18:13:00
f3c148e2-985c-e7b4-e63d-9d5a5a99396a,3d39451b-4fef-f537-dc66-a4dd78b2ae15,Linux,intermediate,"{""coursework""}",,2026-09-09 18:13:00
39adb171-569c-9898-6287-52d034d03ebf,3d39451b-4fef-f537-dc66-a4dd78b2ae15,Problem Solving,intermediate,"{""coursework""}",,2026-09-09 18:13:00
ee69d5a6-d540-2c19-2897-2385483a2443,3d39451b-4fef-f537-dc66-a4dd78b2ae15,Python,intermediate,"{""project"",""internship"",""coursework""}",Applied in project work.,2026-09-09 18:13:00
41717646-fa3d-ddc0-fcf8-afa128c1cd6e,3d39451b-4fef-f537-dc66-a4dd78b2ae15,React,beginner,"{""coursework""}",,2026-09-09 18:13:00
68cac2f4-2ad8-5816-202c-bf4dd852cb52,3d39451b-4fef-f537-dc66-a4dd78b2ae15,SQL,intermediate,"{""project"",""coursework""}",Applied in project work.,2026-09-09 18:13:00
7e35f431-12e9-816c-63cc-975a7b59a1f4,3d39451b-4fef-f537-dc66-a4dd78b2ae15,Teamwork,intermediate,"{""coursework""}",,2026-09-09 18:13:00
f9c968ff-9c6e-cbd2-771e-996ca3aac6dd,c1be9c4b-b95c-1497-4b53-aa96248fae82,Cloud Computing,beginner,"{""coursework""}",,2026-09-15 23:34:00
cdfa0da7-87fe-47c4-06d9-1a168c4d9c5c,c1be9c4b-b95c-1497-4b53-aa96248fae82,Flask,beginner,"{""project""}",Applied in project work.,2026-09-15 23:34:00
bf93ed8d-b7e0-c16f-86fd-457a56a18c48,c1be9c4b-b95c-1497-4b53-aa96248fae82,Git,beginner,"{""coursework""}",,2026-09-15 23:34:00
6d5a4531-3972-955f-f318-18acf28762cd,c1be9c4b-b95c-1497-4b53-aa96248fae82,Power BI,beginner,"{""coursework""}",,2026-09-15 23:34:00
72c5f547-8fd4-803f-a236-bd80434e1ded,c1be9c4b-b95c-1497-4b53-aa96248fae82,Problem Solving,intermediate,"{""coursework""}",,2026-09-15 23:34:00
7bad7493-b618-d4d9-c2df-5607c59e49fc,c1be9c4b-b95c-1497-4b53-aa96248fae82,Python,beginner,"{""project"",""certification"",""coursework""}",Applied in project work.,2026-09-15 23:34:00
ec069695-4add-e649-bbd0-891e5974f8ec,c1be9c4b-b95c-1497-4b53-aa96248fae82,SQL,beginner,"{""project"",""coursework""}",Applied in project work.,2026-09-15 23:34:00
4da118b7-d91f-fb43-c4c6-a32cbb311617,c1be9c4b-b95c-1497-4b53-aa96248fae82,Time Management,beginner,"{""coursework""}",,2026-09-15 23:34:00
605342f3-3ee5-3a20-b7e4-590d900e0786,0fcd96d9-53ea-e349-872a-fef3ac01316d,Data Analysis,advanced,"{""project"",""coursework""}",Applied in project work.,2026-08-26 01:25:00
10aa7cac-0527-65ed-a196-d992af1ae95e,0fcd96d9-53ea-e349-872a-fef3ac01316d,Excel,intermediate,"{""coursework""}",,2026-08-26 01:25:00
f531f226-9f2c-da97-1bbc-d2e9f71337da,0fcd96d9-53ea-e349-872a-fef3ac01316d,Java,advanced,"{""project"",""internship"",""coursework""}",Applied in project work.,2026-08-26 01:25:00
f84ba4e1-d4cd-f91b-907b-d286b5c571aa,0fcd96d9-53ea-e349-872a-fef3ac01316d,Power BI,intermediate,"{""internship"",""coursework""}",Used during internship.,2026-08-26 01:25:00
87d47e6d-53fe-da78-7e39-a37c6d680a1c,0fcd96d9-53ea-e349-872a-fef3ac01316d,Problem Solving,intermediate,"{""coursework""}",,2026-08-26 01:25:00
b8531458-c7d8-ca9f-917b-7af7633a15ba,0fcd96d9-53ea-e349-872a-fef3ac01316d,Python,advanced,"{""project""}",Applied in project work.,2026-08-26 01:25:00
97672ed8-e478-3295-8639-3390b91cb4a0,0fcd96d9-53ea-e349-872a-fef3ac01316d,SQL,intermediate,"{""project"",""coursework""}",Applied in project work.,2026-08-26 01:25:00
74c07063-1765-8f16-f5d5-0a901222f1be,0fcd96d9-53ea-e349-872a-fef3ac01316d,Statistical Analysis,intermediate,"{""project"",""internship"",""coursework""}",Applied in project work.,2026-08-26 01:25:00
2b558b40-1de1-4ac0-b993-269421e585be,75788cd5-d560-8029-697f-ec0f43b4e0b9,AWS,intermediate,"{""project""}",Applied in project work.,2026-08-30 16:22:00
0ab5ddac-9d32-3961-f1a4-3bbdfa91a730,75788cd5-d560-8029-697f-ec0f43b4e0b9,Azure,intermediate,"{""coursework""}",,2026-08-30 16:22:00
1f347d31-0927-79d4-bec5-5cabd8494b76,75788cd5-d560-8029-697f-ec0f43b4e0b9,Cloud Computing,intermediate,"{""project"",""coursework""}",Applied in project work.,2026-08-30 16:22:00
11732088-e89e-3ed8-8bca-4824e4a8354e,75788cd5-d560-8029-697f-ec0f43b4e0b9,Communication,advanced,"{""coursework""}",,2026-08-30 16:22:00
44c38dc5-ca2a-35c3-3228-926090f88688,75788cd5-d560-8029-697f-ec0f43b4e0b9,Docker,intermediate,"{""certification""}",,2026-08-30 16:22:00
9db1e6a4-6fb5-f47d-7694-64d4ea780183,75788cd5-d560-8029-697f-ec0f43b4e0b9,Git,advanced,"{""coursework""}",,2026-08-30 16:22:00
0a278efa-1095-39e0-d7d4-980d7a132566,75788cd5-d560-8029-697f-ec0f43b4e0b9,Leadership,advanced,"{""coursework""}",,2026-08-30 16:22:00
cda3cd5a-ca9e-90b6-14e1-521c1450b807,75788cd5-d560-8029-697f-ec0f43b4e0b9,Problem Solving,advanced,"{""coursework""}",,2026-08-30 16:22:00
d60088f3-3ab8-2037-6cf0-9371fe0a5454,75788cd5-d560-8029-697f-ec0f43b4e0b9,Python,advanced,"{""project""}",Applied in project work.,2026-08-30 16:22:00
41ddd517-6192-023b-9142-6c7d1cb0dd20,75788cd5-d560-8029-697f-ec0f43b4e0b9,React,intermediate,"{""coursework""}",,2026-08-30 16:22:00
7d3bf5a2-bedd-0dd1-82a1-bd002d89fbf1,050f08a6-7c14-1e97-dfd4-e0c2e5f33e3d,AI Literacy,intermediate,"{""certification"",""coursework""}",,2026-07-20 20:09:00
9d6cca22-31ff-5329-e97a-1e637fbe54ac,050f08a6-7c14-1e97-dfd4-e0c2e5f33e3d,C++,advanced,"{""project""}",Applied in project work.,2026-07-20 20:09:00
080299aa-3afa-ec95-6eb1-ae289cb52833,050f08a6-7c14-1e97-dfd4-e0c2e5f33e3d,Cloud Computing,advanced,"{""coursework""}",,2026-07-20 20:09:00
64334975-6adb-f03c-62fe-53b0ea1cd086,050f08a6-7c14-1e97-dfd4-e0c2e5f33e3d,Data Analysis,intermediate,"{""coursework""}",,2026-07-20 20:09:00
a1fd0742-0819-fa99-60db-057b915213e8,050f08a6-7c14-1e97-dfd4-e0c2e5f33e3d,Data Visualisation,intermediate,"{""coursework""}",,2026-07-20 20:09:00
d957f7c8-9bd2-e9ae-b584-de0ecac2f47e,050f08a6-7c14-1e97-dfd4-e0c2e5f33e3d,Deep Learning,intermediate,"{""project"",""coursework""}",Applied in project work.,2026-07-20 20:09:00
fb1215ff-e82c-4285-11f0-1e849924d064,050f08a6-7c14-1e97-dfd4-e0c2e5f33e3d,Git,intermediate,"{""project"",""coursework""}",Applied in project work.,2026-07-20 20:09:00
7e253b38-b6fb-3783-cac1-19a141cbf661,050f08a6-7c14-1e97-dfd4-e0c2e5f33e3d,JavaScript,intermediate,"{""certification""}",,2026-07-20 20:09:00
41ccd3a2-dd6b-05ac-53e0-90d098692735,050f08a6-7c14-1e97-dfd4-e0c2e5f33e3d,Machine Learning,intermediate,"{""project"",""coursework""}",Applied in project work.,2026-07-20 20:09:00
808b902f-a350-b1d4-521b-180ef8587d06,050f08a6-7c14-1e97-dfd4-e0c2e5f33e3d,Power BI,advanced,"{""coursework""}",,2026-07-20 20:09:00
b78b1ca6-7639-a55a-77c0-0d08581baf18,050f08a6-7c14-1e97-dfd4-e0c2e5f33e3d,Python,intermediate,"{""project""}",Applied in project work.,2026-07-20 20:09:00
e673b335-d0b2-7053-b018-012c3ec00346,050f08a6-7c14-1e97-dfd4-e0c2e5f33e3d,React,beginner,"{""certification""}",,2026-07-20 20:09:00
bf12c07e-8082-1c7f-7730-e7c22ad4f90c,050f08a6-7c14-1e97-dfd4-e0c2e5f33e3d,SQL,intermediate,"{""coursework""}",,2026-07-20 20:09:00
85686b37-2cac-e42c-d7a2-6db7a2b77abd,050f08a6-7c14-1e97-dfd4-e0c2e5f33e3d,Statistical Analysis,advanced,"{""project""}",Applied in project work.,2026-07-20 20:09:00
2c6c0b91-c6df-af7d-c872-08efeff1d130,050f08a6-7c14-1e97-dfd4-e0c2e5f33e3d,Time Management,intermediate,"{""coursework""}",,2026-07-20 20:09:00
3b962ef8-33ab-6ceb-1cf0-4f03002f7406,c53bd1ac-9813-1e59-c4bb-12264e1c47d7,Leadership,intermediate,"{""coursework""}",,2026-09-19 18:23:00
12bee0aa-658f-67fa-a38a-54a9777b5cbb,c53bd1ac-9813-1e59-c4bb-12264e1c47d7,Linux,intermediate,"{""project""}",Applied in project work.,2026-09-19 18:23:00
020e308f-f887-5e4b-7b58-a16374f98896,c53bd1ac-9813-1e59-c4bb-12264e1c47d7,Machine Learning,advanced,"{""project""}",Applied in project work.,2026-09-19 18:23:00
1d7dbd57-16d2-4463-e06c-05724f8a70aa,c53bd1ac-9813-1e59-c4bb-12264e1c47d7,Power BI,intermediate,"{""coursework""}",,2026-09-19 18:23:00
d6755ee0-6165-18d7-a2ff-51181ba2f4ca,c53bd1ac-9813-1e59-c4bb-12264e1c47d7,Problem Solving,beginner,"{""coursework""}",,2026-09-19 18:23:00
9c0bbd9e-3e4c-21ff-5a89-3ff211b2bd30,c53bd1ac-9813-1e59-c4bb-12264e1c47d7,Python,advanced,"{""project"",""coursework""}",Applied in project work.,2026-09-19 18:23:00
da6dbb3c-dd55-d270-80c0-9a5b98c3107e,e5fafaa9-33b5-cb68-6059-f8d9106fc253,AI Literacy,intermediate,"{""internship"",""coursework""}",Used during internship.,2026-08-17 23:59:00
fa0d5f07-d9bc-58e5-4421-6ae61bd8e6b9,e5fafaa9-33b5-cb68-6059-f8d9106fc253,Cloud Computing,beginner,"{""coursework""}",,2026-08-17 23:59:00
4ab5f262-e529-e5de-b8a1-03646e8f4bbe,e5fafaa9-33b5-cb68-6059-f8d9106fc253,Communication,intermediate,"{""coursework""}",,2026-08-17 23:59:00
41dce793-cd01-42d2-fead-3201ab9657fe,e5fafaa9-33b5-cb68-6059-f8d9106fc253,Flask,intermediate,"{""coursework""}",,2026-08-17 23:59:00
f0c49668-4802-775b-1cad-2a94e37bf399,e5fafaa9-33b5-cb68-6059-f8d9106fc253,JavaScript,advanced,"{""project""}",Applied in project work.,2026-08-17 23:59:00
bef89588-df40-ab5d-819a-2f42ba51f278,e5fafaa9-33b5-cb68-6059-f8d9106fc253,Leadership,intermediate,"{""internship"",""coursework""}",Used during internship.,2026-08-17 23:59:00
b96606af-b56b-e5ce-4ceb-32ff7f49f214,e5fafaa9-33b5-cb68-6059-f8d9106fc253,Linux,beginner,"{""coursework""}",,2026-08-17 23:59:00
df40268c-4f85-f747-e885-0279501f3f11,e5fafaa9-33b5-cb68-6059-f8d9106fc253,React,beginner,"{""project"",""internship"",""coursework""}",Applied in project work.,2026-08-17 23:59:00
797db2d7-a819-954c-48cd-87638844f32b,e5fafaa9-33b5-cb68-6059-f8d9106fc253,SQL,beginner,"{""coursework""}",,2026-08-17 23:59:00
22327bb3-5607-4a34-e08b-05567d12e0d2,e5fafaa9-33b5-cb68-6059-f8d9106fc253,Teamwork,beginner,"{""coursework""}",,2026-08-17 23:59:00
a3bcbb87-ddc9-7bb4-2eec-df88a8a4f0f8,ecff1f17-2fe8-1dae-2db2-b1118b0f2649,Cloud Computing,intermediate,"{""coursework""}",,2026-08-05 14:10:00
d7b93d73-7455-8d86-34c5-ec98b1751d57,ecff1f17-2fe8-1dae-2db2-b1118b0f2649,FastAPI,intermediate,"{""coursework""}",,2026-08-05 14:10:00
287a6e0b-5bda-1ece-d130-0e622cfb641e,ecff1f17-2fe8-1dae-2db2-b1118b0f2649,Linux,beginner,"{""coursework""}",,2026-08-05 14:10:00
7d4fa4db-d71c-077c-b82a-1c6f87e4cc5c,ecff1f17-2fe8-1dae-2db2-b1118b0f2649,Machine Learning,beginner,"{""project"",""coursework""}",Applied in project work.,2026-08-05 14:10:00
1000b251-1df1-ead6-d06b-2767bcf37157,ecff1f17-2fe8-1dae-2db2-b1118b0f2649,Python,advanced,"{""project""}",Applied in project work.,2026-08-05 14:10:00
aac2d3f2-3cd4-6719-7d93-93a71f364366,ecff1f17-2fe8-1dae-2db2-b1118b0f2649,SQL,advanced,"{""coursework""}",,2026-08-05 14:10:00
d3aed6f8-093f-cb05-5a8d-30a1f1e171f5,6dc1eb13-56fc-b115-1627-b7b9563f393b,C++,intermediate,"{""coursework""}",,2026-09-10 01:14:00
ff2f5a21-20e0-e7d1-a443-2fc6eee8480a,6dc1eb13-56fc-b115-1627-b7b9563f393b,Docker,intermediate,"{""project"",""coursework""}",Applied in project work.,2026-09-10 01:14:00
bcfcc24f-daf2-8060-f73f-39b650508d26,6dc1eb13-56fc-b115-1627-b7b9563f393b,Git,intermediate,"{""project""}",Applied in project work.,2026-09-10 01:14:00
491f5953-6b9d-7759-1427-135a4a934190,6dc1eb13-56fc-b115-1627-b7b9563f393b,JavaScript,beginner,"{""coursework""}",,2026-09-10 01:14:00
c40f258b-196e-f555-3499-14ba3c900f09,6dc1eb13-56fc-b115-1627-b7b9563f393b,Leadership,intermediate,"{""coursework""}",,2026-09-10 01:14:00
51558911-8abb-d74f-b51f-81c1a320a090,6dc1eb13-56fc-b115-1627-b7b9563f393b,Linux,intermediate,"{""project""}",Applied in project work.,2026-09-10 01:14:00
bf9edd54-6307-fa8e-2b8e-d50a074ad024,6dc1eb13-56fc-b115-1627-b7b9563f393b,Python,intermediate,"{""coursework""}",,2026-09-10 01:14:00
c8f31ae6-a805-1a2f-b174-d31cb7712366,6dc1eb13-56fc-b115-1627-b7b9563f393b,React,intermediate,"{""coursework""}",,2026-09-10 01:14:00
68a8983c-fa18-c14a-c00c-c5bd3edaf6e2,6dc1eb13-56fc-b115-1627-b7b9563f393b,Teamwork,intermediate,"{""coursework""}",,2026-09-10 01:14:00
6763a5ad-6136-ff3f-d04a-2fb581721148,d1b3f6b1-6d73-4f93-16c6-8aada8bfb083,Data Analysis,beginner,"{""certification"",""coursework""}",,2026-07-09 00:01:00
5628b31c-ddca-0e71-e803-d7a8d3c94b8e,d1b3f6b1-6d73-4f93-16c6-8aada8bfb083,Data Visualisation,intermediate,"{""coursework""}",,2026-07-09 00:01:00
6d7ca667-61bd-1beb-fd0e-c72fb814e54f,d1b3f6b1-6d73-4f93-16c6-8aada8bfb083,Deep Learning,intermediate,"{""coursework""}",,2026-07-09 00:01:00
83fec1d1-04ef-9571-5b6c-7483ac7cf876,d1b3f6b1-6d73-4f93-16c6-8aada8bfb083,Leadership,intermediate,"{""coursework""}",,2026-07-09 00:01:00
14f5f7d4-6d31-8c22-25e2-348ab63ae9bc,d1b3f6b1-6d73-4f93-16c6-8aada8bfb083,Linux,intermediate,"{""project""}",Applied in project work.,2026-07-09 00:01:00
d8ee31ef-dc09-1cf0-589c-ba775f5907ac,d1b3f6b1-6d73-4f93-16c6-8aada8bfb083,Natural Language Processing,beginner,"{""coursework""}",,2026-07-09 00:01:00
fa5a5be2-c363-f434-62af-939a22cd4bc1,d1b3f6b1-6d73-4f93-16c6-8aada8bfb083,Problem Solving,advanced,"{""project""}",Applied in project work.,2026-07-09 00:01:00
2e3e266a-1069-9a9e-427a-bdceb58a1a10,d1b3f6b1-6d73-4f93-16c6-8aada8bfb083,Python,intermediate,"{""coursework""}",,2026-07-09 00:01:00
d67c4527-c0a7-ac50-aca3-99e103958342,d1b3f6b1-6d73-4f93-16c6-8aada8bfb083,R,intermediate,"{""certification""}",,2026-07-09 00:01:00
517f9179-35d9-81dd-d802-77cc83c9c11c,d1b3f6b1-6d73-4f93-16c6-8aada8bfb083,Research Skills,beginner,"{""coursework""}",,2026-07-09 00:01:00
01d2d6d9-0cd2-4fdd-6345-4b8cc59f6693,d1b3f6b1-6d73-4f93-16c6-8aada8bfb083,SQL,intermediate,"{""certification""}",,2026-07-09 00:01:00
837e3700-e6d4-2ea4-01fa-978827c7166f,d1b3f6b1-6d73-4f93-16c6-8aada8bfb083,Statistical Analysis,advanced,"{""coursework""}",,2026-07-09 00:01:00
87fa4858-377b-ae52-a1d6-7f486331bb8b,d1b3f6b1-6d73-4f93-16c6-8aada8bfb083,Tableau,advanced,"{""certification"",""coursework""}",,2026-07-09 00:01:00
a4144ca0-a1a3-bbdd-94eb-f745ad5009cd,d1b3f6b1-6d73-4f93-16c6-8aada8bfb083,Teamwork,intermediate,"{""project""}",Applied in project work.,2026-07-09 00:01:00
e69f777e-75fc-e80c-cdc9-2af0c48b7702,88c6f51b-9c40-00ae-f41e-7b9e1b14b563,Communication,intermediate,"{""coursework""}",,2026-07-13 23:06:00
537ef64b-3d42-1273-1d9f-e29b3ef85af4,88c6f51b-9c40-00ae-f41e-7b9e1b14b563,Data Visualisation,advanced,"{""certification"",""coursework""}",,2026-07-13 23:06:00
ccd3ade3-6d3d-ea46-f33e-ffa7ad2667ba,88c6f51b-9c40-00ae-f41e-7b9e1b14b563,Excel,intermediate,"{""coursework""}",,2026-07-13 23:06:00
9de9dc4f-57ba-51a4-5839-b7d9cd2fcca3,88c6f51b-9c40-00ae-f41e-7b9e1b14b563,Git,intermediate,"{""coursework""}",,2026-07-13 23:06:00
84c7e96e-dc82-8824-17c3-8f6f10072b5d,88c6f51b-9c40-00ae-f41e-7b9e1b14b563,Java,beginner,"{""coursework""}",,2026-07-13 23:06:00
e0a043ae-c0e2-6abf-6ff2-7e2f520b81d7,88c6f51b-9c40-00ae-f41e-7b9e1b14b563,Leadership,intermediate,"{""coursework""}",,2026-07-13 23:06:00
74acc51f-1c16-11c5-989c-8a7436e95805,88c6f51b-9c40-00ae-f41e-7b9e1b14b563,Problem Solving,intermediate,"{""coursework""}",,2026-07-13 23:06:00
40781aed-5468-4553-c46b-a4fd187bce0a,88c6f51b-9c40-00ae-f41e-7b9e1b14b563,Python,beginner,"{""coursework""}",,2026-07-13 23:06:00
fca5900d-bcf1-cef2-de52-99e917cef725,88c6f51b-9c40-00ae-f41e-7b9e1b14b563,SQL,intermediate,"{""coursework""}",,2026-07-13 23:06:00
c8c22645-3bf9-587f-1f19-90d4498e21b5,88c6f51b-9c40-00ae-f41e-7b9e1b14b563,Tableau,intermediate,"{""certification""}",,2026-07-13 23:06:00
4fa880c4-7930-171e-b6ae-f822032b0635,88c6f51b-9c40-00ae-f41e-7b9e1b14b563,Teamwork,intermediate,"{""coursework""}",,2026-07-13 23:06:00
9c6271ed-22a5-b3cc-e5b3-bb61d3b6e45b,83e9859f-1d6a-1c2a-2474-faaf89f1cc00,Deep Learning,beginner,"{""project"",""coursework""}",Applied in project work.,2026-09-18 04:02:00
f1bdddd4-9eea-f708-f96f-6c07fa3b829f,83e9859f-1d6a-1c2a-2474-faaf89f1cc00,Git,intermediate,"{""coursework""}",,2026-09-18 04:02:00
b68ba6b6-f301-b46d-2831-263ec3b1ea73,83e9859f-1d6a-1c2a-2474-faaf89f1cc00,Machine Learning,intermediate,"{""project"",""coursework""}",Applied in project work.,2026-09-18 04:02:00
7fb389aa-d168-074c-6bc6-684ce06f5497,83e9859f-1d6a-1c2a-2474-faaf89f1cc00,Natural Language Processing,beginner,"{""coursework""}",,2026-09-18 04:02:00
603820e5-fa9d-25cd-36c8-ce753bac3559,83e9859f-1d6a-1c2a-2474-faaf89f1cc00,Python,advanced,"{""project""}",Applied in project work.,2026-09-18 04:02:00
41842818-7442-f12f-7cab-9298ae1b0ed0,83e9859f-1d6a-1c2a-2474-faaf89f1cc00,Research Skills,beginner,"{""coursework""}",,2026-09-18 04:02:00
8f05cf51-af06-f6b1-fde8-3a03e55fcc76,83e9859f-1d6a-1c2a-2474-faaf89f1cc00,SQL,advanced,"{""coursework""}",,2026-09-18 04:02:00
1f3ba175-e6ea-2ac4-7818-427595dd68c5,83e9859f-1d6a-1c2a-2474-faaf89f1cc00,Statistical Analysis,advanced,"{""project"",""coursework""}",Applied in project work.,2026-09-18 04:02:00
e6f07cb5-0e12-796b-b461-97f9fc7af126,83e9859f-1d6a-1c2a-2474-faaf89f1cc00,Time Management,intermediate,"{""coursework""}",,2026-09-18 04:02:00
92318f9c-b7be-b208-a37c-681b39ad65e2,af26365a-bc6a-e409-7a33-e6262ee4ab9d,Communication,intermediate,"{""coursework""}",,2026-07-18 10:48:00
dc3cd76d-89f5-f2ec-054f-f22c18afe539,af26365a-bc6a-e409-7a33-e6262ee4ab9d,Java,intermediate,"{""project""}",Applied in project work.,2026-07-18 10:48:00
2205831b-f2c0-d8f5-3447-bdace96db244,af26365a-bc6a-e409-7a33-e6262ee4ab9d,Problem Solving,intermediate,"{""coursework""}",,2026-07-18 10:48:00
65d042a1-f650-110f-8449-6db2abad1463,af26365a-bc6a-e409-7a33-e6262ee4ab9d,Python,beginner,"{""coursework""}",,2026-07-18 10:48:00
9240d644-9b3f-cc37-fb86-18bea90829a6,af26365a-bc6a-e409-7a33-e6262ee4ab9d,SQL,intermediate,"{""project"",""coursework""}",Applied in project work.,2026-07-18 10:48:00
3a9e35f7-0558-12df-048a-a02b2566d85d,af26365a-bc6a-e409-7a33-e6262ee4ab9d,Tableau,beginner,"{""coursework""}",,2026-07-18 10:48:00
8ef80afb-4dde-1089-e120-3fdaaf17b45a,18bd689c-1802-1fa0-42f3-707a23ca9cae,Docker,intermediate,"{""project"",""certification""}",Applied in project work.,2026-08-26 22:53:00
3eb9fa26-5cd8-03b6-ddbc-1485b695c827,18bd689c-1802-1fa0-42f3-707a23ca9cae,FastAPI,intermediate,"{""project""}",Applied in project work.,2026-08-26 22:53:00
fc1a9bf4-dec1-b1e9-2da1-f0c110feb92a,18bd689c-1802-1fa0-42f3-707a23ca9cae,Git,intermediate,"{""project""}",Applied in project work.,2026-08-26 22:53:00
4fd2f1b0-0ae4-3bba-ec31-097893b4d121,18bd689c-1802-1fa0-42f3-707a23ca9cae,Java,advanced,"{""coursework""}",,2026-08-26 22:53:00
2ce50d3c-de1e-4e2e-078f-be3ac7598085,18bd689c-1802-1fa0-42f3-707a23ca9cae,JavaScript,intermediate,"{""coursework""}",,2026-08-26 22:53:00
40642ac0-b765-71f0-678a-3ea6370555c2,18bd689c-1802-1fa0-42f3-707a23ca9cae,Leadership,advanced,"{""coursework""}",,2026-08-26 22:53:00
b90bba39-7dad-0327-cc58-1b773e5fc839,18bd689c-1802-1fa0-42f3-707a23ca9cae,Machine Learning,intermediate,"{""certification"",""coursework""}",,2026-08-26 22:53:00
1006f6cb-4fb2-c1e2-262b-a6b9a22cfa65,18bd689c-1802-1fa0-42f3-707a23ca9cae,Node.js,advanced,"{""project"",""coursework""}",Applied in project work.,2026-08-26 22:53:00
cd47d8f9-1fb8-f6cf-7098-8daca053b8fe,18bd689c-1802-1fa0-42f3-707a23ca9cae,Problem Solving,intermediate,"{""coursework""}",,2026-08-26 22:53:00
1329d3a2-d854-987c-2996-443d64be478b,18bd689c-1802-1fa0-42f3-707a23ca9cae,Python,advanced,"{""project"",""certification""}",Applied in project work.,2026-08-26 22:53:00
9b04dd27-7813-c217-e1e3-2a6dc89e3801,18bd689c-1802-1fa0-42f3-707a23ca9cae,SQL,intermediate,"{""project""}",Applied in project work.,2026-08-26 22:53:00
241fc3b2-ba42-733c-4b59-0745f29cdb17,18bd689c-1802-1fa0-42f3-707a23ca9cae,Teamwork,intermediate,"{""coursework""}",,2026-08-26 22:53:00
6c844800-dc9f-75b8-93d1-dc4170451472,e4b4a59d-5735-025f-b562-a92314b654c4,Communication,intermediate,"{""coursework""}",,2026-07-04 01:44:00
563ab98a-4e5b-877e-46d2-696abc8f2da8,e4b4a59d-5735-025f-b562-a92314b654c4,Data Analysis,intermediate,"{""certification""}",,2026-07-04 01:44:00
b30b8f3c-0005-1baf-322a-0901f2f190a9,e4b4a59d-5735-025f-b562-a92314b654c4,Flask,beginner,"{""project"",""coursework""}",Applied in project work.,2026-07-04 01:44:00
7f39fe45-8b8b-951b-9b3f-4791382b81e7,e4b4a59d-5735-025f-b562-a92314b654c4,Git,intermediate,"{""coursework""}",,2026-07-04 01:44:00
6c73425a-496e-756d-f790-a3f0c878cc30,e4b4a59d-5735-025f-b562-a92314b654c4,JavaScript,intermediate,"{""project""}",Applied in project work.,2026-07-04 01:44:00
4eb96afd-9064-9700-d55f-e520572a1c96,e4b4a59d-5735-025f-b562-a92314b654c4,Leadership,beginner,"{""coursework""}",,2026-07-04 01:44:00
a541bb07-8af4-d3e3-6a23-f9238a5f363f,e4b4a59d-5735-025f-b562-a92314b654c4,Machine Learning,advanced,"{""project""}",Applied in project work.,2026-07-04 01:44:00
a6b04613-99de-9338-4dd4-c6fcd50611aa,e4b4a59d-5735-025f-b562-a92314b654c4,Node.js,advanced,"{""internship""}",Used during internship.,2026-07-04 01:44:00
01f93506-2dac-ae8e-b2e3-0f4631835820,e4b4a59d-5735-025f-b562-a92314b654c4,Python,intermediate,"{""project""}",Applied in project work.,2026-07-04 01:44:00
60ca5e56-2ab7-ab01-2426-fc0a94d09368,e4b4a59d-5735-025f-b562-a92314b654c4,R,intermediate,"{""certification"",""coursework""}",,2026-07-04 01:44:00
34ff0775-af5f-6e21-a5ee-9f42068fef73,e4b4a59d-5735-025f-b562-a92314b654c4,React,advanced,"{""project""}",Applied in project work.,2026-07-04 01:44:00
bce64b1f-fd00-dfdf-f858-f10e5f45af4f,e4b4a59d-5735-025f-b562-a92314b654c4,SQL,intermediate,"{""project"",""certification"",""coursework""}",Applied in project work.,2026-07-04 01:44:00
b4863fc4-7bee-bac4-53e2-cb6e497559cd,e4b4a59d-5735-025f-b562-a92314b654c4,Tableau,beginner,"{""certification"",""internship""}",Used during internship.,2026-07-04 01:44:00
36e08a0d-5305-27ea-e306-f43262f313ba,e4b4a59d-5735-025f-b562-a92314b654c4,Teamwork,intermediate,"{""project"",""internship""}",Applied in project work.,2026-07-04 01:44:00
049ff144-3482-f7a7-49b1-d1556b2619da,e4b4a59d-5735-025f-b562-a92314b654c4,Time Management,intermediate,"{""coursework""}",,2026-07-04 01:44:00
264f9642-8781-9162-ca79-f86c94b2c8ba,c0a18525-4e50-0c39-64ab-0c196beb8c0f,Azure,intermediate,"{""project"",""coursework""}",Applied in project work.,2026-09-12 18:35:00
35dc5af3-7289-95b0-f5a7-d22e1f6d3881,c0a18525-4e50-0c39-64ab-0c196beb8c0f,Cloud Computing,intermediate,"{""project"",""coursework""}",Applied in project work.,2026-09-12 18:35:00
60ff2410-ff74-1e8d-e93a-9be51a3d31c7,c0a18525-4e50-0c39-64ab-0c196beb8c0f,Data Analysis,intermediate,"{""project""}",Applied in project work.,2026-09-12 18:35:00
5526a845-3fdd-92d8-245d-6fbfbe26b0f2,c0a18525-4e50-0c39-64ab-0c196beb8c0f,Docker,beginner,"{""coursework""}",,2026-09-12 18:35:00
9d9e33b4-a1be-370f-b5f9-a053d5748ebb,c0a18525-4e50-0c39-64ab-0c196beb8c0f,Linux,intermediate,"{""coursework""}",,2026-09-12 18:35:00
3b9baee7-7d90-a4e1-f994-3f278b1d936f,c0a18525-4e50-0c39-64ab-0c196beb8c0f,Machine Learning,intermediate,"{""project"",""certification"",""coursework""}",Applied in project work.,2026-09-12 18:35:00
607c8e3c-066a-b31e-85d4-38ce9a87aebf,c0a18525-4e50-0c39-64ab-0c196beb8c0f,Node.js,intermediate,"{""internship""}",Used during internship.,2026-09-12 18:35:00
98c9c1c4-ea2d-5edd-ec6f-e3974172615b,c0a18525-4e50-0c39-64ab-0c196beb8c0f,Python,advanced,"{""certification""}",,2026-09-12 18:35:00
98211c98-2d2f-bccb-4a10-9280edddbd10,c0a18525-4e50-0c39-64ab-0c196beb8c0f,R,intermediate,"{""project"",""internship"",""coursework""}",Applied in project work.,2026-09-12 18:35:00
59d28af9-b985-e382-9de6-a89ac7ad2a28,c0a18525-4e50-0c39-64ab-0c196beb8c0f,SQL,beginner,"{""project"",""internship""}",Applied in project work.,2026-09-12 18:35:00
a9a47ca4-6888-07e1-277d-a450b8387d96,c0a18525-4e50-0c39-64ab-0c196beb8c0f,Teamwork,intermediate,"{""coursework""}",,2026-09-12 18:35:00
5adb52b8-b1ce-b035-b648-e2fba5f959c4,f63a5201-69ce-ba2d-da76-bedd89cdd093,Communication,intermediate,"{""coursework""}",,2026-08-31 11:34:00
06ea8ac9-021f-3310-cac5-c483df81f4bc,f63a5201-69ce-ba2d-da76-bedd89cdd093,Data Analysis,advanced,"{""certification""}",,2026-08-31 11:34:00
afcfa5ad-e63d-a8a2-6f06-4b326dc1979e,f63a5201-69ce-ba2d-da76-bedd89cdd093,Data Visualisation,advanced,"{""project"",""certification""}",Applied in project work.,2026-08-31 11:34:00
b2806fc0-c8bc-a5a9-293a-5884918582e7,f63a5201-69ce-ba2d-da76-bedd89cdd093,Excel,beginner,"{""project""}",Applied in project work.,2026-08-31 11:34:00
ee05d367-0433-da84-b0a9-7f605021b620,f63a5201-69ce-ba2d-da76-bedd89cdd093,Git,beginner,"{""coursework""}",,2026-08-31 11:34:00
07591b86-9dc8-a156-446c-ae0cdf0926f9,f63a5201-69ce-ba2d-da76-bedd89cdd093,Leadership,beginner,"{""coursework""}",,2026-08-31 11:34:00
7cdec1cb-9b7b-edef-b888-a5385840eb72,f63a5201-69ce-ba2d-da76-bedd89cdd093,Linux,intermediate,"{""project"",""coursework""}",Applied in project work.,2026-08-31 11:34:00
f38916be-497f-24ec-d61a-a61239c62c68,f63a5201-69ce-ba2d-da76-bedd89cdd093,Power BI,beginner,"{""project"",""coursework""}",Applied in project work.,2026-08-31 11:34:00
6449d066-90b9-d7dd-9e5e-05fb4b2e7986,f63a5201-69ce-ba2d-da76-bedd89cdd093,R,intermediate,"{""certification""}",,2026-08-31 11:34:00
b8baa39d-7fdd-30c9-7cc1-227a0fbe5fa3,f63a5201-69ce-ba2d-da76-bedd89cdd093,SQL,advanced,"{""project"",""certification"",""coursework""}",Applied in project work.,2026-08-31 11:34:00
2431d996-2923-d53c-2645-8e7024759e9e,f63a5201-69ce-ba2d-da76-bedd89cdd093,Tableau,intermediate,"{""certification""}",,2026-08-31 11:34:00
60fd218c-e84e-b205-dec8-f7914eb6b678,f63a5201-69ce-ba2d-da76-bedd89cdd093,Time Management,intermediate,"{""coursework""}",,2026-08-31 11:34:00
