profile_id,user_id,programme,university,gpa,expected_graduation,year_of_study,internship_count,project_count,certification_count,target_role,career_interests,is_complete,created_at,updated_at
bd9c66b3-ad3c-2d6d-1a3d-1fa7bc8960a9,23b8c1e9-3924-56de-3eb1-3b9046685257,Bachelor of Computer Science (Artificial Intelligence),Swinburne University of Technology (INTI International College Subang),3.63,June 2028,2,0,3,0,Data Scientist,"{""Machine Learning"",""Data Science"",""Artificial Intelligence""}",True,2026-07-13 05:09:00,2026-07-13 05:09:00
c754108f-f418-8f3f-8a14-be62295b4715,c333e861-5fb8-d16c-2720-797d32ebd689,Bachelor of Information Technology (Network Security),Swinburne University of Technology (INTI International College Subang),3.22,June 2028,2,0,2,1,Cybersecurity Analyst,"{""Network Security""}",True,2026-07-02 05:26:00,2026-07-02 05:26:00
27a0c3d7-7c96-7f79-b7e9-9acaa97065e1,8e46d534-c88a-618e-fed4-057dbb026576,Bachelor of Information Technology (Business Analytics),Swinburne University of Technology (INTI International College Subang),3.07,December 2029,1,0,1,2,Data Analyst,"{""Business Intelligence""}",True,2026-09-14 03:30:00,2026-09-14 03:30:00
cf8ebc5a-ccc5-6569-f9e8-a3692999b735,dd56cc94-3c9a-d14c-ee0c-aeb5ecfedb99,Bachelor of Computer Science (Cloud Computing),Swinburne University of Technology (INTI International College Subang),2.51,December 2027,3,1,3,0,Cloud Engineer,"{""Cloud Computing""}",True,2026-07-23 20:20:00,2026-07-23 20:20:00
31c681ec-935f-2b0a-a138-4ddce2d9de5d,6a18ce4c-7496-2764-12a4-def0c4bbb7a9,Bachelor of Information Technology (Network Security),Swinburne University of Technology (INTI International College Subang),3.41,June 2027,3,0,3,0,Cloud Engineer,"{""Cloud Computing""}",True,2026-07-20 07:23:00,2026-07-20 07:23:00
6bebac31-d4f8-fd72-f382-1cfdc083b73a,473bd358-610e-6a64-e130-1617c2dff335,Bachelor of Software Engineering,Swinburne University of Technology (INTI International College Subang),2.89,December 2029,1,0,1,1,Software Developer,"{""Backend Development"",""Mobile Development"",""Software Engineering""}",True,2026-07-04 03:24:00,2026-07-04 03:24:00
e14eb70d-b380-c73a-989d-9d4ae15ca666,4797b2c9-5720-7246-4223-623bcc3ebdde,Bachelor of Computer Science (Software Development),Swinburne University of Technology (INTI International College Subang),2.95,December 2028,2,0,3,1,Software Developer,"{""Software Engineering"",""Backend Development"",""Mobile Development""}",True,2026-07-25 11:55:00,2026-07-25 11:55:00
b04d3376-77fc-9703-1fd5-a423706c5c56,49e2623d-ebd3-4616-91b7-8d8ed3016989,Bachelor of Computer Science (Cybersecurity),Swinburne University of Technology (INTI International College Subang),2.49,June 2027,3,0,1,0,Cybersecurity Analyst,"{""Cybersecurity"",""Network Security"",""Digital Forensics""}",True,2026-09-04 03:25:00,2026-09-04 03:25:00
b495db4e-8245-6fb4-4ab7-706eb77350ca,eec259dc-7f95-897c-276a-a6ced50755d9,Bachelor of Computer Science (Software Development),Swinburne University of Technology (INTI International College Subang),3.6,December 2027,3,0,4,1,Web Developer,"{""UI/UX""}",True,2026-08-02 00:35:00,2026-08-02 00:35:00
2303f6c6-d69d-42f1-ae4c-84ffa8c01f05,c478f6f1-b88e-c318-c16d-83edad81f8bd,Bachelor of Computer Science (Artificial Intelligence),Swinburne University of Technology (INTI International College Subang),2.43,June 2027,3,0,2,0,Data Scientist,"{""Artificial Intelligence""}",True,2026-08-26 10:08:00,2026-08-26 10:08:00
a9ab364a-1777-e8cb-7468-5b98d2fe2fde,d918b3e5-f2f2-5eef-1f45-dbfdf7dc67e0,Bachelor of Software Engineering,Swinburne University of Technology (INTI International College Subang),3.24,June 2028,2,0,1,1,Software Developer,"{""Software Engineering"",""Backend Development"",""Mobile Development""}",False,2026-07-07 20:23:00,2026-07-07 20:23:00
4140752c-aa44-8259-5001-8b7b6d4067f4,50032b35-1857-8baf-bac7-e2b96a7e4c36,Bachelor of Computer Science (Data Science),Swinburne University of Technology (INTI International College Subang),2.44,December 2026,4,1,3,0,Data Analyst,"{""Business Intelligence""}",False,2026-07-09 12:06:00,2026-07-09 12:06:00
b5a1b949-6788-4209-92ca-525a6de59332,9364f3d0-5024-bdc6-dcb3-3df313eecdc6,Bachelor of Computer Science (Artificial Intelligence),Swinburne University of Technology (INTI International College Subang),2.66,December 2027,4,2,3,1,Data Analyst,"{""Data Science"",""Business Intelligence""}",True,2026-08-11 14:51:00,2026-08-11 14:51:00
b3ecb951-ab8c-bf97-20b7-1785d02ce0c1,54170a17-caaa-5bbe-a4bb-f962606e0e1c,Bachelor of Computer Science (Cloud Computing),Swinburne University of Technology (INTI International College Subang),3.1,December 2028,2,0,2,1,Cloud Engineer,"{""DevOps"",""Infrastructure"",""Cloud Computing""}",False,2026-08-25 02:21:00,2026-08-25 02:21:00
c6b33fe6-1c76-bdf6-6c5a-6c93871c0884,9bdf90f2-ba2c-0f19-f0b2-a5d18c7e6f42,Bachelor of Computer Science (Data Science),Swinburne University of Technology (INTI International College Subang),3.08,December 2028,2,0,1,0,Data Analyst,"{""Business Intelligence"",""Data Science"",""Data Analytics""}",False,2026-07-07 17:08:00,2026-07-07 17:08:00
5e368127-cca1-b45c-1fdd-980a45f18619,54f90429-a7de-02cc-dda4-f4a70c3ce284,Bachelor of Information Technology (Business Analytics),Swinburne University of Technology (INTI International College Subang),2.19,December 2027,4,2,2,0,Data Analyst,"{""Business Intelligence"",""Data Science"",""Data Analytics""}",True,2026-08-19 20:34:00,2026-08-19 20:34:00
5c8ac066-cb2f-afa3-2c91-3a7ca3404f08,b34191b8-ed65-22b4-b5a5-f8e6b6391f04,Bachelor of Information Technology (Network Security),Swinburne University of Technology (INTI International College Subang),2.63,June 2027,3,0,2,1,Cloud Engineer,"{""Cloud Computing"",""DevOps""}",True,2026-07-18 17:04:00,2026-07-18 17:04:00
f6729464-3f8e-a40a-6b0a-e0e39d896047,dd39d793-6257-a4a2-f204-be894a4b5563,Bachelor of Information Technology (Business Analytics),Swinburne University of Technology (INTI International College Subang),3.43,June 2027,4,1,4,1,Data Analyst,"{""Business Intelligence""}",True,2026-07-21 20:10:00,2026-07-21 20:10:00
9c2dfa97-43ad-3d62-b17c-fb21cdbc2c1c,a4afe7bd-ae45-5cc6-b88e-830fde1e994a,Bachelor of Information Technology,Swinburne University of Technology (INTI International College Subang),2.6,December 2028,2,0,3,0,Web Developer,"{""Frontend Development""}",True,2026-09-10 19:11:00,2026-09-10 19:11:00
c1dd484a-aca5-8d95-915a-1c304b86b5a1,ca6fbff8-564c-fbd2-bc92-fd81039b058c,Bachelor of Computer Science (Artificial Intelligence),Swinburne University of Technology (INTI International College Subang),2.91,December 2028,2,0,1,0,Data Scientist,"{""Artificial Intelligence"",""Machine Learning"",""Data Science""}",False,2026-08-25 02:35:00,2026-08-25 02:35:00
8a0f9508-dfe2-c0a0-a96b-3c42f6d22a7b,aec76a82-148b-4376-602a-4e5760a399d4,Bachelor of Information Technology,Swinburne University of Technology (INTI International College Subang),2.73,June 2028,2,0,1,0,Web Developer,"{""Frontend Development"",""UI/UX"",""Web Development""}",True,2026-07-24 03:20:00,2026-07-24 03:20:00
24f43c62-b523-c0de-db87-d29c4cfd0fc1,39b02e2a-d96e-684f-3db0-174e7938878a,Bachelor of Information Technology (Business Analytics),Swinburne University of Technology (INTI International College Subang),2.56,December 2027,3,0,2,0,Data Analyst,"{""Data Science"",""Business Intelligence"",""Data Analytics""}",True,2026-08-24 04:01:00,2026-08-24 04:01:00
f50d7a37-a44d-9fec-fd85-d7fa8ac97b01,e3ad64d4-eab9-eb02-2f1d-c1217d024c6d,Bachelor of Information Technology,Swinburne University of Technology (INTI International College Subang),3.16,June 2028,2,0,2,1,Software Developer,"{""Backend Development""}",True,2026-07-07 09:13:00,2026-07-07 09:13:00
735741e5-fe1a-1ba9-c896-9c5b45f8c28d,a255e1bb-0795-8c1f-538d-6b8cc607b1e9,Bachelor of Information Technology (Network Security),Swinburne University of Technology (INTI International College Subang),3.36,December 2028,2,0,2,0,Cloud Engineer,"{""Cloud Computing"",""DevOps""}",False,2026-08-18 23:44:00,2026-08-18 23:44:00
ca6caf9b-0969-7101-8b2c-550a6b15c11b,b113d50b-dea0-50c6-eb9e-d274ec6a37ad,Bachelor of Information Technology,Swinburne University of Technology (INTI International College Subang),2.83,June 2027,3,1,1,1,Web Developer,"{""UI/UX""}",True,2026-09-08 05:16:00,2026-09-08 05:16:00
2edc017e-1df0-5d18-4e2d-62553d131a3d,1e2c2e7d-502c-f0ee-224a-66a6ac0f6801,Bachelor of Computer Science (Cloud Computing),Swinburne University of Technology (INTI International College Subang),2.69,December 2027,3,0,2,0,Cloud Engineer,"{""Infrastructure"",""DevOps"",""Cloud Computing""}",True,2026-08-19 23:16:00,2026-08-19 23:16:00
52daf681-2b1a-c76c-89ec-bc5198cbaa52,47f53019-8843-8de2-59cf-0b0d91f0647d,Bachelor of Information Technology (Network Security),Swinburne University of Technology (INTI International College Subang),2.36,June 2027,3,0,0,0,Cybersecurity Analyst,"{""Network Security"",""Cybersecurity"",""Digital Forensics""}",False,2026-08-07 18:52:00,2026-08-07 18:52:00
c9ce44bd-7c3f-1add-da38-5db590eeb067,216e9fe5-93f3-7596-8c1c-8b0556771f36,Bachelor of Computer Science (Data Science),Swinburne University of Technology (INTI International College Subang),2.66,December 2027,3,0,1,0,Data Analyst,"{""Data Analytics"",""Data Science""}",True,2026-07-14 06:22:00,2026-07-14 06:22:00
d90f74e9-06dd-f6ca-b0c3-0a59f0f7ad22,c76a8e0f-48f0-91f0-9b8b-38aeb89f3a92,Bachelor of Computer Science (Artificial Intelligence),Swinburne University of Technology (INTI International College Subang),2.97,December 2028,2,1,2,0,Data Analyst,"{""Data Analytics"",""Data Science"",""Business Intelligence""}",False,2026-09-17 02:23:00,2026-09-17 02:23:00
44cdbfdd-df9b-141e-c7f7-bda1bff15840,207e863f-5f32-d5d8-2abe-1585425e0259,Bachelor of Information Technology,Swinburne University of Technology (INTI International College Subang),2.46,December 2027,3,0,0,1,Web Developer,"{""Web Development"",""Frontend Development"",""UI/UX""}",False,2026-08-24 18:17:00,2026-08-24 18:17:00
01a1fb0f-268b-84b6-3ec0-a285cbc4ec0e,c2aef674-8beb-4e78-e683-73a3bb82b796,Bachelor of Information Technology (Network Security),Swinburne University of Technology (INTI International College Subang),2.57,June 2027,3,0,1,0,Cloud Engineer,"{""Cloud Computing"",""Infrastructure""}",False,2026-07-04 16:57:00,2026-07-04 16:57:00
67863fb3-f3bc-9a71-07f4-fee52c82989f,fd9cfbb0-d1f1-6485-429a-4a7c4c80d33a,Bachelor of Computer Science (Data Science),Swinburne University of Technology (INTI International College Subang),3.89,December 2028,2,0,4,1,Data Analyst,"{""Data Analytics"",""Business Intelligence"",""Data Science""}",True,2026-09-11 03:46:00,2026-09-11 03:46:00
9d37efb6-eafb-3e90-54ec-84ce002ccb25,7a5d7c82-86c5-547c-051a-00393803dcee,Bachelor of Software Engineering,Swinburne University of Technology (INTI International College Subang),3.53,June 2029,1,0,1,0,Software Developer,"{""Software Engineering""}",True,2026-07-23 20:02:00,2026-07-23 20:02:00
9d17d218-fc3b-0de5-9812-62ac5683ede0,17d5b563-fa60-ede1-e5eb-772df11c0ac5,Bachelor of Software Engineering,Swinburne University of Technology (INTI International College Subang),3.53,December 2026,4,1,4,0,Software Developer,"{""Mobile Development"",""Backend Development"",""Software Engineering""}",True,2026-07-04 23:43:00,2026-07-04 23:43:00
d1403430-567e-642e-052d-fb9a5f584603,e5a3d8e9-44c1-f1b5-ebbb-d76379a7e63b,Bachelor of Computer Science (Artificial Intelligence),Swinburne University of Technology (INTI International College Subang),3.49,December 2028,2,0,2,1,Data Scientist,"{""Machine Learning"",""Data Science"",""Artificial Intelligence""}",True,2026-07-30 13:35:00,2026-07-30 13:35:00
d0e656e5-9271-5f6e-fea8-2e3ab54401cb,95410a9d-090a-aa93-bc9a-79986365fc2a,Bachelor of Computer Science (Artificial Intelligence),Swinburne University of Technology (INTI International College Subang),2.68,December 2028,2,0,1,1,Data Analyst,"{""Business Intelligence"",""Data Science""}",True,2026-08-31 07:55:00,2026-08-31 07:55:00
5bf7dda1-7d7c-59a5-e6c1-1650ff02f5b0,57bd56c9-2240-063b-fed7-47beafd0d2f7,Bachelor of Software Engineering,Swinburne University of Technology (INTI International College Subang),3.02,June 2027,3,1,2,1,Web Developer,"{""Web Development""}",True,2026-07-30 16:39:00,2026-07-30 16:39:00
0760801f-9c81-fc46-5bcd-236cc7774fae,613758c3-9c7f-aca6-2e67-1784702b7014,Bachelor of Software Engineering,Swinburne University of Technology (INTI International College Subang),2.9,December 2026,4,1,2,1,Web Developer,"{""Web Development""}",True,2026-07-18 01:29:00,2026-07-18 01:29:00
7e0f60b2-2a06-1609-e599-bd3c0bb81d38,1b37ef19-b3bc-912f-5fb7-474e85a0d089,Bachelor of Information Technology,Swinburne University of Technology (INTI International College Subang),3.27,June 2028,2,0,1,0,Cloud Engineer,"{""Cloud Computing"",""DevOps"",""Infrastructure""}",True,2026-08-03 05:51:00,2026-08-03 05:51:00
ceed0ffc-6c21-835d-d8e8-b97ce0a25901,4932936e-88ad-dab1-d765-4a18e4d466eb,Bachelor of Computer Science (Artificial Intelligence),Swinburne University of Technology (INTI International College Subang),3.15,June 2029,1,0,2,0,Data Scientist,"{""Artificial Intelligence""}",False,2026-08-18 13:57:00,2026-08-18 13:57:00
84517303-e94d-4fbe-0653-1d4748677b30,b9567731-8a4c-fe1f-41af-eb2a62c8c3f4,Bachelor of Information Technology,Swinburne University of Technology (INTI International College Subang),2.98,June 2028,2,0,1,0,Cloud Engineer,"{""Cloud Computing""}",False,2026-09-01 10:29:00,2026-09-01 10:29:00
bab503fb-ddfc-d1d5-cb86-3deaf7222fbe,ea06f94b-e310-ff72-ad62-d0944c4d6e40,Bachelor of Computer Science (Data Science),Swinburne University of Technology (INTI International College Subang),2.73,June 2029,1,0,1,0,Data Analyst,"{""Data Science"",""Business Intelligence""}",True,2026-09-10 13:49:00,2026-09-10 13:49:00
80499bbf-76f6-a778-2246-0ac94a7eebc2,db6f1c33-bbb4-c0ce-96f0-1335c5ab48da,Bachelor of Information Technology (Business Analytics),Swinburne University of Technology (INTI International College Subang),3.21,June 2027,3,1,4,2,Data Analyst,"{""Data Science"",""Data Analytics"",""Business Intelligence""}",True,2026-09-03 09:21:00,2026-09-03 09:21:00
6198b718-c4c7-aab4-ca20-508d7b6c7129,cd638ba8-f03c-664b-3abf-9c656dd013f3,Bachelor of Computer Science (Cybersecurity),Swinburne University of Technology (INTI International College Subang),3.11,June 2028,2,0,1,0,Cybersecurity Analyst,"{""Network Security"",""Digital Forensics"",""Cybersecurity""}",True,2026-08-24 13:34:00,2026-08-24 13:34:00
ee462fcd-a829-907c-d9be-ccff33a315f3,02bdeabe-7060-78eb-7e8e-ed12a3ea21a2,Bachelor of Information Technology (Network Security),Swinburne University of Technology (INTI International College Subang),2.67,June 2027,3,0,1,1,Cloud Engineer,"{""DevOps""}",False,2026-09-05 02:36:00,2026-09-05 02:36:00
2ecaf629-44e2-2691-92de-d495e4f1e8e8,37f3f32b-5a81-762a-5059-f77b79ff89d9,Bachelor of Computer Science (Software Development),Swinburne University of Technology (INTI International College Subang),2.49,June 2027,3,0,0,2,Software Developer,"{""Mobile Development"",""Software Engineering"",""Backend Development""}",False,2026-07-26 02:01:00,2026-07-26 02:01:00
ce40483b-7915-ad7e-2648-c819bd1116ee,f58ab7c7-cccf-4130-2556-03d4323132fa,Bachelor of Information Technology,Swinburne University of Technology (INTI International College Subang),2.36,December 2027,3,0,0,1,Web Developer,"{""UI/UX""}",True,2026-07-19 06:31:00,2026-07-19 06:31:00
efd1b588-1054-b2d5-1876-35761a5ed196,65a4c79b-2aba-a4f9-35e8-0364147f1f67,Bachelor of Computer Science (Cloud Computing),Swinburne University of Technology (INTI International College Subang),2.96,December 2029,1,0,2,1,Cloud Engineer,"{""Cloud Computing"",""DevOps""}",True,2026-09-09 10:50:00,2026-09-09 10:50:00
ba23b07a-703c-1286-b717-14cd200291bb,44e9f8fb-4838-a888-1a2e-9864f8eaca36,Bachelor of Information Technology,Swinburne University of Technology (INTI International College Subang),3.25,December 2028,2,0,4,3,Cloud Engineer,"{""DevOps"",""Cloud Computing"",""Infrastructure""}",True,2026-07-03 01:50:00,2026-07-03 01:50:00
df9d3910-2dbb-45bd-2138-e2e6f013a170,d5cf3b4c-0b34-fc84-1111-ee29a8ad1539,Bachelor of Computer Science (Data Science),Swinburne University of Technology (INTI International College Subang),3.75,December 2029,1,0,1,1,Data Analyst,"{""Data Analytics"",""Business Intelligence""}",True,2026-07-25 12:22:00,2026-07-25 12:22:00
b3edd6ed-b089-4de4-e626-7164d3616b3a,7cffae92-2c43-5667-7b87-4b4acafbc4fe,Bachelor of Computer Science (Artificial Intelligence),Swinburne University of Technology (INTI International College Subang),3.24,June 2028,2,0,1,1,Data Scientist,"{""Data Science"",""Machine Learning"",""Artificial Intelligence""}",True,2026-07-06 04:40:00,2026-07-06 04:40:00
9f7fae0c-7ba7-9d05-8c7e-29044237692a,c017466e-85f4-c0a2-8be2-7516342c5348,Bachelor of Computer Science (Software Development),Swinburne University of Technology (INTI International College Subang),2.73,December 2027,3,0,3,0,Software Developer,"{""Mobile Development"",""Backend Development"",""Software Engineering""}",True,2026-09-14 07:38:00,2026-09-14 07:38:00
3b1d0181-9cc3-c1f5-9129-bc759b08e5a8,44511ba0-9df0-34d3-9caa-d37cfc6795e2,Bachelor of Information Technology,Swinburne University of Technology (INTI International College Subang),3.24,June 2027,3,1,4,1,Software Developer,"{""Software Engineering"",""Mobile Development"",""Backend Development""}",True,2026-07-12 08:29:00,2026-07-12 08:29:00
da948e70-2537-41e4-0966-8d0859595d27,a73d2746-0e18-ab96-25f4-1dd62f51ac6e,Bachelor of Information Technology (Network Security),Swinburne University of Technology (INTI International College Subang),3.29,June 2026,4,2,4,1,Cybersecurity Analyst,"{""Network Security""}",True,2026-08-08 20:18:00,2026-08-08 20:18:00
17b4e75b-e9d1-8ec2-33bc-b8a9c71d4564,0992b886-c8f2-16c1-5fcc-997d1cbb304b,Bachelor of Computer Science (Software Development),Swinburne University of Technology (INTI International College Subang),2.96,December 2028,2,0,1,0,Software Developer,"{""Backend Development""}",True,2026-09-03 14:15:00,2026-09-03 14:15:00
c438eae0-b5d0-b595-a4f8-9e23af39f2ce,4f75d45a-74a1-2a0d-18e6-3a5577e0ee02,Bachelor of Information Technology (Network Security),Swinburne University of Technology (INTI International College Subang),2.72,December 2028,2,0,1,0,Cybersecurity Analyst,"{""Cybersecurity""}",False,2026-07-20 06:03:00,2026-07-20 06:03:00
4cbb7460-510c-8c48-e09e-f2a3ae77e249,34a63e76-3217-3525-7279-101c93f3503d,Bachelor of Software Engineering,Swinburne University of Technology (INTI International College Subang),2.43,December 2027,3,1,1,0,Web Developer,"{""Web Development"",""UI/UX""}",True,2026-08-14 12:02:00,2026-08-14 12:02:00
fbcbd6ec-86c2-ad8f-bb36-07b0baed6f49,245fd841-147f-0413-b0c4-6ddcf63471f8,Bachelor of Computer Science (Data Science),Swinburne University of Technology (INTI International College Subang),3.01,June 2027,3,0,3,1,Data Analyst,"{""Business Intelligence"",""Data Science"",""Data Analytics""}",True,2026-08-06 00:52:00,2026-08-06 00:52:00
96b6a287-ac00-f929-bbfb-f76c3de667f9,bfc46c0e-acdf-e0ff-c5ed-3982760b3673,Bachelor of Information Technology (Business Analytics),Swinburne University of Technology (INTI International College Subang),3.14,June 2027,3,0,2,1,Data Analyst,"{""Business Intelligence"",""Data Analytics""}",False,2026-09-09 09:21:00,2026-09-09 09:21:00
638644e0-7d3e-5830-3d0d-5c8f97cb4585,ff12fe28-b840-d136-067e-4b72316e8645,Bachelor of Computer Science (Data Science),Swinburne University of Technology (INTI International College Subang),3.88,June 2027,4,1,3,3,Data Scientist,"{""Data Science""}",True,2026-09-03 03:13:00,2026-09-03 03:13:00
ad463549-bf41-13cb-32e1-5f176b47ed61,5372ebed-946b-4482-97bb-9fbf71dfc82c,Bachelor of Software Engineering,Swinburne University of Technology (INTI International College Subang),3.49,June 2028,2,0,3,2,Software Developer,"{""Mobile Development"",""Software Engineering"",""Backend Development""}",True,2026-07-30 12:45:00,2026-07-30 12:45:00
86d4aba8-805f-0892-7c79-5dd973d12f3e,5860c4f4-5f70-b951-1038-f6760df1172a,Bachelor of Computer Science (Software Development),Swinburne University of Technology (INTI International College Subang),3.24,June 2027,3,1,3,0,Web Developer,"{""Frontend Development"",""Web Development""}",True,2026-08-08 00:25:00,2026-08-08 00:25:00
5b7e24ca-722b-4439-3869-d3c9d743b5a8,9e15ebcc-66d1-37f6-0659-010a4ede79b6,Bachelor of Software Engineering,Swinburne University of Technology (INTI International College Subang),3.04,December 2027,3,1,2,1,Software Developer,"{""Software Engineering"",""Mobile Development""}",True,2026-07-26 04:54:00,2026-07-26 04:54:00
f4852088-e97f-b025-a2e1-17986b65450b,5c75352c-45cd-b96b-0d8a-16f329ce9bfa,Bachelor of Computer Science (Cybersecurity),Swinburne University of Technology (INTI International College Subang),3.31,June 2026,4,2,4,2,Cybersecurity Analyst,"{""Digital Forensics"",""Cybersecurity""}",True,2026-09-07 06:48:00,2026-09-07 06:48:00
fa549893-e476-231a-ecdf-d364bdce7f65,1a0a7680-fa42-156e-972e-c23eb1edf3d3,Bachelor of Software Engineering,Swinburne University of Technology (INTI International College Subang),3.07,December 2027,3,1,2,1,Software Developer,"{""Backend Development""}",True,2026-08-13 15:50:00,2026-08-13 15:50:00
e90f4137-15be-bdd0-97b0-27ce4fe5c13b,a5e8c198-3c10-316d-3f63-a0653e85c8c4,Bachelor of Information Technology (Business Analytics),Swinburne University of Technology (INTI International College Subang),2.87,June 2027,3,0,3,1,Data Analyst,"{""Data Science"",""Business Intelligence""}",True,2026-07-22 09:40:00,2026-07-22 09:40:00
23fbc01f-d7be-7b4f-b967-6dc6d6fdd1a5,f17312f4-659a-e9f2-171e-5028e2be80e1,Bachelor of Computer Science (Cloud Computing),Swinburne University of Technology (INTI International College Subang),2.87,December 2027,3,0,2,2,Cloud Engineer,"{""DevOps"",""Cloud Computing""}",True,2026-07-17 02:48:00,2026-07-17 02:48:00
690a7b80-af8d-888d-9811-70c1d8d2660e,214dc588-c35e-a18a-a630-b287d4a39a51,Bachelor of Information Technology,Swinburne University of Technology (INTI International College Subang),2.7,December 2027,3,0,1,0,Web Developer,"{""Web Development"",""Frontend Development""}",False,2026-08-03 14:55:00,2026-08-03 14:55:00
8e978ce1-1864-3b6a-12b3-c5eb41980029,98e1d54c-bc71-5183-6c5c-cba7b55d2fc1,Bachelor of Computer Science (Artificial Intelligence),Swinburne University of Technology (INTI International College Subang),2.99,June 2026,4,1,3,1,Data Scientist,"{""Machine Learning"",""Data Science""}",True,2026-08-30 21:05:00,2026-08-30 21:05:00
f455af73-c0a7-ad9c-a5ac-cd5a48f18eed,67037089-c78c-d2c3-6374-ed1429b67b14,Bachelor of Information Technology,Swinburne University of Technology (INTI International College Subang),2.59,December 2027,3,0,1,1,Software Developer,"{""Software Engineering"",""Mobile Development""}",True,2026-08-10 08:22:00,2026-08-10 08:22:00
1ddea07d-651a-6277-017f-319f04961795,88ccddbc-6f0d-7229-1b38-7c72ac648459,Bachelor of Information Technology (Network Security),Swinburne University of Technology (INTI International College Subang),2.5,December 2027,4,1,3,1,Cloud Engineer,"{""Cloud Computing"",""DevOps""}",False,2026-08-22 07:27:00,2026-08-22 07:27:00
ad4b24ec-5b67-3a25-42c4-5041e1831003,5bd972c7-04a4-34e7-ffcf-956e0c0b6cd1,Bachelor of Computer Science (Artificial Intelligence),Swinburne University of Technology (INTI International College Subang),3.63,June 2028,2,0,3,1,Data Analyst,"{""Data Science""}",True,2026-07-09 20:31:00,2026-07-09 20:31:00
cfd42949-e33e-a976-5862-5813b28d7506,71305648-a6eb-e702-9e41-8884c9d0c0fc,Bachelor of Software Engineering,Swinburne University of Technology (INTI International College Subang),2.92,December 2027,3,0,1,1,Software Developer,"{""Backend Development"",""Software Engineering"",""Mobile Development""}",True,2026-07-11 10:15:00,2026-07-11 10:15:00
da317fd7-9a02-78a6-1e67-73d7f3aa972b,ebf45b9d-5e8c-8bbf-8f1c-5f8cf1ae8af9,Bachelor of Computer Science (Software Development),Swinburne University of Technology (INTI International College Subang),2.91,June 2029,1,0,0,0,Web Developer,"{""Frontend Development"",""UI/UX"",""Web Development""}",True,2026-09-12 18:53:00,2026-09-12 18:53:00
1d59598c-174d-6b87-41d6-676a61cb78c3,513ff9a9-8724-91ca-dc11-eb1306289878,Bachelor of Computer Science (Data Science),Swinburne University of Technology (INTI International College Subang),2.85,June 2028,2,0,2,2,Data Analyst,"{""Data Analytics""}",True,2026-09-08 14:44:00,2026-09-08 14:44:00
3106e8ce-5b9a-289a-b58d-fc59ebe0c8c1,ae38cf46-47f8-6de4-c227-e0f205106943,Bachelor of Software Engineering,Swinburne University of Technology (INTI International College Subang),3.27,June 2027,4,1,5,3,Web Developer,"{""Web Development""}",True,2026-07-29 16:59:00,2026-07-29 16:59:00
1182e8e7-c907-0c97-3385-db3be893786d,a3fb6609-334b-92a2-f9fc-9c3f32063388,Bachelor of Information Technology (Network Security),Swinburne University of Technology (INTI International College Subang),3.03,December 2028,2,0,2,1,Cybersecurity Analyst,"{""Digital Forensics"",""Network Security""}",True,2026-09-16 08:38:00,2026-09-16 08:38:00
44b1a1ee-7948-36f2-7eaa-b0a1f4ac27ef,b734d467-7bb9-5b07-b1cb-62d0868592d2,Bachelor of Information Technology,Swinburne University of Technology (INTI International College Subang),2.48,June 2027,4,0,3,1,Software Developer,"{""Backend Development"",""Software Engineering"",""Mobile Development""}",True,2026-07-27 16:29:00,2026-07-27 16:29:00
0835075f-2d79-8f3e-8d8b-4c60acc54c62,1ab444a7-2be2-6bd1-17de-ace84dfd3ecd,Bachelor of Information Technology,Swinburne University of Technology (INTI International College Subang),2.38,December 2027,4,1,2,2,Cloud Engineer,"{""DevOps"",""Infrastructure""}",True,2026-07-26 11:22:00,2026-07-26 11:22:00
2babba12-294f-513f-d770-a46e4775d7ab,d2077bc4-7885-8b6d-23e7-cd20700ea842,Bachelor of Computer Science (Artificial Intelligence),Swinburne University of Technology (INTI International College Subang),3.47,June 2027,3,1,3,1,Data Scientist,"{""Artificial Intelligence""}",True,2026-07-17 03:14:00,2026-07-17 03:14:00
cab21438-8557-ec6c-0a23-b722c2afba28,c976ec61-a4c3-1af7-514a-36bf47334b73,Bachelor of Computer Science (Artificial Intelligence),Swinburne University of Technology (INTI International College Subang),3.11,December 2028,2,1,2,1,Data Scientist,"{""Machine Learning"",""Artificial Intelligence"",""Data Science""}",True,2026-08-06 09:48:00,2026-08-06 09:48:00
b4e10c33-a186-1de1-5c85-a58cd0290d6b,ebe55cc4-08d5-7cf7-7a4c-38ef3e0ad66d,Bachelor of Information Technology (Network Security),Swinburne University of Technology (INTI International College Subang),3.3,December 2026,4,1,2,0,Cloud Engineer,"{""DevOps"",""Infrastructure"",""Cloud Computing""}",False,2026-09-17 00:32:00,2026-09-17 00:32:00
238c8712-eccf-3b91-e352-09a0d5de293b,b9a807ba-66dc-e997-b2c4-54a4dedbcef9,Bachelor of Information Technology (Network Security),Swinburne University of Technology (INTI International College Subang),3.17,June 2027,3,1,4,1,Cybersecurity Analyst,"{""Cybersecurity"",""Network Security"",""Digital Forensics""}",True,2026-08-06 08:52:00,2026-08-06 08:52:00
cf7798cc-ef36-feb1-bb8f-7b2bd91b1cb6,35eabd3e-b77d-ff3a-d3f0-405827177e59,Bachelor of Software Engineering,Swinburne University of Technology (INTI International College Subang),2.33,June 2028,2,0,0,0,Software Developer,"{""Software Engineering"",""Mobile Development"",""Backend Development""}",False,2026-09-01 22:22:00,2026-09-01 22:22:00
0d6ed01e-f1ef-a963-2dfc-6b9c794febef,f96277e5-5b07-8b11-1896-95870e6bbde0,Bachelor of Computer Science (Data Science),Swinburne University of Technology (INTI International College Subang),3.26,June 2027,4,2,4,2,Data Scientist,"{""Data Science"",""Machine Learning""}",False,2026-09-14 23:48:00,2026-09-14 23:48:00
59518620-8769-ee24-1875-589a7d57a51f,ce8a5306-d243-8d1b-96bd-5e9f4e7a081e,Bachelor of Software Engineering,Swinburne University of Technology (INTI International College Subang),3.6,December 2026,4,2,2,0,Software Developer,"{""Software Engineering"",""Backend Development""}",True,2026-09-16 12:22:00,2026-09-16 12:22:00
0244e4d7-5ac2-a176-66ed-ef302fa80808,b8f16861-e3e3-e73b-5987-5c7d0151ccb0,Bachelor of Information Technology (Business Analytics),Swinburne University of Technology (INTI International College Subang),2.93,June 2027,3,1,2,1,Data Analyst,"{""Business Intelligence"",""Data Analytics"",""Data Science""}",True,2026-07-12 03:03:00,2026-07-12 03:03:00
00231f70-0a77-b5cc-2e87-46510c2ca7fa,e525aeaf-51e1-1799-3f39-562d6b06e92f,Bachelor of Computer Science (Data Science),Swinburne University of Technology (INTI International College Subang),2.79,June 2028,2,0,2,1,Data Analyst,"{""Business Intelligence""}",False,2026-08-07 01:06:00,2026-08-07 01:06:00
a1f78157-58f3-4359-a60d-a1aa005bbf73,1dbe4a3c-88db-3692-35c0-c003d2cb03eb,Bachelor of Computer Science (Data Science),Swinburne University of Technology (INTI International College Subang),3.4,December 2028,2,0,3,1,Data Scientist,"{""Artificial Intelligence"",""Machine Learning"",""Data Science""}",True,2026-08-03 13:33:00,2026-08-03 13:33:00
396c8f79-e983-c62e-004f-5362244f4ce3,6a5018b5-d623-c671-e2ee-d64b82f47196,Bachelor of Computer Science (Software Development),Swinburne University of Technology (INTI International College Subang),2.76,June 2027,3,0,2,0,Software Developer,"{""Backend Development""}",True,2026-07-19 21:03:00,2026-07-19 21:03:00
23ac64e5-d1aa-ab53-c755-66c2dde4cd87,d96da200-d947-c72a-5c61-3985596ed71c,Bachelor of Information Technology,Swinburne University of Technology (INTI International College Subang),3.58,June 2028,2,0,4,1,Cloud Engineer,"{""DevOps""}",True,2026-08-23 17:16:00,2026-08-23 17:16:00
961b9221-7a19-9807-61d2-1319cbcb3293,96512240-0610-3d84-2672-a20cc66a5821,Bachelor of Computer Science (Software Development),Swinburne University of Technology (INTI International College Subang),3.37,December 2028,2,0,2,2,Web Developer,"{""UI/UX"",""Frontend Development""}",True,2026-07-05 18:54:00,2026-07-05 18:54:00
108134dc-5427-0925-66ca-0baf3310880a,6ee095d5-c4a9-d8ac-659e-2debec285a93,Bachelor of Computer Science (Data Science),Swinburne University of Technology (INTI International College Subang),3.15,June 2027,3,1,1,1,Data Scientist,"{""Data Science"",""Machine Learning"",""Artificial Intelligence""}",True,2026-07-29 08:58:00,2026-07-29 08:58:00
4e954929-e58b-2d2d-4d4c-3b8004251c71,5d21a235-d053-d7f4-5ec9-1fdc03add1a4,Bachelor of Computer Science (Cloud Computing),Swinburne University of Technology (INTI International College Subang),3.12,December 2028,2,0,3,1,Cloud Engineer,"{""DevOps"",""Cloud Computing""}",True,2026-08-28 23:07:00,2026-08-28 23:07:00
a097efe3-c31d-b215-d7d0-dc99645ae8ee,c8c6a8b1-93b1-ee1d-a1a6-1f321e4dacd6,Bachelor of Computer Science (Data Science),Swinburne University of Technology (INTI International College Subang),3.72,June 2026,4,1,4,3,Data Scientist,"{""Data Science"",""Artificial Intelligence""}",True,2026-09-09 14:25:00,2026-09-09 14:25:00
62b61594-10f4-c941-8fc7-ad793b8ede31,e61415dd-5251-d645-cb94-cf8d9145aa38,Bachelor of Computer Science (Data Science),Swinburne University of Technology (INTI International College Subang),3.54,June 2027,3,0,3,3,Data Scientist,"{""Artificial Intelligence"",""Data Science"",""Machine Learning""}",True,2026-07-28 12:30:00,2026-07-28 12:30:00
87e81b25-a971-5404-79ea-e46107516daa,444a2a48-2fe1-2ed8-75fa-0ebee4e39c20,Bachelor of Computer Science (Data Science),Swinburne University of Technology (INTI International College Subang),3.66,June 2028,2,0,3,1,Data Scientist,"{""Artificial Intelligence"",""Data Science"",""Machine Learning""}",False,2026-09-09 11:52:00,2026-09-09 11:52:00
6e43b319-f929-9271-b220-58f9bdb2fd9e,93dc8eea-3e8e-e36a-07e9-5e6d7f71eef6,Bachelor of Computer Science (Data Science),Swinburne University of Technology (INTI International College Subang),3.22,December 2029,1,0,2,2,Data Scientist,"{""Machine Learning"",""Artificial Intelligence""}",True,2026-08-19 06:48:00,2026-08-19 06:48:00
9490029d-3e1e-0693-c960-b8514d696e19,e8273dee-9d7e-4eb7-23fd-6adec17fcf19,Bachelor of Computer Science (Cloud Computing),Swinburne University of Technology (INTI International College Subang),2.99,December 2026,4,2,1,1,Cloud Engineer,"{""Cloud Computing"",""Infrastructure""}",True,2026-09-09 04:18:00,2026-09-09 04:18:00
71c966b3-9eb0-3954-a83d-b2dfe4aa212a,a68213c7-a525-dcd0-08b9-b2e94d81c859,Bachelor of Software Engineering,Swinburne University of Technology (INTI International College Subang),3.08,June 2028,2,0,4,2,Web Developer,"{""Web Development"",""Frontend Development"",""UI/UX""}",True,2026-08-30 00:38:00,2026-08-30 00:38:00
0843280a-07ac-a3fe-a73a-366e43577225,fc24a159-eada-2885-efda-70bf78920f72,Bachelor of Computer Science (Data Science),Swinburne University of Technology (INTI International College Subang),3.7,December 2029,1,0,3,2,Data Scientist,"{""Artificial Intelligence"",""Data Science"",""Machine Learning""}",True,2026-08-12 11:01:00,2026-08-12 11:01:00
7fb866b2-0573-3d10-1d3e-be5bf3fac150,7429cf81-c3a2-15ff-a660-604f70b6052f,Bachelor of Computer Science (Software Development),Swinburne University of Technology (INTI International College Subang),2.85,December 2029,1,0,2,1,Software Developer,"{""Software Engineering"",""Backend Development""}",True,2026-08-08 11:53:00,2026-08-08 11:53:00
343c1752-3caa-a31e-13d3-c72682d33948,1cf98855-719d-b54f-81c6-af4013d5ac4f,Bachelor of Software Engineering,Swinburne University of Technology (INTI International College Subang),2.93,December 2028,2,0,1,1,Web Developer,"{""Web Development""}",True,2026-07-11 06:54:00,2026-07-11 06:54:00
b0a6e457-0620-5f4a-6e71-8848d577c131,08b92ed4-de94-da10-205b-9db819dad534,Bachelor of Computer Science (Artificial Intelligence),Swinburne University of Technology (INTI International College Subang),2.86,December 2027,4,1,2,0,Data Scientist,"{""Machine Learning""}",False,2026-09-05 03:04:00,2026-09-05 03:04:00
cdbb6c1f-5a8d-785e-f7eb-a7e91dd07ec8,ab30f1b1-bb4c-5947-4748-b576fe3a4f96,Bachelor of Computer Science (Data Science),Swinburne University of Technology (INTI International College Subang),2.08,December 2027,3,0,1,0,Data Analyst,"{""Business Intelligence"",""Data Analytics""}",False,2026-08-11 14:20:00,2026-08-11 14:20:00
c610024b-20c8-667f-b46f-014565e92e49,b26c8876-58fa-e8c7-1d10-b6f6a91decb2,Bachelor of Computer Science (Software Development),Swinburne University of Technology (INTI International College Subang),2.78,June 2028,2,0,1,1,Software Developer,"{""Backend Development"",""Mobile Development""}",True,2026-09-02 05:30:00,2026-09-02 05:30:00
4a8e9dd2-6067-9824-78ad-b1829381ebb3,a7f2f07e-f821-947c-43a7-320c198493ce,Bachelor of Information Technology (Business Analytics),Swinburne University of Technology (INTI International College Subang),3.23,June 2027,3,0,3,0,Data Analyst,"{""Data Science"",""Data Analytics"",""Business Intelligence""}",True,2026-09-10 18:30:00,2026-09-10 18:30:00
b3932fb8-4fd4-c793-016f-2931fa1b1bac,fe4995a4-112a-0ef5-7872-420e267d46e7,Bachelor of Computer Science (Software Development),Swinburne University of Technology (INTI International College Subang),2.97,December 2029,1,0,1,1,Software Developer,"{""Mobile Development"",""Backend Development""}",True,2026-08-28 20:17:00,2026-08-28 20:17:00
bf6494b6-eee5-b33e-2dd3-4f8e5fcbf482,61e8baa5-30e4-541b-f07c-fca7ebacd8e1,Bachelor of Software Engineering,Swinburne University of Technology (INTI International College Subang),2.66,June 2028,2,0,0,0,Web Developer,"{""UI/UX"",""Web Development""}",False,2026-07-27 00:05:00,2026-07-27 00:05:00
ab6d9aa8-aaef-dbe1-d674-998a6a97cbce,673659ef-aa1c-5dca-f0c7-915e03a0b96b,Bachelor of Computer Science (Data Science),Swinburne University of Technology (INTI International College Subang),2.96,December 2029,1,0,1,0,Data Scientist,"{""Data Science"",""Machine Learning""}",True,2026-07-19 18:06:00,2026-07-19 18:06:00
60beb85d-9053-317b-5f4d-ec1d52af891a,9639e2b7-779d-7db4-23ca-ef2f79a759de,Bachelor of Information Technology,Swinburne University of Technology (INTI International College Subang),2.53,June 2026,4,0,2,0,Web Developer,"{""Web Development"",""UI/UX"",""Frontend Development""}",True,2026-09-19 21:14:00,2026-09-19 21:14:00
a5448d55-13c7-f140-ea22-4efd65ef2c84,c06e6481-9963-37aa-9c4e-166200684d9c,Bachelor of Computer Science (Artificial Intelligence),Swinburne University of Technology (INTI International College Subang),2.77,June 2028,2,0,2,2,Data Analyst,"{""Data Science"",""Data Analytics"",""Business Intelligence""}",True,2026-07-06 16:12:00,2026-07-06 16:12:00
bf2c1fd1-f34a-b83d-2f16-0f3d05baec78,6696dea0-6c2a-eb89-4d4e-f3fabfcff645,Bachelor of Computer Science (Software Development),Swinburne University of Technology (INTI International College Subang),2.27,December 2027,3,0,0,1,Software Developer,"{""Software Engineering"",""Mobile Development""}",False,2026-07-15 15:32:00,2026-07-15 15:32:00
8e72d17c-48ac-dcf8-f92d-edcdc05afd94,05fe16de-c3d3-1e5c-feee-71386a5731f7,Bachelor of Computer Science (Data Science),Swinburne University of Technology (INTI International College Subang),3.17,June 2027,3,0,2,1,Data Scientist,"{""Artificial Intelligence""}",False,2026-07-17 21:55:00,2026-07-17 21:55:00
ddf7d263-6806-5678-ad47-8200ae991937,08464aa4-bfa4-cfdd-01c3-1adc11e12ee9,Bachelor of Computer Science (Data Science),Swinburne University of Technology (INTI International College Subang),2.48,June 2026,4,1,3,1,Data Analyst,"{""Business Intelligence"",""Data Analytics""}",True,2026-07-10 23:14:00,2026-07-10 23:14:00
1e9d8b00-ca0d-e08e-ba90-2275c72bf2e8,9bcfe969-473f-b005-266c-3392396c6135,Bachelor of Information Technology (Business Analytics),Swinburne University of Technology (INTI International College Subang),2.84,December 2026,4,1,2,0,Data Analyst,"{""Data Analytics""}",True,2026-07-03 02:53:00,2026-07-03 02:53:00
4dfcf384-ac48-2af2-6e98-8798c2ac0d6d,10c88179-2dc5-8521-29c2-f1f97eebf539,Bachelor of Information Technology (Network Security),Swinburne University of Technology (INTI International College Subang),3.38,June 2028,2,0,2,0,Cloud Engineer,"{""Infrastructure"",""DevOps""}",True,2026-09-07 15:14:00,2026-09-07 15:14:00
d30606ae-69ed-5072-bb81-c774c67651b3,fa286316-5315-6a23-12f0-ed7dbff49c48,Bachelor of Software Engineering,Swinburne University of Technology (INTI International College Subang),3.27,June 2028,2,1,3,2,Software Developer,"{""Software Engineering"",""Backend Development"",""Mobile Development""}",True,2026-08-09 04:35:00,2026-08-09 04:35:00
e9ccedab-81b7-4f35-2cd3-248df8205c5f,17c522e0-1fe9-048d-d083-08b097187943,Bachelor of Software Engineering,Swinburne University of Technology (INTI International College Subang),3.06,December 2027,3,1,1,0,Software Developer,"{""Mobile Development"",""Software Engineering"",""Backend Development""}",True,2026-07-17 01:41:00,2026-07-17 01:41:00
6a4279c3-fbbe-0e9d-76e5-1a1279c6c757,f7feb735-1cc6-f0a0-10fa-b909fcfa1e61,Bachelor of Information Technology (Network Security),Swinburne University of Technology (INTI International College Subang),3.28,June 2029,1,0,2,0,Cloud Engineer,"{""Infrastructure"",""DevOps"",""Cloud Computing""}",True,2026-09-08 00:01:00,2026-09-08 00:01:00
65c65e05-2ebf-af4c-8135-92e7f8c00141,ddf194d4-f75e-f2cf-153d-5754f086424a,Bachelor of Information Technology,Swinburne University of Technology (INTI International College Subang),3.15,June 2028,2,0,2,0,Web Developer,"{""Frontend Development"",""Web Development""}",True,2026-07-20 08:13:00,2026-07-20 08:13:00
7cbff645-cb61-716c-dd91-cf6bb1020282,b5b2e008-e051-6aaa-2b1f-eecd95c127e6,Bachelor of Software Engineering,Swinburne University of Technology (INTI International College Subang),3.4,December 2026,4,1,1,2,Software Developer,"{""Backend Development""}",False,2026-09-17 05:26:00,2026-09-17 05:26:00
0413d049-52a0-628b-2b25-a58af5953b2e,28c2783d-c138-a98b-5c88-da6ee551da7a,Bachelor of Computer Science (Artificial Intelligence),Swinburne University of Technology (INTI International College Subang),2.78,December 2027,3,1,1,1,Data Analyst,"{""Data Science"",""Business Intelligence"",""Data Analytics""}",True,2026-09-04 08:54:00,2026-09-04 08:54:00
771d030f-3955-b110-fc2e-0301d232231d,8dd7b77d-f9fb-722d-a51c-7d2ab3bfbdab,Bachelor of Information Technology,Swinburne University of Technology (INTI International College Subang),2.62,December 2027,3,0,2,0,Software Developer,"{""Software Engineering"",""Backend Development"",""Mobile Development""}",True,2026-09-18 23:56:00,2026-09-18 23:56:00
dbfeed4a-5ff5-40ca-9038-ab45916d9a42,e7b795f9-cccf-4d37-0714-4da94e674f72,Bachelor of Software Engineering,Swinburne University of Technology (INTI International College Subang),3.13,June 2028,2,0,1,1,Software Developer,"{""Backend Development""}",True,2026-09-19 02:00:00,2026-09-19 02:00:00
524ec63c-1ab4-9e05-7dc1-dda00619feb0,7d8f2305-1517-703e-6087-75a56f654201,Bachelor of Information Technology,Swinburne University of Technology (INTI International College Subang),3.05,June 2027,3,1,2,0,Cloud Engineer,"{""Cloud Computing"",""DevOps""}",True,2026-08-07 08:20:00,2026-08-07 08:20:00
8974e16a-2ef0-963c-1106-2a357d10bf9f,ca8b6e4c-e6f7-b3d4-28af-3b731d82e2a8,Bachelor of Software Engineering,Swinburne University of Technology (INTI International College Subang),3.12,December 2028,2,0,2,1,Software Developer,"{""Backend Development""}",True,2026-08-07 03:18:00,2026-08-07 03:18:00
e1c6a7c2-41d8-93a5-ffc7-aba263719357,f7a58f8d-f689-c4c2-2ca2-6887bb2168c4,Bachelor of Computer Science (Software Development),Swinburne University of Technology (INTI International College Subang),2.91,December 2029,1,0,0,0,Software Developer,"{""Mobile Development""}",True,2026-08-08 13:54:00,2026-08-08 13:54:00
ee7ae3bb-5034-0715-1706-c3cdda440dee,54ddbff4-0d81-339d-de95-2d1ddcbc5e3f,Bachelor of Information Technology,Swinburne University of Technology (INTI International College Subang),3.02,June 2027,4,0,5,2,Software Developer,"{""Mobile Development""}",True,2026-07-26 14:08:00,2026-07-26 14:08:00
3baada26-af83-8c06-caa5-d22a6ed7149f,00fbbb90-1772-2cf0-f38e-6bc3b7df852c,Bachelor of Information Technology (Network Security),Swinburne University of Technology (INTI International College Subang),3.25,December 2027,3,0,3,1,Cloud Engineer,"{""DevOps"",""Cloud Computing""}",True,2026-08-12 06:20:00,2026-08-12 06:20:00
b9465130-9b58-e20a-7c8d-8aef30a04e0b,3a4d1f57-4715-5ad3-8ca0-cd2ada9398e6,Bachelor of Computer Science (Software Development),Swinburne University of Technology (INTI International College Subang),2.48,June 2029,1,0,0,1,Software Developer,"{""Backend Development"",""Software Engineering"",""Mobile Development""}",True,2026-09-02 07:43:00,2026-09-02 07:43:00
392c5f42-3f20-3c22-7947-7aa80f1c0455,c71b3b67-d907-a314-5d20-d8de24a11c7f,Bachelor of Information Technology (Network Security),Swinburne University of Technology (INTI International College Subang),3.17,December 2027,3,1,2,1,Cybersecurity Analyst,"{""Cybersecurity"",""Digital Forensics""}",True,2026-09-10 13:59:00,2026-09-10 13:59:00
39bbab8a-b281-738e-d7c7-d8e6a495430e,0d6f885a-0633-9f7f-8ec4-6aabaefb4b37,Bachelor of Computer Science (Software Development),Swinburne University of Technology (INTI International College Subang),3.23,December 2026,4,1,5,2,Software Developer,"{""Software Engineering""}",True,2026-07-30 14:12:00,2026-07-30 14:12:00
7d10257c-b3f4-5487-f3bf-de5f8f16fac0,6f72bca4-db64-3c30-d5dc-4812902ea8c3,Bachelor of Information Technology,Swinburne University of Technology (INTI International College Subang),3.61,December 2027,3,0,2,1,Cloud Engineer,"{""DevOps"",""Cloud Computing""}",True,2026-08-16 12:01:00,2026-08-16 12:01:00
7fffa983-0811-90e9-fa1d-8ded7dc807a2,addaa3b6-0ab8-4fe2-97e4-e1739d63bda6,Bachelor of Software Engineering,Swinburne University of Technology (INTI International College Subang),3.24,June 2027,3,0,1,0,Web Developer,"{""Web Development"",""UI/UX""}",True,2026-08-30 22:05:00,2026-08-30 22:05:00
dd95b4d7-570e-dab2-3932-3a072ec3f8e0,4d620050-0b3b-5efa-6070-b244c5c01d05,Bachelor of Information Technology (Network Security),Swinburne University of Technology (INTI International College Subang),2.66,June 2028,2,0,0,1,Cybersecurity Analyst,"{""Cybersecurity""}",False,2026-07-15 12:27:00,2026-07-15 12:27:00
1227b7ac-cdca-6bef-dbd3-4a948a996027,a0850656-a226-46f5-8d93-8a78634aa1a4,Bachelor of Information Technology,Swinburne University of Technology (INTI International College Subang),3.24,June 2027,3,1,3,2,Web Developer,"{""Web Development"",""Frontend Development""}",True,2026-07-19 11:19:00,2026-07-19 11:19:00
c2978392-5c80-7220-1f77-765f2e5ce13a,23c52c31-1e93-eed6-502a-12a5630ae016,Bachelor of Software Engineering,Swinburne University of Technology (INTI International College Subang),2.83,June 2027,3,0,3,1,Web Developer,"{""Web Development""}",True,2026-07-15 03:43:00,2026-07-15 03:43:00
0c485217-5d54-9496-61a6-51c5faaa53fc,094a8492-d88d-11dd-321a-3244cf6579ec,Bachelor of Computer Science (Artificial Intelligence),Swinburne University of Technology (INTI International College Subang),3.19,December 2027,3,0,2,0,Data Scientist,"{""Artificial Intelligence""}",False,2026-09-18 08:44:00,2026-09-18 08:44:00
32de3097-7cba-8dea-5086-0861061cba48,5fa5c8d5-4cad-3598-603d-e16161f041d0,Bachelor of Information Technology,Swinburne University of Technology (INTI International College Subang),3.06,December 2027,3,0,0,0,Software Developer,"{""Backend Development"",""Software Engineering"",""Mobile Development""}",True,2026-09-14 13:46:00,2026-09-14 13:46:00
e22f3884-1f90-71b1-95eb-44d98459f302,cd1d036e-0d08-da99-5e33-1ed848f0fcb2,Bachelor of Information Technology,Swinburne University of Technology (INTI International College Subang),2.77,June 2027,3,1,1,1,Web Developer,"{""Web Development"",""Frontend Development"",""UI/UX""}",True,2026-09-04 10:14:00,2026-09-04 10:14:00
7c8c9267-3c55-ad3a-4ed9-92e01e4415f4,5ed13afe-f006-296b-5572-fd4107d51b96,Bachelor of Information Technology,Swinburne University of Technology (INTI International College Subang),2.8,December 2027,3,0,2,1,Software Developer,"{""Mobile Development"",""Backend Development"",""Software Engineering""}",False,2026-09-01 22:31:00,2026-09-01 22:31:00
cdba8621-da62-a307-d753-ba9908087cc4,0c858251-10e9-00ff-5857-8862310565b6,Bachelor of Computer Science (Software Development),Swinburne University of Technology (INTI International College Subang),3.63,December 2027,4,1,4,1,Software Developer,"{""Backend Development"",""Software Engineering""}",True,2026-08-30 07:28:00,2026-08-30 07:28:00
c229a415-cb5f-8951-c534-f723c75694ac,10e436c9-3d53-3dee-f41e-2e7c00da1e3f,Bachelor of Information Technology (Network Security),Swinburne University of Technology (INTI International College Subang),2.92,December 2027,3,0,2,1,Cybersecurity Analyst,"{""Network Security""}",True,2026-07-23 12:52:00,2026-07-23 12:52:00
b226f24a-230d-27b8-ff97-588ef6cdd0d1,aa31e22b-4cda-3e1c-f065-7d730e0ec75e,Bachelor of Computer Science (Artificial Intelligence),Swinburne University of Technology (INTI International College Subang),2.78,December 2026,4,1,2,0,Data Analyst,"{""Business Intelligence"",""Data Science"",""Data Analytics""}",True,2026-08-05 20:36:00,2026-08-05 20:36:00
6b93cfe0-b4f7-af31-1fe8-fbe4e3bab56c,db2bfd4f-9dcb-65be-3fc0-796e44f4caeb,Bachelor of Computer Science (Artificial Intelligence),Swinburne University of Technology (INTI International College Subang),3.32,June 2028,2,0,2,1,Data Analyst,"{""Data Science"",""Data Analytics""}",True,2026-07-01 12:54:00,2026-07-01 12:54:00
3dc0f8cf-1b6c-2937-e282-d170f5080d9c,91312064-101e-a7fb-0532-5a3e6759d978,Bachelor of Computer Science (Software Development),Swinburne University of Technology (INTI International College Subang),2.43,June 2027,3,1,0,0,Web Developer,"{""Web Development"",""UI/UX""}",True,2026-08-02 17:20:00,2026-08-02 17:20:00
c2cb0bc7-f032-9337-a10d-27dcbf153b90,8971b1bb-992b-ba0e-ca85-7fe44014c0f8,Bachelor of Software Engineering,Swinburne University of Technology (INTI International College Subang),3.76,June 2027,3,0,2,2,Web Developer,"{""Web Development"",""UI/UX"",""Frontend Development""}",True,2026-09-08 14:42:00,2026-09-08 14:42:00
d1138946-bcd4-2854-b663-0e4c94a64978,a64fcefb-e8ca-0bd2-6504-f7a97ab4d358,Bachelor of Computer Science (Cloud Computing),Swinburne University of Technology (INTI International College Subang),3.75,June 2027,3,0,2,1,Cloud Engineer,"{""Infrastructure"",""Cloud Computing""}",True,2026-09-07 16:54:00,2026-09-07 16:54:00
681f9515-0d93-d08b-7842-cbc6a0011ba6,0a148b9f-b6db-95fb-8d73-7aa20ab832ea,Bachelor of Computer Science (Cybersecurity),Swinburne University of Technology (INTI International College Subang),3.01,December 2027,3,0,2,0,Cybersecurity Analyst,"{""Network Security"",""Cybersecurity""}",True,2026-09-18 04:03:00,2026-09-18 04:03:00
3d231e3b-4a97-a245-da5b-f081fe3d81d8,0eb9daed-a39a-d4df-afd3-ec8b4a298783,Bachelor of Computer Science (Data Science),Swinburne University of Technology (INTI International College Subang),3.14,December 2027,4,1,3,1,Data Scientist,"{""Machine Learning"",""Data Science""}",True,2026-08-15 15:37:00,2026-08-15 15:37:00
dff4cc91-3164-6c14-f1a0-051f0acae683,f0582911-0499-9aeb-d8b6-a5b0c7c22f1b,Bachelor of Information Technology,Swinburne University of Technology (INTI International College Subang),3.52,December 2028,2,0,1,0,Software Developer,"{""Mobile Development"",""Backend Development""}",True,2026-09-05 15:56:00,2026-09-05 15:56:00
91c98ab6-4f41-8193-e328-9c3a801cbac1,c5b56b89-0572-2bc5-4b5e-4a401a5a8977,Bachelor of Computer Science (Data Science),Swinburne University of Technology (INTI International College Subang),2.95,June 2028,2,0,2,1,Data Analyst,"{""Business Intelligence""}",True,2026-07-25 12:41:00,2026-07-25 12:41:00
0c443b8c-0686-34e7-dabd-385cd2c569ab,f830aa05-d2d4-dd05-55b8-23649ca4d06c,Bachelor of Computer Science (Software Development),Swinburne University of Technology (INTI International College Subang),3.82,December 2029,1,0,3,1,Software Developer,"{""Mobile Development"",""Backend Development"",""Software Engineering""}",True,2026-08-19 03:00:00,2026-08-19 03:00:00
fef44a33-ae78-dd3f-8b23-96072d5e114d,83eab8b5-d91b-8378-1d6f-affbe06bae1f,Bachelor of Computer Science (Cybersecurity),Swinburne University of Technology (INTI International College Subang),2.53,June 2027,3,1,2,0,Cybersecurity Analyst,"{""Digital Forensics"",""Network Security"",""Cybersecurity""}",True,2026-07-31 04:32:00,2026-07-31 04:32:00
a81f3e5b-f8dc-2c64-c4e4-37538a0d9af8,322c519f-7a44-167a-63f7-8edf72948c64,Bachelor of Software Engineering,Swinburne University of Technology (INTI International College Subang),2.91,June 2027,3,0,1,0,Software Developer,"{""Backend Development""}",True,2026-08-05 21:59:00,2026-08-05 21:59:00
eea21c48-fd48-1505-b8f0-9270567fd2e9,c2f18bfc-8875-5363-2fc5-229853effcdf,Bachelor of Computer Science (Software Development),Swinburne University of Technology (INTI International College Subang),3.14,June 2028,2,0,1,0,Software Developer,"{""Software Engineering"",""Mobile Development""}",True,2026-07-23 04:38:00,2026-07-23 04:38:00
b232398b-1f3c-4a38-ff62-499af2ae7fce,877a71fc-9d9f-beb3-6207-db6374e5e611,Bachelor of Information Technology,Swinburne University of Technology (INTI International College Subang),3.26,December 2029,1,0,2,2,Software Developer,"{""Mobile Development"",""Software Engineering""}",True,2026-07-18 01:18:00,2026-07-18 01:18:00
8d80c2fe-b7b1-0072-3436-873728ffa490,7d525a4e-432c-03e4-6a55-8ea53ea7d639,Bachelor of Information Technology,Swinburne University of Technology (INTI International College Subang),3.35,June 2028,2,0,2,1,Software Developer,"{""Software Engineering"",""Mobile Development"",""Backend Development""}",True,2026-07-23 01:05:00,2026-07-23 01:05:00
7d2b8714-8de0-b52a-c2d0-af1f43eb756f,0b62192a-e224-a224-09a3-e57e2c5b2eb0,Bachelor of Information Technology (Network Security),Swinburne University of Technology (INTI International College Subang),2.76,December 2027,4,0,3,0,Cybersecurity Analyst,"{""Digital Forensics""}",True,2026-09-04 02:16:00,2026-09-04 02:16:00
05d04902-48d1-be77-1710-d2f519b7a8e8,2d17534a-4834-19b1-c8f5-d39ec3ad1a08,Bachelor of Information Technology (Network Security),Swinburne University of Technology (INTI International College Subang),3.64,December 2027,3,1,3,1,Cybersecurity Analyst,"{""Cybersecurity""}",True,2026-08-13 09:17:00,2026-08-13 09:17:00
6c7e80ad-2970-9912-7d2e-11bd1708f96e,f1762fbd-c371-14e3-46b3-138a660d2992,Bachelor of Computer Science (Software Development),Swinburne University of Technology (INTI International College Subang),3.48,December 2027,4,1,3,3,Web Developer,"{""UI/UX"",""Frontend Development""}",True,2026-09-05 12:19:00,2026-09-05 12:19:00
9859df42-974a-2447-ab73-860c83f079b3,f78ffd83-b05a-b6bf-bca9-eeba35ffdd0c,Bachelor of Computer Science (Cybersecurity),Swinburne University of Technology (INTI International College Subang),3.16,December 2026,4,0,3,1,Cybersecurity Analyst,"{""Digital Forensics"",""Network Security"",""Cybersecurity""}",True,2026-09-18 00:13:00,2026-09-18 00:13:00
8bfafb8c-623c-2c71-6056-27659c1d7a65,d5c83c5d-4875-4ef8-a3c0-5d75b3b6feb4,Bachelor of Computer Science (Cloud Computing),Swinburne University of Technology (INTI International College Subang),2.96,December 2028,2,0,0,0,Cloud Engineer,"{""Infrastructure"",""Cloud Computing""}",False,2026-08-24 09:52:00,2026-08-24 09:52:00
2fc3bb1c-577b-8d97-001b-d08ee4fa2e93,685a9a7c-b83f-34ca-79a0-d586369db2ef,Bachelor of Computer Science (Artificial Intelligence),Swinburne University of Technology (INTI International College Subang),3.03,June 2028,2,0,3,2,Data Scientist,"{""Artificial Intelligence"",""Machine Learning""}",True,2026-07-06 17:41:00,2026-07-06 17:41:00
8e8752c2-dc8f-79c8-bd95-5829e72cf300,c917a68e-4623-0245-dd7c-b15aaeb25152,Bachelor of Computer Science (Cloud Computing),Swinburne University of Technology (INTI International College Subang),2.85,June 2028,2,0,0,1,Cloud Engineer,"{""Infrastructure"",""DevOps""}",False,2026-08-11 23:52:00,2026-08-11 23:52:00
7b2ff249-6565-8fc1-fb62-f1dc842a4b95,96bc3f42-797e-6c89-1bbc-af4503d7f55b,Bachelor of Information Technology (Network Security),Swinburne University of Technology (INTI International College Subang),2.06,December 2027,3,0,1,1,Cybersecurity Analyst,"{""Cybersecurity""}",False,2026-07-11 14:54:00,2026-07-11 14:54:00
f65a5aa3-6314-0fcc-c8b6-b9a29b5358d4,1138b544-d8c7-8cbe-cd1b-30400f8f2932,Bachelor of Computer Science (Data Science),Swinburne University of Technology (INTI International College Subang),3.12,December 2028,2,0,1,1,Data Scientist,"{""Machine Learning"",""Data Science"",""Artificial Intelligence""}",True,2026-08-13 06:41:00,2026-08-13 06:41:00
cad75ebe-9169-4fbb-3cff-13aa3c477d0c,857ea116-29a8-f004-7314-6dae97a70f9d,Bachelor of Information Technology (Network Security),Swinburne University of Technology (INTI International College Subang),3.36,June 2028,2,0,1,1,Cybersecurity Analyst,"{""Cybersecurity"",""Digital Forensics""}",True,2026-09-02 10:01:00,2026-09-02 10:01:00
f14dfb3e-fe3c-f361-e44d-9a28d739a70f,b43e9061-171d-a81d-b57e-526c1627999a,Bachelor of Information Technology (Network Security),Swinburne University of Technology (INTI International College Subang),2.49,December 2028,2,0,0,0,Cloud Engineer,"{""Infrastructure""}",True,2026-08-28 03:29:00,2026-08-28 03:29:00
b39844f4-e194-fb21-6e7e-2fbc21f8b225,16440645-f17a-0355-05b3-f11620629446,Bachelor of Computer Science (Software Development),Swinburne University of Technology (INTI International College Subang),3.38,December 2028,2,0,1,1,Software Developer,"{""Software Engineering"",""Mobile Development"",""Backend Development""}",True,2026-09-10 15:22:00,2026-09-10 15:22:00
cb7ab831-ee65-3bb6-ec98-1b8e8ad09042,ef180725-f10c-88c0-63b5-5bfb128e92ad,Bachelor of Software Engineering,Swinburne University of Technology (INTI International College Subang),2.52,June 2027,3,0,0,0,Software Developer,"{""Backend Development"",""Mobile Development"",""Software Engineering""}",False,2026-08-15 04:11:00,2026-08-15 04:11:00
bb926370-d619-e0ce-69d5-ddf51d95cdea,c417fe56-78e3-3d35-f4e0-740f476e6a06,Bachelor of Computer Science (Artificial Intelligence),Swinburne University of Technology (INTI International College Subang),2.8,December 2028,2,0,2,0,Data Analyst,"{""Data Analytics"",""Data Science"",""Business Intelligence""}",False,2026-07-20 01:11:00,2026-07-20 01:11:00
67f7aba4-0617-4c62-a243-b9ab2b0e817c,2d598b9d-b3e3-f68f-afce-09490dd1db5f,Bachelor of Information Technology,Swinburne University of Technology (INTI International College Subang),3.35,June 2026,4,0,2,2,Cloud Engineer,"{""DevOps"",""Infrastructure"",""Cloud Computing""}",True,2026-08-05 08:50:00,2026-08-05 08:50:00
f4d7b8cd-e3c7-8964-b776-cbf620141450,ae22c5bb-b1c3-6cb3-445d-c624803e82de,Bachelor of Computer Science (Cloud Computing),Swinburne University of Technology (INTI International College Subang),2.59,December 2027,3,1,1,0,Cloud Engineer,"{""DevOps""}",False,2026-08-06 19:28:00,2026-08-06 19:28:00
417e5edc-13e6-9df3-2fc0-fe9c854a05f9,5a8d9931-5ebb-3417-7523-8331243711ee,Bachelor of Computer Science (Cybersecurity),Swinburne University of Technology (INTI International College Subang),2.96,December 2029,1,0,1,0,Cybersecurity Analyst,"{""Network Security"",""Cybersecurity"",""Digital Forensics""}",True,2026-09-15 13:18:00,2026-09-15 13:18:00
f20d3aea-a998-a3ee-22a1-12b53a880cec,fab8cd39-d6b3-e81a-ed37-0c84a011d446,Bachelor of Information Technology,Swinburne University of Technology (INTI International College Subang),2.73,December 2027,3,0,1,2,Web Developer,"{""UI/UX"",""Frontend Development"",""Web Development""}",True,2026-08-05 18:30:00,2026-08-05 18:30:00
0394fc90-7ca2-101f-6b77-fbe41e57072d,f05ad4ec-33f9-6264-de5e-d279cd2c614b,Bachelor of Software Engineering,Swinburne University of Technology (INTI International College Subang),3.71,December 2027,4,0,2,0,Software Developer,"{""Backend Development"",""Software Engineering""}",True,2026-09-10 21:34:00,2026-09-10 21:34:00
f95f299a-75ff-b57f-f27d-f93c481faf4b,fd4454db-f660-37cf-f737-b4aab85cc2c8,Bachelor of Computer Science (Cybersecurity),Swinburne University of Technology (INTI International College Subang),2.59,June 2029,1,0,1,0,Cybersecurity Analyst,"{""Digital Forensics"",""Cybersecurity""}",False,2026-08-17 07:45:00,2026-08-17 07:45:00
4d5593a3-65a6-b335-619c-03d193622966,5f07fe07-f0a0-a77d-c959-dbb952b673d4,Bachelor of Information Technology (Network Security),Swinburne University of Technology (INTI International College Subang),2.7,December 2029,1,0,1,0,Cybersecurity Analyst,"{""Network Security"",""Cybersecurity""}",True,2026-08-28 18:25:00,2026-08-28 18:25:00
77d0da32-31ea-2821-3034-7270681ff528,52ec03ca-ae95-7e1c-667a-63706e12d255,Bachelor of Computer Science (Software Development),Swinburne University of Technology (INTI International College Subang),3.72,June 2027,3,1,1,3,Web Developer,"{""Web Development""}",True,2026-07-07 06:28:00,2026-07-07 06:28:00
a27e5970-0452-ba51-8223-c495b64a46f5,eb6db35f-2950-94bb-f3c8-e316244226d7,Bachelor of Information Technology,Swinburne University of Technology (INTI International College Subang),2.21,June 2028,2,0,2,1,Cloud Engineer,"{""Cloud Computing"",""Infrastructure"",""DevOps""}",True,2026-08-02 14:15:00,2026-08-02 14:15:00
6e143f9d-b769-6e0e-c07c-5f323e5fe7f5,9252a620-33a8-3451-f0d8-51ad12c33d13,Bachelor of Computer Science (Artificial Intelligence),Swinburne University of Technology (INTI International College Subang),3.13,December 2027,3,1,3,2,Data Scientist,"{""Artificial Intelligence"",""Machine Learning""}",True,2026-09-18 22:46:00,2026-09-18 22:46:00
54959740-f8ed-8b6a-4c6c-ed6d3f7dd313,6f438da3-a84f-3d75-69f8-76b9481d07d0,Bachelor of Information Technology,Swinburne University of Technology (INTI International College Subang),3.11,December 2027,3,1,2,1,Web Developer,"{""Frontend Development"",""UI/UX"",""Web Development""}",True,2026-08-09 17:47:00,2026-08-09 17:47:00
e2908a40-0c4d-862e-5ef8-fa9b8cfca54b,8ac31e08-ef3e-9770-390a-e185128dfb82,Bachelor of Computer Science (Data Science),Swinburne University of Technology (INTI International College Subang),3.64,June 2026,4,1,3,1,Data Analyst,"{""Data Analytics"",""Data Science"",""Business Intelligence""}",True,2026-08-22 14:22:00,2026-08-22 14:22:00
b8e2e864-e0f0-c823-d077-8d1f707904e0,0ef92e30-5f90-94ca-e18e-763b0d57aef5,Bachelor of Computer Science (Artificial Intelligence),Swinburne University of Technology (INTI International College Subang),3.35,December 2027,4,1,4,2,Data Scientist,"{""Data Science"",""Machine Learning""}",True,2026-08-29 12:28:00,2026-08-29 12:28:00
e2c53f4d-149f-25e3-6b19-b289047d4bc7,27530c4a-9136-8ea8-5bd3-494be97c0337,Bachelor of Computer Science (Data Science),Swinburne University of Technology (INTI International College Subang),2.83,December 2029,1,0,1,2,Data Analyst,"{""Data Analytics"",""Data Science""}",True,2026-07-20 05:38:00,2026-07-20 05:38:00
cbbc04a3-378a-91e6-882a-6ff540c063fc,9c9a9d7d-29c0-9a85-48c9-55720ba40fdb,Bachelor of Information Technology,Swinburne University of Technology (INTI International College Subang),3.43,June 2026,4,0,4,1,Software Developer,"{""Mobile Development""}",True,2026-08-07 01:34:00,2026-08-07 01:34:00
62b97bbf-7e35-cb46-7b76-9a50e54984ae,f3e205de-67f3-96b4-0510-9ebfb347fd7b,Bachelor of Information Technology (Network Security),Swinburne University of Technology (INTI International College Subang),2.54,June 2026,4,0,1,0,Cloud Engineer,"{""DevOps"",""Infrastructure""}",True,2026-09-19 21:38:00,2026-09-19 21:38:00
cd7f9010-318b-eb4e-8251-afd9f41facd1,1344c2f6-469a-cda3-67d7-3e5748c31385,Bachelor of Computer Science (Artificial Intelligence),Swinburne University of Technology (INTI International College Subang),2.59,December 2028,2,0,2,0,Data Scientist,"{""Artificial Intelligence"",""Data Science""}",False,2026-08-23 00:46:00,2026-08-23 00:46:00
a754251d-04fe-52e3-e98a-470cb894550a,e9faa206-7ad7-9ad5-c2dc-09c180ade83c,Bachelor of Information Technology (Business Analytics),Swinburne University of Technology (INTI International College Subang),2.61,June 2026,4,1,2,1,Data Analyst,"{""Data Science""}",False,2026-08-24 06:56:00,2026-08-24 06:56:00
8e416029-58b4-8e1d-9e13-87b03f12cf6c,bb4400f1-8baa-fca5-a47d-5fb6893bfecf,Bachelor of Information Technology,Swinburne University of Technology (INTI International College Subang),2.83,December 2028,2,0,2,0,Software Developer,"{""Backend Development"",""Mobile Development""}",True,2026-08-11 14:50:00,2026-08-11 14:50:00
10b7ca01-eea0-e30e-96be-e52e65c1efd6,cf1f5a98-97ad-6a67-299f-3047eefadcfa,Bachelor of Software Engineering,Swinburne University of Technology (INTI International College Subang),3.32,December 2026,4,0,2,0,Web Developer,"{""UI/UX"",""Web Development""}",True,2026-07-29 16:09:00,2026-07-29 16:09:00
5628c13e-ea9b-85eb-f1fc-8f26466d19a5,146ce130-89ec-de94-d594-2bb27ddf0270,Bachelor of Computer Science (Artificial Intelligence),Swinburne University of Technology (INTI International College Subang),2.46,December 2026,4,0,1,0,Data Analyst,"{""Data Science""}",True,2026-09-13 06:30:00,2026-09-13 06:30:00
01d23fc9-b44d-f4b5-0f73-56179e61f0dc,cc692137-3df3-59d6-5a6d-4596358017d6,Bachelor of Information Technology,Swinburne University of Technology (INTI International College Subang),3.23,June 2027,4,0,3,0,Web Developer,"{""Frontend Development"",""UI/UX"",""Web Development""}",False,2026-08-17 06:36:00,2026-08-17 06:36:00
74240302-e48b-b336-bfa5-567789a29dad,54227d6d-c454-d1a5-d4d8-c52ed4c6c7db,Bachelor of Computer Science (Software Development),Swinburne University of Technology (INTI International College Subang),2.85,December 2026,4,0,1,1,Software Developer,"{""Backend Development""}",True,2026-08-28 18:04:00,2026-08-28 18:04:00
f46a9817-194a-589d-4f3f-be079dba68ea,b6ef2c43-7b93-9d83-9f13-08200f3b35f9,Bachelor of Information Technology (Network Security),Swinburne University of Technology (INTI International College Subang),3.17,December 2027,3,0,3,1,Cybersecurity Analyst,"{""Digital Forensics"",""Cybersecurity"",""Network Security""}",True,2026-08-29 09:57:00,2026-08-29 09:57:00
6bb0c8a0-2ec0-f10a-aca5-abd4354f7ca8,05c95f58-9df5-4a21-6036-3d282e27c83f,Bachelor of Information Technology (Network Security),Swinburne University of Technology (INTI International College Subang),2.8,December 2028,2,1,1,1,Cybersecurity Analyst,"{""Digital Forensics"",""Network Security"",""Cybersecurity""}",False,2026-07-18 01:03:00,2026-07-18 01:03:00
8c6d5cde-04a7-083d-0547-6e170f9b0aca,0081a704-37c2-00e3-c2e8-a70035487cd7,Bachelor of Computer Science (Cloud Computing),Swinburne University of Technology (INTI International College Subang),3.43,June 2028,2,0,2,2,Cloud Engineer,"{""Cloud Computing"",""DevOps""}",True,2026-08-22 00:28:00,2026-08-22 00:28:00
4b6ec9d5-0227-e56b-0474-1ebc7455c604,fee931f4-582d-45dc-38e6-a21bee38a9e9,Bachelor of Computer Science (Data Science),Swinburne University of Technology (INTI International College Subang),3.22,December 2027,3,1,2,1,Data Analyst,"{""Data Analytics""}",True,2026-09-10 13:45:00,2026-09-10 13:45:00
3c3c3182-2024-4fcf-2544-5d8cf93adb04,4d246ef6-fe50-e2da-7bbe-4efe90ccd1e5,Bachelor of Computer Science (Cybersecurity),Swinburne University of Technology (INTI International College Subang),3.36,December 2028,2,0,1,2,Cybersecurity Analyst,"{""Digital Forensics""}",True,2026-08-09 10:49:00,2026-08-09 10:49:00
e276db30-1ade-cee4-bfcc-8e33c7da450f,0bab99ee-6a39-90da-8e05-cadda6f8a5ac,Bachelor of Information Technology,Swinburne University of Technology (INTI International College Subang),3.65,December 2027,3,0,1,1,Web Developer,"{""UI/UX"",""Frontend Development""}",True,2026-09-17 10:44:00,2026-09-17 10:44:00
10f897ab-5b44-102f-aec1-6f6caea74c2e,7146a1c1-cd04-4f6c-6391-26040519ae36,Bachelor of Information Technology (Business Analytics),Swinburne University of Technology (INTI International College Subang),2.97,June 2027,3,0,1,0,Data Analyst,"{""Business Intelligence"",""Data Science"",""Data Analytics""}",True,2026-09-12 21:26:00,2026-09-12 21:26:00
8002a34f-d3b0-60d8-0fa7-45c7341d706a,75eff2a9-06fe-3650-1a0c-00487108f569,Bachelor of Computer Science (Software Development),Swinburne University of Technology (INTI International College Subang),3.12,June 2027,3,0,4,1,Software Developer,"{""Software Engineering""}",True,2026-08-04 07:15:00,2026-08-04 07:15:00
8daf7c97-93be-6e0f-6776-43888d6fccd5,d64f7187-44a9-12f7-49f8-a2921d306afa,Bachelor of Software Engineering,Swinburne University of Technology (INTI International College Subang),3.03,June 2026,4,2,1,1,Web Developer,"{""Frontend Development"",""Web Development"",""UI/UX""}",False,2026-07-14 23:30:00,2026-07-14 23:30:00
a4ff58a2-8d8f-194c-2a8c-5fdbdcee656d,7420431e-2bf0-f535-d2f5-c7bc54c4c8ba,Bachelor of Computer Science (Data Science),Swinburne University of Technology (INTI International College Subang),3.18,December 2027,3,1,2,1,Data Analyst,"{""Business Intelligence"",""Data Science"",""Data Analytics""}",False,2026-09-01 18:02:00,2026-09-01 18:02:00
5f276ba7-9687-0bf1-4f19-f81075b4849c,7b2ad1ba-1343-d7f9-32b5-e3d066c7f340,Bachelor of Computer Science (Software Development),Swinburne University of Technology (INTI International College Subang),2.3,December 2027,3,0,0,0,Software Developer,"{""Software Engineering"",""Backend Development""}",True,2026-08-19 15:13:00,2026-08-19 15:13:00
710dc918-d9f2-3b37-8475-f2480ca37885,d7607ffe-aa8b-73eb-3cde-05964cacdd3d,Bachelor of Computer Science (Software Development),Swinburne University of Technology (INTI International College Subang),3.18,June 2027,3,1,4,0,Software Developer,"{""Backend Development"",""Software Engineering"",""Mobile Development""}",True,2026-07-18 17:54:00,2026-07-18 17:54:00
6e28b3e9-5c7e-954d-94a9-922ef67ed93e,0d78343a-d6d2-1b30-d3f9-dab257ba9b4c,Bachelor of Information Technology (Business Analytics),Swinburne University of Technology (INTI International College Subang),2.59,June 2029,1,0,0,0,Data Analyst,"{""Business Intelligence""}",True,2026-08-07 07:05:00,2026-08-07 07:05:00
e2d4c43c-de0a-6e83-fba8-6e1e34a148ba,1c7fbd64-ac5d-2bd1-3912-0821db7de40b,Bachelor of Information Technology (Network Security),Swinburne University of Technology (INTI International College Subang),3.04,December 2027,4,2,1,1,Cybersecurity Analyst,"{""Digital Forensics"",""Network Security""}",True,2026-07-03 06:56:00,2026-07-03 06:56:00
32a6f3f1-2c46-e25e-77b5-520fb02ed1d7,47e75b71-0a9d-484c-915c-a65d8f359e6c,Bachelor of Computer Science (Cybersecurity),Swinburne University of Technology (INTI International College Subang),3.84,June 2027,3,1,4,1,Cybersecurity Analyst,"{""Digital Forensics""}",True,2026-07-02 09:06:00,2026-07-02 09:06:00
c3d6a993-6c2e-b0c5-8f9f-f3d6db40265c,a5dd8a7f-432a-23a8-0f05-d46c7495d544,Bachelor of Software Engineering,Swinburne University of Technology (INTI International College Subang),3.72,June 2028,2,0,1,1,Software Developer,"{""Mobile Development"",""Software Engineering""}",True,2026-07-04 22:53:00,2026-07-04 22:53:00
612e5c86-1a5b-558b-0d43-1870ebcfbcfa,e7269390-c235-25c0-c16f-584add1b469d,Bachelor of Information Technology (Network Security),Swinburne University of Technology (INTI International College Subang),3.48,June 2028,2,0,1,2,Cloud Engineer,"{""Cloud Computing"",""Infrastructure""}",True,2026-09-04 12:10:00,2026-09-04 12:10:00
a62683ed-6070-e32e-9c2b-e6973ffb1f97,0f0d6fae-b447-7f55-ed45-b4e7d0fd2034,Bachelor of Software Engineering,Swinburne University of Technology (INTI International College Subang),2.64,December 2029,1,0,2,2,Web Developer,"{""UI/UX"",""Web Development"",""Frontend Development""}",True,2026-08-18 19:51:00,2026-08-18 19:51:00
9c64edbe-7370-ca9f-7ed4-a540b5ca2226,76c82262-83c7-d3fb-8e54-912e665a6c4a,Bachelor of Computer Science (Data Science),Swinburne University of Technology (INTI International College Subang),3.24,June 2028,2,0,1,0,Data Scientist,"{""Machine Learning"",""Artificial Intelligence"",""Data Science""}",False,2026-08-08 13:08:00,2026-08-08 13:08:00
f0aea873-9181-ae73-f00c-9f5fea55ee32,2006b538-6692-e257-9ed5-3b35e7ded7f8,Bachelor of Computer Science (Artificial Intelligence),Swinburne University of Technology (INTI International College Subang),3.07,December 2027,3,1,1,2,Data Scientist,"{""Data Science"",""Artificial Intelligence"",""Machine Learning""}",True,2026-09-08 10:09:00,2026-09-08 10:09:00
82463029-5aa0-e815-cb77-16038eefa874,12c8acc2-d05e-9278-9ae2-7ece097b6a0a,Bachelor of Computer Science (Data Science),Swinburne University of Technology (INTI International College Subang),2.01,December 2028,2,0,1,0,Data Analyst,"{""Data Science"",""Business Intelligence"",""Data Analytics""}",False,2026-07-11 12:15:00,2026-07-11 12:15:00
d283dfa3-b90f-0b18-d6ce-f9758a753c9e,17b854c9-9d79-6635-b304-c4db9977dcb1,Bachelor of Computer Science (Cloud Computing),Swinburne University of Technology (INTI International College Subang),2.43,June 2028,2,0,2,1,Cloud Engineer,"{""DevOps"",""Cloud Computing""}",True,2026-07-11 12:08:00,2026-07-11 12:08:00
4417639f-6dce-abef-a21f-1f28a5a07046,16757989-a41d-3b6e-e318-f2ba87e92ea5,Bachelor of Information Technology (Business Analytics),Swinburne University of Technology (INTI International College Subang),3.66,June 2027,3,0,4,2,Data Analyst,"{""Data Analytics"",""Business Intelligence"",""Data Science""}",False,2026-07-02 16:23:00,2026-07-02 16:23:00
3c2c5529-8dc1-2eba-1f80-8e1ce29acf4c,636a76b6-5481-48d8-6dff-d94336fda98d,Bachelor of Computer Science (Cybersecurity),Swinburne University of Technology (INTI International College Subang),3.02,December 2027,3,0,1,1,Cybersecurity Analyst,"{""Digital Forensics"",""Cybersecurity"",""Network Security""}",True,2026-09-02 18:00:00,2026-09-02 18:00:00
ac663647-36a4-4599-3ef0-58b3fc141344,48cae643-c9e1-d93f-64b2-6ea8d5141f05,Bachelor of Computer Science (Software Development),Swinburne University of Technology (INTI International College Subang),3.59,December 2028,2,0,4,1,Software Developer,"{""Mobile Development"",""Software Engineering""}",True,2026-07-18 01:49:00,2026-07-18 01:49:00
d3a35339-2c31-26c0-4cd8-054c7f69c5de,f0655f62-4ddf-1e98-ea58-faafb404d9a8,Bachelor of Information Technology (Network Security),Swinburne University of Technology (INTI International College Subang),2.54,December 2028,2,0,0,0,Cybersecurity Analyst,"{""Digital Forensics""}",False,2026-07-21 20:38:00,2026-07-21 20:38:00
bb822a13-5193-6ec1-e69f-4f215b385a6a,52994a47-6b2f-92d6-1955-35d301e58ea3,Bachelor of Software Engineering,Swinburne University of Technology (INTI International College Subang),2.78,December 2027,3,1,3,1,Software Developer,"{""Mobile Development"",""Software Engineering""}",True,2026-08-05 20:16:00,2026-08-05 20:16:00
0b56ec02-db4b-04d1-cf09-ba78df35afc6,a6928bbf-25aa-e4ba-4530-13c6403fe009,Bachelor of Information Technology,Swinburne University of Technology (INTI International College Subang),2.43,December 2028,2,0,2,1,Software Developer,"{""Backend Development"",""Mobile Development""}",False,2026-09-15 13:46:00,2026-09-15 13:46:00
fc03a706-774c-c9de-cf56-e78b47d34d63,8d5c45f9-e379-742a-abcd-21c30e3db0ba,Bachelor of Information Technology,Swinburne University of Technology (INTI International College Subang),2.74,December 2027,3,1,2,1,Web Developer,"{""Web Development"",""UI/UX"",""Frontend Development""}",True,2026-07-11 06:24:00,2026-07-11 06:24:00
a87fce58-ce2e-2e2a-d701-597c2bba1b17,c414c913-19ff-ec0d-bd5f-47323c72bab1,Bachelor of Software Engineering,Swinburne University of Technology (INTI International College Subang),3.32,December 2028,2,0,1,1,Software Developer,"{""Software Engineering"",""Mobile Development"",""Backend Development""}",True,2026-07-28 12:25:00,2026-07-28 12:25:00
706e3f71-a99c-a3da-25b5-97c6ab5b2ca1,b40b858f-e8f6-8c81-99f6-a8932900b3a7,Bachelor of Computer Science (Data Science),Swinburne University of Technology (INTI International College Subang),2.88,June 2027,3,1,2,0,Data Analyst,"{""Data Science"",""Data Analytics""}",True,2026-09-10 16:06:00,2026-09-10 16:06:00
6f7d696b-69f2-ebec-6a5d-69d9fd6d361c,60a75fb5-bf0a-8f68-998b-64161f846af3,Bachelor of Computer Science (Data Science),Swinburne University of Technology (INTI International College Subang),2.9,June 2027,4,1,1,1,Data Analyst,"{""Data Science""}",True,2026-07-01 13:45:00,2026-07-01 13:45:00
8ca0a958-e000-5105-417d-4986aeefc38e,ece45dd8-49de-4eeb-c78c-7f0f4565e77f,Bachelor of Information Technology (Network Security),Swinburne University of Technology (INTI International College Subang),2.39,June 2028,2,0,2,0,Cybersecurity Analyst,"{""Network Security"",""Cybersecurity""}",True,2026-09-08 03:17:00,2026-09-08 03:17:00
d26c8105-6d85-33a2-dd1d-125f248dbf75,0096b4d6-d67d-81a6-a6d5-ab1c8c4437c9,Bachelor of Computer Science (Cybersecurity),Swinburne University of Technology (INTI International College Subang),3.08,June 2027,3,1,2,2,Cybersecurity Analyst,"{""Network Security"",""Cybersecurity""}",True,2026-08-03 15:07:00,2026-08-03 15:07:00
7904ffb1-443f-f733-1af0-1dd64cd66378,6a9f07d4-6aa3-64bd-ea86-ff039e9d5a73,Bachelor of Information Technology (Network Security),Swinburne University of Technology (INTI International College Subang),3.37,December 2028,2,0,1,1,Cybersecurity Analyst,"{""Cybersecurity""}",True,2026-09-14 08:49:00,2026-09-14 08:49:00
bb5ed054-62f8-0d94-23d2-f968e56fd112,8e518e43-04e3-abdc-b62a-0255e761cb19,Bachelor of Information Technology (Network Security),Swinburne University of Technology (INTI International College Subang),2.7,June 2027,4,2,2,1,Cybersecurity Analyst,"{""Cybersecurity"",""Digital Forensics"",""Network Security""}",True,2026-07-17 13:10:00,2026-07-17 13:10:00
4fc1c667-d932-1ab3-0c2c-ef310660d917,c58b72cd-1541-fa1a-a85e-a974a9b4e9c5,Bachelor of Information Technology,Swinburne University of Technology (INTI International College Subang),3.27,December 2027,4,0,2,2,Web Developer,"{""Frontend Development"",""Web Development""}",False,2026-09-07 04:10:00,2026-09-07 04:10:00
6d090422-5be0-162e-e8ea-1605ea36fb09,86950cd2-8545-ce6d-46a2-83019d13b149,Bachelor of Computer Science (Software Development),Swinburne University of Technology (INTI International College Subang),3.14,June 2028,2,0,2,1,Web Developer,"{""UI/UX""}",True,2026-09-12 05:24:00,2026-09-12 05:24:00
c79eeb8e-f799-3edc-5195-4d5631b9b512,507dbc11-c638-be20-f218-eb0eda5dcf8d,Bachelor of Information Technology (Business Analytics),Swinburne University of Technology (INTI International College Subang),3.86,June 2027,3,0,3,2,Data Analyst,"{""Data Science"",""Data Analytics""}",True,2026-07-19 14:37:00,2026-07-19 14:37:00
cd7e3ac6-52b7-3f7e-2e2b-6b8de8ce4dc4,dc14124d-7fb7-b91d-d65d-7815c61c79b4,Bachelor of Information Technology (Business Analytics),Swinburne University of Technology (INTI International College Subang),3.01,June 2028,2,0,2,0,Data Analyst,"{""Business Intelligence"",""Data Analytics"",""Data Science""}",True,2026-07-03 03:08:00,2026-07-03 03:08:00
9e7677dd-5fa8-f48a-362e-75cf3e573ce2,a49acb02-3d46-aa7f-9392-81001b32bc3b,Bachelor of Information Technology,Swinburne University of Technology (INTI International College Subang),3.15,June 2029,1,0,3,1,Software Developer,"{""Software Engineering"",""Mobile Development""}",False,2026-07-12 05:36:00,2026-07-12 05:36:00
d9f91100-8090-7f22-a059-b9f3a8a0edf5,9974c84e-5836-5e9e-6ff6-6a794278a00e,Bachelor of Computer Science (Data Science),Swinburne University of Technology (INTI International College Subang),3.53,December 2027,3,0,1,2,Data Scientist,"{""Data Science""}",True,2026-07-18 01:20:00,2026-07-18 01:20:00
650b8d2c-ec2a-db5f-b7bf-a04910645aa4,51106091-450c-c687-b402-4e90b2df1a53,Bachelor of Computer Science (Artificial Intelligence),Swinburne University of Technology (INTI International College Subang),2.27,June 2028,2,0,0,1,Data Scientist,"{""Data Science""}",True,2026-08-20 15:43:00,2026-08-20 15:43:00
b55f0e5d-e502-fd39-b0e0-565ab72423d6,87d5292c-e64e-2b2d-c97e-48285850a652,Bachelor of Computer Science (Data Science),Swinburne University of Technology (INTI International College Subang),3.35,June 2027,3,1,4,1,Data Analyst,"{""Data Science""}",True,2026-09-07 02:23:00,2026-09-07 02:23:00
eb7b8ad8-74b4-9650-7819-bc8179a130ba,cb1984d0-7bd9-0579-f33b-c9d72abb1647,Bachelor of Software Engineering,Swinburne University of Technology (INTI International College Subang),2.66,December 2028,2,0,2,1,Web Developer,"{""Frontend Development"",""Web Development"",""UI/UX""}",True,2026-08-07 13:47:00,2026-08-07 13:47:00
92095726-489f-c777-1b98-94c52fd81782,99a1a943-16d9-aa91-e4f9-6c657df37d45,Bachelor of Information Technology,Swinburne University of Technology (INTI International College Subang),3.01,December 2028,2,0,2,1,Web Developer,"{""Web Development""}",True,2026-08-02 22:07:00,2026-08-02 22:07:00
231956a8-fc2b-edfc-23ec-b3901514b88a,cf8eeaf3-c9f3-5c9d-8308-450e0654df2a,Bachelor of Software Engineering,Swinburne University of Technology (INTI International College Subang),2.33,December 2027,3,0,2,1,Software Developer,"{""Mobile Development"",""Software Engineering""}",True,2026-09-12 19:20:00,2026-09-12 19:20:00
61539a40-7efa-38a5-d600-8c5a9a6f5a60,f97ae55a-529d-8531-6f0f-c08b26fcbc1d,Bachelor of Computer Science (Artificial Intelligence),Swinburne University of Technology (INTI International College Subang),2.79,December 2026,4,1,1,0,Data Scientist,"{""Machine Learning""}",True,2026-09-10 21:36:00,2026-09-10 21:36:00
bc1a591f-cae8-29a6-f1f8-049a7835f883,3d3d6472-5d0d-072e-7383-f5ed92ffeec1,Bachelor of Information Technology,Swinburne University of Technology (INTI International College Subang),3.0,December 2027,3,1,3,0,Software Developer,"{""Software Engineering"",""Backend Development""}",False,2026-07-13 06:54:00,2026-07-13 06:54:00
3ddf5688-0139-bb86-af85-203cf830bea5,a0fea964-aabd-847f-5869-7ca2ec0dd1ff,Bachelor of Computer Science (Data Science),Swinburne University of Technology (INTI International College Subang),2.49,December 2026,4,1,3,2,Data Analyst,"{""Data Science"",""Data Analytics""}",False,2026-08-13 04:05:00,2026-08-13 04:05:00
2c59adbb-f298-b8b0-1996-dcafcdc7bd02,ad3c2179-3a41-a2bc-70d2-94b76b34b535,Bachelor of Information Technology,Swinburne University of Technology (INTI International College Subang),2.9,June 2027,3,1,3,1,Cloud Engineer,"{""Cloud Computing""}",True,2026-07-28 18:34:00,2026-07-28 18:34:00
9ac63645-022d-a24e-45ae-f0920c2a89d8,c773d861-a608-f248-3cdc-82710c1752fd,Bachelor of Computer Science (Artificial Intelligence),Swinburne University of Technology (INTI International College Subang),2.23,June 2028,2,0,1,1,Data Analyst,"{""Data Science""}",True,2026-08-29 08:11:00,2026-08-29 08:11:00
58180fb9-653a-c312-9de8-eab0244ae9f0,78fd07ff-9b02-912b-6b99-cfc85d05b9f2,Bachelor of Computer Science (Data Science),Swinburne University of Technology (INTI International College Subang),3.03,June 2028,2,1,2,1,Data Analyst,"{""Data Science"",""Data Analytics""}",True,2026-07-25 00:28:00,2026-07-25 00:28:00
8b1035df-14fb-11b7-181c-b16f9439f63e,2528cf08-af82-e87c-efc7-ba96be29e59b,Bachelor of Information Technology (Network Security),Swinburne University of Technology (INTI International College Subang),3.82,June 2027,3,1,3,2,Cloud Engineer,"{""DevOps"",""Cloud Computing"",""Infrastructure""}",True,2026-07-21 18:35:00,2026-07-21 18:35:00
e4588c5e-f608-f37b-c6f6-4c515278db82,e9289e9d-253f-7bb6-2774-e089a1d27505,Bachelor of Information Technology,Swinburne University of Technology (INTI International College Subang),3.18,June 2027,3,0,4,1,Cloud Engineer,"{""Cloud Computing"",""DevOps""}",True,2026-07-10 05:29:00,2026-07-10 05:29:00
83c6e86c-bc5f-eb6a-ab16-35f01e3640b1,1742b052-f01f-7382-e4fa-62c2b398e4fc,Bachelor of Computer Science (Artificial Intelligence),Swinburne University of Technology (INTI International College Subang),3.44,December 2029,1,0,2,1,Data Analyst,"{""Data Analytics"",""Data Science""}",True,2026-08-23 18:21:00,2026-08-23 18:21:00
d53690b0-d239-abdf-570b-ee9734469c32,44dc6f42-7323-eab3-0554-b14457f1480a,Bachelor of Information Technology,Swinburne University of Technology (INTI International College Subang),2.97,December 2027,4,1,3,1,Cloud Engineer,"{""Cloud Computing"",""DevOps""}",True,2026-09-11 06:37:00,2026-09-11 06:37:00
d8302225-0885-dbcf-f57e-cb8e4cf83b40,1fd6d1df-7219-90e8-cd31-8c5354c5237b,Bachelor of Information Technology,Swinburne University of Technology (INTI International College Subang),3.53,December 2027,4,0,5,2,Web Developer,"{""Frontend Development"",""Web Development""}",True,2026-09-07 20:02:00,2026-09-07 20:02:00
c6e6921d-a6d8-7a72-352b-a3e3c43b5ba7,789f8cfe-c11f-1ed9-512c-d0581376ca78,Bachelor of Computer Science (Data Science),Swinburne University of Technology (INTI International College Subang),3.17,June 2027,3,0,2,1,Data Analyst,"{""Data Analytics""}",True,2026-07-08 10:06:00,2026-07-08 10:06:00
4eba2d22-7c0b-b276-4eee-848008405335,6047db30-6377-ff85-882c-d5af1696dbfb,Bachelor of Computer Science (Data Science),Swinburne University of Technology (INTI International College Subang),3.79,December 2027,4,1,2,1,Data Analyst,"{""Business Intelligence"",""Data Science"",""Data Analytics""}",False,2026-09-10 05:09:00,2026-09-10 05:09:00
e7940b08-78e0-e9ac-279c-e2d1507c2d8d,83d7b908-1035-5c49-2c63-36ba1a02c693,Bachelor of Computer Science (Cybersecurity),Swinburne University of Technology (INTI International College Subang),2.98,June 2029,1,0,1,0,Cybersecurity Analyst,"{""Digital Forensics"",""Network Security"",""Cybersecurity""}",True,2026-08-07 22:42:00,2026-08-07 22:42:00
5863229c-02d8-eb63-00fe-6cccbee9d208,161b0d82-b55a-c750-eeb1-ae97ccb49d2d,Bachelor of Computer Science (Artificial Intelligence),Swinburne University of Technology (INTI International College Subang),3.19,December 2027,3,1,2,0,Data Scientist,"{""Machine Learning"",""Artificial Intelligence"",""Data Science""}",True,2026-07-17 13:31:00,2026-07-17 13:31:00
0c3b491f-bb27-dcbb-9038-3703cf12b313,75a870a1-4276-290d-1f3d-b3acc0e46ec7,Bachelor of Information Technology (Business Analytics),Swinburne University of Technology (INTI International College Subang),2.47,June 2028,2,0,1,1,Data Analyst,"{""Data Analytics"",""Data Science""}",True,2026-07-30 19:30:00,2026-07-30 19:30:00
c2b787b1-52bf-3c8a-719a-704d6db4f3b8,280fbf6e-edb5-1a50-fb96-2c66e327929d,Bachelor of Information Technology,Swinburne University of Technology (INTI International College Subang),2.67,December 2028,2,1,2,1,Cloud Engineer,"{""Infrastructure"",""Cloud Computing""}",True,2026-09-19 01:49:00,2026-09-19 01:49:00
aecc015a-ecec-b339-a064-c0ccbd279fd8,71c74f62-68a5-057c-5959-a5c3fb418306,Bachelor of Information Technology,Swinburne University of Technology (INTI International College Subang),2.9,December 2027,4,0,1,0,Software Developer,"{""Backend Development""}",False,2026-07-06 14:49:00,2026-07-06 14:49:00
e5c8c601-dbcc-ee78-9ccc-3ea8c486ca71,44006cc6-950f-2960-d47f-5d5000af2bad,Bachelor of Software Engineering,Swinburne University of Technology (INTI International College Subang),3.95,December 2028,2,0,2,2,Software Developer,"{""Mobile Development"",""Software Engineering""}",True,2026-08-08 12:50:00,2026-08-08 12:50:00
b42176c0-e763-b8fe-65da-b531190dcc47,ae0e317d-5056-3fa8-5006-9ffb876cae1c,Bachelor of Computer Science (Artificial Intelligence),Swinburne University of Technology (INTI International College Subang),3.03,December 2027,3,0,3,1,Data Scientist,"{""Machine Learning""}",True,2026-08-01 07:41:00,2026-08-01 07:41:00
60a69e36-45d9-6457-a10d-b698a111bdbc,439c725d-f6b9-0ae0-7395-d3fc518775b3,Bachelor of Computer Science (Artificial Intelligence),Swinburne University of Technology (INTI International College Subang),2.42,December 2028,2,0,2,0,Data Analyst,"{""Data Analytics"",""Data Science"",""Business Intelligence""}",False,2026-07-28 15:10:00,2026-07-28 15:10:00
779ee330-6ded-23f8-9d60-cc7341b74316,668e180e-cbbc-840a-5419-0014a782e9d2,Bachelor of Software Engineering,Swinburne University of Technology (INTI International College Subang),2.5,June 2029,1,0,0,0,Software Developer,"{""Software Engineering"",""Mobile Development""}",True,2026-07-11 22:41:00,2026-07-11 22:41:00
46be81c7-caec-3e30-5de9-1f0f749b5bee,82923f7f-b534-efc5-8ce7-3502066be672,Bachelor of Information Technology,Swinburne University of Technology (INTI International College Subang),2.07,December 2027,3,0,1,0,Web Developer,"{""UI/UX"",""Frontend Development"",""Web Development""}",True,2026-07-30 15:47:00,2026-07-30 15:47:00
dd9c829a-76fc-5c77-751f-0dda6759a88b,d52daf3f-c393-256a-741b-8f3d8eaea75f,Bachelor of Software Engineering,Swinburne University of Technology (INTI International College Subang),3.4,December 2028,2,1,3,1,Web Developer,"{""Frontend Development""}",True,2026-08-05 16:39:00,2026-08-05 16:39:00
a7355dab-e6a8-57d1-f782-8ca18a25cb4a,68286956-0850-bdf6-cb00-5473a922e7e9,Bachelor of Software Engineering,Swinburne University of Technology (INTI International College Subang),3.24,June 2028,2,0,1,2,Web Developer,"{""Frontend Development"",""Web Development"",""UI/UX""}",True,2026-08-06 15:53:00,2026-08-06 15:53:00
9386e7f1-2c76-5e0e-68a0-072bcc158832,5cbf3d01-9140-130f-4f49-7e7ece398ee9,Bachelor of Software Engineering,Swinburne University of Technology (INTI International College Subang),2.11,June 2029,1,0,0,0,Software Developer,"{""Software Engineering""}",True,2026-08-09 19:15:00,2026-08-09 19:15:00
b50c39ce-88ef-c6f6-65dc-8a7e3756befe,8e2e160a-b054-d5c8-3ce7-845de6ef2a35,Bachelor of Computer Science (Software Development),Swinburne University of Technology (INTI International College Subang),3.23,June 2026,4,0,3,0,Web Developer,"{""UI/UX"",""Frontend Development""}",True,2026-08-13 00:12:00,2026-08-13 00:12:00
b6045b36-c0af-daf5-67f6-3583e76cc750,566a3ae3-1c3d-c6fd-79ff-5f765ca5af97,Bachelor of Information Technology,Swinburne University of Technology (INTI International College Subang),2.25,June 2026,4,0,1,1,Web Developer,"{""UI/UX"",""Frontend Development""}",True,2026-07-30 02:41:00,2026-07-30 02:41:00
c310b79e-a5ba-be26-c2fc-1353f67bd794,cb3f5768-d585-39af-3e0b-1d6ba32ac6b9,Bachelor of Software Engineering,Swinburne University of Technology (INTI International College Subang),3.67,June 2027,3,1,3,1,Software Developer,"{""Mobile Development""}",False,2026-09-01 01:16:00,2026-09-01 01:16:00
acd397e7-afe4-4754-d15c-a103a5cb190f,e5366044-26fd-f58f-26e1-f75645fc6aff,Bachelor of Computer Science (Data Science),Swinburne University of Technology (INTI International College Subang),3.39,June 2029,1,0,0,0,Data Scientist,"{""Machine Learning"",""Data Science"",""Artificial Intelligence""}",True,2026-08-09 11:25:00,2026-08-09 11:25:00
0cd06a34-d97e-049e-1896-88febb94777a,6ae7b0b1-c11a-7ae5-c3ea-13fd48d6ee51,Bachelor of Information Technology,Swinburne University of Technology (INTI International College Subang),3.97,June 2027,3,0,3,2,Software Developer,"{""Mobile Development""}",False,2026-09-07 02:05:00,2026-09-07 02:05:00
66c62fc8-7ef8-3fa6-d8bd-2133916a50b7,3572a97c-d7ca-5421-8cf1-98e3eb1c6feb,Bachelor of Software Engineering,Swinburne University of Technology (INTI International College Subang),3.04,December 2028,2,0,2,1,Software Developer,"{""Software Engineering""}",True,2026-07-18 19:34:00,2026-07-18 19:34:00
3e8b8467-120c-108e-b964-502130ff1f0f,649431d1-d61d-cbb1-8b51-fdb5896496a9,Bachelor of Computer Science (Artificial Intelligence),Swinburne University of Technology (INTI International College Subang),3.28,December 2029,1,0,3,1,Data Scientist,"{""Machine Learning""}",True,2026-08-01 00:46:00,2026-08-01 00:46:00
0454f5a1-62a3-9105-d55d-59ed011a4361,12207f72-4cea-e9e0-f6a6-164b678ea787,Bachelor of Computer Science (Software Development),Swinburne University of Technology (INTI International College Subang),2.57,December 2026,4,0,2,0,Software Developer,"{""Software Engineering""}",False,2026-08-14 16:58:00,2026-08-14 16:58:00
0052b9cc-e828-bb22-3e69-e1295c359d67,3bf07cc4-ba15-a44a-360b-b108d18c1169,Bachelor of Information Technology,Swinburne University of Technology (INTI International College Subang),2.88,June 2027,3,1,2,0,Web Developer,"{""UI/UX""}",False,2026-07-08 19:37:00,2026-07-08 19:37:00
aacf1558-1c70-20b5-d1ab-143fcbd880b8,f55b0385-c8a5-41c6-1488-45caaab401a9,Bachelor of Information Technology (Network Security),Swinburne University of Technology (INTI International College Subang),3.53,December 2029,1,0,3,3,Cloud Engineer,"{""Cloud Computing""}",True,2026-07-10 23:10:00,2026-07-10 23:10:00
557d5543-d745-f3fb-15cd-e4097a995fba,7feb2b41-8fda-8d85-520a-9f1a06470faf,Bachelor of Software Engineering,Swinburne University of Technology (INTI International College Subang),2.97,December 2026,4,1,2,1,Software Developer,"{""Mobile Development"",""Software Engineering"",""Backend Development""}",True,2026-07-09 06:51:00,2026-07-09 06:51:00
2f138be4-263b-8860-5953-d9c08b75f3fd,4a654986-eb6e-803d-c332-fba95a6781f9,Bachelor of Information Technology,Swinburne University of Technology (INTI International College Subang),3.13,June 2028,2,1,2,1,Software Developer,"{""Mobile Development"",""Backend Development""}",True,2026-07-10 06:03:00,2026-07-10 06:03:00
3e9a521d-b2b8-b4de-28e8-78985f5ab599,54d7b854-b556-5022-2994-ec2dd6221037,Bachelor of Information Technology (Network Security),Swinburne University of Technology (INTI International College Subang),3.65,December 2026,4,1,4,1,Cybersecurity Analyst,"{""Cybersecurity"",""Network Security"",""Digital Forensics""}",True,2026-08-12 02:10:00,2026-08-12 02:10:00
ad40134e-8557-c6aa-3614-10a8386754a2,d955dc9a-db36-86fe-c87c-3d8fe990c65e,Bachelor of Computer Science (Data Science),Swinburne University of Technology (INTI International College Subang),2.41,December 2027,3,0,1,0,Data Scientist,"{""Machine Learning"",""Artificial Intelligence"",""Data Science""}",True,2026-08-15 13:58:00,2026-08-15 13:58:00
7a197bbb-60df-ea78-1271-6f048d5a9e8d,cc2052af-fc79-0fff-aa7e-86f06aa8e69b,Bachelor of Information Technology (Network Security),Swinburne University of Technology (INTI International College Subang),2.96,June 2026,4,1,3,2,Cloud Engineer,"{""Infrastructure"",""Cloud Computing"",""DevOps""}",True,2026-07-06 01:41:00,2026-07-06 01:41:00
52e74fa7-5ea5-c313-5ef8-707541b51e5b,efd2c655-011e-747b-abd3-8b993f92b5fe,Bachelor of Computer Science (Data Science),Swinburne University of Technology (INTI International College Subang),2.68,December 2028,2,0,2,0,Data Analyst,"{""Data Science""}",True,2026-07-17 22:55:00,2026-07-17 22:55:00
50c8501f-0ddc-303c-c787-021c743b4f4f,2e8c7b3d-479c-45a9-bfa4-18d471c8e15b,Bachelor of Software Engineering,Swinburne University of Technology (INTI International College Subang),3.15,December 2027,3,0,0,1,Web Developer,"{""Web Development"",""Frontend Development""}",True,2026-09-02 03:28:00,2026-09-02 03:28:00
cb7e7784-02b5-0216-83eb-6cce8af194e6,65d72681-b79c-bc23-ba87-e001631f0d29,Bachelor of Information Technology,Swinburne University of Technology (INTI International College Subang),3.22,June 2027,4,2,3,2,Cloud Engineer,"{""DevOps"",""Infrastructure""}",True,2026-08-10 01:06:00,2026-08-10 01:06:00
013a7943-eacf-cefb-c462-23936070fd1e,e687cc1e-ad12-3e41-be58-ca2d1d7e8d27,Bachelor of Information Technology,Swinburne University of Technology (INTI International College Subang),3.7,June 2027,3,1,1,0,Web Developer,"{""Frontend Development"",""Web Development"",""UI/UX""}",True,2026-08-28 19:16:00,2026-08-28 19:16:00
ebe01de0-7bf9-18f0-ed5e-f65ee2661f5e,dea73968-845c-d76e-930e-ea1ad2984539,Bachelor of Computer Science (Data Science),Swinburne University of Technology (INTI International College Subang),2.26,December 2027,3,0,0,0,Data Analyst,"{""Data Science"",""Data Analytics"",""Business Intelligence""}",False,2026-07-09 18:37:00,2026-07-09 18:37:00
10627761-fdb5-36ad-a9da-5dd755370e6d,74244500-b204-63da-2e97-3a616f59d09b,Bachelor of Computer Science (Artificial Intelligence),Swinburne University of Technology (INTI International College Subang),2.48,June 2028,2,0,1,1,Data Scientist,"{""Machine Learning"",""Data Science""}",True,2026-09-13 16:07:00,2026-09-13 16:07:00
537b8436-6ed9-a39d-5a88-1ca43b4d3447,606ffff0-66be-35d6-837b-40b254d1fcea,Bachelor of Computer Science (Data Science),Swinburne University of Technology (INTI International College Subang),3.0,December 2026,4,0,3,0,Data Analyst,"{""Business Intelligence"",""Data Science"",""Data Analytics""}",True,2026-07-23 06:27:00,2026-07-23 06:27:00
d0d93b8b-582a-00f0-8cfe-021d2b933a75,20667c02-d32d-9358-ab50-4c94a2d2c137,Bachelor of Computer Science (Cybersecurity),Swinburne University of Technology (INTI International College Subang),3.37,June 2028,2,1,2,2,Cybersecurity Analyst,"{""Cybersecurity"",""Digital Forensics"",""Network Security""}",True,2026-08-27 09:46:00,2026-08-27 09:46:00
a7eb7d25-a2c9-8d78-2119-d4ff056bc7bf,7558aace-6758-e53c-5379-ceb3329e3f4d,Bachelor of Software Engineering,Swinburne University of Technology (INTI International College Subang),2.21,December 2027,4,0,1,1,Web Developer,"{""UI/UX""}",False,2026-08-28 11:25:00,2026-08-28 11:25:00
2c1c0a75-3df1-e70e-dbb5-d0f9aee65375,5cc4adcb-ba91-71ed-d291-9b853044ffc4,Bachelor of Information Technology,Swinburne University of Technology (INTI International College Subang),2.18,June 2027,3,0,2,1,Software Developer,"{""Backend Development""}",False,2026-08-06 09:19:00,2026-08-06 09:19:00
11b7664a-fd92-2b6f-b21e-2700e1476a7f,b6267d96-ecff-4025-f94a-e80e4ce68b19,Bachelor of Computer Science (Data Science),Swinburne University of Technology (INTI International College Subang),2.99,June 2026,4,0,2,2,Data Analyst,"{""Data Analytics"",""Data Science""}",True,2026-07-11 09:23:00,2026-07-11 09:23:00
dca78898-84f6-1a6e-4f91-820aeb59baa7,36fb3f7a-f6bf-380f-0620-078bc81effa3,Bachelor of Information Technology (Network Security),Swinburne University of Technology (INTI International College Subang),2.2,June 2027,3,0,1,0,Cloud Engineer,"{""Cloud Computing"",""DevOps"",""Infrastructure""}",False,2026-09-03 03:31:00,2026-09-03 03:31:00
65f2d47e-bdd4-27f3-2cea-49944219ae92,e8e67bc0-59c3-28fb-f8aa-3be3610ba363,Bachelor of Computer Science (Data Science),Swinburne University of Technology (INTI International College Subang),2.14,December 2026,4,1,3,2,Data Analyst,"{""Data Analytics""}",True,2026-09-03 17:43:00,2026-09-03 17:43:00
bb76e48f-e8d1-81dc-474b-a3406c2d1000,298ce609-d2c4-94e1-3a5b-201d8d0169b3,Bachelor of Computer Science (Cybersecurity),Swinburne University of Technology (INTI International College Subang),2.75,June 2029,1,0,0,0,Cybersecurity Analyst,"{""Network Security"",""Cybersecurity"",""Digital Forensics""}",True,2026-07-06 10:48:00,2026-07-06 10:48:00
f5b48747-77ff-9820-f5cb-5605fce77237,dd849b2c-8651-d059-d5f6-7432109368ff,Bachelor of Computer Science (Cloud Computing),Swinburne University of Technology (INTI International College Subang),3.14,December 2026,4,1,3,2,Cloud Engineer,"{""Cloud Computing""}",True,2026-08-05 11:29:00,2026-08-05 11:29:00
39cbf01f-fa08-c994-fddf-bfe09c886793,65af064a-2df7-11ce-f997-8a8d6ffd9855,Bachelor of Computer Science (Cybersecurity),Swinburne University of Technology (INTI International College Subang),3.65,December 2028,2,0,2,2,Cybersecurity Analyst,"{""Network Security"",""Digital Forensics""}",True,2026-08-02 20:47:00,2026-08-02 20:47:00
28479019-ab31-0d48-9ee7-c59e76ac5ae6,38f2ffa7-caa3-0b01-8a14-c41eb25cc8c6,Bachelor of Software Engineering,Swinburne University of Technology (INTI International College Subang),2.94,December 2027,3,0,2,1,Software Developer,"{""Mobile Development"",""Backend Development""}",True,2026-07-27 13:57:00,2026-07-27 13:57:00
a9850f62-0404-ed5e-174e-6248da27f919,bd033fda-264d-4d0e-0db7-1d95080405dc,Bachelor of Information Technology,Swinburne University of Technology (INTI International College Subang),2.9,June 2028,2,0,1,0,Software Developer,"{""Mobile Development""}",True,2026-08-19 07:55:00,2026-08-19 07:55:00
8a2cc93d-c0ef-4f70-ec1f-fcbd87569963,97ea0bf7-172f-a76c-714a-792c730940c6,Bachelor of Computer Science (Cybersecurity),Swinburne University of Technology (INTI International College Subang),2.97,December 2028,2,1,1,1,Cybersecurity Analyst,"{""Cybersecurity"",""Network Security""}",True,2026-08-01 18:00:00,2026-08-01 18:00:00
00533212-66ae-02c5-a958-90e7b71247c4,b6f338fa-6a7d-eb29-8b37-0113d857fa2c,Bachelor of Computer Science (Software Development),Swinburne University of Technology (INTI International College Subang),3.14,June 2027,3,1,3,0,Software Developer,"{""Software Engineering""}",True,2026-08-10 19:46:00,2026-08-10 19:46:00
ed1928e5-9bd3-cc80-d800-690a9d5530b0,adf6ce2f-dff2-ff43-3ae2-be6dc7a869c8,Bachelor of Information Technology (Network Security),Swinburne University of Technology (INTI International College Subang),3.22,December 2027,3,1,1,0,Cybersecurity Analyst,"{""Network Security"",""Cybersecurity"",""Digital Forensics""}",True,2026-08-11 21:11:00,2026-08-11 21:11:00
4324805c-74ec-7d15-f1d5-892bb13b482c,21b74887-d3e3-ded4-69f9-ff4e08e42a16,Bachelor of Information Technology (Network Security),Swinburne University of Technology (INTI International College Subang),2.35,December 2027,3,0,0,0,Cybersecurity Analyst,"{""Network Security"",""Cybersecurity""}",False,2026-09-10 16:31:00,2026-09-10 16:31:00
6667c06b-f0f4-63a9-ced3-6e6645233269,20a22ec9-85a7-e996-98c5-88714ef605e0,Bachelor of Computer Science (Data Science),Swinburne University of Technology (INTI International College Subang),2.34,December 2027,4,0,1,1,Data Analyst,"{""Business Intelligence""}",False,2026-09-16 06:32:00,2026-09-16 06:32:00
845d0f4f-beef-6c30-e6b5-20f5ae73e215,dd9101be-90db-83f6-f0b8-f7f49f69d845,Bachelor of Software Engineering,Swinburne University of Technology (INTI International College Subang),3.57,June 2027,3,0,3,2,Software Developer,"{""Backend Development""}",True,2026-07-07 08:14:00,2026-07-07 08:14:00
bf0e489d-0bb3-86db-c000-58950670443c,179cb4b9-074b-25ed-77a7-bc189d81f2e6,Bachelor of Software Engineering,Swinburne University of Technology (INTI International College Subang),3.09,December 2027,3,1,0,1,Software Developer,"{""Software Engineering""}",True,2026-08-07 19:17:00,2026-08-07 19:17:00
60ac0afb-7304-109b-f78b-f1c1ac15f7e3,00f491a5-0334-9f81-66f7-ac985a6ebd21,Bachelor of Computer Science (Cybersecurity),Swinburne University of Technology (INTI International College Subang),2.67,June 2026,4,0,1,0,Cybersecurity Analyst,"{""Cybersecurity""}",False,2026-07-18 14:31:00,2026-07-18 14:31:00
b9d0832f-b5d7-9e8e-8f21-e8ec4e92f237,04dbae9f-b520-1288-c1d4-11d4794d8f22,Bachelor of Software Engineering,Swinburne University of Technology (INTI International College Subang),2.73,June 2027,3,0,3,0,Web Developer,"{""Frontend Development"",""Web Development""}",True,2026-08-18 17:36:00,2026-08-18 17:36:00
396351d0-7b30-6b99-e7de-53d5fb329ae3,57b667f2-16ed-9108-f4aa-1228921887aa,Bachelor of Information Technology,Swinburne University of Technology (INTI International College Subang),3.4,December 2027,4,1,4,0,Cloud Engineer,"{""Infrastructure"",""Cloud Computing""}",True,2026-08-29 05:55:00,2026-08-29 05:55:00
093c7786-a5d4-8c65-51d8-ed0cdd1096b3,40b3ac05-e839-4e03-717f-8b70da8a094c,Bachelor of Computer Science (Cybersecurity),Swinburne University of Technology (INTI International College Subang),3.6,June 2027,3,1,2,2,Cybersecurity Analyst,"{""Network Security"",""Cybersecurity"",""Digital Forensics""}",False,2026-08-01 00:06:00,2026-08-01 00:06:00
4503f517-5f07-46c1-a7c1-ca53dcb9dc82,727adc6c-5249-5f4b-e3b2-c3ab3707ce65,Bachelor of Computer Science (Artificial Intelligence),Swinburne University of Technology (INTI International College Subang),2.84,June 2027,4,1,3,2,Data Analyst,"{""Data Analytics""}",False,2026-08-13 09:46:00,2026-08-13 09:46:00
278e4cfc-579f-875d-d329-4a71b697492f,d840fd58-014c-d941-6f8a-f06f5f2a8572,Bachelor of Computer Science (Software Development),Swinburne University of Technology (INTI International College Subang),2.46,June 2028,2,0,2,0,Software Developer,"{""Software Engineering""}",False,2026-07-16 21:20:00,2026-07-16 21:20:00
bde2c14d-4305-7119-4da7-2051d84fb1fe,540e6774-9ede-0b0e-d4a0-2c01da365bc1,Bachelor of Information Technology,Swinburne University of Technology (INTI International College Subang),2.9,December 2027,4,0,3,0,Web Developer,"{""Frontend Development""}",True,2026-08-13 09:30:00,2026-08-13 09:30:00
b184add3-1cf9-159b-f2cc-ad215e29579d,d12942f9-4874-7194-f121-434e1010a064,Bachelor of Information Technology (Business Analytics),Swinburne University of Technology (INTI International College Subang),3.48,December 2028,2,0,1,2,Data Analyst,"{""Data Analytics"",""Business Intelligence"",""Data Science""}",False,2026-07-08 20:34:00,2026-07-08 20:34:00
e1c8cc3e-bf6b-4fd7-3f9b-754c677862ae,6ea9b33d-73eb-145c-c5de-66d66986dd76,Bachelor of Software Engineering,Swinburne University of Technology (INTI International College Subang),2.63,June 2028,2,0,1,0,Web Developer,"{""Web Development"",""Frontend Development"",""UI/UX""}",False,2026-09-08 16:56:00,2026-09-08 16:56:00
a94a2ef6-1f2a-09b9-e5ba-54e7f56fc67d,105a34a9-84f4-d276-cecd-5c10fef9d5ce,Bachelor of Computer Science (Artificial Intelligence),Swinburne University of Technology (INTI International College Subang),3.7,June 2027,3,0,1,1,Data Analyst,"{""Business Intelligence""}",False,2026-07-24 13:44:00,2026-07-24 13:44:00
2f90e997-d53c-9528-2f85-6d05e995bd67,30026c19-fd27-f49d-435b-42e4a03b80ea,Bachelor of Information Technology (Business Analytics),Swinburne University of Technology (INTI International College Subang),3.04,December 2028,2,0,0,0,Data Analyst,"{""Business Intelligence""}",True,2026-08-22 15:59:00,2026-08-22 15:59:00
5b15e527-f7d0-46d0-69f0-3ffee7820d38,16217342-66d6-3774-3384-e0ed38bef4c4,Bachelor of Computer Science (Artificial Intelligence),Swinburne University of Technology (INTI International College Subang),3.28,December 2027,3,1,4,2,Data Analyst,"{""Data Science"",""Business Intelligence"",""Data Analytics""}",True,2026-07-19 17:33:00,2026-07-19 17:33:00
9ab3d403-5ac7-74f5-096c-638a5ffe6918,71c776cb-9ae9-cec8-60eb-59f9743a37e5,Bachelor of Computer Science (Artificial Intelligence),Swinburne University of Technology (INTI International College Subang),2.86,June 2027,3,0,1,1,Data Analyst,"{""Data Science""}",True,2026-07-31 10:02:00,2026-07-31 10:02:00
47412b10-96ed-e17e-1168-a8a6a63c00a2,966f3fcb-00d3-88e6-d6a3-d3936f9e0b19,Bachelor of Information Technology,Swinburne University of Technology (INTI International College Subang),2.9,June 2029,1,0,0,1,Cloud Engineer,"{""DevOps"",""Infrastructure"",""Cloud Computing""}",True,2026-08-29 10:40:00,2026-08-29 10:40:00
f1a19dab-7303-a903-8274-9f61431b9f9f,7f23a32f-ba18-a17b-7d74-dbf11cedf027,Bachelor of Information Technology,Swinburne University of Technology (INTI International College Subang),3.72,December 2027,3,1,2,2,Software Developer,"{""Backend Development"",""Mobile Development""}",True,2026-09-03 00:23:00,2026-09-03 00:23:00
c98718fa-bbaa-aa00-08de-215083fc5866,458c6bdd-9e70-49ff-0cd7-897f286d84e5,Bachelor of Software Engineering,Swinburne University of Technology (INTI International College Subang),2.84,December 2028,2,0,0,1,Software Developer,"{""Mobile Development"",""Software Engineering""}",True,2026-08-28 06:58:00,2026-08-28 06:58:00
2d88cdbf-e97a-f873-00d4-c31129a48136,fd38752d-6a8d-c6eb-48a9-3c9352c60a7d,Bachelor of Information Technology (Network Security),Swinburne University of Technology (INTI International College Subang),2.67,December 2027,3,1,1,1,Cybersecurity Analyst,"{""Cybersecurity""}",True,2026-07-30 20:39:00,2026-07-30 20:39:00
2b1cd0d3-dace-f960-48d5-a1c51ef9aad8,949ad891-3087-106d-94c1-b7d493c66baf,Bachelor of Computer Science (Artificial Intelligence),Swinburne University of Technology (INTI International College Subang),2.87,June 2026,4,2,2,0,Data Scientist,"{""Data Science"",""Artificial Intelligence""}",True,2026-07-16 14:32:00,2026-07-16 14:32:00
eb30ea1a-9e7b-fe5a-2276-2a35c5d376db,4f998d73-0796-583a-6286-85f7795dc229,Bachelor of Computer Science (Cybersecurity),Swinburne University of Technology (INTI International College Subang),2.38,December 2027,3,0,0,0,Cybersecurity Analyst,"{""Cybersecurity"",""Network Security"",""Digital Forensics""}",True,2026-09-03 06:50:00,2026-09-03 06:50:00
311381e9-a5ea-2820-619e-a1dfe867eaeb,30d34f42-9399-5122-82e3-daafed8b39a0,Bachelor of Computer Science (Cybersecurity),Swinburne University of Technology (INTI International College Subang),3.15,December 2027,3,0,3,2,Cybersecurity Analyst,"{""Digital Forensics""}",True,2026-09-19 14:40:00,2026-09-19 14:40:00
cade2081-e308-2448-1029-2c1270fc3404,148690f7-8415-97ef-23d2-4b8f1cae72f7,Bachelor of Software Engineering,Swinburne University of Technology (INTI International College Subang),2.19,June 2027,3,1,2,0,Software Developer,"{""Backend Development"",""Software Engineering"",""Mobile Development""}",True,2026-09-19 07:19:00,2026-09-19 07:19:00
c284d2f5-78ec-798b-b883-2e4e0c1d7fd5,2216a46c-4daf-a6bd-923b-c8227488f853,Bachelor of Computer Science (Artificial Intelligence),Swinburne University of Technology (INTI International College Subang),2.31,June 2027,3,1,1,0,Data Analyst,"{""Data Analytics"",""Data Science""}",True,2026-07-20 08:22:00,2026-07-20 08:22:00
1b60a402-cb9c-a88c-a238-f54ba05a582f,3f7b4b3f-0a40-b93a-ad65-e0feba5897ee,Bachelor of Computer Science (Artificial Intelligence),Swinburne University of Technology (INTI International College Subang),2.59,June 2027,3,0,0,0,Data Scientist,"{""Machine Learning""}",False,2026-09-04 20:18:00,2026-09-04 20:18:00
ed584d65-967b-35b8-cd70-38f4f8d822ef,89bd6c7b-868f-e763-dfe1-05aa80da97fe,Bachelor of Software Engineering,Swinburne University of Technology (INTI International College Subang),2.98,June 2027,3,1,1,1,Web Developer,"{""Frontend Development"",""Web Development""}",True,2026-07-18 12:36:00,2026-07-18 12:36:00
ae1a309e-ef55-4b80-edd8-ece81af3c49c,1f07bf99-8703-72fe-dae6-12b14852914b,Bachelor of Software Engineering,Swinburne University of Technology (INTI International College Subang),3.76,June 2028,2,1,3,1,Software Developer,"{""Mobile Development"",""Backend Development""}",True,2026-08-24 18:50:00,2026-08-24 18:50:00
a51432f8-e03a-aa06-5550-7cf0a0eab37e,eed5da65-bc9f-8e93-ab6f-0a98f2f2117b,Bachelor of Software Engineering,Swinburne University of Technology (INTI International College Subang),3.07,December 2027,4,1,2,0,Web Developer,"{""Web Development""}",False,2026-08-13 09:57:00,2026-08-13 09:57:00
f025bd70-ab1e-26b7-5c4e-3ef222d5df3d,f3c352f7-65aa-e4ea-24b0-e0ba904c6eaa,Bachelor of Information Technology (Business Analytics),Swinburne University of Technology (INTI International College Subang),3.25,June 2028,2,0,1,1,Data Analyst,"{""Data Science""}",False,2026-07-15 01:16:00,2026-07-15 01:16:00
c50d751e-6b11-2953-9ba0-11d637486850,f6a0b961-8520-a938-70c2-5fe8b727d594,Bachelor of Information Technology,Swinburne University of Technology (INTI International College Subang),2.75,June 2029,1,0,0,0,Software Developer,"{""Backend Development""}",False,2026-07-06 09:24:00,2026-07-06 09:24:00
ab7abdeb-7430-ba0d-b0b9-64acaf327821,28efcc8e-c466-c4de-fa8c-66c1e4cb0f8d,Bachelor of Computer Science (Data Science),Swinburne University of Technology (INTI International College Subang),2.81,June 2027,3,0,2,0,Data Analyst,"{""Data Analytics"",""Data Science"",""Business Intelligence""}",True,2026-08-18 05:42:00,2026-08-18 05:42:00
425e3ac3-b053-8ba8-f455-8bdeae962d14,0bc5ab17-e9ce-5388-52ee-9077a98159ad,Bachelor of Computer Science (Data Science),Swinburne University of Technology (INTI International College Subang),2.99,December 2027,3,0,2,0,Data Scientist,"{""Machine Learning"",""Artificial Intelligence"",""Data Science""}",True,2026-07-19 12:37:00,2026-07-19 12:37:00
c6012ed5-f883-f532-d56c-02870cd837a6,c1c107cd-23ba-51ef-96e8-bdd9e71bb588,Bachelor of Computer Science (Cloud Computing),Swinburne University of Technology (INTI International College Subang),2.59,June 2027,3,1,1,0,Cloud Engineer,"{""DevOps"",""Cloud Computing"",""Infrastructure""}",True,2026-07-27 20:41:00,2026-07-27 20:41:00
53357525-bd32-9999-0197-106fd51b62b3,4d11a9f0-cccc-3146-7d63-0ec0b537284f,Bachelor of Computer Science (Cloud Computing),Swinburne University of Technology (INTI International College Subang),2.46,June 2029,1,0,1,1,Cloud Engineer,"{""Cloud Computing"",""Infrastructure""}",True,2026-08-25 23:38:00,2026-08-25 23:38:00
7cd6aaf9-8053-d634-8eed-838597e18094,22656756-877a-f1f3-7ebf-645084f7e3f9,Bachelor of Information Technology (Business Analytics),Swinburne University of Technology (INTI International College Subang),3.02,December 2028,2,0,2,2,Data Analyst,"{""Data Science""}",True,2026-08-29 21:18:00,2026-08-29 21:18:00
97877d94-2b09-f48e-f2f0-3734b42473b7,6bc07026-7874-7404-a242-113f4e7804ea,Bachelor of Information Technology (Network Security),Swinburne University of Technology (INTI International College Subang),2.73,December 2027,3,0,0,1,Cybersecurity Analyst,"{""Cybersecurity"",""Network Security"",""Digital Forensics""}",True,2026-07-18 23:43:00,2026-07-18 23:43:00
460e372b-ac2d-0f39-10c7-9b7c48a84b3a,d6933c8c-86ec-ef9c-c1b8-3da798659831,Bachelor of Computer Science (Artificial Intelligence),Swinburne University of Technology (INTI International College Subang),2.7,June 2027,4,0,3,1,Data Analyst,"{""Business Intelligence"",""Data Analytics""}",True,2026-07-08 13:49:00,2026-07-08 13:49:00
1ca6edcc-eb40-e2bc-732e-1a5138968e31,0b1c56c8-dd53-26f9-9a8a-506fdd680173,Bachelor of Software Engineering,Swinburne University of Technology (INTI International College Subang),3.27,December 2027,3,0,4,1,Software Developer,"{""Backend Development"",""Software Engineering"",""Mobile Development""}",True,2026-09-15 17:16:00,2026-09-15 17:16:00
f883dac3-2f1b-621c-28e5-c281905f4447,023a793f-1699-3c9f-23c1-8741a32e74f3,Bachelor of Computer Science (Data Science),Swinburne University of Technology (INTI International College Subang),2.6,December 2027,3,0,3,1,Data Scientist,"{""Artificial Intelligence"",""Machine Learning"",""Data Science""}",True,2026-08-11 12:09:00,2026-08-11 12:09:00
5a7aea76-0bc4-e069-1af8-8e4665d370e5,6a8b44f5-6e30-3e1e-fa67-72f8e0b79d4f,Bachelor of Computer Science (Data Science),Swinburne University of Technology (INTI International College Subang),3.21,December 2027,3,0,1,1,Data Analyst,"{""Data Analytics""}",True,2026-08-19 11:58:00,2026-08-19 11:58:00
5d22cfba-1972-aec9-9476-f6173d8ecdff,273dfd6f-a08f-1019-0182-ea7107f4d1b3,Bachelor of Software Engineering,Swinburne University of Technology (INTI International College Subang),2.89,June 2027,3,1,1,0,Web Developer,"{""Frontend Development""}",True,2026-08-01 22:28:00,2026-08-01 22:28:00
5c66f44b-2901-6181-6266-c153736c1975,b61e3c08-2fd8-d346-59ad-7887c10eb5e7,Bachelor of Computer Science (Software Development),Swinburne University of Technology (INTI International College Subang),2.73,December 2029,1,0,1,1,Software Developer,"{""Mobile Development""}",True,2026-07-12 16:31:00,2026-07-12 16:31:00
c05c2cf8-1709-a4cc-1ba1-f57c5c6aec85,02c92c8c-2164-429b-3c7b-69d2e863f06e,Bachelor of Software Engineering,Swinburne University of Technology (INTI International College Subang),3.37,June 2027,4,1,3,1,Software Developer,"{""Backend Development"",""Mobile Development"",""Software Engineering""}",True,2026-07-04 23:34:00,2026-07-04 23:34:00
b6c00396-3208-e490-6c76-d0efaa7d8c3e,66a053a3-80c6-851b-9348-941f3e202d68,Bachelor of Computer Science (Software Development),Swinburne University of Technology (INTI International College Subang),2.55,December 2028,2,0,2,2,Software Developer,"{""Backend Development"",""Software Engineering"",""Mobile Development""}",True,2026-09-07 18:45:00,2026-09-07 18:45:00
a5285f17-c3c1-a61a-5fe9-88897eef8777,e1d4bdef-873f-7749-9e4a-4adf9f2c617f,Bachelor of Computer Science (Artificial Intelligence),Swinburne University of Technology (INTI International College Subang),2.75,June 2028,2,0,2,1,Data Analyst,"{""Data Analytics"",""Business Intelligence""}",True,2026-07-09 00:51:00,2026-07-09 00:51:00
9e2dcf10-6177-4e24-c34a-c9c46520a744,9e5485b4-764b-c004-d9b8-33fd096445f3,Bachelor of Computer Science (Software Development),Swinburne University of Technology (INTI International College Subang),3.3,June 2029,1,0,2,0,Web Developer,"{""UI/UX"",""Web Development"",""Frontend Development""}",True,2026-08-03 14:35:00,2026-08-03 14:35:00
f1f98512-bada-78c1-c387-68b974021562,c5dba032-787b-2cae-3e82-0f4da412a983,Bachelor of Computer Science (Artificial Intelligence),Swinburne University of Technology (INTI International College Subang),2.0,June 2027,3,0,1,1,Data Analyst,"{""Business Intelligence"",""Data Analytics""}",True,2026-08-16 20:00:00,2026-08-16 20:00:00
0f3eb869-4568-1792-0592-6d6a2ae674ae,bf72407f-6f33-ee6b-b917-9626217ecb9e,Bachelor of Computer Science (Data Science),Swinburne University of Technology (INTI International College Subang),3.85,December 2028,2,0,3,2,Data Analyst,"{""Data Science"",""Data Analytics""}",True,2026-08-20 17:23:00,2026-08-20 17:23:00
efaecf4f-eebb-4c06-1b7c-1a9e283d60f3,6fdde26f-7a3e-399d-81cd-b300d0a1a4af,Bachelor of Computer Science (Data Science),Swinburne University of Technology (INTI International College Subang),2.98,June 2027,3,0,1,0,Data Scientist,"{""Machine Learning"",""Data Science"",""Artificial Intelligence""}",False,2026-08-23 18:45:00,2026-08-23 18:45:00
d422c59b-084e-c551-b609-b146e67aa688,7bca7185-7620-0721-13a3-c73eaa8107f0,Bachelor of Information Technology,Swinburne University of Technology (INTI International College Subang),2.98,June 2028,2,0,1,1,Software Developer,"{""Backend Development"",""Mobile Development"",""Software Engineering""}",True,2026-08-01 12:36:00,2026-08-01 12:36:00
6cc37514-9257-e288-15d4-8ee832bd08a9,bd518fef-6889-ca28-fd8a-fdc99b44b13e,Bachelor of Computer Science (Cybersecurity),Swinburne University of Technology (INTI International College Subang),2.81,June 2028,2,0,3,1,Cybersecurity Analyst,"{""Network Security""}",True,2026-07-08 20:51:00,2026-07-08 20:51:00
b854ac7c-a6a3-74d9-646c-a6f33a81481e,64aba2d7-628b-4844-6c84-a0fb642cb185,Bachelor of Computer Science (Cybersecurity),Swinburne University of Technology (INTI International College Subang),3.5,June 2028,2,0,2,1,Cybersecurity Analyst,"{""Network Security"",""Digital Forensics"",""Cybersecurity""}",True,2026-08-09 01:23:00,2026-08-09 01:23:00
beac2657-6678-b006-b863-271558bff12f,98268773-5e14-bea1-b28b-66261724b6a7,Bachelor of Computer Science (Artificial Intelligence),Swinburne University of Technology (INTI International College Subang),3.49,December 2027,3,1,2,0,Data Scientist,"{""Artificial Intelligence""}",True,2026-07-28 04:15:00,2026-07-28 04:15:00
fb2427c0-365c-4100-549c-afee292c05f0,d98ec79f-0ee1-d330-1fe0-03e188a71b2a,Bachelor of Computer Science (Software Development),Swinburne University of Technology (INTI International College Subang),3.17,December 2029,1,0,3,0,Web Developer,"{""Frontend Development"",""Web Development"",""UI/UX""}",False,2026-08-24 23:19:00,2026-08-24 23:19:00
d16f6817-9ca5-16d6-906d-c63b36634891,a5cd6b4b-0446-21ae-4f4b-4685d4d9c926,Bachelor of Information Technology (Network Security),Swinburne University of Technology (INTI International College Subang),2.0,December 2027,3,0,2,0,Cloud Engineer,"{""Infrastructure"",""Cloud Computing""}",True,2026-09-09 16:26:00,2026-09-09 16:26:00
7a04166d-6a09-7adb-d76e-5aa5938107e2,48244d07-67a5-e874-ec65-d11e3078c642,Bachelor of Information Technology (Network Security),Swinburne University of Technology (INTI International College Subang),3.39,December 2027,3,0,2,0,Cybersecurity Analyst,"{""Cybersecurity"",""Network Security""}",True,2026-08-16 12:14:00,2026-08-16 12:14:00
87cc9f07-da6d-46d1-7873-44abb8f39f1a,565594cf-dfb0-aef2-e171-0e4ddd134751,Bachelor of Computer Science (Software Development),Swinburne University of Technology (INTI International College Subang),3.81,June 2028,2,0,5,1,Software Developer,"{""Software Engineering"",""Backend Development"",""Mobile Development""}",True,2026-07-18 22:44:00,2026-07-18 22:44:00
64e5cdc7-be85-300c-285e-db0278163f76,1a66957a-0ab8-abf0-632f-96e54b23b180,Bachelor of Computer Science (Data Science),Swinburne University of Technology (INTI International College Subang),2.99,June 2027,3,0,1,0,Data Analyst,"{""Data Science"",""Data Analytics"",""Business Intelligence""}",False,2026-07-21 02:32:00,2026-07-21 02:32:00
8b5a5b7b-8bb2-44fd-7dd9-ec07a0616b25,638c6d8e-6a9a-0de2-061e-ad52f6e32b43,Bachelor of Information Technology,Swinburne University of Technology (INTI International College Subang),3.47,June 2028,2,0,0,0,Cloud Engineer,"{""Infrastructure"",""Cloud Computing""}",True,2026-07-19 11:35:00,2026-07-19 11:35:00
00eaf991-8c2b-cb77-6479-4eeadf78f5e3,70c3c87f-d841-1480-1c54-634123814cdc,Bachelor of Information Technology (Network Security),Swinburne University of Technology (INTI International College Subang),2.65,June 2028,2,0,2,0,Cybersecurity Analyst,"{""Network Security"",""Digital Forensics""}",True,2026-09-16 23:40:00,2026-09-16 23:40:00
38185ffb-2295-f29d-7146-96760141eaf2,f214b9e1-6085-811b-67a4-fdb660dc3d2b,Bachelor of Computer Science (Data Science),Swinburne University of Technology (INTI International College Subang),2.68,June 2029,1,0,2,1,Data Analyst,"{""Data Science"",""Business Intelligence""}",False,2026-08-30 17:59:00,2026-08-30 17:59:00
056fc94b-4035-9cc0-afea-34bbc5f7f8ab,335898ac-a9cf-92d4-0804-86d4edf151e1,Bachelor of Information Technology,Swinburne University of Technology (INTI International College Subang),3.28,June 2029,1,0,2,1,Web Developer,"{""Web Development""}",True,2026-09-09 04:48:00,2026-09-09 04:48:00
693f6dd8-9595-7d54-28ae-1f987c7c0478,9b75dc50-fde9-f342-c4cb-8ec671cce9ff,Bachelor of Information Technology (Business Analytics),Swinburne University of Technology (INTI International College Subang),3.07,December 2027,3,1,0,1,Data Analyst,"{""Business Intelligence"",""Data Analytics""}",False,2026-09-11 02:10:00,2026-09-11 02:10:00
1ef47373-4b23-f06e-0bf7-3e360f12430b,cb1399d0-f43f-5088-6084-6cb659a654e1,Bachelor of Software Engineering,Swinburne University of Technology (INTI International College Subang),2.97,June 2027,3,0,1,0,Software Developer,"{""Backend Development""}",True,2026-08-21 01:52:00,2026-08-21 01:52:00
057d4194-9ecf-8c9b-6f93-01f634441e35,ae9b0c2a-0b78-38e4-a743-5d59fb283cf7,Bachelor of Information Technology (Network Security),Swinburne University of Technology (INTI International College Subang),2.99,June 2027,3,0,1,2,Cloud Engineer,"{""Infrastructure"",""DevOps"",""Cloud Computing""}",False,2026-08-14 10:07:00,2026-08-14 10:07:00
620423f1-08f5-3973-0663-7e426e4e8497,504acfd6-3f1b-39b8-662f-dfe9dfcf3e2e,Bachelor of Computer Science (Software Development),Swinburne University of Technology (INTI International College Subang),3.14,December 2027,3,0,2,0,Web Developer,"{""UI/UX"",""Web Development""}",True,2026-08-16 11:58:00,2026-08-16 11:58:00
f2e943a9-fb1e-1f84-606c-74d156cf7658,0c5873d0-e4a7-baf9-b8c2-282eb1e388e1,Bachelor of Computer Science (Software Development),Swinburne University of Technology (INTI International College Subang),2.98,June 2029,1,0,2,2,Web Developer,"{""Frontend Development"",""UI/UX""}",True,2026-09-15 05:08:00,2026-09-15 05:08:00
e26f6587-4ff2-5f79-3ed2-8bad939ca12e,33384921-8106-18ec-daf1-0b0d52aa5cbf,Bachelor of Software Engineering,Swinburne University of Technology (INTI International College Subang),3.69,December 2028,2,0,1,2,Web Developer,"{""Frontend Development"",""Web Development"",""UI/UX""}",True,2026-09-05 16:29:00,2026-09-05 16:29:00
2249655d-2132-2b90-9daf-e686f0f0e58d,39d99ddf-976a-c3c2-3634-ce8453129793,Bachelor of Information Technology,Swinburne University of Technology (INTI International College Subang),3.03,December 2027,3,0,2,1,Cloud Engineer,"{""DevOps"",""Infrastructure"",""Cloud Computing""}",True,2026-09-01 00:23:00,2026-09-01 00:23:00
d4a44cfa-e222-a2ba-610a-eb6c955a8d3d,c82d124a-ea4f-4430-8153-9408325b1116,Bachelor of Computer Science (Artificial Intelligence),Swinburne University of Technology (INTI International College Subang),2.9,June 2027,3,0,1,1,Data Analyst,"{""Data Analytics"",""Business Intelligence"",""Data Science""}",False,2026-09-03 08:10:00,2026-09-03 08:10:00
698ca52b-fab6-819c-b53e-4fe3e32bf644,649e0a91-64f2-aeec-ff17-444143a2a3ef,Bachelor of Computer Science (Software Development),Swinburne University of Technology (INTI International College Subang),2.94,June 2027,3,0,2,2,Web Developer,"{""Frontend Development""}",False,2026-07-20 12:04:00,2026-07-20 12:04:00
b26cd381-7804-249e-75f7-b3dc70cf8953,647f45ad-8b4b-cbc7-bfd2-111194abb358,Bachelor of Information Technology (Network Security),Swinburne University of Technology (INTI International College Subang),2.67,June 2027,3,0,3,1,Cybersecurity Analyst,"{""Network Security"",""Digital Forensics""}",False,2026-09-06 05:13:00,2026-09-06 05:13:00
02b294be-879f-aa84-51ef-7bf20310f80a,a687d7c8-1c71-fe87-8afd-e48e56a296b3,Bachelor of Information Technology (Network Security),Swinburne University of Technology (INTI International College Subang),2.66,December 2027,3,1,2,1,Cybersecurity Analyst,"{""Cybersecurity"",""Network Security""}",True,2026-08-24 01:36:00,2026-08-24 01:36:00
38e609a6-2440-1bef-1450-dd1728664c3c,a3e4cdd2-7047-51a9-3cac-3dc047153ea7,Bachelor of Computer Science (Data Science),Swinburne University of Technology (INTI International College Subang),3.15,June 2028,2,0,0,0,Data Analyst,"{""Data Science"",""Data Analytics"",""Business Intelligence""}",False,2026-08-26 21:36:00,2026-08-26 21:36:00
8f6559e4-7d76-5345-867d-28bc00061bf4,ea8dd895-6741-3f99-982b-555f1ebad31c,Bachelor of Information Technology,Swinburne University of Technology (INTI International College Subang),2.8,December 2026,4,2,3,0,Web Developer,"{""Frontend Development""}",True,2026-09-04 07:14:00,2026-09-04 07:14:00
732cccb9-8d83-b04e-3e09-78798c2993cd,635c4457-514c-6725-1b54-711e88e4050e,Bachelor of Software Engineering,Swinburne University of Technology (INTI International College Subang),3.19,June 2028,2,0,2,0,Software Developer,"{""Software Engineering"",""Backend Development""}",False,2026-09-05 20:23:00,2026-09-05 20:23:00
ae3750ce-c43b-18b0-6d99-6b2b1e6f1679,abce5304-85e3-20ae-0386-e8896104833d,Bachelor of Software Engineering,Swinburne University of Technology (INTI International College Subang),4.0,December 2028,2,0,2,1,Web Developer,"{""UI/UX"",""Web Development""}",True,2026-08-25 12:02:00,2026-08-25 12:02:00
fecdd103-6292-fb95-68aa-a4f9ed6f576f,42d80add-5354-f30f-409c-2120618aab82,Bachelor of Software Engineering,Swinburne University of Technology (INTI International College Subang),3.51,December 2026,4,1,3,2,Software Developer,"{""Backend Development"",""Software Engineering"",""Mobile Development""}",True,2026-07-15 14:17:00,2026-07-15 14:17:00
868d2c9b-e076-eab8-a5b0-eca4461c5e81,e79ce3e5-82b3-a59d-0fcf-6e75a37c1f11,Bachelor of Computer Science (Data Science),Swinburne University of Technology (INTI International College Subang),3.11,June 2028,2,0,2,1,Data Analyst,"{""Data Science"",""Data Analytics""}",True,2026-07-02 23:58:00,2026-07-02 23:58:00
0eee21c3-89a9-b21c-229a-a1476c62487f,3fe140e4-2853-31c8-02e6-9e89d15ba370,Bachelor of Computer Science (Data Science),Swinburne University of Technology (INTI International College Subang),3.11,December 2027,3,0,2,1,Data Analyst,"{""Data Analytics"",""Data Science""}",True,2026-09-15 16:34:00,2026-09-15 16:34:00
aa3af6b7-bd2a-9da3-ca5c-6f9ad873ef5a,575eba77-0d53-16d1-e9d5-4ab506b2d29c,Bachelor of Information Technology,Swinburne University of Technology (INTI International College Subang),2.54,December 2027,3,0,2,0,Web Developer,"{""Web Development""}",True,2026-08-31 09:14:00,2026-08-31 09:14:00
2f82ffd6-53ae-2240-3573-fdb6eb293beb,ebd9539b-fd2e-0962-332c-6797ad5b8ba7,Bachelor of Information Technology,Swinburne University of Technology (INTI International College Subang),2.1,June 2029,1,0,0,0,Software Developer,"{""Mobile Development""}",True,2026-07-23 22:04:00,2026-07-23 22:04:00
6c65ffc0-be13-e321-5397-b17a6a09e05b,65981eee-0de8-13df-190a-6307fe8702cd,Bachelor of Computer Science (Cybersecurity),Swinburne University of Technology (INTI International College Subang),3.18,December 2028,2,0,1,1,Cybersecurity Analyst,"{""Network Security""}",True,2026-07-22 15:35:00,2026-07-22 15:35:00
f3ce346f-aa27-9626-1729-5279db69f162,38be7cd2-8842-0c39-3695-66b773b20053,Bachelor of Information Technology,Swinburne University of Technology (INTI International College Subang),3.19,December 2027,4,1,2,1,Software Developer,"{""Mobile Development""}",True,2026-07-21 10:00:00,2026-07-21 10:00:00
6da0d5a3-8918-68eb-7bc8-a925a393d432,0ba6bd79-af16-c754-d90b-5e44993f43b5,Bachelor of Information Technology,Swinburne University of Technology (INTI International College Subang),3.24,June 2029,1,0,1,1,Software Developer,"{""Mobile Development"",""Backend Development"",""Software Engineering""}",True,2026-08-18 10:49:00,2026-08-18 10:49:00
a7f81262-bec0-b0a1-bc57-4f4cff346fe9,8861b517-fa21-903b-82b1-9a0806a35572,Bachelor of Computer Science (Data Science),Swinburne University of Technology (INTI International College Subang),2.21,June 2028,2,0,0,1,Data Scientist,"{""Machine Learning"",""Data Science"",""Artificial Intelligence""}",True,2026-07-12 13:11:00,2026-07-12 13:11:00
7e8f0cff-7ddf-d0cc-8c22-41eaaf126682,bd3ba3c7-d92f-d620-b068-046d5be07989,Bachelor of Computer Science (Cybersecurity),Swinburne University of Technology (INTI International College Subang),2.67,June 2027,3,1,2,1,Cybersecurity Analyst,"{""Cybersecurity"",""Network Security""}",True,2026-08-20 19:04:00,2026-08-20 19:04:00
0705e2d5-82dc-4b59-c770-207a1fd35c48,aac96e71-19e2-d9a9-b93a-1e8f8d40c77f,Bachelor of Computer Science (Cybersecurity),Swinburne University of Technology (INTI International College Subang),2.67,June 2029,1,0,0,0,Cybersecurity Analyst,"{""Network Security"",""Cybersecurity""}",True,2026-09-05 19:59:00,2026-09-05 19:59:00
7e2e5641-7cd7-aea8-3af9-40f50e9c4a6b,af67e1a2-4171-34dc-30b8-5953d74d515f,Bachelor of Information Technology,Swinburne University of Technology (INTI International College Subang),3.06,June 2027,3,1,2,1,Web Developer,"{""Web Development"",""UI/UX"",""Frontend Development""}",True,2026-09-02 04:31:00,2026-09-02 04:31:00
6339a865-0d5a-9251-89f1-b1a9a10fbf9e,bcdbaa37-595f-92f3-0884-5406df853f89,Bachelor of Computer Science (Cybersecurity),Swinburne University of Technology (INTI International College Subang),3.55,December 2028,2,1,3,1,Cybersecurity Analyst,"{""Digital Forensics"",""Network Security""}",True,2026-08-04 23:47:00,2026-08-04 23:47:00
67b9b1f9-e5a4-72ca-414c-2daf8b5ec0e5,dd2acf59-c2bf-e362-d9c9-cfe556fa50c9,Bachelor of Information Technology,Swinburne University of Technology (INTI International College Subang),2.6,December 2027,3,0,1,0,Web Developer,"{""Frontend Development"",""Web Development""}",True,2026-08-08 04:07:00,2026-08-08 04:07:00
5afdf463-08b7-7c51-458d-971c1c696395,fe8e3b73-d32b-8be3-eaac-fc807b37ae6a,Bachelor of Information Technology (Network Security),Swinburne University of Technology (INTI International College Subang),2.51,June 2026,4,0,4,1,Cybersecurity Analyst,"{""Network Security""}",True,2026-07-18 21:27:00,2026-07-18 21:27:00
24551e23-8276-c48c-9ff8-4ad87af8c27f,0fddd13b-87b8-b919-79f7-71c19cf0c854,Bachelor of Information Technology,Swinburne University of Technology (INTI International College Subang),3.01,June 2029,1,0,0,0,Web Developer,"{""UI/UX"",""Frontend Development""}",True,2026-07-04 02:52:00,2026-07-04 02:52:00
b8942998-3532-ea2e-acf8-5ea78ec0793d,305ac176-d3bc-4c9b-4a42-c0a4ed5bcd7d,Bachelor of Computer Science (Software Development),Swinburne University of Technology (INTI International College Subang),2.66,June 2028,2,1,2,0,Software Developer,"{""Mobile Development""}",True,2026-09-07 02:05:00,2026-09-07 02:05:00
5e8f972e-4d59-3c14-82db-34f352c3c305,b8227841-1d22-2845-e1db-bf3407c50cba,Bachelor of Information Technology (Network Security),Swinburne University of Technology (INTI International College Subang),2.92,June 2029,1,0,0,1,Cloud Engineer,"{""Cloud Computing""}",False,2026-07-30 01:17:00,2026-07-30 01:17:00
f1982abd-927a-08aa-1ccd-29c6b52de69a,11eefcc8-ec37-a33a-3e0f-74a9bf1172da,Bachelor of Computer Science (Software Development),Swinburne University of Technology (INTI International College Subang),2.44,June 2028,2,0,0,1,Software Developer,"{""Backend Development"",""Mobile Development""}",True,2026-07-21 01:26:00,2026-07-21 01:26:00
45553ab3-433d-3d6a-0bf0-7d81e338cce9,537b3a09-f51c-f3c0-d9ab-cec061a4818d,Bachelor of Computer Science (Artificial Intelligence),Swinburne University of Technology (INTI International College Subang),3.0,June 2027,4,1,1,0,Data Analyst,"{""Business Intelligence"",""Data Analytics""}",True,2026-07-19 06:18:00,2026-07-19 06:18:00
1e08b398-dd37-ef7c-9610-da6e4ca50346,3b88d285-c27d-3973-8da0-b9922d47c84a,Bachelor of Computer Science (Artificial Intelligence),Swinburne University of Technology (INTI International College Subang),2.07,December 2028,2,1,0,0,Data Scientist,"{""Machine Learning"",""Data Science"",""Artificial Intelligence""}",True,2026-07-20 12:46:00,2026-07-20 12:46:00
e03eeb6f-67e7-0efb-9292-057ffb894819,26d4122e-69d1-517c-b48d-5c1b6f830541,Bachelor of Information Technology,Swinburne University of Technology (INTI International College Subang),2.66,December 2029,1,0,1,0,Cloud Engineer,"{""DevOps"",""Cloud Computing""}",True,2026-08-19 10:51:00,2026-08-19 10:51:00
f27c75ed-d491-4931-a2ad-03d60d0a5493,fa3f3c44-9c50-5aa9-e232-26ad77acabc8,Bachelor of Information Technology (Network Security),Swinburne University of Technology (INTI International College Subang),2.63,June 2027,3,0,2,0,Cybersecurity Analyst,"{""Digital Forensics"",""Network Security""}",True,2026-07-08 17:58:00,2026-07-08 17:58:00
3422bb5a-d9cc-21d2-2d9c-60cd5ea03d42,aca4825c-269e-58f6-ef88-44f3913deb25,Bachelor of Information Technology (Network Security),Swinburne University of Technology (INTI International College Subang),3.29,June 2028,2,0,3,2,Cybersecurity Analyst,"{""Cybersecurity"",""Digital Forensics"",""Network Security""}",True,2026-08-22 15:46:00,2026-08-22 15:46:00
e877770e-ae51-9a9b-8113-2981caedf979,da803e84-6621-6b57-e612-b08ae25be828,Bachelor of Computer Science (Software Development),Swinburne University of Technology (INTI International College Subang),2.74,June 2028,2,0,2,1,Software Developer,"{""Backend Development""}",False,2026-09-14 10:36:00,2026-09-14 10:36:00
6f488673-6893-9da2-7a43-84199ddd7ecc,dd30827c-a637-3795-5a13-4bd309fd31ec,Bachelor of Information Technology,Swinburne University of Technology (INTI International College Subang),2.53,December 2027,3,0,1,1,Web Developer,"{""UI/UX"",""Web Development""}",True,2026-07-03 00:02:00,2026-07-03 00:02:00
98e81d6f-0c05-5bb3-01a0-78f51565fe66,db6de8a4-e836-08e6-910a-80c609484ebc,Bachelor of Information Technology,Swinburne University of Technology (INTI International College Subang),2.83,December 2028,2,0,3,1,Software Developer,"{""Backend Development"",""Software Engineering""}",True,2026-09-14 20:01:00,2026-09-14 20:01:00
4b7f5fa6-477c-f98d-b474-d20a753e7a37,7eb8d108-f5a5-1dbe-9a64-767c224733b8,Bachelor of Information Technology (Business Analytics),Swinburne University of Technology (INTI International College Subang),2.0,December 2028,2,0,0,0,Data Analyst,"{""Data Science"",""Data Analytics"",""Business Intelligence""}",True,2026-09-15 08:58:00,2026-09-15 08:58:00
7847074d-9abc-d9bf-f5dd-342259415c99,818401b3-5b01-c766-6c75-b42e206bf71e,Bachelor of Software Engineering,Swinburne University of Technology (INTI International College Subang),3.36,June 2028,2,0,2,2,Software Developer,"{""Software Engineering"",""Mobile Development""}",True,2026-07-07 15:08:00,2026-07-07 15:08:00
da2de42e-7242-e3dd-48b8-2b0aedb36225,7b4ef0cb-2a7b-7f81-504b-d94693c93ed3,Bachelor of Software Engineering,Swinburne University of Technology (INTI International College Subang),3.07,June 2028,2,0,2,1,Software Developer,"{""Mobile Development"",""Software Engineering""}",False,2026-08-17 06:56:00,2026-08-17 06:56:00
0f0cffa1-71d7-c324-a5a5-8349016b0531,54d77fbe-8727-3c24-69fd-cb61a2dbcc0b,Bachelor of Computer Science (Cybersecurity),Swinburne University of Technology (INTI International College Subang),3.14,June 2029,1,0,3,1,Cybersecurity Analyst,"{""Cybersecurity"",""Digital Forensics""}",True,2026-07-20 20:55:00,2026-07-20 20:55:00
0f00aaa8-9380-8821-54e7-b6000ec41539,75aaf67e-debc-795c-d8ec-dd556ef7926b,Bachelor of Information Technology (Business Analytics),Swinburne University of Technology (INTI International College Subang),3.1,December 2027,4,2,3,1,Data Analyst,"{""Business Intelligence"",""Data Science""}",True,2026-09-13 06:50:00,2026-09-13 06:50:00
e8649a16-4145-0000-9dc1-127139056a43,c2b5b17e-9ad7-52be-1926-551e541fbfad,Bachelor of Computer Science (Data Science),Swinburne University of Technology (INTI International College Subang),3.32,June 2027,3,0,3,1,Data Scientist,"{""Artificial Intelligence"",""Data Science""}",True,2026-07-13 09:00:00,2026-07-13 09:00:00
1982e948-c757-5d20-46c6-5b1e9a1e0227,67c848d9-7a2f-8c41-56c0-40a0db91d9df,Bachelor of Information Technology,Swinburne University of Technology (INTI International College Subang),3.54,December 2027,3,0,2,0,Software Developer,"{""Mobile Development"",""Backend Development"",""Software Engineering""}",True,2026-09-19 03:37:00,2026-09-19 03:37:00
ff0ba26b-bd15-17d2-8cfe-63459554be4c,ef5e26ad-8a24-d2fe-2f2f-02e981812fdf,Bachelor of Information Technology (Network Security),Swinburne University of Technology (INTI International College Subang),2.87,December 2027,4,1,3,0,Cloud Engineer,"{""Infrastructure"",""Cloud Computing""}",True,2026-07-30 07:29:00,2026-07-30 07:29:00
d528f013-cd5e-2dcb-359c-8f9245a178fa,c516631b-c834-9dcb-42d5-8c9d4944ac0f,Bachelor of Information Technology,Swinburne University of Technology (INTI International College Subang),3.13,December 2027,4,1,2,1,Cloud Engineer,"{""Cloud Computing"",""Infrastructure""}",True,2026-07-23 23:43:00,2026-07-23 23:43:00
dd968c25-1322-c4b9-0140-27e54fcdefd4,98c4e0a1-d520-1065-1749-f8f7d8e5ac5d,Bachelor of Computer Science (Data Science),Swinburne University of Technology (INTI International College Subang),3.31,June 2027,3,1,3,1,Data Scientist,"{""Machine Learning"",""Data Science"",""Artificial Intelligence""}",True,2026-08-05 22:14:00,2026-08-05 22:14:00
fa3fea1e-6013-cf28-184c-d43f008f90ae,2b4f8899-36af-127a-23f4-2dd305711197,Bachelor of Computer Science (Cybersecurity),Swinburne University of Technology (INTI International College Subang),2.08,June 2029,1,0,1,0,Cybersecurity Analyst,"{""Digital Forensics""}",False,2026-09-10 05:36:00,2026-09-10 05:36:00
7870c89c-4e15-24f2-599f-9fed952e3305,b809c5f9-6d31-036f-fae5-658f04ba16cc,Bachelor of Computer Science (Software Development),Swinburne University of Technology (INTI International College Subang),3.12,December 2026,4,1,3,1,Software Developer,"{""Mobile Development"",""Backend Development"",""Software Engineering""}",False,2026-08-02 13:36:00,2026-08-02 13:36:00
c7696a46-090a-f3e0-8772-dff7dab92589,caa9f13e-9013-89e5-d6d6-b3f9dc710b9e,Bachelor of Software Engineering,Swinburne University of Technology (INTI International College Subang),2.59,June 2027,4,0,1,1,Web Developer,"{""UI/UX"",""Web Development""}",False,2026-09-16 10:27:00,2026-09-16 10:27:00
cadd5626-7885-c68f-1a70-300195405966,16352781-a094-96c9-b891-f2c6cf73151c,Bachelor of Computer Science (Artificial Intelligence),Swinburne University of Technology (INTI International College Subang),2.55,December 2027,3,0,2,0,Data Analyst,"{""Data Analytics"",""Data Science""}",False,2026-07-31 23:36:00,2026-07-31 23:36:00
2ba41da8-c820-ac8a-86e0-31408e456886,2f40d8fe-b731-aa06-ce72-229a66f31683,Bachelor of Computer Science (Software Development),Swinburne University of Technology (INTI International College Subang),3.11,December 2028,2,0,3,1,Software Developer,"{""Backend Development"",""Software Engineering""}",True,2026-08-04 08:38:00,2026-08-04 08:38:00
7dc0242f-62be-486b-4789-46719374f923,adde3e12-1084-3e0a-0784-0aba8d734c8b,Bachelor of Information Technology (Network Security),Swinburne University of Technology (INTI International College Subang),2.99,June 2027,3,1,3,0,Cybersecurity Analyst,"{""Network Security"",""Cybersecurity""}",True,2026-07-10 14:08:00,2026-07-10 14:08:00
5536bd5f-9e2b-5770-2c4d-8acd845c7a3e,cfe00558-7ab9-39e2-fc70-adf91edbdc2c,Bachelor of Information Technology,Swinburne University of Technology (INTI International College Subang),2.83,June 2027,3,1,3,2,Web Developer,"{""Frontend Development"",""UI/UX"",""Web Development""}",True,2026-08-20 12:42:00,2026-08-20 12:42:00
6afcdf87-2e3f-a03a-ffe0-8f41c65abb30,44b0bd16-30c7-16d8-8e7c-f803626ef43f,Bachelor of Computer Science (Data Science),Swinburne University of Technology (INTI International College Subang),2.24,December 2028,2,0,0,1,Data Analyst,"{""Data Science"",""Business Intelligence""}",True,2026-09-07 03:39:00,2026-09-07 03:39:00
32b5a6a4-f9a7-203c-86e1-abafdd0f8a48,725de70c-5934-8bd8-6b49-f91ff0ef391c,Bachelor of Information Technology,Swinburne University of Technology (INTI International College Subang),2.73,June 2028,2,0,2,0,Software Developer,"{""Backend Development"",""Software Engineering""}",True,2026-07-14 10:47:00,2026-07-14 10:47:00
992c28a2-f31b-a715-85f0-119069f5af52,506be163-3a77-9e3d-07ee-ff1fe1d41d95,Bachelor of Computer Science (Software Development),Swinburne University of Technology (INTI International College Subang),3.48,December 2027,3,1,2,0,Software Developer,"{""Mobile Development"",""Software Engineering"",""Backend Development""}",False,2026-08-18 03:15:00,2026-08-18 03:15:00
3f00196f-5af8-3ec8-04ce-b8ebd2a43f25,29b3c998-96d7-331f-ac92-7a81ca3409fc,Bachelor of Software Engineering,Swinburne University of Technology (INTI International College Subang),2.29,December 2028,2,0,1,0,Web Developer,"{""Web Development"",""Frontend Development""}",False,2026-08-11 09:53:00,2026-08-11 09:53:00
5e949995-6d93-26e4-ffc9-371ea2710f88,4171162d-3642-6178-23fb-50e3d38deb4e,Bachelor of Computer Science (Software Development),Swinburne University of Technology (INTI International College Subang),2.76,June 2026,4,1,3,0,Software Developer,"{""Mobile Development""}",True,2026-07-09 13:21:00,2026-07-09 13:21:00
e1697c3e-03dd-19b1-3e31-14aa7f1b47ba,8f69536e-78e0-5b64-f4b1-c7240c3eaa28,Bachelor of Software Engineering,Swinburne University of Technology (INTI International College Subang),2.58,June 2029,1,0,0,1,Web Developer,"{""Web Development"",""UI/UX"",""Frontend Development""}",False,2026-07-26 04:51:00,2026-07-26 04:51:00
677a740e-4adb-6881-85cb-135aae2f9cbf,c451f5de-db71-ec89-96a8-cdb5a4b86b20,Bachelor of Computer Science (Data Science),Swinburne University of Technology (INTI International College Subang),3.55,December 2026,4,1,2,2,Data Analyst,"{""Data Analytics"",""Data Science"",""Business Intelligence""}",True,2026-08-07 20:39:00,2026-08-07 20:39:00
1d9d49a6-7964-e3d6-47e0-b4a4fc493658,408bd3a6-bd4e-e51d-d636-f56061c9c1fc,Bachelor of Computer Science (Software Development),Swinburne University of Technology (INTI International College Subang),2.22,June 2027,3,0,1,0,Software Developer,"{""Backend Development"",""Software Engineering""}",False,2026-07-08 23:40:00,2026-07-08 23:40:00
a278c88a-fc78-1c5a-d1f8-4d79241cc262,d18f9b31-da90-e6e4-789a-5a331aa61a03,Bachelor of Information Technology,Swinburne University of Technology (INTI International College Subang),3.28,June 2029,1,0,1,1,Web Developer,"{""UI/UX"",""Frontend Development""}",True,2026-09-03 14:35:00,2026-09-03 14:35:00
31019662-55ef-5723-91bb-ca038c9c0a38,6d7fcd5b-4f94-a5f1-d704-4f6b9b5c4685,Bachelor of Information Technology,Swinburne University of Technology (INTI International College Subang),2.45,December 2027,3,0,2,0,Cloud Engineer,"{""Cloud Computing""}",False,2026-07-23 19:50:00,2026-07-23 19:50:00
462c2c93-3335-7b7e-ee59-cad04357cf15,3728beff-85a0-2c8d-a38f-3db715770238,Bachelor of Computer Science (Software Development),Swinburne University of Technology (INTI International College Subang),2.6,December 2029,1,0,1,0,Web Developer,"{""UI/UX"",""Web Development""}",False,2026-08-26 03:00:00,2026-08-26 03:00:00
69877892-1d65-19e3-c335-e611f0a91ba0,54c12a89-cc5b-df58-841b-74fb66af6ed6,Bachelor of Information Technology (Business Analytics),Swinburne University of Technology (INTI International College Subang),2.38,June 2028,2,0,0,0,Data Analyst,"{""Business Intelligence""}",True,2026-08-29 12:33:00,2026-08-29 12:33:00
1bf56c95-a7e1-9ab0-9425-b29dc4008d41,a50d01b2-1a6b-6aaf-1944-d32d43158ea8,Bachelor of Computer Science (Data Science),Swinburne University of Technology (INTI International College Subang),3.47,June 2027,3,0,3,1,Data Analyst,"{""Business Intelligence"",""Data Analytics"",""Data Science""}",True,2026-08-29 16:35:00,2026-08-29 16:35:00
00aaf1bb-7201-dad7-0f3b-fd628fb1c751,fdfc829c-9414-65a6-f9bc-ed311158d4a4,Bachelor of Computer Science (Artificial Intelligence),Swinburne University of Technology (INTI International College Subang),2.47,December 2027,3,0,0,0,Data Analyst,"{""Data Analytics"",""Data Science"",""Business Intelligence""}",True,2026-07-19 06:09:00,2026-07-19 06:09:00
a2e0f852-b2bd-4452-04bf-be6a353ca07e,5d9d1b71-7cfd-ef7e-8e1a-3a26e907799c,Bachelor of Software Engineering,Swinburne University of Technology (INTI International College Subang),3.61,June 2027,3,1,2,1,Software Developer,"{""Backend Development"",""Mobile Development"",""Software Engineering""}",True,2026-08-05 04:58:00,2026-08-05 04:58:00
b1c4ef50-4eea-7844-2394-38b7e7763526,72cf1873-a69f-d885-e572-416e64a53f5e,Bachelor of Software Engineering,Swinburne University of Technology (INTI International College Subang),3.46,December 2027,4,1,1,2,Software Developer,"{""Backend Development""}",True,2026-09-18 21:16:00,2026-09-18 21:16:00
da4dd3c5-1b1c-8af3-a615-217d55b9998e,e8d5d6af-9a75-a68b-6d6a-093b0a55d075,Bachelor of Information Technology,Swinburne University of Technology (INTI International College Subang),3.63,December 2029,1,0,2,2,Software Developer,"{""Backend Development"",""Software Engineering"",""Mobile Development""}",True,2026-08-21 07:07:00,2026-08-21 07:07:00
842e5527-b16a-d616-5ea9-edb3cf9793e3,2d2b3dc4-33aa-8609-2c24-3e06b78063e1,Bachelor of Information Technology,Swinburne University of Technology (INTI International College Subang),3.1,June 2026,4,1,0,1,Cloud Engineer,"{""DevOps"",""Cloud Computing"",""Infrastructure""}",True,2026-08-14 19:53:00,2026-08-14 19:53:00
b8f0aea6-d26b-1581-2447-367ac04c5594,e23528ec-a22d-17b5-0d21-704663721cf1,Bachelor of Information Technology (Business Analytics),Swinburne University of Technology (INTI International College Subang),3.17,June 2027,3,0,1,0,Data Analyst,"{""Business Intelligence""}",True,2026-08-12 18:48:00,2026-08-12 18:48:00
a5412d3b-09f6-269a-bf62-ca27f7661dec,a242e494-9ca8-764f-c3ec-99dd98628425,Bachelor of Computer Science (Data Science),Swinburne University of Technology (INTI International College Subang),2.81,June 2026,4,0,4,0,Data Analyst,"{""Data Analytics"",""Data Science""}",True,2026-09-15 01:57:00,2026-09-15 01:57:00
11a0d06c-6be0-a953-29f3-2051b95a4616,d6ea6776-784a-40f5-6c4e-714455988a6b,Bachelor of Information Technology (Network Security),Swinburne University of Technology (INTI International College Subang),3.02,December 2029,1,0,0,1,Cloud Engineer,"{""Cloud Computing""}",True,2026-07-25 05:03:00,2026-07-25 05:03:00
ed1d1ea9-ce7f-41fb-e7d8-6b10bb3abc80,146655e3-9fc7-88a8-c9aa-e32b5d7e782e,Bachelor of Information Technology,Swinburne University of Technology (INTI International College Subang),2.46,December 2027,3,1,1,0,Web Developer,"{""UI/UX""}",False,2026-08-04 20:36:00,2026-08-04 20:36:00
6c9ea692-334c-0920-3f94-3466091024e7,7bdf1628-4d5e-1a5a-66fc-e4b091843f42,Bachelor of Computer Science (Cloud Computing),Swinburne University of Technology (INTI International College Subang),2.94,December 2029,1,0,2,1,Cloud Engineer,"{""Cloud Computing"",""Infrastructure"",""DevOps""}",True,2026-07-26 14:19:00,2026-07-26 14:19:00
0f1a616f-12c9-543f-214d-b1a615e9c8ff,43d07ee1-e35f-8476-0e7d-3ba24a0699bf,Bachelor of Information Technology,Swinburne University of Technology (INTI International College Subang),2.12,June 2027,4,1,2,0,Software Developer,"{""Mobile Development""}",False,2026-07-10 09:59:00,2026-07-10 09:59:00
2a2c750c-1d40-6357-814c-31b2aed99198,9c74c944-9857-448c-cfb3-cf0f0696ea5d,Bachelor of Computer Science (Cybersecurity),Swinburne University of Technology (INTI International College Subang),2.22,June 2027,3,0,1,0,Cybersecurity Analyst,"{""Digital Forensics""}",False,2026-09-14 13:37:00,2026-09-14 13:37:00
b1d250bc-b742-7eb6-154f-82435bc75849,a20fcc8f-391c-3290-cad9-7d499c13f552,Bachelor of Computer Science (Artificial Intelligence),Swinburne University of Technology (INTI International College Subang),3.78,June 2027,3,1,3,1,Data Analyst,"{""Business Intelligence"",""Data Science""}",True,2026-07-29 15:31:00,2026-07-29 15:31:00
32f6a44a-deec-a657-a445-86ea56c81807,7e638fb0-d362-e7f0-3032-cca847719069,Bachelor of Information Technology,Swinburne University of Technology (INTI International College Subang),2.51,June 2027,3,0,1,0,Cloud Engineer,"{""Cloud Computing"",""DevOps"",""Infrastructure""}",True,2026-07-17 15:03:00,2026-07-17 15:03:00
7fa9aae9-04ba-dcf4-9000-72e315991dbf,6609b9a1-668a-631f-e2f9-d4701d201476,Bachelor of Computer Science (Software Development),Swinburne University of Technology (INTI International College Subang),2.45,June 2028,2,0,2,0,Web Developer,"{""Web Development""}",True,2026-08-03 19:39:00,2026-08-03 19:39:00
2a7b0c8f-97f8-b7d9-eeb7-61db49173d53,28900a61-0355-d77f-041b-09fa928a81ff,Bachelor of Computer Science (Artificial Intelligence),Swinburne University of Technology (INTI International College Subang),3.93,June 2028,2,0,2,0,Data Scientist,"{""Artificial Intelligence""}",True,2026-07-26 19:04:00,2026-07-26 19:04:00
e2302224-250b-6c28-4ebc-a2d6b55f1265,e7fb3763-c0b5-13a7-7dcf-e169a68e0207,Bachelor of Software Engineering,Swinburne University of Technology (INTI International College Subang),2.99,June 2026,4,1,2,1,Web Developer,"{""Frontend Development"",""Web Development""}",True,2026-07-30 02:57:00,2026-07-30 02:57:00
f6d000dd-6e79-7647-c581-a359a516198f,d023bce2-cc31-d366-5b27-e6d7d185ef8c,Bachelor of Computer Science (Data Science),Swinburne University of Technology (INTI International College Subang),2.96,June 2028,2,0,3,0,Data Scientist,"{""Data Science""}",True,2026-08-19 01:20:00,2026-08-19 01:20:00
102478ac-328e-99cd-7ec8-6fd6b8f57bcf,870ce744-bdf7-288b-3c0b-442315f7347d,Bachelor of Computer Science (Artificial Intelligence),Swinburne University of Technology (INTI International College Subang),2.55,December 2027,4,1,3,1,Data Analyst,"{""Data Science"",""Business Intelligence""}",True,2026-09-12 08:34:00,2026-09-12 08:34:00
c1aeebca-da38-38bb-c351-999e9222a5de,d95cf8dd-5bb0-b9b5-9af5-26c9ab247e73,Bachelor of Software Engineering,Swinburne University of Technology (INTI International College Subang),2.6,December 2026,4,0,3,0,Software Developer,"{""Mobile Development"",""Software Engineering""}",True,2026-07-14 08:59:00,2026-07-14 08:59:00
c4cf769e-b363-8c5a-cdc9-62721449603c,045684cb-8553-d40c-6b87-013bdec38c04,Bachelor of Computer Science (Data Science),Swinburne University of Technology (INTI International College Subang),2.8,December 2029,1,0,1,2,Data Scientist,"{""Artificial Intelligence""}",False,2026-07-31 23:12:00,2026-07-31 23:12:00
4eea696c-ed54-3aa0-2c3b-e788beb98ddb,6e9ab167-f719-6e78-5809-0bcfc565566a,Bachelor of Information Technology (Business Analytics),Swinburne University of Technology (INTI International College Subang),3.41,December 2027,4,1,4,1,Data Analyst,"{""Data Science"",""Business Intelligence""}",True,2026-09-08 09:35:00,2026-09-08 09:35:00
45856270-140c-9b0d-6e6d-d4635c73e1ed,d784ac38-52bc-a90d-2567-533a629b9fc9,Bachelor of Information Technology,Swinburne University of Technology (INTI International College Subang),2.66,June 2029,1,0,0,1,Cloud Engineer,"{""Infrastructure"",""DevOps""}",True,2026-09-09 00:12:00,2026-09-09 00:12:00
54d3edb4-2703-fb66-65b2-5d353b3f3679,8b1c49cb-6f9d-3fe4-1195-81d3a41da450,Bachelor of Computer Science (Cloud Computing),Swinburne University of Technology (INTI International College Subang),3.55,December 2029,1,0,3,2,Cloud Engineer,"{""DevOps"",""Cloud Computing"",""Infrastructure""}",True,2026-09-01 15:06:00,2026-09-01 15:06:00
2f1b8c90-a28f-3731-5b2e-a9d6c7eaf180,f2e5205b-a87d-56c7-0c37-9bc0506df86a,Bachelor of Computer Science (Software Development),Swinburne University of Technology (INTI International College Subang),3.47,December 2026,4,0,4,1,Web Developer,"{""Frontend Development"",""UI/UX""}",True,2026-07-20 01:30:00,2026-07-20 01:30:00
84386aaf-a3fd-8f6f-1a33-47cba3dca0c6,a24e7647-a468-725d-3e0a-e56ffcd81879,Bachelor of Information Technology,Swinburne University of Technology (INTI International College Subang),3.6,December 2028,2,0,3,1,Web Developer,"{""Web Development"",""Frontend Development""}",True,2026-08-24 01:54:00,2026-08-24 01:54:00
40e00833-8514-0240-8a7f-81ddea4f5853,55f76709-fb1e-8701-c49f-3610b8873754,Bachelor of Information Technology,Swinburne University of Technology (INTI International College Subang),4.0,December 2028,2,0,3,2,Cloud Engineer,"{""Infrastructure"",""Cloud Computing""}",True,2026-07-28 22:32:00,2026-07-28 22:32:00
a6319b8e-a603-8076-c202-0122a9789239,6d615c08-db78-1942-9c57-f9d8f71473f0,Bachelor of Information Technology (Business Analytics),Swinburne University of Technology (INTI International College Subang),3.88,June 2029,1,0,3,2,Data Analyst,"{""Data Science""}",True,2026-08-03 19:01:00,2026-08-03 19:01:00
7fadd0bc-2865-c565-4291-4a5253e601ac,92116260-dfc0-bf10-4740-143d9f420db4,Bachelor of Information Technology (Network Security),Swinburne University of Technology (INTI International College Subang),3.06,June 2026,4,1,1,0,Cloud Engineer,"{""Cloud Computing""}",True,2026-08-01 17:24:00,2026-08-01 17:24:00
c7dba592-fd1a-b6b5-b3ca-a376d09795e3,5697a811-6506-986f-aa44-1b64b4621383,Bachelor of Information Technology (Business Analytics),Swinburne University of Technology (INTI International College Subang),3.51,June 2027,4,1,4,2,Data Analyst,"{""Data Analytics"",""Data Science""}",True,2026-07-23 19:06:00,2026-07-23 19:06:00
efd13d60-3e3c-54d1-360f-b1f2fdb59d06,dd87a6eb-42ae-1166-df23-4ac55bc7ff7e,Bachelor of Software Engineering,Swinburne University of Technology (INTI International College Subang),3.66,December 2027,3,1,3,1,Web Developer,"{""UI/UX"",""Web Development""}",True,2026-08-08 12:40:00,2026-08-08 12:40:00
7a0d5ff9-60ee-552c-d86b-ed9a202de51c,774f88d0-df7f-f285-9a5e-95183a08a5ac,Bachelor of Information Technology,Swinburne University of Technology (INTI International College Subang),3.13,December 2027,3,1,2,0,Cloud Engineer,"{""DevOps"",""Cloud Computing"",""Infrastructure""}",True,2026-08-24 05:06:00,2026-08-24 05:06:00
fa923fde-df89-7a84-b8e2-c5e24f5d9769,409f77b1-5b31-6f5c-123b-fc2ce921f23d,Bachelor of Computer Science (Data Science),Swinburne University of Technology (INTI International College Subang),3.4,December 2027,3,0,3,1,Data Scientist,"{""Artificial Intelligence"",""Machine Learning"",""Data Science""}",True,2026-09-13 22:42:00,2026-09-13 22:42:00
355d3715-16d5-86c1-4b6a-24ad234bf2fe,8f24b037-0d95-d9a7-cabf-65e43328139c,Bachelor of Information Technology,Swinburne University of Technology (INTI International College Subang),3.13,December 2027,3,0,3,0,Software Developer,"{""Backend Development"",""Software Engineering""}",True,2026-08-22 07:35:00,2026-08-22 07:35:00
e51d86f2-856c-df86-2370-c9e97ab09e1b,c460fb27-5d7e-da01-acc5-26059f41ebfb,Bachelor of Computer Science (Artificial Intelligence),Swinburne University of Technology (INTI International College Subang),3.04,June 2027,3,1,3,1,Data Scientist,"{""Machine Learning""}",True,2026-08-13 17:02:00,2026-08-13 17:02:00
290e9997-6afb-0cf2-4921-c5857d35c657,2a0b22ab-e7f6-405c-1e3a-75532c9dd59a,Bachelor of Information Technology (Network Security),Swinburne University of Technology (INTI International College Subang),2.6,December 2027,3,0,1,1,Cybersecurity Analyst,"{""Digital Forensics""}",False,2026-08-08 21:26:00,2026-08-08 21:26:00
4bb64f5a-b74d-79e0-081b-0b205f0c3ee5,8128ed78-2efc-7c5a-d426-87aad1a3af66,Bachelor of Information Technology,Swinburne University of Technology (INTI International College Subang),2.85,June 2026,4,0,2,2,Software Developer,"{""Mobile Development""}",True,2026-08-12 09:00:00,2026-08-12 09:00:00
2c8fbe55-7164-92ba-8c14-a123771844b2,d549eee9-0939-f12a-91fd-788a457ca8bc,Bachelor of Information Technology,Swinburne University of Technology (INTI International College Subang),3.05,June 2028,2,0,2,1,Cloud Engineer,"{""DevOps"",""Cloud Computing"",""Infrastructure""}",True,2026-08-09 13:04:00,2026-08-09 13:04:00
a13fe1be-16ac-56d0-840f-c16f8fa84ec0,1ced72c8-00b2-2818-dee6-ac4c7f7dbc0a,Bachelor of Information Technology,Swinburne University of Technology (INTI International College Subang),3.32,December 2027,3,0,3,2,Web Developer,"{""Web Development""}",True,2026-07-30 16:58:00,2026-07-30 16:58:00
d1328e84-aaf6-267b-567d-589ba2d9cd29,a2ffddf1-b812-a199-48d3-915f6ec5ee8c,Bachelor of Computer Science (Cybersecurity),Swinburne University of Technology (INTI International College Subang),3.21,June 2027,3,1,1,2,Cybersecurity Analyst,"{""Network Security"",""Cybersecurity""}",True,2026-07-17 12:58:00,2026-07-17 12:58:00
86ed18f2-da10-3739-341c-aa81b771abff,00624de5-cbb7-882c-fd03-87a0c336b2a4,Bachelor of Computer Science (Software Development),Swinburne University of Technology (INTI International College Subang),3.58,June 2029,1,0,1,0,Software Developer,"{""Backend Development"",""Mobile Development"",""Software Engineering""}",False,2026-08-07 01:12:00,2026-08-07 01:12:00
a01d3239-20ab-96a9-71df-2c8d9885adb1,c4c6774f-194a-5e83-b658-707774288600,Bachelor of Computer Science (Software Development),Swinburne University of Technology (INTI International College Subang),3.1,December 2028,2,0,1,1,Software Developer,"{""Backend Development"",""Mobile Development""}",True,2026-07-28 15:19:00,2026-07-28 15:19:00
3d39451b-4fef-f537-dc66-a4dd78b2ae15,594bcf66-8995-e6ad-c01a-48b169376c46,Bachelor of Software Engineering,Swinburne University of Technology (INTI International College Subang),2.99,June 2027,4,1,1,0,Software Developer,"{""Mobile Development"",""Backend Development""}",True,2026-09-09 18:13:00,2026-09-09 18:13:00
c1be9c4b-b95c-1497-4b53-aa96248fae82,c191a347-2a87-3359-f08f-7f8b55d87b0f,Bachelor of Information Technology (Network Security),Swinburne University of Technology (INTI International College Subang),2.28,June 2028,2,0,1,1,Cybersecurity Analyst,"{""Network Security""}",True,2026-09-15 23:34:00,2026-09-15 23:34:00
0fcd96d9-53ea-e349-872a-fef3ac01316d,e2de3b2a-7ea7-ae96-fac3-dc8f95cf23f1,Bachelor of Computer Science (Data Science),Swinburne University of Technology (INTI International College Subang),2.58,June 2027,4,1,2,0,Data Analyst,"{""Data Analytics""}",False,2026-08-26 01:25:00,2026-08-26 01:25:00
75788cd5-d560-8029-697f-ec0f43b4e0b9,876e4f34-19f1-833c-75bc-54439e7dea15,Bachelor of Information Technology,Swinburne University of Technology (INTI International College Subang),3.17,December 2026,4,0,1,1,Cloud Engineer,"{""Infrastructure""}",False,2026-08-30 16:22:00,2026-08-30 16:22:00
050f08a6-7c14-1e97-dfd4-e0c2e5f33e3d,101b14a7-1bc9-c92b-2556-ada07231720f,Bachelor of Computer Science (Artificial Intelligence),Swinburne University of Technology (INTI International College Subang),3.59,December 2028,2,0,3,2,Data Scientist,"{""Machine Learning"",""Artificial Intelligence""}",False,2026-07-20 20:09:00,2026-07-20 20:09:00
c53bd1ac-9813-1e59-c4bb-12264e1c47d7,dc7a78de-7fe7-0e69-20ca-811a4a1eb843,Bachelor of Information Technology (Network Security),Swinburne University of Technology (INTI International College Subang),3.05,June 2027,3,0,2,0,Cybersecurity Analyst,"{""Cybersecurity"",""Digital Forensics""}",True,2026-09-19 18:23:00,2026-09-19 18:23:00
e5fafaa9-33b5-cb68-6059-f8d9106fc253,c699a7f1-93ac-ce79-09ff-566c567f2fa9,Bachelor of Information Technology (Network Security),Swinburne University of Technology (INTI International College Subang),2.75,June 2026,4,1,1,0,Cybersecurity Analyst,"{""Digital Forensics"",""Network Security"",""Cybersecurity""}",False,2026-08-17 23:59:00,2026-08-17 23:59:00
ecff1f17-2fe8-1dae-2db2-b1118b0f2649,96f0226b-f14e-b339-8e4c-5da3905d27a2,Bachelor of Information Technology (Network Security),Swinburne University of Technology (INTI International College Subang),2.86,June 2029,1,0,1,0,Cybersecurity Analyst,"{""Network Security""}",True,2026-08-05 14:10:00,2026-08-05 14:10:00
6dc1eb13-56fc-b115-1627-b7b9563f393b,1fd4322e-2d25-d10b-a1c9-57469028121e,Bachelor of Software Engineering,Swinburne University of Technology (INTI International College Subang),3.09,June 2029,1,0,3,0,Software Developer,"{""Software Engineering""}",True,2026-09-10 01:14:00,2026-09-10 01:14:00
d1b3f6b1-6d73-4f93-16c6-8aada8bfb083,983de328-2505-6cd6-2bf5-d1b2ddf1aea6,Bachelor of Computer Science (Data Science),Swinburne University of Technology (INTI International College Subang),3.11,June 2027,3,0,1,1,Data Scientist,"{""Machine Learning""}",True,2026-07-09 00:01:00,2026-07-09 00:01:00
88c6f51b-9c40-00ae-f41e-7b9e1b14b563,db22e3dd-d74c-5866-8f1c-b614386b35a1,Bachelor of Software Engineering,Swinburne University of Technology (INTI International College Subang),3.14,June 2028,2,0,0,1,Web Developer,"{""Frontend Development"",""UI/UX"",""Web Development""}",True,2026-07-13 23:06:00,2026-07-13 23:06:00
83e9859f-1d6a-1c2a-2474-faaf89f1cc00,40c12f43-b577-dd1b-4df8-153950b7b9b7,Bachelor of Computer Science (Artificial Intelligence),Swinburne University of Technology (INTI International College Subang),3.23,June 2027,3,0,2,0,Data Scientist,"{""Data Science""}",True,2026-09-18 04:02:00,2026-09-18 04:02:00
af26365a-bc6a-e409-7a33-e6262ee4ab9d,82da33fd-c15b-25f2-bcb0-0cfc55d84fa3,Bachelor of Software Engineering,Swinburne University of Technology (INTI International College Subang),2.64,June 2028,2,0,1,0,Software Developer,"{""Backend Development""}",False,2026-07-18 10:48:00,2026-07-18 10:48:00
18bd689c-1802-1fa0-42f3-707a23ca9cae,ea75fc83-511d-4c32-e0d3-bb500cb91056,Bachelor of Computer Science (Software Development),Swinburne University of Technology (INTI International College Subang),3.66,June 2028,2,0,2,2,Software Developer,"{""Mobile Development"",""Software Engineering"",""Backend Development""}",True,2026-08-26 22:53:00,2026-08-26 22:53:00
e4b4a59d-5735-025f-b562-a92314b654c4,222544b8-c457-0192-8abf-5472447f3b22,Bachelor of Information Technology,Swinburne University of Technology (INTI International College Subang),2.59,December 2027,3,1,3,1,Web Developer,"{""Web Development"",""UI/UX"",""Frontend Development""}",True,2026-07-04 01:44:00,2026-07-04 01:44:00
c0a18525-4e50-0c39-64ab-0c196beb8c0f,29e37c0f-235c-12e3-1376-610a423920d1,Bachelor of Information Technology (Network Security),Swinburne University of Technology (INTI International College Subang),3.39,December 2027,4,1,2,1,Cloud Engineer,"{""DevOps"",""Cloud Computing"",""Infrastructure""}",False,2026-09-12 18:35:00,2026-09-12 18:35:00
f63a5201-69ce-ba2d-da76-bedd89cdd093,c617c05b-ce79-3f06-71bc-1735fb1e5879,Bachelor of Computer Science (Data Science),Swinburne University of Technology (INTI International College Subang),3.11,June 2027,3,0,3,2,Data Analyst,"{""Data Science"",""Data Analytics"",""Business Intelligence""}",False,2026-08-31 11:34:00,2026-08-31 11:34:00
