cert_id,profile_id,cert_name,issuer,issue_date,expiry_date,credential_url,created_at
f16287e4-e9c3-49e0-3602-f8ac10f1bc81,bd9c66b3-ad3c-2d6d-1a3d-1fa7bc8960a9,Google Data Analytics Professional Certificate,Google / Coursera,2025-11-01,,https://www.coursera.org/professional-certificates/google-data-analytics,2026-07-13 05:09:00
654821d0-7fcd-9eb1-a7ca-d415366eb16f,bd9c66b3-ad3c-2d6d-1a3d-1fa7bc8960a9,Machine Learning Specialization,DeepLearning.AI / Coursera,2025-09-14,,https://www.coursera.org/specializations/machine-learning-introduction,2026-07-13 05:09:00
1d9af659-82ec-9f2d-fbf6-e16f9b3080d5,26286bfb-e767-dcea-b0e6-a969e21342b0,PCEP – Certified Entry-Level Python Programmer,Python Institute,2025-05-13,,https://pythoninstitute.org/pcep,2026-09-09 14:03:00
63b4c08b-6b8e-869f-d538-5b0e34f3193c,cdda24ba-2d06-e8cf-3805-f9076cd66193,Meta Back-End Developer Professional Certificate,Meta / Coursera,2026-07-02,,https://www.coursera.org/professional-certificates/meta-back-end-developer,2026-09-06 00:51:00
859131d2-bbda-0242-2d17-4fc96f7c15ea,4094dded-6beb-ac31-d4f8-fd72f3821cfd,Meta Back-End Developer Professional Certificate,Meta / Coursera,2025-09-23,,https://www.coursera.org/professional-certificates/meta-back-end-developer,2026-08-14 16:39:00
7914f8a8-bea4-ff31-5174-00f80b2c782a,ed7bf656-218a-1536-8c99-a894445dcc38,Machine Learning Specialization,DeepLearning.AI / Coursera,2024-04-13,,https://www.coursera.org/specializations/machine-learning-introduction,2026-07-05 06:30:00
43b38eb4-0390-2c5d-6502-d6a2ca6a2224,4c955f6a-966b-1964-fcd6-bdca5876fd09,Meta Back-End Developer Professional Certificate,Meta / Coursera,2026-01-30,,https://www.coursera.org/professional-certificates/meta-back-end-developer,2026-08-08 15:47:00
93f277cc-1a85-910d-5a05-7c114ffca6b1,ddf275eb-e8a3-f341-c881-9065ba2c98ce,Machine Learning Specialization,DeepLearning.AI / Coursera,2024-11-26,,https://www.coursera.org/specializations/machine-learning-introduction,2026-08-31 22:42:00
c4f9eccd-7630-a8a7-70ca-fdd8fc043f08,f6e39356-a814-9562-da00-3f16b9469bcf,PCEP – Certified Entry-Level Python Programmer,Python Institute,2025-10-14,,https://pythoninstitute.org/pcep,2026-07-20 20:22:00
f75d599f-6b2d-5b09-8707-9ad480be7e35,f6e39356-a814-9562-da00-3f16b9469bcf,Machine Learning Specialization,DeepLearning.AI / Coursera,2026-01-19,,https://www.coursera.org/specializations/machine-learning-introduction,2026-07-20 20:22:00
c74cc890-3c6a-3174-1136-34a520509c62,2ea9c542-a1b9-70d0-7a81-04deb20507bb,Splunk Core Certified User,Splunk,2026-07-16,,https://www.splunk.com/en_us/training/certification-track/splunk-core-certified-user.html,2026-08-07 15:52:00
084a6780-9136-f1f8-f310-46dc6202bee6,2ea9c542-a1b9-70d0-7a81-04deb20507bb,Certified Ethical Hacker (CEH),EC-Council,2026-01-29,2029-01-28,https://www.eccouncil.org/train-certify/certified-ethical-hacker-ceh/,2026-08-07 15:52:00
225aed6c-f045-8043-e3a6-8a707e710b55,585abefb-d181-2f77-6500-1423faebcd19,Elements of AI,University of Helsinki,2025-11-07,,https://www.elementsofai.com/,2026-07-19 18:54:00
d18183d1-ac2b-0cfc-c5c5-1060991121e7,f6ba745b-a558-71e3-bab2-b77dfa740cc8,"Oracle Certified Associate, Java SE Programmer",Oracle,2025-10-11,,https://education.oracle.com/,2026-08-18 21:49:00
67f1698c-f594-8a54-5f80-4eeb143a9aff,ea11905b-51fa-cefa-d6f8-9f7ac2fa1da8,IBM Data Science Professional Certificate,IBM / Coursera,2024-05-12,,https://www.coursera.org/professional-certificates/ibm-data-science,2026-07-07 04:12:00
bc20b9f2-4a9c-589e-51b3-0182f7fe604f,72e76b51-6e54-ac6d-2ff8-e87e16591c89,HashiCorp Certified: Terraform Associate,HashiCorp,2024-05-09,2027-05-09,https://developer.hashicorp.com/certifications/infrastructure-automation,2026-07-12 21:04:00
a1fd4187-9c3a-1e0b-b5f3-f8aadc6dafff,7c0f549d-0274-0f73-f3ab-ea0d5be9fdb3,Docker Certified Associate,Docker / Mirantis,2024-08-14,,https://training.mirantis.com/,2026-09-04 07:17:00
34e50699-c8eb-e27a-23a4-e70e9dbc15c0,7c0f549d-0274-0f73-f3ab-ea0d5be9fdb3,Meta Back-End Developer Professional Certificate,Meta / Coursera,2025-08-28,,https://www.coursera.org/professional-certificates/meta-back-end-developer,2026-09-04 07:17:00
b89f3a92-999a-1d86-99db-13028dab66d3,6576a410-0d41-ee47-2a5f-da18a61f0b96,Microsoft Certified: Azure Fundamentals (AZ-900),Microsoft,2026-03-28,,https://learn.microsoft.com/en-us/credentials/certifications/azure-fundamentals/,2026-07-12 12:14:00
cf133b65-d450-afa2-d8e7-0aebe7b33085,95af6d0c-c528-5425-c7a9-f33c22d839d3,IBM Data Science Professional Certificate,IBM / Coursera,2026-04-30,,https://www.coursera.org/professional-certificates/ibm-data-science,2026-08-28 00:54:00
13eb22c9-bece-d21a-54c7-743b2401342a,b4157cea-0738-8ba4-9770-a3dbe9fa97e2,Google Cloud Digital Leader,Google Cloud,2023-10-21,2026-10-20,https://cloud.google.com/learn/certification/cloud-digital-leader,2026-09-11 15:25:00
b0c58278-54dc-cba5-e103-5e1ce3bb22ae,4c819260-79ec-533c-3c53-090ee1b41171,Microsoft Certified: Power BI Data Analyst Associate (PL-300),Microsoft,2024-05-14,,https://learn.microsoft.com/en-us/credentials/certifications/data-analyst-associate/,2026-09-13 02:38:00
8c1ab2c7-1fa3-ed1f-6158-4f8871be94c3,1689e0b8-c79d-db62-c379-44c1c90394ea,Google Cloud Digital Leader,Google Cloud,2024-04-01,2027-04-01,https://cloud.google.com/learn/certification/cloud-digital-leader,2026-08-21 23:38:00
75873920-142e-3df0-3c28-f5dcd12daea8,66995af5-1d24-181c-2ed0-87d457bcad3a,CompTIA Security+,CompTIA,2024-04-29,2027-04-29,https://www.comptia.org/certifications/security,2026-08-20 08:32:00
6090103c-1e8d-f8ad-838b-77adbc2e2b59,88addab1-d765-4a18-e4d4-66ebbf74531c,Google Data Analytics Professional Certificate,Google / Coursera,2026-05-06,,https://www.coursera.org/professional-certificates/google-data-analytics,2026-09-05 12:38:00
8db3c2c1-02da-bd76-f310-2525f5179e72,c5f833cf-f4ce-8477-f8bc-a9ac2ada62ce,Machine Learning Specialization,DeepLearning.AI / Coursera,2024-06-29,,https://www.coursera.org/specializations/machine-learning-introduction,2026-07-28 07:52:00
98be5ff0-929d-af9f-0149-a2af0ab1a504,c5f833cf-f4ce-8477-f8bc-a9ac2ada62ce,Certified Kubernetes Administrator (CKA),CNCF / Linux Foundation,2025-11-23,2028-11-22,https://training.linuxfoundation.org/certification/certified-kubernetes-administrator-cka/,2026-07-28 07:52:00
4359ff43-1067-93b6-1690-636b6f74e55d,c4c7aab4-ca20-508d-7b6c-7129cd638ba8,Meta Back-End Developer Professional Certificate,Meta / Coursera,2025-09-29,,https://www.coursera.org/professional-certificates/meta-back-end-developer,2026-07-13 23:31:00
b9787c4b-09aa-5570-9be9-50c7147d7bfc,c4c7aab4-ca20-508d-7b6c-7129cd638ba8,Microsoft Office Specialist: Excel Associate,Microsoft,2026-01-25,,https://learn.microsoft.com/en-us/credentials/,2026-07-13 23:31:00
71e15b9f-8c6d-768e-45bc-f3baef52d36e,ac565da6-5339-1df4-5ae8-6d1848dc1e26,Meta Back-End Developer Professional Certificate,Meta / Coursera,2025-01-26,,https://www.coursera.org/professional-certificates/meta-back-end-developer,2026-08-19 05:56:00
f5b70dd9-728f-5897-73d0-b6c7f62ecf88,08252b39-1947-ea42-310d-c9d17c413a2a,PCEP – Certified Entry-Level Python Programmer,Python Institute,2024-07-26,,https://pythoninstitute.org/pcep,2026-09-19 08:56:00
f4672866-ed56-a2a0-2d54-ff2b10ee4f77,eedb0ce5-a7fe-cdcd-2528-b516c521ff2e,Docker Certified Associate,Docker / Mirantis,2026-01-05,,https://training.mirantis.com/,2026-09-07 13:02:00
dde4f5c1-532c-5c01-b017-c5337d6ce5c3,eedb0ce5-a7fe-cdcd-2528-b516c521ff2e,Google Cybersecurity Professional Certificate,Google / Coursera,2024-11-09,,https://www.coursera.org/professional-certificates/google-cybersecurity,2026-09-07 13:02:00
0c8d51d2-1673-aefb-eb9e-54e054c3b22e,400564b8-1716-03b1-7466-1e6fe1eeb1f1,AWS Certified Solutions Architect – Associate,Amazon Web Services,2024-11-29,2027-11-29,https://aws.amazon.com/certification/certified-solutions-architect-associate/,2026-07-12 12:53:00
ac0e1f71-294d-43ed-2da1-afdafe656dcc,400564b8-1716-03b1-7466-1e6fe1eeb1f1,Google Cloud Digital Leader,Google Cloud,2024-04-01,2027-04-01,https://cloud.google.com/learn/certification/cloud-digital-leader,2026-07-12 12:53:00
abcec90f-70ec-f41b-c5d5-601651b3ccf5,d7a7e7b1-88c6-2063-a063-03ca600fc79c,IBM Data Science Professional Certificate,IBM / Coursera,2025-11-03,,https://www.coursera.org/professional-certificates/ibm-data-science,2026-07-25 05:18:00
61ae3f21-67f1-c18b-61fe-800ab636cc4c,d635212d-92fe-00e8-b63f-a809ee4d0dec,Meta Front-End Developer Professional Certificate,Meta / Coursera,2024-10-20,,https://www.coursera.org/professional-certificates/meta-front-end-developer,2026-08-29 20:06:00
797eb3e4-63db-a8c8-b4a2-b699aefa823b,42ac66dc-904f-0df7-c8f7-2c2dba1ad160,Microsoft Office Specialist: Excel Associate,Microsoft,2026-01-20,,https://learn.microsoft.com/en-us/credentials/,2026-07-23 04:33:00
6a8d8a70-48a2-a172-e30c-dee297feb937,f0a9b97f-7557-c28c-85eb-2b3faad53fb8,Microsoft Certified: Azure Fundamentals (AZ-900),Microsoft,2025-09-03,,https://learn.microsoft.com/en-us/credentials/certifications/azure-fundamentals/,2026-07-30 11:27:00
5d2e7b90-acb6-0e81-e8f6-0796f200a32c,38efa3bc-9457-f388-6f2a-ec8a53c9aacb,Microsoft Certified: Power BI Data Analyst Associate (PL-300),Microsoft,2023-09-13,,https://learn.microsoft.com/en-us/credentials/certifications/data-analyst-associate/,2026-09-14 14:05:00
b023dbc3-2471-a957-b1b9-fd9ddb583dd9,6b65450b-5c75-352c-45cd-b96b0d8a16f3,Google Data Analytics Professional Certificate,Google / Coursera,2025-11-12,,https://www.coursera.org/professional-certificates/google-data-analytics,2026-08-08 03:04:00
7dd19b8f-2a05-5b69-b4c0-4bdfe27bb6c4,ecdfd364-bdce-7f65-1a0a-7680fa42156e,Meta Front-End Developer Professional Certificate,Meta / Coursera,2025-09-26,,https://www.coursera.org/professional-certificates/meta-front-end-developer,2026-07-22 11:12:00
1ee26f39-eed4-db89-8010-4995bc06e86b,d488edff-dc35-2577-5193-412d6906d118,Google Data Analytics Professional Certificate,Google / Coursera,2024-12-26,,https://www.coursera.org/professional-certificates/google-data-analytics,2026-07-27 23:04:00
c66dfe25-f31d-de25-9496-634fd438231d,d488edff-dc35-2577-5193-412d6906d118,Certified Kubernetes Administrator (CKA),CNCF / Linux Foundation,2024-09-21,2027-09-21,https://training.linuxfoundation.org/certification/certified-kubernetes-administrator-cka/,2026-07-27 23:04:00
34e420bf-db38-f306-6e6a-3d5b2154be4a,2f098f4d-a43f-683a-a431-01e40d565923,Google Data Analytics Professional Certificate,Google / Coursera,2024-06-11,,https://www.coursera.org/professional-certificates/google-data-analytics,2026-08-21 15:49:00
6b17bd75-307a-1acb-ad5c-3c49ba098a27,2f098f4d-a43f-683a-a431-01e40d565923,IBM Data Science Professional Certificate,IBM / Coursera,2024-12-31,,https://www.coursera.org/professional-certificates/ibm-data-science,2026-08-21 15:49:00
5e44b774-cf9d-539c-6c2b-5781c1a95ee2,a0dbfca2-743c-fb6b-7ad7-c891a8d791b6,Google Cybersecurity Professional Certificate,Google / Coursera,2026-06-17,,https://www.coursera.org/professional-certificates/google-cybersecurity,2026-09-16 07:27:00
4d3129b3-e187-8e93-3281-f976c680a2e5,7107514f-b54a-31ba-4ac8-927eba751921,PCEP – Certified Entry-Level Python Programmer,Python Institute,2024-04-26,,https://pythoninstitute.org/pcep,2026-08-16 20:25:00
3ecb1bd6-34af-a2e1-c968-e8ee4663f1a1,fdb37e45-4e0f-89b9-5f18-7c021e245a97,HashiCorp Certified: Terraform Associate,HashiCorp,2026-07-24,2029-07-23,https://developer.hashicorp.com/certifications/infrastructure-automation,2026-07-04 13:52:00
3d051bf4-793c-4fbf-1b9b-71f03f4574d4,463a5bb6-c841-b6a8-ba99-1da085e89165,"Oracle Certified Associate, Java SE Programmer",Oracle,2025-03-08,,https://education.oracle.com/,2026-09-17 17:37:00
2c94df5a-48ba-d5fb-32a4-a8a432f9b771,835c3541-6f93-be2a-95a3-40d94fc9663f,Certified Kubernetes Administrator (CKA),CNCF / Linux Foundation,2026-06-03,2029-06-02,https://training.linuxfoundation.org/certification/certified-kubernetes-administrator-cka/,2026-08-15 19:37:00
8ef65ee8-da5a-8bc3-7331-5c49704d628f,7f5efb6b-cdf4-0137-5e15-433b68b1211a,Meta Front-End Developer Professional Certificate,Meta / Coursera,2025-12-31,,https://www.coursera.org/professional-certificates/meta-front-end-developer,2026-07-24 00:04:00
38583966-7572-56f6-3677-f5b463a1bcaa,294f513f-d770-a46e-4775-d7abd2077bc4,PCEP – Certified Entry-Level Python Programmer,Python Institute,2026-07-21,,https://pythoninstitute.org/pcep,2026-07-13 15:02:00
9fb886b2-a662-cb92-4748-ffb3d0a96757,294f513f-d770-a46e-4775-d7abd2077bc4,Docker Certified Associate,Docker / Mirantis,2024-09-28,,https://training.mirantis.com/,2026-07-13 15:02:00
b040d75a-a28e-0841-7d16-5228b589717e,6c8c5d0e-3eb3-66fd-3291-bc95b8bf9cae,PCEP – Certified Entry-Level Python Programmer,Python Institute,2025-02-27,,https://pythoninstitute.org/pcep,2026-08-07 04:40:00
644d852c-ba36-96cc-7ccd-1ac6db55daf5,16d1d768-1c83-90ba-1672-380e4a7d6fa1,AWS Certified Solutions Architect – Associate,Amazon Web Services,2026-01-31,2029-01-30,https://aws.amazon.com/certification/certified-solutions-architect-associate/,2026-07-16 04:33:00
fdb651a6-28c0-e305-d938-7dfbe9917f60,16d1d768-1c83-90ba-1672-380e4a7d6fa1,Machine Learning Specialization,DeepLearning.AI / Coursera,2024-09-26,,https://www.coursera.org/specializations/machine-learning-introduction,2026-07-16 04:33:00
02088c91-8f90-9d9d-d23c-7585b32281f3,240f92a4-a77a-f8cb-ae74-2530ceb6bfdc,AWS Certified Solutions Architect – Associate,Amazon Web Services,2025-03-19,2028-03-18,https://aws.amazon.com/certification/certified-solutions-architect-associate/,2026-09-17 07:14:00
91f448bb-2880-2cff-6035-d9af4a68bbad,240f92a4-a77a-f8cb-ae74-2530ceb6bfdc,Certified Kubernetes Administrator (CKA),CNCF / Linux Foundation,2025-12-30,2028-12-29,https://training.linuxfoundation.org/certification/certified-kubernetes-administrator-cka/,2026-09-17 07:14:00
7657e37c-dfc8-e060-6362-95093919e3be,240f92a4-a77a-f8cb-ae74-2530ceb6bfdc,CompTIA Security+,CompTIA,2026-03-06,2029-03-05,https://www.comptia.org/certifications/security,2026-09-17 07:14:00
593acb51-178b-55e7-f406-d6e033013b08,e5dd614c-a70b-ba9c-3d5e-69df2fc2147c,HashiCorp Certified: Terraform Associate,HashiCorp,2023-11-20,2026-11-19,https://developer.hashicorp.com/certifications/infrastructure-automation,2026-08-01 21:54:00
aa810850-0342-96fa-f655-8f35244f35c6,75fa0ebe-e4e3-9c20-043f-1b5f3d958061,Microsoft Office Specialist: Excel Associate,Microsoft,2025-04-23,,https://learn.microsoft.com/en-us/credentials/,2026-09-07 00:27:00
f9705e4b-2d71-a040-0554-e88b558492ba,75fa0ebe-e4e3-9c20-043f-1b5f3d958061,IBM Data Science Professional Certificate,IBM / Coursera,2025-05-21,,https://www.coursera.org/professional-certificates/ibm-data-science,2026-09-07 00:27:00
da6415b5-c2a0-72dd-ade0-3e6c2bb4a408,75fa0ebe-e4e3-9c20-043f-1b5f3d958061,HashiCorp Certified: Terraform Associate,HashiCorp,2026-05-16,2029-05-15,https://developer.hashicorp.com/certifications/infrastructure-automation,2026-09-07 00:27:00
7b417aed-90c0-e607-4a63-3fc3d26aab27,6c2d1b96-62e0-adf7-a315-5bbbadb231a2,Microsoft Office Specialist: Excel Associate,Microsoft,2026-04-25,,https://learn.microsoft.com/en-us/credentials/,2026-08-09 05:22:00
9ca5b74f-0fda-6ca4-107a-8bccec20d201,907001b6-1ec0-9c35-7503-5829488e5bd8,Cisco Certified Network Associate (CCNA),Cisco,2024-03-25,2027-03-25,https://www.cisco.com/site/us/en/learn/training-certifications/certifications/enterprise/ccna/index.html,2026-07-06 07:01:00
ff82bf84-3e86-cc14-e3f2-df80a7bbc612,23a86b61-0f34-4fe1-c3c5-bbb5e355ce16,Microsoft Certified: Power BI Data Analyst Associate (PL-300),Microsoft,2025-09-28,,https://learn.microsoft.com/en-us/credentials/certifications/data-analyst-associate/,2026-08-01 01:50:00
a8575900-7a8c-2c36-65d7-71639b2aeea6,23a86b61-0f34-4fe1-c3c5-bbb5e355ce16,HashiCorp Certified: Terraform Associate,HashiCorp,2026-05-28,2029-05-27,https://developer.hashicorp.com/certifications/infrastructure-automation,2026-08-01 01:50:00
5366e938-343c-1752-3caa-a31e13d3c726,c5767c74-3ffb-9577-ffb1-c19215e5be78,Google Cloud Digital Leader,Google Cloud,2023-09-21,2026-09-20,https://cloud.google.com/learn/certification/cloud-digital-leader,2026-08-20 10:19:00
e037e953-6d2d-7cb9-a452-b5591246d2a5,c5767c74-3ffb-9577-ffb1-c19215e5be78,PCEP – Certified Entry-Level Python Programmer,Python Institute,2024-04-03,,https://pythoninstitute.org/pcep,2026-08-20 10:19:00
0bae4fc1-d18a-d3ca-a2e2-575356ffdb3e,bfdbb10b-b929-1d34-db6e-a0ba842ca512,Meta Back-End Developer Professional Certificate,Meta / Coursera,2025-05-11,,https://www.coursera.org/professional-certificates/meta-back-end-developer,2026-09-02 04:02:00
927a72df-f89c-ad3f-0ea6-6dbfa011b8d8,965a693e-85b6-9e95-cc00-9f08206faddb,IBM Data Science Professional Certificate,IBM / Coursera,2025-01-18,,https://www.coursera.org/professional-certificates/ibm-data-science,2026-09-16 18:27:00
c0793f64-9167-adea-f8f1-066bf3951a45,fe66c4fa-35ed-ff38-9197-107c89b702ed,freeCodeCamp Responsive Web Design,freeCodeCamp,2025-06-22,,https://www.freecodecamp.org/learn/2022/responsive-web-design/,2026-08-14 08:52:00
f5bce0c0-c9df-af7c-5549-2107a9d500dd,fe66c4fa-35ed-ff38-9197-107c89b702ed,Certified Kubernetes Administrator (CKA),CNCF / Linux Foundation,2025-11-09,2028-11-08,https://training.linuxfoundation.org/certification/certified-kubernetes-administrator-cka/,2026-08-14 08:52:00
bd4ba9cd-cc19-e0ac-418d-f0733ea426b8,9b81ce24-2582-bca6-20e8-dae1b1f0ed9b,Meta Back-End Developer Professional Certificate,Meta / Coursera,2025-03-13,,https://www.coursera.org/professional-certificates/meta-back-end-developer,2026-07-30 09:57:00
b013b951-63db-2b6d-a8cf-a238c7fe8dee,2ec285a6-d293-23e2-89e1-0a5aafdc8a51,IBM Data Science Professional Certificate,IBM / Coursera,2026-04-30,,https://www.coursera.org/professional-certificates/ibm-data-science,2026-07-28 19:29:00
600777be-f2b1-068a-d58b-54231f8424bd,9341dd73-a5d8-d541-2e82-2ce612b1d17e,Google Data Analytics Professional Certificate,Google / Coursera,2024-02-14,,https://www.coursera.org/professional-certificates/google-data-analytics,2026-07-03 22:42:00
d4c2459b-bfac-0af7-7e28-40a17a506f60,ddc8ca37-35b7-215e-cd68-cb3998a0db61,freeCodeCamp Responsive Web Design,freeCodeCamp,2026-04-26,,https://www.freecodecamp.org/learn/2022/responsive-web-design/,2026-07-21 23:18:00
213b1241-83c5-9c14-3824-c62b2036971a,ddc8ca37-35b7-215e-cd68-cb3998a0db61,Tableau Desktop Specialist,Tableau / Salesforce,2026-01-14,,https://www.tableau.com/learn/certification,2026-07-21 23:18:00
1ab49e05-7dc1-dda0-0619-feb07d8f2305,2c21f1ed-f4a9-85b0-11c3-7e19dbfeed4a,PCEP – Certified Entry-Level Python Programmer,Python Institute,2026-05-10,,https://pythoninstitute.org/pcep,2026-07-25 03:16:00
36a8d53d-4e90-ee87-a4dd-2fe15ff3fbbf,1ea0dd2d-9123-f2c5-c4c9-39496334fca6,Elements of AI,University of Helsinki,2024-04-18,,https://www.elementsofai.com/,2026-09-19 10:12:00
2382d280-b443-04e9-0e60-ec161f39f9f9,ff03f1a9-72ed-257b-435b-66254e7fb47f,Docker Certified Associate,Docker / Mirantis,2025-09-23,,https://training.mirantis.com/,2026-08-29 07:30:00
28876b7f-6469-4f53-7f50-85e7058cdd44,1477b569-6e1a-b11a-d155-0475c172494f,"Oracle Certified Associate, Java SE Programmer",Oracle,2025-06-23,,https://education.oracle.com/,2026-07-12 19:52:00
abfe1fb5-a6c2-b716-f7bd-77509a7650dd,b1d06d8a-655f-9c8c-ca2b-a8f5a44e3b1c,AWS Certified Cloud Practitioner,Amazon Web Services,2025-12-17,2028-12-16,https://aws.amazon.com/certification/certified-cloud-practitioner/,2026-08-27 14:25:00
7991329a-163a-6695-e7e7-7386c25110f8,a4d6c76c-a3f5-cc8d-39ce-fff31b3ec681,AWS Certified Solutions Architect – Associate,Amazon Web Services,2023-11-08,2026-11-07,https://aws.amazon.com/certification/certified-solutions-architect-associate/,2026-09-03 12:40:00
d4a42bf0-b96a-5305-3ed1-d8f8153d2c6b,a4d6c76c-a3f5-cc8d-39ce-fff31b3ec681,IBM Data Science Professional Certificate,IBM / Coursera,2026-01-26,,https://www.coursera.org/professional-certificates/ibm-data-science,2026-09-03 12:40:00
49a1f7a1-8571-3253-9956-ad9b3dc87f79,7a5653b3-4354-67e1-8eaf-b35b5f91b1af,Deep Learning Specialization,DeepLearning.AI / Coursera,2025-09-14,,https://www.coursera.org/specializations/deep-learning,2026-08-22 12:57:00
4ef97a7d-abd1-3f1a-3d20-144000cfa44d,a0cbfeca-6d7e-39bc-fb48-ac140d0de136,Machine Learning Specialization,DeepLearning.AI / Coursera,2025-12-26,,https://www.coursera.org/specializations/machine-learning-introduction,2026-09-15 12:41:00
efd6b83c-8602-2833-405d-b449c06ae817,df301cb5-c8c5-74fa-c879-4a56a7954d2b,PCEP – Certified Entry-Level Python Programmer,Python Institute,2024-04-25,,https://pythoninstitute.org/pcep,2026-07-23 18:50:00
01e780a0-2f18-2049-b329-b6a4de3e0557,428e31ed-da36-967d-9b2d-ceee765bb069,CompTIA Security+,CompTIA,2024-12-30,2027-12-30,https://www.comptia.org/certifications/security,2026-09-03 05:42:00
466aa217-ae29-17c1-84d4-65dfa8d65147,ba8f4592-37ea-3bed-7866-9ba9044ffc73,Google Data Analytics Professional Certificate,Google / Coursera,2024-06-18,,https://www.coursera.org/professional-certificates/google-data-analytics,2026-08-22 09:10:00
e988a44d-b9ca-5928-1e2d-22f6080fc9b3,90ae41e4-1a6a-d169-1386-5151b0921979,IBM Data Science Professional Certificate,IBM / Coursera,2025-10-31,,https://www.coursera.org/professional-certificates/ibm-data-science,2026-07-30 23:01:00
b27b14fd-d4ed-c9d8-9c2f-33817736fb28,666bd0ee-b257-4bf7-2439-680010c69c57,PCEP – Certified Entry-Level Python Programmer,Python Institute,2025-11-01,,https://pythoninstitute.org/pcep,2026-09-13 07:01:00
a39ad4df-afd3-ec8b-4a29-8783099c4929,666bd0ee-b257-4bf7-2439-680010c69c57,Certified Kubernetes Administrator (CKA),CNCF / Linux Foundation,2024-09-05,2027-09-05,https://training.linuxfoundation.org/certification/certified-kubernetes-administrator-cka/,2026-09-13 07:01:00
e4406398-f8eb-7113-6aee-a07ac387d8eb,049f32c7-b1a7-d537-b0ec-70747397b987,Google Data Analytics Professional Certificate,Google / Coursera,2024-01-09,,https://www.coursera.org/professional-certificates/google-data-analytics,2026-09-13 11:12:00
f605070b-ea73-2391-5840-f42533decf96,bcdbe579-db9b-318b-12ba-cc109b45caa9,PCEP – Certified Entry-Level Python Programmer,Python Institute,2025-08-17,,https://pythoninstitute.org/pcep,2026-07-24 06:29:00
bb84711f-267c-b754-91c6-485467a9cca9,c8ce14bb-7dc6-3851-d46a-537bbc0b55fe,Google Cloud Digital Leader,Google Cloud,2025-11-04,2028-11-03,https://cloud.google.com/learn/certification/cloud-digital-leader,2026-07-31 03:24:00
08a66a64-7b03-f61b-5705-a33e52f02148,d5bccd83-bb85-3c91-9ae5-fbbc0f657cc9,Docker Certified Associate,Docker / Mirantis,2026-07-31,,https://training.mirantis.com/,2026-08-04 21:19:00
8e38440e-6cf9-8cc8-a20c-9feaa227ac14,d5bccd83-bb85-3c91-9ae5-fbbc0f657cc9,Microsoft Certified: Azure Fundamentals (AZ-900),Microsoft,2026-04-20,,https://learn.microsoft.com/en-us/credentials/certifications/azure-fundamentals/,2026-08-04 21:19:00
d9e323be-48cc-02e8-4da2-9b5e48ae4aba,d5bccd83-bb85-3c91-9ae5-fbbc0f657cc9,HashiCorp Certified: Terraform Associate,HashiCorp,2026-06-12,2029-06-11,https://developer.hashicorp.com/certifications/infrastructure-automation,2026-08-04 21:19:00
6e73699b-3144-0c35-9266-facc4b2a2bb4,17ac720e-0626-d3be-a9fc-73da5926c059,IBM Data Science Professional Certificate,IBM / Coursera,2026-07-15,,https://www.coursera.org/professional-certificates/ibm-data-science,2026-09-04 15:34:00
c4e7770d-0f34-bd08-8e10-a3c70b4baf23,ee209e85-7b5a-aea7-fd77-319f240e78ce,Microsoft Certified: Power BI Data Analyst Associate (PL-300),Microsoft,2025-12-19,,https://learn.microsoft.com/en-us/credentials/certifications/data-analyst-associate/,2026-09-17 14:31:00
06d23bde-350c-559f-09ea-3c351f65206e,ee209e85-7b5a-aea7-fd77-319f240e78ce,Google Data Analytics Professional Certificate,Google / Coursera,2023-09-14,,https://www.coursera.org/professional-certificates/google-data-analytics,2026-09-17 14:31:00
efbf4c75-e6e5-4d66-ee4e-bb16d980a784,09b3abbf-8078-5391-9bdd-8ac39c4d8e2c,IBM Data Science Professional Certificate,IBM / Coursera,2026-01-20,,https://www.coursera.org/professional-certificates/ibm-data-science,2026-08-21 05:41:00
c03caa32-b3aa-475c-af31-4f405e8f7d7e,09b3abbf-8078-5391-9bdd-8ac39c4d8e2c,Microsoft Certified: Azure Fundamentals (AZ-900),Microsoft,2025-04-08,,https://learn.microsoft.com/en-us/credentials/certifications/azure-fundamentals/,2026-08-21 05:41:00
3178bdbb-df7f-acac-0814-b225a6792090,28e9209e-2470-5fcc-62cc-a6611a2a69d9,PCEP – Certified Entry-Level Python Programmer,Python Institute,2024-10-20,,https://pythoninstitute.org/pcep,2026-08-16 04:47:00
da0eb3c3-f8f0-01ae-e924-e01a5f5cc473,eba67102-4b16-d8a8-0c05-75ab2dce3207,Google Data Analytics Professional Certificate,Google / Coursera,2026-04-30,,https://www.coursera.org/professional-certificates/google-data-analytics,2026-09-11 05:56:00
25a744a7-1f92-bdc9-9883-7e3ea4c634ce,61275e64-89f5-15e0-8e1a-4d7dd52589b9,Microsoft Certified: Power BI Data Analyst Associate (PL-300),Microsoft,2025-03-27,,https://learn.microsoft.com/en-us/credentials/certifications/data-analyst-associate/,2026-07-03 07:21:00
a910c002-ae9f-f41d-feb8-bf0b8775a0f0,bbbbdbd1-32d4-8c82-00ef-337708ed3047,Google Cloud Digital Leader,Google Cloud,2023-12-09,2026-12-08,https://cloud.google.com/learn/certification/cloud-digital-leader,2026-07-01 21:37:00
369d5ad4-92b5-a7e3-8e2a-4c5a97d54683,e32e3ac4-53fe-40e3-9c6c-3c4e8f5b8149,Splunk Core Certified User,Splunk,2024-04-08,,https://www.splunk.com/en_us/training/certification-track/splunk-core-certified-user.html,2026-07-13 01:34:00
198af6fd-657c-2801-27ed-b5db1feb1cf5,9f57dbfc-60ca-13d1-32b7-b4561f22b194,AWS Certified Cloud Practitioner,Amazon Web Services,2023-10-31,2026-10-30,https://aws.amazon.com/certification/certified-cloud-practitioner/,2026-08-20 15:00:00
2650d902-16fd-7c70-a960-bd87ba9d64d4,a73830e8-1f3d-0200-c5ac-f2754e0d4d6f,Google Cloud Digital Leader,Google Cloud,2026-03-16,2029-03-15,https://cloud.google.com/learn/certification/cloud-digital-leader,2026-08-19 14:57:00
55dcb8a8-c371-80d4-91e6-10ddd72abf11,23e96b81-004e-0721-0cc8-fa21b601e5b2,IBM Data Science Professional Certificate,IBM / Coursera,2025-01-06,,https://www.coursera.org/professional-certificates/ibm-data-science,2026-08-20 19:27:00
0cd4dd15-f592-478d-9523-175bc0d5dc17,dbc4ccdd-5554-5bb9-7622-f59add20525e,PCEP – Certified Entry-Level Python Programmer,Python Institute,2025-07-08,,https://pythoninstitute.org/pcep,2026-09-15 22:22:00
f8e74535-a9a4-5be4-a589-c01716f4a6b5,dbc4ccdd-5554-5bb9-7622-f59add20525e,Certified Kubernetes Administrator (CKA),CNCF / Linux Foundation,2024-10-02,2027-10-02,https://training.linuxfoundation.org/certification/certified-kubernetes-administrator-cka/,2026-09-15 22:22:00
773fbb30-107d-4224-493a-55d2e3a71aee,dbc4ccdd-5554-5bb9-7622-f59add20525e,Cisco Certified Network Associate (CCNA),Cisco,2025-05-11,2028-05-10,https://www.cisco.com/site/us/en/learn/training-certifications/certifications/enterprise/ccna/index.html,2026-09-15 22:22:00
2d4177f0-156d-e288-a472-1ca1d1a4e006,6a036e2f-5108-4482-bdb7-7a79990501f8,IBM Data Science Professional Certificate,IBM / Coursera,2026-05-29,,https://www.coursera.org/professional-certificates/ibm-data-science,2026-09-03 01:11:00
e66ecec5-6852-833e-7bd0-a126d086d4d6,eac2e8ad-82d6-21dd-f00a-8b857c501ef8,Microsoft Office Specialist: Excel Associate,Microsoft,2025-05-20,,https://learn.microsoft.com/en-us/credentials/,2026-07-15 12:04:00
8e687e83-0023-b3a5-38b0-42dac52a0570,6577aba9-9e65-79a5-92f7-d82a70186dce,Google Data Analytics Professional Certificate,Google / Coursera,2026-01-01,,https://www.coursera.org/professional-certificates/google-data-analytics,2026-09-10 05:19:00
982df078-8a51-451c-15c1-8944b44b2731,2e795ba5-503e-f9cb-1006-37c7af2c65fa,HashiCorp Certified: Terraform Associate,HashiCorp,2026-04-27,2029-04-26,https://developer.hashicorp.com/certifications/infrastructure-automation,2026-08-12 07:33:00
c1463a0a-8763-edcb-1db6-0efe740aa8ad,d69c15b2-224f-6444-a8f7-5fed0ae700f7,IBM Data Science Professional Certificate,IBM / Coursera,2025-01-25,,https://www.coursera.org/professional-certificates/ibm-data-science,2026-09-01 15:12:00
6e7eb978-869d-7b01-61f0-3b994e33db37,d8ee0d81-a7bb-c32d-115c-a8024310357d,AWS Certified Solutions Architect – Associate,Amazon Web Services,2025-07-04,2028-07-03,https://aws.amazon.com/certification/certified-solutions-architect-associate/,2026-09-17 10:11:00
8a533a16-4752-7e22-3aff-81d1faca2c41,9a49192f-7732-c94b-a6cb-b2871432f972,Microsoft Office Specialist: Excel Associate,Microsoft,2024-10-04,,https://learn.microsoft.com/en-us/credentials/,2026-08-04 20:46:00
f1cdf51a-72f4-c4b3-453a-2e556fe243b3,9a49192f-7732-c94b-a6cb-b2871432f972,Tableau Desktop Specialist,Tableau / Salesforce,2023-09-23,,https://www.tableau.com/learn/certification,2026-08-04 20:46:00
5bc76084-e9a9-8188-ca27-b91a3a36fc4e,e3ebebd7-1e65-ca50-6f3f-753b3fc12984,Certified Kubernetes Administrator (CKA),CNCF / Linux Foundation,2023-12-19,2026-12-18,https://training.linuxfoundation.org/certification/certified-kubernetes-administrator-cka/,2026-07-11 12:16:00
9cca1eda-b5d3-6eb6-abab-2bc719e012e5,ffc9cf29-7dbd-40f0-1544-59026bfebd17,Docker Certified Associate,Docker / Mirantis,2025-11-22,,https://training.mirantis.com/,2026-08-10 12:27:00
87fc7d1a-148f-0e3c-8ce9-0fdf8bf4a93a,ffc9cf29-7dbd-40f0-1544-59026bfebd17,Meta Back-End Developer Professional Certificate,Meta / Coursera,2025-06-28,,https://www.coursera.org/professional-certificates/meta-back-end-developer,2026-08-10 12:27:00
b0a9f87f-9ea7-86bc-6fda-b00210f897ab,00e2f562-bea3-2d34-85c8-363f71926dfe,Elements of AI,University of Helsinki,2024-08-02,,https://www.elementsofai.com/,2026-07-08 16:44:00
32bf07ae-e2d4-c43c-de0a-6e83fba86e1e,02ee09bf-9811-cd8b-2ccd-00e792ca30b9,Google Cloud Digital Leader,Google Cloud,2026-01-04,2029-01-03,https://cloud.google.com/learn/certification/cloud-digital-leader,2026-07-23 08:40:00
543fb086-6e4f-fb1c-81cf-1f8da5a49785,c148e224-6340-4548-e078-8722adef8e74,Splunk Core Certified User,Splunk,2025-02-28,,https://www.splunk.com/en_us/training/certification-track/splunk-core-certified-user.html,2026-08-18 07:29:00
08a436d9-da58-1e29-3a11-74d3a94d3fca,96865cbe-2781-82d4-d234-fb9da84517ee,Tableau Desktop Specialist,Tableau / Salesforce,2024-10-04,,https://www.tableau.com/learn/certification,2026-09-17 03:42:00
cf7415e8-2f10-b1cb-bb54-c7f44c5b6bf4,8b9229d8-c6db-92db-d3c8-da2bfa0d454b,AWS Certified Solutions Architect – Associate,Amazon Web Services,2025-07-10,2028-07-09,https://aws.amazon.com/certification/certified-solutions-architect-associate/,2026-07-06 07:09:00
56a827e6-8db5-1d32-4692-c57e89804b44,64c6a7c7-61f3-50e5-96ac-48c935816cb4,Docker Certified Associate,Docker / Mirantis,2024-09-15,,https://training.mirantis.com/,2026-09-04 21:41:00
663b312b-cce3-3ef8-29ba-fb6357c8f6f6,64c6a7c7-61f3-50e5-96ac-48c935816cb4,freeCodeCamp Responsive Web Design,freeCodeCamp,2026-04-28,,https://www.freecodecamp.org/learn/2022/responsive-web-design/,2026-09-04 21:41:00
98105b90-1c87-39d3-1e8a-c3aaa87bd62a,64c6a7c7-61f3-50e5-96ac-48c935816cb4,IBM Data Science Professional Certificate,IBM / Coursera,2025-07-17,,https://www.coursera.org/professional-certificates/ibm-data-science,2026-09-04 21:41:00
adec8d32-3afb-7580-70f3-bbcd115eb800,172f2203-8388-0cf3-39a2-0ed15452185c,Google Cloud Digital Leader,Google Cloud,2026-07-25,2029-07-24,https://cloud.google.com/learn/certification/cloud-digital-leader,2026-07-17 03:42:00
305bad26-9de9-b518-6c5c-113810b4caaf,52803ae5-e190-3719-31de-f4b23c2c5529,Machine Learning Specialization,DeepLearning.AI / Coursera,2026-08-02,,https://www.coursera.org/specializations/machine-learning-introduction,2026-08-21 03:40:00
87f330bc-f8e0-1258-9771-ae2ad10e095e,cf40268c-cb3a-6d96-d8d1-aef1a2610257,Certified Kubernetes Administrator (CKA),CNCF / Linux Foundation,2025-07-03,2028-07-02,https://training.linuxfoundation.org/certification/certified-kubernetes-administrator-cka/,2026-08-03 23:03:00
832b3664-6d25-6249-5b6e-dedf445abdce,a87fce58-ce2e-2e2a-d701-597c2bba1b17,Machine Learning Specialization,DeepLearning.AI / Coursera,2024-10-29,,https://www.coursera.org/specializations/machine-learning-introduction,2026-07-28 12:25:00
74429e4a-c2cf-fc0f-54a6-b09a20fde180,7b7192b0-afc7-7dad-5fb0-ca70156cd780,PCEP – Certified Entry-Level Python Programmer,Python Institute,2026-03-01,,https://pythoninstitute.org/pcep,2026-08-15 12:10:00
c4103675-e175-4cef-a240-15d1c30b2db6,36f51698-cbee-70fb-1de2-ea80f90d3083,Meta Back-End Developer Professional Certificate,Meta / Coursera,2025-11-15,,https://www.coursera.org/professional-certificates/meta-back-end-developer,2026-08-12 23:03:00
e09f3c1f-33da-2f19-4a25-97ae2772d577,36f51698-cbee-70fb-1de2-ea80f90d3083,"Oracle Certified Associate, Java SE Programmer",Oracle,2025-03-09,,https://education.oracle.com/,2026-08-12 23:03:00
e35e232c-42d9-9eff-8db3-4e0e4d67b051,070cdacd-923b-6c06-c5fa-bf97c907460e,Google Data Analytics Professional Certificate,Google / Coursera,2024-09-27,,https://www.coursera.org/professional-certificates/google-data-analytics,2026-09-16 18:17:00
131eb238-328e-2a64-51ba-772535a3bfe3,070cdacd-923b-6c06-c5fa-bf97c907460e,Certified Kubernetes Administrator (CKA),CNCF / Linux Foundation,2026-04-02,2029-04-01,https://training.linuxfoundation.org/certification/certified-kubernetes-administrator-cka/,2026-09-16 18:17:00
fbffa9e3-90c2-ebf0-7a61-d601b2030b2f,070cdacd-923b-6c06-c5fa-bf97c907460e,Meta Back-End Developer Professional Certificate,Meta / Coursera,2026-03-30,,https://www.coursera.org/professional-certificates/meta-back-end-developer,2026-09-16 18:17:00
a8a94ed5-2d42-7251-5837-c2f90ef42cd8,058cbf65-a568-9f3a-0ee1-ec9d00871d18,Meta Front-End Developer Professional Certificate,Meta / Coursera,2025-08-19,,https://www.coursera.org/professional-certificates/meta-front-end-developer,2026-08-25 12:23:00
7e002a34-b601-99e4-6afa-e130e0357af5,35d6d4be-e540-967a-5740-73b0fc45400a,Certified Kubernetes Administrator (CKA),CNCF / Linux Foundation,2025-12-16,2028-12-15,https://training.linuxfoundation.org/certification/certified-kubernetes-administrator-cka/,2026-07-18 10:24:00
51d9170e-7544-d3e6-4f6f-727a7a311b7e,8a4e4e3f-b0fb-843c-fa31-346bf041d961,Deep Learning Specialization,DeepLearning.AI / Coursera,2025-05-15,,https://www.coursera.org/specializations/deep-learning,2026-08-18 09:17:00
9fdcf6ea-0ac4-a07c-3274-29910cc8c807,8a4e4e3f-b0fb-843c-fa31-346bf041d961,Microsoft Certified: Power BI Data Analyst Associate (PL-300),Microsoft,2023-10-02,,https://learn.microsoft.com/en-us/credentials/certifications/data-analyst-associate/,2026-08-18 09:17:00
e3715388-3773-8335-7d25-eadb4a4ef6c1,a5b8a9ec-cfa5-7f25-8f67-ab4697afd8f2,Machine Learning Specialization,DeepLearning.AI / Coursera,2024-09-10,,https://www.coursera.org/specializations/machine-learning-introduction,2026-08-17 11:05:00
d948bf57-7bc1-f7cb-a89d-145cbd25e347,a5b8a9ec-cfa5-7f25-8f67-ab4697afd8f2,AWS Certified Solutions Architect – Associate,Amazon Web Services,2025-08-10,2028-08-09,https://aws.amazon.com/certification/certified-solutions-architect-associate/,2026-08-17 11:05:00
e09e0c95-7ed9-907d-24ab-6f4dd2eb35a1,357cc20c-b7bf-a181-9262-d5ac8f7e91de,Tableau Desktop Specialist,Tableau / Salesforce,2025-06-02,,https://www.tableau.com/learn/certification,2026-08-29 03:59:00
e2422489-c5ec-796d-28b8-afe23e635507,22d78c4f-f0bf-6023-0512-765632109614,AWS Certified Cloud Practitioner,Amazon Web Services,2024-12-15,2027-12-15,https://aws.amazon.com/certification/certified-cloud-practitioner/,2026-07-18 17:51:00
3c2087bf-d815-c81b-ca43-f7c5052a5c27,aaf76d3b-ce5e-2a7e-2ee4-cbbde7f6dec2,Google Cybersecurity Professional Certificate,Google / Coursera,2025-11-29,,https://www.coursera.org/professional-certificates/google-cybersecurity,2026-08-17 01:55:00
f0e7025c-7e7b-7dac-bea6-bb616f9254fd,aaf76d3b-ce5e-2a7e-2ee4-cbbde7f6dec2,CompTIA Security+,CompTIA,2026-05-19,2029-05-18,https://www.comptia.org/certifications/security,2026-08-17 01:55:00
3a0d3859-82e8-6755-4ba7-4d822f817051,58180fb9-653a-c312-9de8-eab0244ae9f0,Google Data Analytics Professional Certificate,Google / Coursera,2025-07-15,,https://www.coursera.org/professional-certificates/google-data-analytics,2026-07-25 00:28:00
529a9573-2f2b-68ba-bd61-592eb358279c,72d980c1-5a36-d3df-d532-94885dd4797b,Microsoft Certified: Azure Fundamentals (AZ-900),Microsoft,2024-11-26,,https://learn.microsoft.com/en-us/credentials/certifications/azure-fundamentals/,2026-08-24 05:22:00
7a0e1bfe-16ba-1b69-6bf3-2690adfc11fc,0d40d7ac-de40-8bbe-8f2d-7a0cdc0501e2,PCEP – Certified Entry-Level Python Programmer,Python Institute,2024-02-14,,https://pythoninstitute.org/pcep,2026-07-29 09:38:00
d6e9aeba-84d1-fe3b-cec2-38635c6ae28e,973d68a5-8d40-5bf9-3695-31db3e5eed9f,PCEP – Certified Entry-Level Python Programmer,Python Institute,2024-09-25,,https://pythoninstitute.org/pcep,2026-07-22 17:54:00
a937d4c7-a538-2d43-f5cd-3fcb0befb63a,1928e991-974c-934e-98fe-aa2c2f0b07d6,Certified Kubernetes Administrator (CKA),CNCF / Linux Foundation,2026-07-02,2029-07-01,https://training.linuxfoundation.org/certification/certified-kubernetes-administrator-cka/,2026-08-04 20:38:00
26353ad8-a92c-1fd3-b053-0141614789ed,05e54cf0-9771-ab1d-d7e5-843823576198,Google Data Analytics Professional Certificate,Google / Coursera,2024-09-22,,https://www.coursera.org/professional-certificates/google-data-analytics,2026-07-13 15:36:00
e47aa215-277c-5792-95f5-0f193ebb7dfe,bc8493da-59d8-ac2f-34e0-2074f495f84d,AWS Certified Cloud Practitioner,Amazon Web Services,2024-08-26,2027-08-26,https://aws.amazon.com/certification/certified-cloud-practitioner/,2026-07-15 22:31:00
3fff2063-ad46-6df0-66dc-a49671f6a2e0,a7bb41f3-bc6e-8fd5-bddd-a93f36a1b4f7,Deep Learning Specialization,DeepLearning.AI / Coursera,2024-03-17,,https://www.coursera.org/specializations/deep-learning,2026-08-08 09:37:00
fff6a3fa-7c9f-62d9-6dae-0002ca63e418,a7bb41f3-bc6e-8fd5-bddd-a93f36a1b4f7,Microsoft Certified: Power BI Data Analyst Associate (PL-300),Microsoft,2025-06-23,,https://learn.microsoft.com/en-us/credentials/certifications/data-analyst-associate/,2026-08-08 09:37:00
7f3b8cbb-390a-ce15-6051-d2a324f1d56e,db40076b-0500-2962-6313-871a582d1e50,Machine Learning Specialization,DeepLearning.AI / Coursera,2024-04-22,,https://www.coursera.org/specializations/machine-learning-introduction,2026-08-31 10:45:00
e95e35f5-6a5a-2d72-af34-4e9d6ad14f02,c77a0940-b1cc-3f7c-61c7-041e67cfffa0,PCEP – Certified Entry-Level Python Programmer,Python Institute,2024-11-09,,https://pythoninstitute.org/pcep,2026-07-18 13:17:00
b5aad404-0b1f-2e10-6e6d-605a670d50ef,c59dcd53-cb26-6123-cc5f-9dc133c33d8c,Docker Certified Associate,Docker / Mirantis,2026-01-03,,https://training.mirantis.com/,2026-07-08 09:56:00
d26b24e9-65cb-6c63-fbea-a781ba2c1329,148845ca-aab4-01a9-0c43-dbfb01d084a2,Google Data Analytics Professional Certificate,Google / Coursera,2025-02-10,,https://www.coursera.org/professional-certificates/google-data-analytics,2026-07-11 20:09:00
649808e0-5aea-df24-f617-ce2625feb2ff,040c370b-26e5-ce42-b027-05d719147e3a,freeCodeCamp Responsive Web Design,freeCodeCamp,2025-12-28,,https://www.freecodecamp.org/learn/2022/responsive-web-design/,2026-08-29 14:44:00
438f28fb-6416-32b9-6f96-c190197ebe4d,e28f7b29-5d09-e409-f4fd-a0c004b0a4ee,AWS Certified Cloud Practitioner,Amazon Web Services,2024-05-27,2027-05-27,https://aws.amazon.com/certification/certified-cloud-practitioner/,2026-09-18 19:21:00
7549334e-77d5-9467-7a82-5606516db78a,9c01a7de-a617-a28c-c87f-931e60bfa85a,PCEP – Certified Entry-Level Python Programmer,Python Institute,2024-04-01,,https://pythoninstitute.org/pcep,2026-07-29 09:50:00
9d64f431-e7a6-56b3-246c-68d3161f0171,9c01a7de-a617-a28c-c87f-931e60bfa85a,AWS Certified Solutions Architect – Associate,Amazon Web Services,2024-02-26,2027-02-25,https://aws.amazon.com/certification/certified-solutions-architect-associate/,2026-07-29 09:50:00
eabc8764-e3f9-30c6-fea6-08ae6a7b9fb8,55bf0d58-0237-02d6-225e-94fdeeb39169,Google Cybersecurity Professional Certificate,Google / Coursera,2025-05-23,,https://www.coursera.org/professional-certificates/google-cybersecurity,2026-08-08 03:39:00
2e973a61-6f59-d09b-9a21-0ec8f66a65bb,55bf0d58-0237-02d6-225e-94fdeeb39169,Microsoft Certified: Power BI Data Analyst Associate (PL-300),Microsoft,2024-09-29,,https://learn.microsoft.com/en-us/credentials/certifications/data-analyst-associate/,2026-08-08 03:39:00
a3420fdb-4415-f0cb-38cc-1827d2e9bc78,50ebda02-ece2-2b67-e94d-11330a9ffb25,HashiCorp Certified: Terraform Associate,HashiCorp,2025-04-23,2028-04-22,https://developer.hashicorp.com/certifications/infrastructure-automation,2026-09-17 02:57:00
e4056763-5795-619c-3e22-c2227af7796a,50ebda02-ece2-2b67-e94d-11330a9ffb25,Meta Back-End Developer Professional Certificate,Meta / Coursera,2024-07-09,,https://www.coursera.org/professional-certificates/meta-back-end-developer,2026-09-17 02:57:00
9e86e4e8-2a59-3e33-c5f5-291206a2afeb,48d5de25-fdf4-ca04-bce2-358d2b24dedb,AWS Certified Solutions Architect – Associate,Amazon Web Services,2025-09-28,2028-09-27,https://aws.amazon.com/certification/certified-solutions-architect-associate/,2026-08-06 09:19:00
d75816c6-9006-0c5a-e0c6-dd6365791c66,9803cca7-586a-2ad4-037f-806b05d0512a,Meta Front-End Developer Professional Certificate,Meta / Coursera,2025-06-28,,https://www.coursera.org/professional-certificates/meta-front-end-developer,2026-08-21 08:25:00
0459b778-8829-e211-3d92-c26bf3edd04d,9803cca7-586a-2ad4-037f-806b05d0512a,IBM Data Science Professional Certificate,IBM / Coursera,2025-10-09,,https://www.coursera.org/professional-certificates/ibm-data-science,2026-08-21 08:25:00
415db5e7-6944-0b9c-3c42-3c26b1e22571,9803cca7-586a-2ad4-037f-806b05d0512a,AWS Certified Solutions Architect – Associate,Amazon Web Services,2025-02-20,2028-02-20,https://aws.amazon.com/certification/certified-solutions-architect-associate/,2026-08-21 08:25:00
eb46c9da-6aba-efa2-bbb1-5da9c076e606,7f3e1f92-3dbd-ac3b-2f4a-1dabb5dff070,freeCodeCamp Responsive Web Design,freeCodeCamp,2023-09-19,,https://www.freecodecamp.org/learn/2022/responsive-web-design/,2026-08-31 18:58:00
c41b6e70-a276-4813-660c-33665dfc843e,d72f1825-5bb0-6f00-cc6d-ffe7b859e840,freeCodeCamp Responsive Web Design,freeCodeCamp,2026-03-12,,https://www.freecodecamp.org/learn/2022/responsive-web-design/,2026-07-27 15:37:00
8d99a727-167f-0607-fcc4-0681eb1ba989,088befee-1fb4-2240-948b-f0861895f5da,Meta Front-End Developer Professional Certificate,Meta / Coursera,2024-08-26,,https://www.coursera.org/professional-certificates/meta-front-end-developer,2026-08-20 09:46:00
385221fc-974b-3906-f67c-9ca42758c48e,83fffeb5-3932-59ba-d09e-c24e19b4f0b4,Google Cybersecurity Professional Certificate,Google / Coursera,2026-05-09,,https://www.coursera.org/professional-certificates/google-cybersecurity,2026-07-23 05:00:00
9ad576cf-63fa-103b-c0b4-2d7367ff1b9f,84d473cc-0181-bad1-6c14-cf57cae842d3,Machine Learning Specialization,DeepLearning.AI / Coursera,2025-04-24,,https://www.coursera.org/specializations/machine-learning-introduction,2026-09-10 09:27:00
0b7e51dd-31fb-f9da-586b-e788ce71adf2,84d473cc-0181-bad1-6c14-cf57cae842d3,Microsoft Certified: Azure Fundamentals (AZ-900),Microsoft,2024-11-26,,https://learn.microsoft.com/en-us/credentials/certifications/azure-fundamentals/,2026-09-10 09:27:00
20d5bf28-2f88-afbf-bf73-3ae54ba12572,ae505fe7-3263-be85-dbad-b28bcce44ed9,PCEP – Certified Entry-Level Python Programmer,Python Institute,2024-11-04,,https://pythoninstitute.org/pcep,2026-09-08 14:09:00
087d08e1-070e-b935-ddaa-bd695d0280d2,3c2b836c-bfd6-277e-6388-4e94df7790c3,PCEP – Certified Entry-Level Python Programmer,Python Institute,2025-12-10,,https://pythoninstitute.org/pcep,2026-07-03 19:28:00
3f679b26-1ef1-0ccd-9b6f-01a3b8bbcc54,7a95df83-f7dd-b1c3-fc7e-d14060e585ab,Microsoft Office Specialist: Excel Associate,Microsoft,2025-07-16,,https://learn.microsoft.com/en-us/credentials/,2026-09-14 19:00:00
47312c7c-7b11-6d18-4ac7-32b46f59da81,d75a213e-5e92-930d-1ba7-a61117c402b1,IBM Data Science Professional Certificate,IBM / Coursera,2026-01-07,,https://www.coursera.org/professional-certificates/ibm-data-science,2026-08-21 18:43:00
a99fa70e-7308-f8c8-c68a-f2bcacffe2ed,95558207-cb3e-bc4c-cad0-28bc60fc9ea0,Meta Front-End Developer Professional Certificate,Meta / Coursera,2025-09-03,,https://www.coursera.org/professional-certificates/meta-front-end-developer,2026-08-05 05:06:00
9671cd4e-8cbd-0c8c-66c5-a7721bd60de5,8b1dc5fb-0cb6-a762-51cb-0c3f8c1dd40d,IBM Data Science Professional Certificate,IBM / Coursera,2025-10-20,,https://www.coursera.org/professional-certificates/ibm-data-science,2026-07-24 15:20:00
5cf485f0-306b-43a8-790e-e78da393067c,a7579b0d-1136-d893-8e45-720cd0886d20,freeCodeCamp Responsive Web Design,freeCodeCamp,2024-04-02,,https://www.freecodecamp.org/learn/2022/responsive-web-design/,2026-07-19 02:03:00
55f56ba3-e847-ffcd-f44a-fe7dbb5fe868,d49d8b27-1f99-ce04-f625-b9702d88cdbf,Microsoft Certified: Azure Fundamentals (AZ-900),Microsoft,2025-02-07,,https://learn.microsoft.com/en-us/credentials/certifications/azure-fundamentals/,2026-09-19 08:44:00
bfc6cf2b-da03-0e73-ae96-ec12bde198a1,55331856-952b-c2ce-5eeb-eaa8e67520c3,IBM Data Science Professional Certificate,IBM / Coursera,2024-02-07,,https://www.coursera.org/professional-certificates/ibm-data-science,2026-07-05 20:10:00
769727cc-5388-5f74-2833-21303e000000,efdd42c0-484c-6265-4458-ce4151d1fedf,AWS Certified Cloud Practitioner,Amazon Web Services,2025-04-17,2028-04-16,https://aws.amazon.com/certification/certified-cloud-practitioner/,2026-08-23 00:33:00
31e1ed5e-2231-6896-3106-65c1cc8ffff1,1a3ade24-7d22-02dc-02f6-ed3e6111fe2d,Certified Kubernetes Administrator (CKA),CNCF / Linux Foundation,2025-07-24,2028-07-23,https://training.linuxfoundation.org/certification/certified-kubernetes-administrator-cka/,2026-07-27 10:48:00
a0d55ca2-a7bb-c538-8f8e-f417070b7f77,2218fd32-c99c-04f2-bb3d-9dcf318af0c1,Certified Kubernetes Administrator (CKA),CNCF / Linux Foundation,2026-02-07,2029-02-06,https://training.linuxfoundation.org/certification/certified-kubernetes-administrator-cka/,2026-08-24 04:44:00
c0d0093d-f19a-bca9-2818-62b3df14caf2,2218fd32-c99c-04f2-bb3d-9dcf318af0c1,AWS Certified Solutions Architect – Associate,Amazon Web Services,2026-05-07,2029-05-06,https://aws.amazon.com/certification/certified-solutions-architect-associate/,2026-08-24 04:44:00
57a0491d-f6c2-25d2-3555-f415f3ec9d12,a41f8cd4-752d-cf24-6fcf-21cbefeef98d,HashiCorp Certified: Terraform Associate,HashiCorp,2025-04-09,2028-04-08,https://developer.hashicorp.com/certifications/infrastructure-automation,2026-07-13 02:12:00
afa0eeaf-421b-f29e-b574-0cf4350dac99,196c9643-6098-844c-f04a-ccdc45b91b52,Microsoft Certified: Azure Fundamentals (AZ-900),Microsoft,2024-03-29,,https://learn.microsoft.com/en-us/credentials/certifications/azure-fundamentals/,2026-07-05 10:44:00
dc295850-8674-3542-6e7e-4484232bdf0d,22287375-5f1c-a27f-51dd-453a7f86eee9,Machine Learning Specialization,DeepLearning.AI / Coursera,2026-03-10,,https://www.coursera.org/specializations/machine-learning-introduction,2026-07-14 20:43:00
8d30fe8b-5ea3-182c-6709-672f489faa3a,40403ae4-4a44-15cc-445d-1ae3646d826e,Meta Back-End Developer Professional Certificate,Meta / Coursera,2026-02-14,,https://www.coursera.org/professional-certificates/meta-back-end-developer,2026-08-24 05:04:00
0714ae2c-8b61-6fd3-3f61-01dc8b61f2e7,f60060af-793c-5151-2a67-d5d1b62bb5c7,Machine Learning Specialization,DeepLearning.AI / Coursera,2026-01-07,,https://www.coursera.org/specializations/machine-learning-introduction,2026-07-23 15:34:00
1c5e7bd5-816a-d9ff-7228-bd1e66a0d0af,e9c3e53d-5f6a-731f-1d1d-931c7b2029bd,Google Data Analytics Professional Certificate,Google / Coursera,2026-02-13,,https://www.coursera.org/professional-certificates/google-data-analytics,2026-08-08 23:51:00
e64569fa-ee96-a38f-1339-d8ad54c35fcd,cd4e09b1-7980-9bc7-f372-59aedb19b4bc,Meta Back-End Developer Professional Certificate,Meta / Coursera,2025-09-23,,https://www.coursera.org/professional-certificates/meta-back-end-developer,2026-07-08 07:48:00
1e0061dd-b773-369c-cc99-32b75cf2241f,b90bcf55-51b0-37db-3b86-57f98ea71162,Machine Learning Specialization,DeepLearning.AI / Coursera,2026-01-28,,https://www.coursera.org/specializations/machine-learning-introduction,2026-08-01 05:34:00
2a291ea2-e680-159b-1b83-e18b1a3543b5,a5285f17-c3c1-a61a-5fe9-88897eef8777,Tableau Desktop Specialist,Tableau / Salesforce,2026-07-24,,https://www.tableau.com/learn/certification,2026-07-09 00:51:00
ebd05c43-6ad7-dd07-e4fe-920fb9053838,89159257-ac32-f8ac-bad1-c44445c8bd55,Microsoft Office Specialist: Excel Associate,Microsoft,2025-12-17,,https://learn.microsoft.com/en-us/credentials/,2026-07-31 04:26:00
4007c07a-b220-96bc-dc61-cc72ce50f223,b108fffa-37f0-67e3-a8b4-fd7d3047af91,Machine Learning Specialization,DeepLearning.AI / Coursera,2024-09-24,,https://www.coursera.org/specializations/machine-learning-introduction,2026-09-17 11:15:00
d422c59b-084e-c551-b609-b146e67aa688,e4ddf2e4-9a43-1344-8f30-dcbbc43a0895,Google Cybersecurity Professional Certificate,Google / Coursera,2023-11-16,,https://www.coursera.org/professional-certificates/google-cybersecurity,2026-09-16 21:13:00
6c612b10-d9c1-ef9d-b378-3d654514deee,e4ddf2e4-9a43-1344-8f30-dcbbc43a0895,Certified Ethical Hacker (CEH),EC-Council,2025-03-26,2028-03-25,https://www.eccouncil.org/train-certify/certified-ethical-hacker-ceh/,2026-09-16 21:13:00
4dfaa83c-71ca-0be9-b59e-67cc2c92c826,c30d0b0d-2e30-b8bb-2ee6-5b00fd3e1572,Machine Learning Specialization,DeepLearning.AI / Coursera,2025-11-07,,https://www.coursera.org/specializations/machine-learning-introduction,2026-08-24 17:32:00
162a8923-1a83-35cb-1158-faf8a158a2bb,6c23d304-2d14-b808-cd01-7fed96fcee8b,HashiCorp Certified: Terraform Associate,HashiCorp,2024-07-29,2027-07-29,https://developer.hashicorp.com/certifications/infrastructure-automation,2026-09-03 02:21:00
f8f9d0ca-4cea-2f3d-b81b-ebe97182d248,3927c2d8-38f3-44d1-1e02-1d0853615570,Google Data Analytics Professional Certificate,Google / Coursera,2025-08-04,,https://www.coursera.org/professional-certificates/google-data-analytics,2026-08-23 10:55:00
a2444fd3-1aa5-c53b-d668-ad5cc388e5e6,939d5aab-0531-611f-35fd-933c2cc23f40,PCEP – Certified Entry-Level Python Programmer,Python Institute,2026-02-28,,https://pythoninstitute.org/pcep,2026-08-26 15:02:00
146db200-6d4f-2f52-86ec-a9ed4fec41b2,939d5aab-0531-611f-35fd-933c2cc23f40,AWS Certified Cloud Practitioner,Amazon Web Services,2023-09-20,2026-09-19,https://aws.amazon.com/certification/certified-cloud-practitioner/,2026-08-26 15:02:00
41d4f2ec-49f7-fdc5-40cd-70297bb9b691,f70119bd-558b-cc63-2a8f-00c16e1bc522,Certified Kubernetes Administrator (CKA),CNCF / Linux Foundation,2026-04-18,2029-04-17,https://training.linuxfoundation.org/certification/certified-kubernetes-administrator-cka/,2026-08-31 16:46:00
125c6659-b11a-c9f2-1b72-df1091687426,f70119bd-558b-cc63-2a8f-00c16e1bc522,Meta Back-End Developer Professional Certificate,Meta / Coursera,2025-04-15,,https://www.coursera.org/professional-certificates/meta-back-end-developer,2026-08-31 16:46:00
f80336ad-8da0-4aed-1111-ab48d4f86557,c2c72327-4684-8290-0974-f65a76951a0c,Microsoft Certified: Azure Fundamentals (AZ-900),Microsoft,2025-10-25,,https://learn.microsoft.com/en-us/credentials/certifications/azure-fundamentals/,2026-08-29 03:13:00
d37f4be6-0dde-abcc-6b25-8cbb55e0eeee,59a654e1-2865-eeb5-ecba-be49f68800c0,Meta Back-End Developer Professional Certificate,Meta / Coursera,2026-03-26,,https://www.coursera.org/professional-certificates/meta-back-end-developer,2026-08-07 13:07:00
24219447-cff9-f608-26b2-f8ae3f8e09e2,bc2dc193-fe2e-e930-02d9-b4e670c279c7,Google Cybersecurity Professional Certificate,Google / Coursera,2024-09-15,,https://www.coursera.org/professional-certificates/google-cybersecurity,2026-07-02 21:25:00
7a35c6f0-e997-1396-7866-64590042285b,952b3d41-ddf6-6267-40dc-13d01b90eccb,Microsoft Certified: Azure Fundamentals (AZ-900),Microsoft,2025-02-23,,https://learn.microsoft.com/en-us/credentials/certifications/azure-fundamentals/,2026-08-26 12:21:00
5fd956b1-a569-ebd9-a01a-79a1b34c693c,765aa3f5-82aa-bada-7201-5af70e75e4ab,PCEP – Certified Entry-Level Python Programmer,Python Institute,2025-08-14,,https://pythoninstitute.org/pcep,2026-07-08 19:15:00
15c0d1f2-c0bd-494b-69e6-adf4cbe73aeb,765aa3f5-82aa-bada-7201-5af70e75e4ab,Microsoft Certified: Azure Fundamentals (AZ-900),Microsoft,2024-08-09,,https://learn.microsoft.com/en-us/credentials/certifications/azure-fundamentals/,2026-07-08 19:15:00
d8211808-3e3f-9fcf-6f65-6186eb37b884,37f4a90e-2e6a-de60-0021-fbb4584d35a9,CompTIA Security+,CompTIA,2026-05-28,2029-05-27,https://www.comptia.org/certifications/security,2026-09-02 17:21:00
6104833d-67f4-062c-1def-f5b43ea457d4,edca1574-8411-666d-c351-47f7eef3dd4e,HashiCorp Certified: Terraform Associate,HashiCorp,2024-12-17,2027-12-17,https://developer.hashicorp.com/certifications/infrastructure-automation,2026-07-27 03:17:00
c51e8d3e-e881-d4de-d593-2f7343dab136,7f70e52d-12d1-f4b9-35f4-27a672a42452,Meta Front-End Developer Professional Certificate,Meta / Coursera,2026-02-15,,https://www.coursera.org/professional-certificates/meta-front-end-developer,2026-08-20 22:52:00
e5c6c8a4-6c35-8ce8-a62d-b9df6782acf7,80d97074-8a89-f143-e711-d03866e70e38,Machine Learning Specialization,DeepLearning.AI / Coursera,2026-04-07,,https://www.coursera.org/specializations/machine-learning-introduction,2026-07-24 08:47:00
2fcd3efc-c364-c6ff-3590-9433805b7c77,80d97074-8a89-f143-e711-d03866e70e38,Meta Back-End Developer Professional Certificate,Meta / Coursera,2025-09-06,,https://www.coursera.org/professional-certificates/meta-back-end-developer,2026-07-24 08:47:00
d4c69a13-a111-8eaf-d061-b34d79bdc5f9,29f937b5-eecf-9fa5-ac72-2e8ccf3cf4be,AWS Certified Solutions Architect – Associate,Amazon Web Services,2026-04-07,2029-04-06,https://aws.amazon.com/certification/certified-solutions-architect-associate/,2026-07-30 01:04:00
665831e1-3778-ad37-6db2-66dcc0e6c31e,29f937b5-eecf-9fa5-ac72-2e8ccf3cf4be,HashiCorp Certified: Terraform Associate,HashiCorp,2025-01-27,2028-01-27,https://developer.hashicorp.com/certifications/infrastructure-automation,2026-07-30 01:04:00
378266d4-7089-a753-6a9d-b267f755cde6,2e9f5993-5c8b-fec4-3d16-eecf6ea48d19,Meta Back-End Developer Professional Certificate,Meta / Coursera,2024-11-15,,https://www.coursera.org/professional-certificates/meta-back-end-developer,2026-07-20 15:20:00
1c89aeeb-0db3-07c9-6030-8e34bf68bc58,87361a9f-c0bd-ac2d-e8d9-d2b446560d3a,Machine Learning Specialization,DeepLearning.AI / Coursera,2025-12-14,,https://www.coursera.org/specializations/machine-learning-introduction,2026-08-24 19:01:00
4637d5fe-0381-3d26-fbe2-96cb3a384fa6,87361a9f-c0bd-ac2d-e8d9-d2b446560d3a,Meta Back-End Developer Professional Certificate,Meta / Coursera,2025-11-06,,https://www.coursera.org/professional-certificates/meta-back-end-developer,2026-08-24 19:01:00
0c6ab52f-2c9e-3a96-c97d-048e9060c42f,3e6beee6-7a6a-1f12-ee82-6d16451fcad2,Machine Learning Specialization,DeepLearning.AI / Coursera,2026-07-14,,https://www.coursera.org/specializations/machine-learning-introduction,2026-08-24 20:12:00
50e2b159-cc84-35ef-7f98-17c0a55f8289,3e6beee6-7a6a-1f12-ee82-6d16451fcad2,Docker Certified Associate,Docker / Mirantis,2024-05-18,,https://training.mirantis.com/,2026-08-24 20:12:00
c7225d8f-2ff9-7a7d-a2df-6584c9b7b082,bf0e91a7-ef0d-0a1c-4461-bfe5e80d581b,Deep Learning Specialization,DeepLearning.AI / Coursera,2026-05-31,,https://www.coursera.org/specializations/deep-learning,2026-08-14 07:50:00
cf49d9fc-0709-e2e0-2524-4dcda74d6072,2d09e031-9b7d-905a-57d5-e16c2c710b68,Docker Certified Associate,Docker / Mirantis,2026-05-10,,https://training.mirantis.com/,2026-09-16 11:31:00
4d593c14-82db-34f3-52c3-c305b8227841,62305320-89d2-e73e-c9d8-09017f73fa30,AWS Certified Cloud Practitioner,Amazon Web Services,2026-04-08,2029-04-07,https://aws.amazon.com/certification/certified-cloud-practitioner/,2026-07-11 10:46:00
ec1ee164-2c48-4912-8627-5aaa71f42468,715fa66c-9ac0-ca40-fe4f-b7e174d2bd8e,AWS Certified Cloud Practitioner,Amazon Web Services,2025-05-26,2028-05-25,https://aws.amazon.com/certification/certified-cloud-practitioner/,2026-09-10 11:07:00
6b13a06f-2070-ee0a-1b5e-ce45705630ff,715fa66c-9ac0-ca40-fe4f-b7e174d2bd8e,"Oracle Certified Associate, Java SE Programmer",Oracle,2025-03-27,,https://education.oracle.com/,2026-09-10 11:07:00
1b3bb285-98e8-1d6f-0c05-5bb301a078f5,22a11b7e-2979-f5cb-7695-d80afe753307,AWS Certified Solutions Architect – Associate,Amazon Web Services,2026-02-12,2029-02-11,https://aws.amazon.com/certification/certified-solutions-architect-associate/,2026-08-24 01:07:00
97c6da93-aa7f-6c01-d5a3-d3425b09c75d,22a11b7e-2979-f5cb-7695-d80afe753307,PCEP – Certified Entry-Level Python Programmer,Python Institute,2024-05-21,,https://pythoninstitute.org/pcep,2026-08-24 01:07:00
c2789b0f-4299-057d-ab17-eb1829dc5cba,92fa504c-722b-22cb-a5c9-1055f9dc5cb7,AWS Certified Solutions Architect – Associate,Amazon Web Services,2024-08-20,2027-08-20,https://aws.amazon.com/certification/certified-solutions-architect-associate/,2026-07-30 11:25:00
2adef426-741a-658b-dd90-ed3e215a91fa,3d9de9bb-b2cc-35e5-4c0a-be17e4540aa3,Google Data Analytics Professional Certificate,Google / Coursera,2025-08-15,,https://www.coursera.org/professional-certificates/google-data-analytics,2026-09-12 01:39:00
83e44f53-e850-67f1-a32a-e62fac73a192,b3dbae46-04f9-8de5-811e-6b6fdfa3c787,Google Data Analytics Professional Certificate,Google / Coursera,2026-05-20,,https://www.coursera.org/professional-certificates/google-data-analytics,2026-07-14 22:22:00
9aa60211-bbbe-0abb-323f-58d3fdd9c36f,b3dbae46-04f9-8de5-811e-6b6fdfa3c787,CompTIA Security+,CompTIA,2026-03-10,2029-03-09,https://www.comptia.org/certifications/security,2026-07-14 22:22:00
88a6975e-8308-fac2-657c-41c4c747d5c1,30f20ae6-4ee5-9dad-3bcb-78f0af6b193f,Deep Learning Specialization,DeepLearning.AI / Coursera,2026-01-14,,https://www.coursera.org/specializations/deep-learning,2026-09-06 07:15:00
44c7c4b0-216a-37b4-4834-4953099bab83,6cfc8b13-8e60-6faa-f9a4-1f65a583aa63,IBM Data Science Professional Certificate,IBM / Coursera,2024-06-21,,https://www.coursera.org/professional-certificates/ibm-data-science,2026-08-28 00:40:00
57f57ef5-45cf-4c6e-4cd7-16025cbfc498,613073b9-f453-32b5-7bb7-f25674972cb5,Google Cybersecurity Professional Certificate,Google / Coursera,2025-10-24,,https://www.coursera.org/professional-certificates/google-cybersecurity,2026-09-16 21:19:00
0f97f401-1051-8316-6976-86778f8b5cae,613073b9-f453-32b5-7bb7-f25674972cb5,Certified Kubernetes Administrator (CKA),CNCF / Linux Foundation,2023-11-23,2026-11-22,https://training.linuxfoundation.org/certification/certified-kubernetes-administrator-cka/,2026-09-16 21:19:00
9de80e55-66c9-cdd4-0f38-895d219262e0,82983987-fc54-9e41-b492-86412c423366,PCEP – Certified Entry-Level Python Programmer,Python Institute,2026-02-24,,https://pythoninstitute.org/pcep,2026-07-15 19:14:00
f261141a-9fcd-eedd-1880-8a3d1bd075b5,82983987-fc54-9e41-b492-86412c423366,AWS Certified Cloud Practitioner,Amazon Web Services,2024-03-03,2027-03-03,https://aws.amazon.com/certification/certified-cloud-practitioner/,2026-07-15 19:14:00
76e495a3-c762-3d2e-d434-e02dae716f47,318f8ad1-36c9-28d4-d6e3-828050d9584e,PCEP – Certified Entry-Level Python Programmer,Python Institute,2024-10-19,,https://pythoninstitute.org/pcep,2026-08-04 05:53:00
7ba71cb0-85c2-0673-4d45-0fdebab7d9f9,5c84944d-176a-3da9-b3b7-77ff1346fbc0,freeCodeCamp Responsive Web Design,freeCodeCamp,2025-04-06,,https://www.freecodecamp.org/learn/2022/responsive-web-design/,2026-07-31 02:14:00
2aa49db9-28f4-100b-bbce-d11f98588e87,d468af3e-b33e-2801-6c85-dd967cb9531c,AWS Certified Cloud Practitioner,Amazon Web Services,2025-10-31,2028-10-30,https://aws.amazon.com/certification/certified-cloud-practitioner/,2026-08-03 12:22:00
5cfd7831-5c05-5862-3d60-db99f0ad6753,29065111-a12f-5a8a-7aa3-d450bc7535b1,Google Data Analytics Professional Certificate,Google / Coursera,2025-04-19,,https://www.coursera.org/professional-certificates/google-data-analytics,2026-07-25 09:20:00
f7638f94-d861-2dad-749e-389e593339fd,29065111-a12f-5a8a-7aa3-d450bc7535b1,freeCodeCamp Responsive Web Design,freeCodeCamp,2023-10-05,,https://www.freecodecamp.org/learn/2022/responsive-web-design/,2026-07-25 09:20:00
4eb16892-75cf-e82c-a414-e9fb445c61f1,8fe77c72-a73f-713f-b1ce-ccba56e6e186,PCEP – Certified Entry-Level Python Programmer,Python Institute,2025-03-09,,https://pythoninstitute.org/pcep,2026-07-20 18:19:00
8511c400-14bb-23f1-164d-98a3b80351ca,4f544959-669e-8598-a868-5f0c2af53075,Splunk Core Certified User,Splunk,2025-12-09,,https://www.splunk.com/en_us/training/certification-track/splunk-core-certified-user.html,2026-09-05 01:08:00
00bca5bf-615d-e80d-f658-b46a0b627f82,ed2b002b-4d4f-6a43-edf4-01b5c0a3d4f6,AWS Certified Solutions Architect – Associate,Amazon Web Services,2026-03-03,2029-03-02,https://aws.amazon.com/certification/certified-solutions-architect-associate/,2026-08-26 23:27:00
da7a139a-5e02-5c70-f396-953578d3c99e,c0684c4e-a2bc-df45-98a2-40202e185055,PCEP – Certified Entry-Level Python Programmer,Python Institute,2025-06-23,,https://pythoninstitute.org/pcep,2026-09-17 10:26:00
ac5e853e-d379-61a6-5b05-10989846f91d,54ab75c9-cb2d-065c-6788-8389b60d229a,Microsoft Certified: Power BI Data Analyst Associate (PL-300),Microsoft,2025-06-19,,https://learn.microsoft.com/en-us/credentials/certifications/data-analyst-associate/,2026-07-25 08:27:00
3d3ab27e-7104-9cc8-c6fe-18c939032f89,fb3a5054-a3ca-7384-b2dd-e52405222969,Machine Learning Specialization,DeepLearning.AI / Coursera,2026-05-23,,https://www.coursera.org/specializations/machine-learning-introduction,2026-07-16 22:34:00
f97d7124-fc05-ffa6-a176-1dbbcdd9203d,58128552-fc5a-4951-e8f7-19991ea5c343,PCEP – Certified Entry-Level Python Programmer,Python Institute,2025-06-16,,https://pythoninstitute.org/pcep,2026-09-20 07:22:00
b412b428-c008-d638-4020-77fb285534b4,0fc1bcf4-b120-af1d-348b-68b55ad28c2b,IBM Data Science Professional Certificate,IBM / Coursera,2025-04-10,,https://www.coursera.org/professional-certificates/ibm-data-science,2026-09-09 11:39:00
c1d37c44-ed96-8e81-57c0-e101bfdc68df,0fc1bcf4-b120-af1d-348b-68b55ad28c2b,AWS Certified Solutions Architect – Associate,Amazon Web Services,2024-04-23,2027-04-23,https://aws.amazon.com/certification/certified-solutions-architect-associate/,2026-09-09 11:39:00
98e0493c-702c-f240-a970-b27d57f0f102,f99363a7-e393-a76d-1147-9bbb10c329a6,CompTIA Security+,CompTIA,2026-02-03,2029-02-02,https://www.comptia.org/certifications/security,2026-08-05 10:40:00
75d50d77-b950-3be2-07a7-5ee9cea1cb7f,f99363a7-e393-a76d-1147-9bbb10c329a6,Meta Back-End Developer Professional Certificate,Meta / Coursera,2025-09-10,,https://www.coursera.org/professional-certificates/meta-back-end-developer,2026-08-05 10:40:00
7005fe0c-2d4f-8c5d-b922-183f64df935c,037614ae-5d56-24c1-ffaf-473d7c0aae61,Microsoft Office Specialist: Excel Associate,Microsoft,2025-04-16,,https://learn.microsoft.com/en-us/credentials/,2026-08-30 09:11:00
03a7712a-422c-3797-f6ee-23437dcc57c5,6b111b61-baca-678d-3fb1-cbdc527e8543,CompTIA Security+,CompTIA,2026-03-23,2029-03-22,https://www.comptia.org/certifications/security,2026-09-05 23:48:00
bd8cd213-b64e-f7ae-1e4b-c2fc459e4234,46d6c31b-a0bc-3c69-b1c9-7a745344f500,PCEP – Certified Entry-Level Python Programmer,Python Institute,2026-05-09,,https://pythoninstitute.org/pcep,2026-09-17 19:12:00
ec187737-5922-2a96-f1a9-3347390c1784,65bde179-b04a-d305-4ca5-c01bc6d2d383,Meta Front-End Developer Professional Certificate,Meta / Coursera,2024-08-21,,https://www.coursera.org/professional-certificates/meta-front-end-developer,2026-07-30 02:18:00
b72aa37c-8cd4-f50e-222b-1dd124a5a90b,65bde179-b04a-d305-4ca5-c01bc6d2d383,Microsoft Certified: Azure Fundamentals (AZ-900),Microsoft,2024-09-06,,https://learn.microsoft.com/en-us/credentials/certifications/azure-fundamentals/,2026-07-30 02:18:00
8fa84ec0-1ced-72c8-00b2-2818dee6ac4c,76889e3b-7c00-3344-28fd-a294f82aad36,Cisco Certified Network Associate (CCNA),Cisco,2025-03-11,2028-03-10,https://www.cisco.com/site/us/en/learn/training-certifications/certifications/enterprise/ccna/index.html,2026-07-17 13:39:00
20bc09a0-9335-ca85-d400-5bbd2701703d,da12cb70-3920-50ba-fc09-ce06f2422ab7,Docker Certified Associate,Docker / Mirantis,2025-06-30,,https://training.mirantis.com/,2026-08-05 16:09:00
c410462c-c55b-ba63-fce1-0a11ccd338ad,27bed33e-4b32-efbc-8edf-fc0dedaddac5,Microsoft Certified: Azure Fundamentals (AZ-900),Microsoft,2025-01-04,,https://learn.microsoft.com/en-us/credentials/certifications/azure-fundamentals/,2026-07-29 23:54:00
85f839b6-8e88-ae2a-0f99-9e2cba2dc158,27bed33e-4b32-efbc-8edf-fc0dedaddac5,PCEP – Certified Entry-Level Python Programmer,Python Institute,2026-01-10,,https://pythoninstitute.org/pcep,2026-07-29 23:54:00
6eb81cd8-13ad-e014-cfce-855b38f8560d,0645ddbc-1794-6e05-5e2e-2eff78aa6915,Certified Ethical Hacker (CEH),EC-Council,2025-07-13,2028-07-12,https://www.eccouncil.org/train-certify/certified-ethical-hacker-ceh/,2026-07-03 16:21:00
985ce7b4-e63d-9d5a-5a99-396a5ede8927,0645ddbc-1794-6e05-5e2e-2eff78aa6915,Microsoft Certified: Azure Fundamentals (AZ-900),Microsoft,2025-10-02,,https://learn.microsoft.com/en-us/credentials/certifications/azure-fundamentals/,2026-07-03 16:21:00
a196d992-af1a-e95e-38a4-73431388d21e,ebff8efe-e3cb-e5ad-b15a-2ce9ce8a6604,IBM Data Science Professional Certificate,IBM / Coursera,2025-07-13,,https://www.coursera.org/professional-certificates/ibm-data-science,2026-07-24 19:50:00
68481a2f-ce97-6f2e-4fcf-c11049dbd7b2,ebff8efe-e3cb-e5ad-b15a-2ce9ce8a6604,Certified Kubernetes Administrator (CKA),CNCF / Linux Foundation,2026-05-28,2029-05-27,https://training.linuxfoundation.org/certification/certified-kubernetes-administrator-cka/,2026-07-24 19:50:00
d830675b-1568-acdc-b74b-f73de6ab34da,dfbc944b-37da-7a11-d42a-07798f42235a,PCEP – Certified Entry-Level Python Programmer,Python Institute,2026-02-23,,https://pythoninstitute.org/pcep,2026-09-17 10:25:00
eee8480a-af1f-0cec-1a95-5c4f97c0aba4,9028121e-d512-10fd-4b42-8fafe440c6dd,Meta Front-End Developer Professional Certificate,Meta / Coursera,2024-11-10,,https://www.coursera.org/professional-certificates/meta-front-end-developer,2026-08-25 04:46:00
bcfcc24f-daf2-8060-f73f-39b650508d26,9028121e-d512-10fd-4b42-8fafe440c6dd,Certified Kubernetes Administrator (CKA),CNCF / Linux Foundation,2025-01-20,2028-01-20,https://training.linuxfoundation.org/certification/certified-kubernetes-administrator-cka/,2026-08-25 04:46:00
8b15c33e-8296-25bc-5373-7adae7ce9a07,91c1649f-4a26-15c0-e69f-777e75fce80c,Certified Kubernetes Administrator (CKA),CNCF / Linux Foundation,2024-09-26,2027-09-26,https://training.linuxfoundation.org/certification/certified-kubernetes-administrator-cka/,2026-07-19 01:41:00
9f34eac7-3085-69f9-157b-dc2ac44c4b96,6de54bfa-b298-2274-2431-d9962923d53c,Machine Learning Specialization,DeepLearning.AI / Coursera,2025-10-20,,https://www.coursera.org/specializations/machine-learning-introduction,2026-08-11 17:15:00
66eb3360-727d-0901-e8f1-9edb15dc63c9,6de54bfa-b298-2274-2431-d9962923d53c,Meta Back-End Developer Professional Certificate,Meta / Coursera,2024-09-30,,https://www.coursera.org/professional-certificates/meta-back-end-developer,2026-08-11 17:15:00
0c973297-94b5-067e-a1e1-6a4dd03b7607,18ee7c3e-dbeb-7b46-02b0-ff0b5c5794fa,AWS Certified Solutions Architect – Associate,Amazon Web Services,2026-05-18,2029-05-17,https://aws.amazon.com/certification/certified-solutions-architect-associate/,2026-07-07 23:14:00
f23cd2ac-1bf9-742d-d0b2-eca01d1a4ed1,40a641cd-5753-f91e-980a-d348a866aa2e,Meta Back-End Developer Professional Certificate,Meta / Coursera,2024-03-03,,https://www.coursera.org/professional-certificates/meta-back-end-developer,2026-07-01 22:52:00
7b8ad72c-a416-7ce7-1054-f70c53774600,d2ef9c7e-613d-80c2-a22a-25fd0f2a1e81,IBM Data Science Professional Certificate,IBM / Coursera,2025-09-18,,https://www.coursera.org/professional-certificates/ibm-data-science,2026-09-11 06:14:00
806a5634-6f3a-4b56-f679-99de688cf4df,e0fbccfa-2ea1-7568-e125-79e501b05586,PCEP – Certified Entry-Level Python Programmer,Python Institute,2024-05-02,,https://pythoninstitute.org/pcep,2026-07-04 08:04:00
5ba28032-3f30-ba99-ac90-68c26f713fbf,7aacc888-4428-436f-acac-0f363dfca351,AWS Certified Cloud Practitioner,Amazon Web Services,2024-11-19,2027-11-19,https://aws.amazon.com/certification/certified-cloud-practitioner/,2026-07-29 23:09:00
2f98765a-ed4f-ac7b-db02-9024a12bf306,2d20f58a-58b5-eaaf-38a0-f99ba42c838b,PCEP – Certified Entry-Level Python Programmer,Python Institute,2025-03-30,,https://pythoninstitute.org/pcep,2026-07-02 08:19:00
cd6ef948-156b-66a1-5994-890d86c147f8,ffa99231-0055-337e-fee6-a756566d7354,Machine Learning Specialization,DeepLearning.AI / Coursera,2025-05-29,,https://www.coursera.org/specializations/machine-learning-introduction,2026-08-13 10:48:00
65216f62-50c6-65eb-6daa-c7cfae3b19cb,2bcf26e5-7611-a3cb-c18b-91ec7f9b574d,IBM Data Science Professional Certificate,IBM / Coursera,2026-01-08,,https://www.coursera.org/professional-certificates/ibm-data-science,2026-08-22 15:41:00
c70de488-6857-b3c5-f0d5-cc6b71e7f679,ef7e38b7-455e-bd5a-ec8b-c81d9c806f55,Google Cybersecurity Professional Certificate,Google / Coursera,2025-09-29,,https://www.coursera.org/professional-certificates/google-cybersecurity,2026-07-27 15:21:00
775b7fb3-3086-ebfd-a5d6-e085e694ef89,1fd4a56c-b773-293f-768f-5fc2e235e8a2,Deep Learning Specialization,DeepLearning.AI / Coursera,2026-06-09,,https://www.coursera.org/specializations/deep-learning,2026-07-07 11:02:00
d124da10-dee2-235e-c078-6523c6f7cab9,51db60b1-f418-70ea-a9e2-3756713b9fea,Meta Back-End Developer Professional Certificate,Meta / Coursera,2024-09-18,,https://www.coursera.org/professional-certificates/meta-back-end-developer,2026-08-31 16:18:00
936829b7-9a29-c667-50eb-264c255faa6e,2d9f19d1-3b66-75af-08b0-ce23ca3536d1,AWS Certified Cloud Practitioner,Amazon Web Services,2025-12-29,2028-12-28,https://aws.amazon.com/certification/certified-cloud-practitioner/,2026-08-30 01:09:00
9df4e97c-489b-f387-fed2-39d6f983f03b,348dd05d-79d2-12f3-1e1a-899c55f725e3,Google Cloud Digital Leader,Google Cloud,2026-07-19,2029-07-18,https://cloud.google.com/learn/certification/cloud-digital-leader,2026-08-10 03:43:00
13d83851-c29a-c829-1cfa-359e3b81cab0,53c9b548-3946-e9ce-6f80-e85a3bd9474b,Machine Learning Specialization,DeepLearning.AI / Coursera,2025-05-09,,https://www.coursera.org/specializations/machine-learning-introduction,2026-09-04 10:39:00
77f5f7fe-cb41-c68f-69cb-3cb8d2f846b5,f875bcd0-ae30-72c5-b411-a25794fbb49c,HashiCorp Certified: Terraform Associate,HashiCorp,2026-07-23,2029-07-22,https://developer.hashicorp.com/certifications/infrastructure-automation,2026-07-09 11:36:00
0f6e1a61-37bd-d1e6-aace-0e47dc57a5a9,f875bcd0-ae30-72c5-b411-a25794fbb49c,Splunk Core Certified User,Splunk,2024-10-18,,https://www.splunk.com/en_us/training/certification-track/splunk-core-certified-user.html,2026-07-09 11:36:00
dc694468-e3c5-f1a2-04d0-b8a32e380aeb,e0813a07-4f0a-c825-ec38-0f2df45a38b4,PCEP – Certified Entry-Level Python Programmer,Python Institute,2025-03-15,,https://pythoninstitute.org/pcep,2026-08-23 05:12:00
3df476ee-560c-5bd8-6ef4-f23a1a3b1f24,4eedab88-0b46-8e77-a20b-2d6348575b3f,Google Cybersecurity Professional Certificate,Google / Coursera,2026-03-13,,https://www.coursera.org/professional-certificates/google-cybersecurity,2026-07-14 17:53:00
d34de3fb-5b70-6265-a979-8b685840dc12,8396ec0c-20b6-694a-1ef6-201d2b87bc13,Google Data Analytics Professional Certificate,Google / Coursera,2025-02-16,,https://www.coursera.org/professional-certificates/google-data-analytics,2026-07-03 15:59:00
7a63342b-2782-5da2-2198-11ae72544f41,8396ec0c-20b6-694a-1ef6-201d2b87bc13,Tableau Desktop Specialist,Tableau / Salesforce,2025-02-21,,https://www.tableau.com/learn/certification,2026-07-03 15:59:00
9239f8f5-b611-b446-ee83-9f0126a87038,f938cfda-e5e0-80ec-3ed5-b277b77505e6,Google Data Analytics Professional Certificate,Google / Coursera,2025-12-22,,https://www.coursera.org/professional-certificates/google-data-analytics,2026-08-31 08:39:00
599a9bbb-b18e-2960-a8e9-644f43dcf6d0,b0cf91f8-4272-c0a6-3b75-dbac89c9f337,Tableau Desktop Specialist,Tableau / Salesforce,2025-07-20,,https://www.tableau.com/learn/certification,2026-09-01 12:12:00
83497250-ca12-f4df-3fee-d83959ab9a30,5121be73-3126-960b-3324-a1119b9b1dcb,IBM Data Science Professional Certificate,IBM / Coursera,2024-03-12,,https://www.coursera.org/professional-certificates/ibm-data-science,2026-08-07 16:50:00
81714bc3-55c3-2fde-ff3b-02875c338a83,4cfe1c52-8f76-aa72-47e0-f9a885c84135,AWS Certified Solutions Architect – Associate,Amazon Web Services,2023-11-10,2026-11-09,https://aws.amazon.com/certification/certified-solutions-architect-associate/,2026-07-23 13:19:00
22139dc3-2775-0e9b-15c7-8870c20b5d7f,5435b8a7-55b0-ef97-7c1f-52af3d1efba5,Machine Learning Specialization,DeepLearning.AI / Coursera,2026-05-31,,https://www.coursera.org/specializations/machine-learning-introduction,2026-07-26 16:40:00
5d12ca2f-092d-bd23-37c2-be053764a51b,0dec0e1c-2384-e812-a2bb-c3755d45fadf,Meta Back-End Developer Professional Certificate,Meta / Coursera,2025-01-26,,https://www.coursera.org/professional-certificates/meta-back-end-developer,2026-07-06 19:27:00
598d42b2-3590-a0e0-d9d3-19a1f0884723,e0566fff-67cc-0ee4-dab7-fdcc26f4c8ac,Meta Back-End Developer Professional Certificate,Meta / Coursera,2025-11-02,,https://www.coursera.org/professional-certificates/meta-back-end-developer,2026-08-09 00:16:00
5c936fad-4b90-ba28-ec0c-61f94d086f38,e0566fff-67cc-0ee4-dab7-fdcc26f4c8ac,Microsoft Certified: Power BI Data Analyst Associate (PL-300),Microsoft,2026-02-20,,https://learn.microsoft.com/en-us/credentials/certifications/data-analyst-associate/,2026-08-09 00:16:00
c4a65ea7-eb58-f51e-5f78-ae634d3ceb13,cfae89a2-2f6f-b81a-4502-cff1ff5ea3e5,Microsoft Office Specialist: Excel Associate,Microsoft,2025-01-13,,https://learn.microsoft.com/en-us/credentials/,2026-07-28 08:29:00
56be1c30-c0e8-0e9c-3694-5e84f4a82236,fcc9feef-4530-2005-a49b-84765f09f3f3,Google Data Analytics Professional Certificate,Google / Coursera,2023-12-07,,https://www.coursera.org/professional-certificates/google-data-analytics,2026-07-24 23:28:00
bb997da4-7f5b-e781-47ba-5d5081c4b4cf,6f5022f6-8db9-36fb-0204-6c6e12406ad5,HashiCorp Certified: Terraform Associate,HashiCorp,2024-11-05,2027-11-05,https://developer.hashicorp.com/certifications/infrastructure-automation,2026-07-18 04:44:00
0b716a15-f6c2-194f-7e2d-ca6280f7360d,6f5022f6-8db9-36fb-0204-6c6e12406ad5,Certified Ethical Hacker (CEH),EC-Council,2025-09-27,2028-09-26,https://www.eccouncil.org/train-certify/certified-ethical-hacker-ceh/,2026-07-18 04:44:00
f12e608b-b82b-97c2-4c96-c79e11f5e436,7e8bdab5-bd7a-ff93-37bc-fcdfbea45a9b,Microsoft Office Specialist: Excel Associate,Microsoft,2025-06-14,,https://learn.microsoft.com/en-us/credentials/,2026-07-01 11:45:00
b3b0d6fb-701b-c17c-8882-3bfba23d00f0,237f54da-4aa5-cdd3-7c5a-a5dd3f8703c5,Microsoft Certified: Azure Fundamentals (AZ-900),Microsoft,2025-05-22,,https://learn.microsoft.com/en-us/credentials/certifications/azure-fundamentals/,2026-09-03 02:06:00
50bc3fff-aa10-d5af-5891-1dcad31e1d2c,e3c3e936-0598-6daa-d6f6-63e735ef7ab1,Certified Kubernetes Administrator (CKA),CNCF / Linux Foundation,2025-09-22,2028-09-21,https://training.linuxfoundation.org/certification/certified-kubernetes-administrator-cka/,2026-09-09 00:03:00
4b8b4d2d-a04e-6999-6bb4-23fba6a5f7bc,e3c3e936-0598-6daa-d6f6-63e735ef7ab1,Google Cybersecurity Professional Certificate,Google / Coursera,2025-10-13,,https://www.coursera.org/professional-certificates/google-cybersecurity,2026-09-09 00:03:00
a25d7322-884e-ac25-22f9-a0c85c52aa83,e74dea71-443e-1978-d62a-ceb3c62f733d,Meta Front-End Developer Professional Certificate,Meta / Coursera,2024-04-06,,https://www.coursera.org/professional-certificates/meta-front-end-developer,2026-09-02 12:06:00
73ec7df0-cd51-f72b-ca58-122f04ba5547,9f42d72e-3893-8b95-6b32-497bdd1ed408,Meta Front-End Developer Professional Certificate,Meta / Coursera,2026-07-10,,https://www.coursera.org/professional-certificates/meta-front-end-developer,2026-08-29 03:54:00
7b69303a-cf15-33af-9dad-9ff2ed7d4e5d,636e8be2-dfde-badd-d91c-8dbf4493af50,IBM Data Science Professional Certificate,IBM / Coursera,2023-09-20,,https://www.coursera.org/professional-certificates/ibm-data-science,2026-08-29 05:16:00
bab488fe-f7ee-6cf8-0f33-e69a27115ca0,636e8be2-dfde-badd-d91c-8dbf4493af50,Machine Learning Specialization,DeepLearning.AI / Coursera,2023-11-01,,https://www.coursera.org/specializations/machine-learning-introduction,2026-08-29 05:16:00
680cdc8c-1838-279d-be7a-b5b685de2b35,a177bd2b-a258-8ba4-9ead-70d9f0bd4fe4,Certified Kubernetes Administrator (CKA),CNCF / Linux Foundation,2025-10-17,2028-10-16,https://training.linuxfoundation.org/certification/certified-kubernetes-administrator-cka/,2026-08-20 09:21:00
698774c3-a3f3-6f78-7dd7-662aaac7c9f8,c081f1f9-acda-a216-85b7-c866c275f20d,Microsoft Certified: Azure Fundamentals (AZ-900),Microsoft,2025-01-28,,https://learn.microsoft.com/en-us/credentials/certifications/azure-fundamentals/,2026-07-07 15:19:00
8131e4db-bc6f-5f5e-c10a-80e522355888,c081f1f9-acda-a216-85b7-c866c275f20d,Meta Back-End Developer Professional Certificate,Meta / Coursera,2026-04-16,,https://www.coursera.org/professional-certificates/meta-back-end-developer,2026-07-07 15:19:00
b36ff466-7761-38b6-4861-afa9325c44ec,f2d7703d-cb64-ae4a-bf22-94d516709094,Tableau Desktop Specialist,Tableau / Salesforce,2024-12-06,,https://www.tableau.com/learn/certification,2026-08-22 09:25:00
782d264d-5fde-c350-53e9-a11542a65226,b25c037b-811b-da57-fd7a-44e1c9c4fd1d,AWS Certified Solutions Architect – Associate,Amazon Web Services,2026-05-30,2029-05-29,https://aws.amazon.com/certification/certified-solutions-architect-associate/,2026-07-23 21:56:00
03f7ee36-4d4f-20fd-71a4-cf22b23d8430,b24bc220-63bb-3cfa-43e5-fee50a6ca4e7,Certified Kubernetes Administrator (CKA),CNCF / Linux Foundation,2025-02-16,2028-02-16,https://training.linuxfoundation.org/certification/certified-kubernetes-administrator-cka/,2026-08-17 05:36:00
10dc8951-62fb-db48-8a56-974ed1b580e6,65081a22-1667-787e-82b5-abd4a06ebb06,Meta Front-End Developer Professional Certificate,Meta / Coursera,2025-01-11,,https://www.coursera.org/professional-certificates/meta-front-end-developer,2026-07-12 05:30:00
3e70fee2-da34-bac3-e25e-d56c1ba80c6e,dbde6958-995f-3649-ca2b-f6f737cc56c1,Google Data Analytics Professional Certificate,Google / Coursera,2025-10-09,,https://www.coursera.org/professional-certificates/google-data-analytics,2026-09-05 17:54:00
890ecc00-1a23-e18b-80af-f334b8f5380c,75b24f97-43e7-39bd-1669-8f09855c4d41,Certified Kubernetes Administrator (CKA),CNCF / Linux Foundation,2024-09-22,2027-09-22,https://training.linuxfoundation.org/certification/certified-kubernetes-administrator-cka/,2026-09-20 04:37:00
1af9e16e-452f-4fa8-509e-d3fc1eb34e27,068f63ee-5b78-fc11-16ea-1f38a1004f29,freeCodeCamp Responsive Web Design,freeCodeCamp,2026-02-09,,https://www.freecodecamp.org/learn/2022/responsive-web-design/,2026-08-04 14:49:00
49f76746-0dd5-72e4-edf8-90456bc6ec62,068f63ee-5b78-fc11-16ea-1f38a1004f29,Tableau Desktop Specialist,Tableau / Salesforce,2026-03-28,,https://www.tableau.com/learn/certification,2026-08-04 14:49:00
3aef0d15-988e-9651-feeb-10cc33016eb3,ddb12a8c-603e-75db-6a4e-41081fd12667,Machine Learning Specialization,DeepLearning.AI / Coursera,2024-11-16,,https://www.coursera.org/specializations/machine-learning-introduction,2026-08-27 15:29:00
bc961903-5f1e-d253-d597-e1f5f55a44fd,29f88f8a-127f-e7aa-8854-bc878a60f14a,freeCodeCamp Responsive Web Design,freeCodeCamp,2026-06-17,,https://www.freecodecamp.org/learn/2022/responsive-web-design/,2026-08-22 22:06:00
455a16c6-bb7a-744f-2b19-87f72556939b,a79d5cde-255d-3d4f-5e1f-be50d45a4ac1,Docker Certified Associate,Docker / Mirantis,2025-09-16,,https://training.mirantis.com/,2026-08-08 11:03:00
c29fdbce-84e8-7282-389f-1f2b2c94e238,a79d5cde-255d-3d4f-5e1f-be50d45a4ac1,Tableau Desktop Specialist,Tableau / Salesforce,2026-07-02,,https://www.tableau.com/learn/certification,2026-08-08 11:03:00
eaa0555a-6882-86d1-4ec8-6e936dce06df,91c45d4f-8e3c-5c30-dc88-06918659b285,IBM Data Science Professional Certificate,IBM / Coursera,2025-07-26,,https://www.coursera.org/professional-certificates/ibm-data-science,2026-08-09 18:07:00
d0579aef-145a-02f7-7b28-a4a59a8019e8,91c45d4f-8e3c-5c30-dc88-06918659b285,CompTIA Security+,CompTIA,2025-12-22,2028-12-21,https://www.comptia.org/certifications/security,2026-08-09 18:07:00
b1a6e108-f5f0-8d95-360b-8d343c4e0538,8d93d7e1-688e-3351-fc62-00dee5c31d2e,Docker Certified Associate,Docker / Mirantis,2024-07-07,,https://training.mirantis.com/,2026-07-15 13:02:00
1021732f-467b-4045-9f34-430ce893a587,8d93d7e1-688e-3351-fc62-00dee5c31d2e,Google Data Analytics Professional Certificate,Google / Coursera,2024-03-08,,https://www.coursera.org/professional-certificates/google-data-analytics,2026-07-15 13:02:00
24a6a0e2-a632-5271-78c6-a01f1c3a6281,4753014d-7882-9cdd-a840-faadaffc4c90,Microsoft Certified: Azure Fundamentals (AZ-900),Microsoft,2024-06-21,,https://learn.microsoft.com/en-us/credentials/certifications/azure-fundamentals/,2026-08-24 08:12:00
aec58667-222f-d3a2-8bc8-b5a6db1d791e,4753014d-7882-9cdd-a840-faadaffc4c90,PCEP – Certified Entry-Level Python Programmer,Python Institute,2023-09-19,,https://pythoninstitute.org/pcep,2026-08-24 08:12:00
bd31f1c1-8eb8-99fe-cbc0-327a451b5fac,5cfe85a0-c3f0-c264-d210-d2183ba399b3,PCEP – Certified Entry-Level Python Programmer,Python Institute,2023-12-08,,https://pythoninstitute.org/pcep,2026-09-05 02:39:00
c9442270-adde-0f60-afaf-40b8b9f826c9,a6a92d7d-9899-375a-401d-516e43219ef7,HashiCorp Certified: Terraform Associate,HashiCorp,2024-07-22,2027-07-22,https://developer.hashicorp.com/certifications/infrastructure-automation,2026-07-09 01:23:00
867c8ce5-c1a1-8c35-e5fd-0fda5a858066,a6a92d7d-9899-375a-401d-516e43219ef7,Microsoft Certified: Azure Fundamentals (AZ-900),Microsoft,2024-05-01,,https://learn.microsoft.com/en-us/credentials/certifications/azure-fundamentals/,2026-07-09 01:23:00
e3d099cf-50aa-b2c8-9e89-48ab4764b469,2b19a62b-6a29-5f03-4feb-d75e4880b8fa,Splunk Core Certified User,Splunk,2025-04-27,,https://www.splunk.com/en_us/training/certification-track/splunk-core-certified-user.html,2026-07-13 22:48:00
04661845-34f2-22bd-7464-c8398bdb577b,81e2db6e-be49-1a02-58f9-8c93929b98d1,Google Data Analytics Professional Certificate,Google / Coursera,2025-05-25,,https://www.coursera.org/professional-certificates/google-data-analytics,2026-08-18 12:07:00
fdb2b46f-8650-0421-8af1-b1c1fa8a9170,13f15f09-1b9e-bf85-3a2e-f0d4e6a77db2,AWS Certified Cloud Practitioner,Amazon Web Services,2024-07-21,2027-07-21,https://aws.amazon.com/certification/certified-cloud-practitioner/,2026-07-18 16:03:00
97cd0d0c-d1f7-f21c-f382-9aeaa8b3a9b7,13f15f09-1b9e-bf85-3a2e-f0d4e6a77db2,Google Cybersecurity Professional Certificate,Google / Coursera,2023-11-11,,https://www.coursera.org/professional-certificates/google-cybersecurity,2026-07-18 16:03:00
5b2ea703-81ae-a06c-fabf-ac208040abff,36cd3c09-a8a0-da2a-2ab0-53f02d079c6d,Google Data Analytics Professional Certificate,Google / Coursera,2026-01-17,,https://www.coursera.org/professional-certificates/google-data-analytics,2026-07-02 21:52:00
de349151-0834-28e5-b6f6-8f85a365f738,efea8c43-4535-e6f0-5ac6-708e54e0af9b,Microsoft Office Specialist: Excel Associate,Microsoft,2024-05-29,,https://learn.microsoft.com/en-us/credentials/,2026-08-02 05:06:00
2cddffae-3058-fa22-9634-13baa096f194,18155afa-f9a8-cccc-dd97-582f73e8339c,AWS Certified Cloud Practitioner,Amazon Web Services,2025-05-10,2028-05-09,https://aws.amazon.com/certification/certified-cloud-practitioner/,2026-07-23 18:42:00
baf0dc54-b524-f4aa-b056-d43109b65742,18155afa-f9a8-cccc-dd97-582f73e8339c,Meta Back-End Developer Professional Certificate,Meta / Coursera,2026-07-26,,https://www.coursera.org/professional-certificates/meta-back-end-developer,2026-07-23 18:42:00
104123db-eb09-e05a-ab9a-81bc81990bd5,5bb033d5-cec3-08ac-8980-3c045737d05e,freeCodeCamp Responsive Web Design,freeCodeCamp,2025-08-22,,https://www.freecodecamp.org/learn/2022/responsive-web-design/,2026-07-12 04:55:00
c24e2a72-904e-30f1-d628-5ca5b846bf20,5bb033d5-cec3-08ac-8980-3c045737d05e,Certified Kubernetes Administrator (CKA),CNCF / Linux Foundation,2024-09-13,2027-09-13,https://training.linuxfoundation.org/certification/certified-kubernetes-administrator-cka/,2026-07-12 04:55:00
d7be2dac-acf7-e08a-1e83-723ce401d4d2,1573e8d4-eaa6-cf47-8451-84eb2365ece5,Machine Learning Specialization,DeepLearning.AI / Coursera,2025-12-07,,https://www.coursera.org/specializations/machine-learning-introduction,2026-09-13 23:51:00
e621a526-4c64-b6ba-e31c-a474db8ff9e0,c655e8b9-1907-2536-33d3-405192b5b642,Google Data Analytics Professional Certificate,Google / Coursera,2023-09-29,,https://www.coursera.org/professional-certificates/google-data-analytics,2026-09-05 22:38:00
2ed22475-3131-61a5-5a15-1fff52ad9345,1a0acca5-de5d-a310-2437-3a2c4a02bcde,Tableau Desktop Specialist,Tableau / Salesforce,2025-11-27,,https://www.tableau.com/learn/certification,2026-08-25 16:49:00
132d0a5a-3653-856e-a823-3b0a5d0f1116,dc9e1eac-fd73-2526-348f-f692139c83e9,IBM Data Science Professional Certificate,IBM / Coursera,2024-02-10,,https://www.coursera.org/professional-certificates/ibm-data-science,2026-08-21 02:03:00
0ac91e13-1070-4dcc-68d7-b656c0795f7b,6a51ebdc-d057-ebe6-caa7-eb21aea7de61,PCEP – Certified Entry-Level Python Programmer,Python Institute,2026-02-21,,https://pythoninstitute.org/pcep,2026-07-08 11:38:00
00418183-94f2-f401-7d66-94b4503e14aa,cdafbd48-3d6d-194f-d1e9-53c8cc10d7f1,Google Cybersecurity Professional Certificate,Google / Coursera,2025-03-15,,https://www.coursera.org/professional-certificates/google-cybersecurity,2026-08-23 11:18:00
6d27cda9-34a0-7a6e-8f7f-2b7e7e9cbd14,d4c4be39-b6c1-11ad-a2e6-f4142f01bb8e,IBM Data Science Professional Certificate,IBM / Coursera,2026-05-22,,https://www.coursera.org/professional-certificates/ibm-data-science,2026-07-12 07:00:00
2a1ecd8c-62fc-7ca5-24b5-591cc0f61b24,cb22dd32-8a36-0253-36f9-31569a199bd0,Machine Learning Specialization,DeepLearning.AI / Coursera,2025-05-02,,https://www.coursera.org/specializations/machine-learning-introduction,2026-07-10 10:00:00
39437052-f589-06b9-2acc-21d93643c274,cb22dd32-8a36-0253-36f9-31569a199bd0,freeCodeCamp Responsive Web Design,freeCodeCamp,2025-03-03,,https://www.freecodecamp.org/learn/2022/responsive-web-design/,2026-07-10 10:00:00
74809230-f151-2495-f9ea-114d1540ea69,8871eb52-40f4-aab5-cd10-a024f990d104,Certified Kubernetes Administrator (CKA),CNCF / Linux Foundation,2026-07-01,2029-06-30,https://training.linuxfoundation.org/certification/certified-kubernetes-administrator-cka/,2026-08-18 08:32:00
4fa90af8-8a9c-4cc4-072d-680a1fed984b,e30bcc40-d739-c59a-26e9-404129a261f9,Tableau Desktop Specialist,Tableau / Salesforce,2026-02-07,,https://www.tableau.com/learn/certification,2026-09-06 17:13:00
506b97e4-091f-323f-a93a-26d460f68115,1146f764-4a94-e9ec-80db-e18dbab5858a,Google Data Analytics Professional Certificate,Google / Coursera,2026-06-28,,https://www.coursera.org/professional-certificates/google-data-analytics,2026-08-19 06:30:00
3e9759ff-4f59-6af1-cb27-97f9df3de471,1146f764-4a94-e9ec-80db-e18dbab5858a,IBM Data Science Professional Certificate,IBM / Coursera,2024-09-01,,https://www.coursera.org/professional-certificates/ibm-data-science,2026-08-19 06:30:00
2bf67532-d0f6-a62d-93e0-53e4ecf35c83,eea82cac-7a78-82f1-5814-8e5bd6bd53b9,Meta Back-End Developer Professional Certificate,Meta / Coursera,2025-01-01,,https://www.coursera.org/professional-certificates/meta-back-end-developer,2026-07-10 08:43:00
4247fd42-d6bd-1a82-8ddc-d54626560d7f,d11a2e49-ce7a-c563-94d9-9412f03e556a,Machine Learning Specialization,DeepLearning.AI / Coursera,2024-11-05,,https://www.coursera.org/specializations/machine-learning-introduction,2026-07-14 11:48:00
46854b19-d91c-97e3-2a8a-c10a4f820dba,f46ae51d-276e-89bd-35a5-86c34b3db8e5,Meta Front-End Developer Professional Certificate,Meta / Coursera,2024-05-17,,https://www.coursera.org/professional-certificates/meta-front-end-developer,2026-07-22 01:26:00
6e89b1f5-bb2a-9335-4a4c-c097680214ac,ea7c446c-81eb-e9de-0d62-61f38a333fd3,Tableau Desktop Specialist,Tableau / Salesforce,2025-04-06,,https://www.tableau.com/learn/certification,2026-08-11 08:54:00
d7cbce85-fc9f-31e6-fb50-690fc33218c4,d81d255f-575d-4934-1d8e-47b859ed7c17,PCEP – Certified Entry-Level Python Programmer,Python Institute,2024-04-22,,https://pythoninstitute.org/pcep,2026-07-26 18:39:00
ceb09fbc-94ce-efd9-0ffc-b124097317ce,d81d255f-575d-4934-1d8e-47b859ed7c17,IBM Data Science Professional Certificate,IBM / Coursera,2025-03-13,,https://www.coursera.org/professional-certificates/ibm-data-science,2026-07-26 18:39:00
4dfb95bb-3573-ec42-e5e8-6a7a93f825c2,fbd199c1-306b-fcab-d626-011c821c8311,IBM Data Science Professional Certificate,IBM / Coursera,2023-10-06,,https://www.coursera.org/professional-certificates/ibm-data-science,2026-08-11 15:34:00
9f35b111-f551-de2b-47ae-dc16a75c1316,fbd199c1-306b-fcab-d626-011c821c8311,Meta Back-End Developer Professional Certificate,Meta / Coursera,2024-03-16,,https://www.coursera.org/professional-certificates/meta-back-end-developer,2026-08-11 15:34:00
da713c69-0333-44eb-0989-5a27c5d68edf,e1108410-8e5e-53c4-cf09-9562eda75abc,Google Data Analytics Professional Certificate,Google / Coursera,2026-03-17,,https://www.coursera.org/professional-certificates/google-data-analytics,2026-08-22 23:00:00
efd2e8c9-5d87-39aa-79c0-29990bb5c47e,e1108410-8e5e-53c4-cf09-9562eda75abc,"Oracle Certified Associate, Java SE Programmer",Oracle,2025-10-15,,https://education.oracle.com/,2026-08-22 23:00:00
232f0d4f-6465-73f1-3dc7-68923c14cbd7,0fd5b701-bf93-c05b-b425-5262ea1910fb,PCEP – Certified Entry-Level Python Programmer,Python Institute,2025-02-15,,https://pythoninstitute.org/pcep,2026-09-15 22:18:00
f0a18322-88be-9cf7-cf5b-51141b59358a,7f0a42aa-10fc-a127-c630-800bb177c10d,Cisco Certified Network Associate (CCNA),Cisco,2025-04-13,2028-04-12,https://www.cisco.com/site/us/en/learn/training-certifications/certifications/enterprise/ccna/index.html,2026-09-04 03:12:00
9877a885-e2cc-9145-a08d-041d32ff6805,144217b8-b230-401e-73aa-f29b69bf6d6b,Google Data Analytics Professional Certificate,Google / Coursera,2025-01-10,,https://www.coursera.org/professional-certificates/google-data-analytics,2026-08-02 11:37:00
730ac73c-a96a-7846-e2e8-604b286a07ff,144217b8-b230-401e-73aa-f29b69bf6d6b,IBM Data Science Professional Certificate,IBM / Coursera,2024-01-06,,https://www.coursera.org/professional-certificates/ibm-data-science,2026-08-02 11:37:00
a93a80bf-fa46-7b42-8231-8e08f7252068,e206a638-9280-c5dc-9a38-9dc3c5a82469,Meta Front-End Developer Professional Certificate,Meta / Coursera,2025-10-16,,https://www.coursera.org/professional-certificates/meta-front-end-developer,2026-08-27 10:23:00
19eecdaf-a695-7929-b40a-1fb1f3800f0f,12736fbc-38b6-4425-a689-d65997028b92,PCEP – Certified Entry-Level Python Programmer,Python Institute,2026-02-06,,https://pythoninstitute.org/pcep,2026-08-14 21:02:00
c94e797f-3155-94c4-6868-7a068864315b,3c5eebbf-3f1c-184d-5e12-cdb2a52cd396,AWS Certified Solutions Architect – Associate,Amazon Web Services,2023-09-25,2026-09-24,https://aws.amazon.com/certification/certified-solutions-architect-associate/,2026-07-12 14:37:00
23e9dd4f-6273-e6cc-f57f-926799e37f9b,3c5eebbf-3f1c-184d-5e12-cdb2a52cd396,Machine Learning Specialization,DeepLearning.AI / Coursera,2026-02-08,,https://www.coursera.org/specializations/machine-learning-introduction,2026-07-12 14:37:00
8ca4c7e6-63b4-84ca-6aed-41948c4d983b,b3d6e956-028e-7074-9a87-35073a394e7f,"Oracle Certified Associate, Java SE Programmer",Oracle,2025-06-22,,https://education.oracle.com/,2026-09-12 20:26:00
42efbb0c-3c8a-d2ca-50e1-3ff9e29b1b5f,262ffd66-4877-c267-fe32-c2a4769e602d,Meta Front-End Developer Professional Certificate,Meta / Coursera,2025-08-13,,https://www.coursera.org/professional-certificates/meta-front-end-developer,2026-09-13 19:46:00
7d1bb702-808a-b9bc-16a1-9d90887b3413,e0c6043d-ff7d-7ddc-0887-d85b49b6a087,Docker Certified Associate,Docker / Mirantis,2025-10-26,,https://training.mirantis.com/,2026-08-07 20:50:00
9705a76b-a9e2-186f-1a99-7d6c307498bf,cf27c16d-684c-6931-9cb3-68a8195ea9a2,Google Cybersecurity Professional Certificate,Google / Coursera,2024-01-31,,https://www.coursera.org/professional-certificates/google-cybersecurity,2026-08-27 19:45:00
a2b19e4c-2988-ae6f-4c27-f9d557e0e494,b9acdb3b-ebc2-faba-ff9c-1f21c6dc661c,Machine Learning Specialization,DeepLearning.AI / Coursera,2024-10-27,,https://www.coursera.org/specializations/machine-learning-introduction,2026-09-07 11:54:00
de63438d-a78b-2a26-e67f-12b47f1a69dc,176198bf-5499-d3f7-6e9a-68cb1c30feb3,IBM Data Science Professional Certificate,IBM / Coursera,2025-10-01,,https://www.coursera.org/professional-certificates/ibm-data-science,2026-08-05 01:26:00
8375413b-b891-f8ef-a204-a9759ae6a263,176198bf-5499-d3f7-6e9a-68cb1c30feb3,Google Data Analytics Professional Certificate,Google / Coursera,2026-07-21,,https://www.coursera.org/professional-certificates/google-data-analytics,2026-08-05 01:26:00
05fbfefd-0dfa-9bc8-a340-1a32eab4ca1d,a0b92ef1-57ae-6c2c-3a3d-161f11c60eb9,AWS Certified Cloud Practitioner,Amazon Web Services,2024-01-13,2027-01-12,https://aws.amazon.com/certification/certified-cloud-practitioner/,2026-07-19 18:13:00
491aa0aa-12a9-d87c-d19a-4841ad6c635a,b1ff4af5-7b3f-a3e3-e7d9-19399ed19895,Certified Kubernetes Administrator (CKA),CNCF / Linux Foundation,2026-04-02,2029-04-01,https://training.linuxfoundation.org/certification/certified-kubernetes-administrator-cka/,2026-09-07 00:08:00
028b29ea-da86-5fe7-3090-1f6e1f717ea9,9a1ae500-6412-b727-e773-24af41cf0c0c,freeCodeCamp Responsive Web Design,freeCodeCamp,2025-04-07,,https://www.freecodecamp.org/learn/2022/responsive-web-design/,2026-07-03 05:55:00
32f59f5b-76a8-b6f4-ddf8-b04a52f3dae8,fc123162-a3c7-9ed4-2b12-fbfd447f799a,Elements of AI,University of Helsinki,2026-05-16,,https://www.elementsofai.com/,2026-08-15 10:31:00
69048cac-0617-bf9f-8a3c-39cfeafc39f1,b9fe0ce6-f8fb-0223-76cd-2f7d0496d3af,Microsoft Office Specialist: Excel Associate,Microsoft,2025-01-04,,https://learn.microsoft.com/en-us/credentials/,2026-08-16 01:49:00
cc7d63bb-50f3-7dcc-abe7-8fd593fd99f2,b9fe0ce6-f8fb-0223-76cd-2f7d0496d3af,IBM Data Science Professional Certificate,IBM / Coursera,2026-04-12,,https://www.coursera.org/professional-certificates/ibm-data-science,2026-08-16 01:49:00
ff9158e9-3996-12c1-8526-c1729f321bd5,7bc384c9-e09b-53bb-03d1-f50231345a64,Microsoft Office Specialist: Excel Associate,Microsoft,2026-01-09,,https://learn.microsoft.com/en-us/credentials/,2026-08-22 23:42:00
fa237d5c-3741-e1b6-81dc-ab6d540f123a,b2acc7e1-1bac-7a60-727b-6cfdcd6181a3,Docker Certified Associate,Docker / Mirantis,2025-10-20,,https://training.mirantis.com/,2026-07-26 12:40:00
e26d8f9f-5474-2061-6ab8-524e2c1140a7,adcd0d09-6a8e-a652-1472-2beca0e1ac92,PCEP – Certified Entry-Level Python Programmer,Python Institute,2026-04-15,,https://pythoninstitute.org/pcep,2026-07-18 04:45:00
0a4f7450-96cc-9089-131b-661a2e1ec4ba,8666662c-f979-34bb-fa27-be8c824ac787,Machine Learning Specialization,DeepLearning.AI / Coursera,2025-08-19,,https://www.coursera.org/specializations/machine-learning-introduction,2026-08-04 21:24:00
35837edb-4eeb-6db7-b240-9406c20768cb,a247c978-6ed6-79ee-4ec2-58912df9b030,Cisco Certified Network Associate (CCNA),Cisco,2026-02-19,2029-02-18,https://www.cisco.com/site/us/en/learn/training-certifications/certifications/enterprise/ccna/index.html,2026-09-17 02:32:00
f3aa78ac-af78-cb76-32eb-73f26e35abc9,21f25478-9154-75ea-f872-431b7ae30f59,Microsoft Office Specialist: Excel Associate,Microsoft,2025-02-12,,https://learn.microsoft.com/en-us/credentials/,2026-07-12 03:48:00
44e7e9fc-b59d-da7a-6e76-92e2025b50a6,ab15e2ca-11b5-1077-0558-3c07c02eb557,Certified Ethical Hacker (CEH),EC-Council,2024-12-22,2027-12-22,https://www.eccouncil.org/train-certify/certified-ethical-hacker-ceh/,2026-08-23 18:57:00
ee584792-e8e3-cb1b-02d9-8b274322aab9,0edb038a-aa57-0c38-5f81-989b2212f73a,HashiCorp Certified: Terraform Associate,HashiCorp,2025-03-23,2028-03-22,https://developer.hashicorp.com/certifications/infrastructure-automation,2026-08-27 16:49:00
a67e5c4b-930c-a76a-e27f-41f3dcc23c0d,30bd45a6-661a-4fcc-24a8-b3f9c83445e7,Google Data Analytics Professional Certificate,Google / Coursera,2026-02-13,,https://www.coursera.org/professional-certificates/google-data-analytics,2026-08-10 23:12:00
5f1cd5cc-de25-1bea-8ab6-20cb72315ec9,56d553ae-5b7b-3639-3f47-54372656e6dc,AWS Certified Solutions Architect – Associate,Amazon Web Services,2024-02-11,2027-02-10,https://aws.amazon.com/certification/certified-solutions-architect-associate/,2026-07-27 11:24:00
0787532e-b4ce-9e74-9038-473aea074321,8c5c1e85-d6ac-1d9e-079a-7946e454ff1b,AWS Certified Solutions Architect – Associate,Amazon Web Services,2024-01-18,2027-01-17,https://aws.amazon.com/certification/certified-solutions-architect-associate/,2026-07-08 03:27:00
5918eb3d-c3e0-5cc4-caa1-b8586d94b9c5,16158646-6abf-3ba6-8625-9c532e238260,Microsoft Certified: Power BI Data Analyst Associate (PL-300),Microsoft,2025-03-23,,https://learn.microsoft.com/en-us/credentials/certifications/data-analyst-associate/,2026-09-06 13:16:00
08ad2904-fd60-7207-141e-dca7fbf5f4d8,3a884db2-13e4-05a2-b30f-60836bbbefad,Machine Learning Specialization,DeepLearning.AI / Coursera,2024-12-10,,https://www.coursera.org/specializations/machine-learning-introduction,2026-07-28 05:50:00
bcd9fe51-8ba9-6f45-98ed-1fe6398bd872,3a884db2-13e4-05a2-b30f-60836bbbefad,Google Data Analytics Professional Certificate,Google / Coursera,2025-07-01,,https://www.coursera.org/professional-certificates/google-data-analytics,2026-07-28 05:50:00
73aa3511-d56e-a7b1-db07-709d322b9bb1,121b0863-810b-dbc7-ce60-e87e2f02f0ce,Microsoft Certified: Power BI Data Analyst Associate (PL-300),Microsoft,2026-04-08,,https://learn.microsoft.com/en-us/credentials/certifications/data-analyst-associate/,2026-08-29 14:43:00
853e9847-43ff-e6e1-149a-c29e28823b7b,aa5c663f-51a3-b799-a241-49d2240c039a,Google Cloud Digital Leader,Google Cloud,2025-05-06,2028-05-05,https://cloud.google.com/learn/certification/cloud-digital-leader,2026-07-09 11:42:00
8619cac5-1e80-1154-4420-ba872af66958,7d7d38e4-02ce-85f6-a829-85c5d1514c1d,Meta Back-End Developer Professional Certificate,Meta / Coursera,2025-11-02,,https://www.coursera.org/professional-certificates/meta-back-end-developer,2026-09-18 16:22:00
1a66d5d0-0fe9-e5ca-a441-dc7ec947b414,1ba2e6ed-70fa-3d81-5601-533296197b57,PCEP – Certified Entry-Level Python Programmer,Python Institute,2025-03-31,,https://pythoninstitute.org/pcep,2026-07-08 08:37:00
b2308ddf-c70c-b21d-8156-9ee262032e54,e87e9b38-cb80-49ff-5c5b-0af41af5f124,AWS Certified Cloud Practitioner,Amazon Web Services,2025-11-03,2028-11-02,https://aws.amazon.com/certification/certified-cloud-practitioner/,2026-09-15 02:13:00
72bbda05-2264-efac-b100-1aeb521c9699,e87e9b38-cb80-49ff-5c5b-0af41af5f124,AWS Certified Solutions Architect – Associate,Amazon Web Services,2026-04-20,2029-04-19,https://aws.amazon.com/certification/certified-solutions-architect-associate/,2026-09-15 02:13:00
ccd3799a-44d3-72c0-66a7-d88f058ba06f,d3d209b6-437e-9782-1cc8-0525c330545e,Cisco Certified Network Associate (CCNA),Cisco,2026-05-05,2029-05-04,https://www.cisco.com/site/us/en/learn/training-certifications/certifications/enterprise/ccna/index.html,2026-09-12 16:53:00
16da42a2-d76a-c2fc-0308-b0fa966ceed4,69df81a3-2a96-2ee4-5aa8-186e0f31ee25,Microsoft Certified: Power BI Data Analyst Associate (PL-300),Microsoft,2025-05-13,,https://learn.microsoft.com/en-us/credentials/certifications/data-analyst-associate/,2026-07-03 07:00:00
27c3d528-c613-eb57-c884-c413d1ea19a5,b45fd30a-cefa-ebd5-1d76-f785634c73dc,Microsoft Certified: Power BI Data Analyst Associate (PL-300),Microsoft,2024-08-30,,https://learn.microsoft.com/en-us/credentials/certifications/data-analyst-associate/,2026-08-03 16:59:00
216f77e2-8e72-26d1-2e9b-199e44136bb4,1c343a6d-1a06-909b-8ec6-948eb2c10342,Docker Certified Associate,Docker / Mirantis,2025-04-10,,https://training.mirantis.com/,2026-09-15 01:49:00
b323fa5b-8fc8-c473-dc1f-d5d05b35b263,842f0d95-804b-0878-833a-809877fad9a9,Google Cybersecurity Professional Certificate,Google / Coursera,2026-02-23,,https://www.coursera.org/professional-certificates/google-cybersecurity,2026-07-23 14:00:00
237fe98b-94b2-0a34-828a-696ee0dd9c87,c489bd45-290b-9cb8-a0c3-e18a3bfaa9a6,Google Cybersecurity Professional Certificate,Google / Coursera,2025-06-21,,https://www.coursera.org/professional-certificates/google-cybersecurity,2026-07-16 18:17:00
aab7e0ef-39dc-08e5-17a6-acbd8653ab01,c489bd45-290b-9cb8-a0c3-e18a3bfaa9a6,Meta Front-End Developer Professional Certificate,Meta / Coursera,2025-02-02,,https://www.coursera.org/professional-certificates/meta-front-end-developer,2026-07-16 18:17:00
88dc9019-c1a5-b879-1359-b59a1d9ce59d,751983ce-6310-511d-fd74-d47f92173ce0,Google Data Analytics Professional Certificate,Google / Coursera,2026-02-24,,https://www.coursera.org/professional-certificates/google-data-analytics,2026-09-06 03:00:00
6efab10b-2c26-35de-c78e-ca63f6cd9093,576e71d2-397e-15a2-3cb8-368a0ab1062d,IBM Data Science Professional Certificate,IBM / Coursera,2025-12-12,,https://www.coursera.org/professional-certificates/ibm-data-science,2026-08-19 22:25:00
c19e6433-0f97-1306-1f5a-3244dccb10b0,558f16a5-9edc-2e21-66ff-db56a0bee68a,PCEP – Certified Entry-Level Python Programmer,Python Institute,2026-05-27,,https://pythoninstitute.org/pcep,2026-09-09 11:00:00
9f04cdec-57d6-2fd6-0138-addecc71bf61,558f16a5-9edc-2e21-66ff-db56a0bee68a,IBM Data Science Professional Certificate,IBM / Coursera,2026-01-08,,https://www.coursera.org/professional-certificates/ibm-data-science,2026-09-09 11:00:00
69068306-0394-480f-1379-2c79b731c075,53dfab2c-8311-745e-e145-b7eb230499d5,Certified Kubernetes Administrator (CKA),CNCF / Linux Foundation,2026-03-20,2029-03-19,https://training.linuxfoundation.org/certification/certified-kubernetes-administrator-cka/,2026-07-08 04:25:00
03808a1e-6084-40af-58ad-2227fe0293bc,faadc30a-a363-5f85-f695-0cda05523e77,Google Data Analytics Professional Certificate,Google / Coursera,2026-03-27,,https://www.coursera.org/professional-certificates/google-data-analytics,2026-07-19 19:22:00
93510812-cda2-f31c-029e-b993f28ec580,2bcaf37d-7d38-00b0-26dc-16ce99fa55bf,freeCodeCamp Responsive Web Design,freeCodeCamp,2024-09-12,,https://www.freecodecamp.org/learn/2022/responsive-web-design/,2026-09-07 15:51:00
8dd4d4dd-baf7-cb65-a9f6-e9b7c55aebd4,0602e5da-bee7-2b8f-5121-5647b9c885a7,Meta Back-End Developer Professional Certificate,Meta / Coursera,2025-12-16,,https://www.coursera.org/professional-certificates/meta-back-end-developer,2026-09-02 12:46:00
357829c2-eec7-6ac4-2bce-8c34be1b7751,a0879574-596b-ac2c-ccd3-81019ba1437d,IBM Data Science Professional Certificate,IBM / Coursera,2026-02-22,,https://www.coursera.org/professional-certificates/ibm-data-science,2026-07-11 00:38:00
f4c9d756-bf48-2044-fc63-206d835b303b,a0879574-596b-ac2c-ccd3-81019ba1437d,Certified Ethical Hacker (CEH),EC-Council,2024-12-30,2027-12-30,https://www.eccouncil.org/train-certify/certified-ethical-hacker-ceh/,2026-07-11 00:38:00
8e3b5cf6-6ab4-22a6-d0e9-404d7116bda3,6c34547d-80b5-1f14-86d7-d63a700e5adc,Meta Back-End Developer Professional Certificate,Meta / Coursera,2026-07-05,,https://www.coursera.org/professional-certificates/meta-back-end-developer,2026-07-20 17:29:00
4492f764-d084-2123-5bc1-7b7886132b01,30da8320-b3a9-3bdf-7b65-a87705fc4c0d,Microsoft Certified: Power BI Data Analyst Associate (PL-300),Microsoft,2023-09-26,,https://learn.microsoft.com/en-us/credentials/certifications/data-analyst-associate/,2026-07-21 01:21:00
8eb3e167-bab9-a0e0-c4cf-0cfa14793d76,5669231f-9063-2782-6a9f-5fe8d704f795,Cisco Certified Network Associate (CCNA),Cisco,2024-05-21,2027-05-21,https://www.cisco.com/site/us/en/learn/training-certifications/certifications/enterprise/ccna/index.html,2026-09-02 11:44:00
cc96d39e-2617-5619-82a5-c59e86b4b101,5669231f-9063-2782-6a9f-5fe8d704f795,Certified Kubernetes Administrator (CKA),CNCF / Linux Foundation,2025-10-02,2028-10-01,https://training.linuxfoundation.org/certification/certified-kubernetes-administrator-cka/,2026-09-02 11:44:00
795702eb-f0ca-39e3-ed16-0b441c150a13,bfff5d88-f339-f78e-ea02-f9822bc6a05c,Google Data Analytics Professional Certificate,Google / Coursera,2025-04-16,,https://www.coursera.org/professional-certificates/google-data-analytics,2026-08-01 13:58:00
7d356436-de32-0e32-1cf9-9c462e8ca926,cec618bb-838a-09c2-1cdd-c0117cf4e47b,freeCodeCamp Responsive Web Design,freeCodeCamp,2024-06-06,,https://www.freecodecamp.org/learn/2022/responsive-web-design/,2026-09-18 05:53:00
1bb38fa6-83b9-190d-082c-c6b6376647ee,04368125-2191-b47d-dbeb-fe2d45e699e6,Microsoft Certified: Azure Fundamentals (AZ-900),Microsoft,2025-11-27,,https://learn.microsoft.com/en-us/credentials/certifications/azure-fundamentals/,2026-09-19 20:49:00
72b00cb3-89f2-79cf-8b43-316fa1f2a33f,0def5eff-dcfc-5fa5-2b75-fc53739f85fb,Google Cybersecurity Professional Certificate,Google / Coursera,2025-10-18,,https://www.coursera.org/professional-certificates/google-cybersecurity,2026-08-20 21:36:00
30803ab3-113c-0d2a-fb7a-1950b34e4511,bfb63623-73bf-1651-8a28-b2a88024b48d,Certified Kubernetes Administrator (CKA),CNCF / Linux Foundation,2026-05-07,2029-05-06,https://training.linuxfoundation.org/certification/certified-kubernetes-administrator-cka/,2026-09-17 00:53:00
4f532d60-f1fa-9da8-cbc3-ad9f3463a759,bfb63623-73bf-1651-8a28-b2a88024b48d,IBM Data Science Professional Certificate,IBM / Coursera,2026-04-22,,https://www.coursera.org/professional-certificates/ibm-data-science,2026-09-17 00:53:00
375678f2-b797-5981-3feb-f6f6c1c1e0a9,cd295aa0-691d-2bf7-f194-5e656806aee7,AWS Certified Cloud Practitioner,Amazon Web Services,2025-06-21,2028-06-20,https://aws.amazon.com/certification/certified-cloud-practitioner/,2026-09-11 06:13:00
497ad01d-2a68-6fd6-1bd7-29ed1fc4e615,c460ec1b-0982-e4c2-5708-450690f7db72,IBM Data Science Professional Certificate,IBM / Coursera,2025-07-13,,https://www.coursera.org/professional-certificates/ibm-data-science,2026-08-15 00:06:00
48e2bfdf-98f1-c899-7952-899763f34a1e,6693349a-f9f5-b978-0440-fda55ee6827b,AWS Certified Cloud Practitioner,Amazon Web Services,2026-07-24,2029-07-23,https://aws.amazon.com/certification/certified-cloud-practitioner/,2026-08-09 05:17:00
3187977c-a31a-d2d7-2545-039c7344dde3,3605068a-e1ac-ef5b-30af-22602be5f776,IBM Data Science Professional Certificate,IBM / Coursera,2024-01-09,,https://www.coursera.org/professional-certificates/ibm-data-science,2026-08-23 13:43:00
c5e0f21d-b701-96c2-f280-4c8b3a155c7b,3605068a-e1ac-ef5b-30af-22602be5f776,Microsoft Certified: Azure Fundamentals (AZ-900),Microsoft,2025-04-26,,https://learn.microsoft.com/en-us/credentials/certifications/azure-fundamentals/,2026-08-23 13:43:00
c6212164-6aeb-f367-b29f-8d781c9d67fd,e777226d-6ecf-22de-fae3-bd8309ea15f9,Meta Back-End Developer Professional Certificate,Meta / Coursera,2026-05-26,,https://www.coursera.org/professional-certificates/meta-back-end-developer,2026-09-10 16:49:00
2ca9213d-c253-f5d1-8f58-53e91a4e04ea,620be887-eb4a-8383-a5ea-0fe477d91298,Certified Kubernetes Administrator (CKA),CNCF / Linux Foundation,2025-12-26,2028-12-25,https://training.linuxfoundation.org/certification/certified-kubernetes-administrator-cka/,2026-07-05 09:39:00
2d4dbd1f-1aa2-d5ba-29ce-a132ccafafa0,b3ff26d7-fab6-c543-c6c7-b60f6a050791,PCEP – Certified Entry-Level Python Programmer,Python Institute,2025-02-07,,https://pythoninstitute.org/pcep,2026-09-04 05:38:00
2e4bf747-5bcb-aad1-590f-a4438f708fab,b3ff26d7-fab6-c543-c6c7-b60f6a050791,Microsoft Certified: Power BI Data Analyst Associate (PL-300),Microsoft,2026-03-19,,https://learn.microsoft.com/en-us/credentials/certifications/data-analyst-associate/,2026-09-04 05:38:00
121b64d0-d985-3d7f-df40-fd531148a48b,ea045a96-fbdd-2f2f-c6bb-3b6c5fea4b06,Meta Back-End Developer Professional Certificate,Meta / Coursera,2026-05-27,,https://www.coursera.org/professional-certificates/meta-back-end-developer,2026-07-14 14:00:00
1ceaf6d4-f62a-f49e-2526-436d974ea3f2,fe36258e-e641-d350-b114-920898834138,HashiCorp Certified: Terraform Associate,HashiCorp,2024-09-25,2027-09-25,https://developer.hashicorp.com/certifications/infrastructure-automation,2026-07-26 04:22:00
84930744-2885-0da9-2138-ee6961628444,fe36258e-e641-d350-b114-920898834138,Machine Learning Specialization,DeepLearning.AI / Coursera,2025-04-23,,https://www.coursera.org/specializations/machine-learning-introduction,2026-07-26 04:22:00
696c50ff-5b9a-5dcc-2004-cf9f54f48ff7,11334e76-30bb-1af0-8b9c-4522b3b8fa19,Google Cybersecurity Professional Certificate,Google / Coursera,2024-06-06,,https://www.coursera.org/professional-certificates/google-cybersecurity,2026-09-12 05:18:00
45b70e79-ec3b-c4df-a8f1-db9923525f55,5cc85778-f567-265a-f343-73c8f171634b,PCEP – Certified Entry-Level Python Programmer,Python Institute,2025-11-22,,https://pythoninstitute.org/pcep,2026-08-05 14:15:00
f88dedb3-d90a-d585-1990-101797ae4fb5,68dff91c-4a3a-bf81-7bf9-bfd2dba6eae4,Meta Back-End Developer Professional Certificate,Meta / Coursera,2025-12-14,,https://www.coursera.org/professional-certificates/meta-back-end-developer,2026-08-08 13:58:00
a9610aed-2e3e-70eb-ef0c-83869a66bec4,68dff91c-4a3a-bf81-7bf9-bfd2dba6eae4,Microsoft Certified: Power BI Data Analyst Associate (PL-300),Microsoft,2025-09-30,,https://learn.microsoft.com/en-us/credentials/certifications/data-analyst-associate/,2026-08-08 13:58:00
824e9e8b-e18a-cf87-b096-09047bf2b65a,8765d1b9-741d-31d3-eaf3-e8e521b7c6d3,HashiCorp Certified: Terraform Associate,HashiCorp,2025-01-07,2028-01-07,https://developer.hashicorp.com/certifications/infrastructure-automation,2026-08-20 01:40:00
ca73c2b2-3fd8-84bd-1971-b79a161dcc2f,6e27df6f-5b8e-304d-47d9-65b18ba34061,IBM Data Science Professional Certificate,IBM / Coursera,2024-12-21,,https://www.coursera.org/professional-certificates/ibm-data-science,2026-07-29 21:36:00
9cd703bc-b888-b188-0ca3-62a00502db78,9f58fe2b-16c0-659e-17eb-1760ba0199ff,Meta Back-End Developer Professional Certificate,Meta / Coursera,2025-06-14,,https://www.coursera.org/professional-certificates/meta-back-end-developer,2026-08-23 06:37:00
8dbe4c4c-898b-7d42-dd51-01b4935c7d1e,25633d3c-2128-62ef-c2f1-f9a8b2032d76,IBM Data Science Professional Certificate,IBM / Coursera,2025-05-11,,https://www.coursera.org/professional-certificates/ibm-data-science,2026-09-14 01:05:00
611d0ec3-2dd8-9a21-ea59-526e51651de5,603c22aa-a3cd-5b5c-1ef8-79f7682ddbb6,"Oracle Certified Associate, Java SE Programmer",Oracle,2024-07-11,,https://education.oracle.com/,2026-09-18 07:35:00
73f9e671-b31e-d719-dc13-70fa72ce6087,9cf4d316-8879-f465-bcc2-6927f2fbe811,IBM Data Science Professional Certificate,IBM / Coursera,2025-06-20,,https://www.coursera.org/professional-certificates/ibm-data-science,2026-08-13 16:05:00
b09463ef-28b2-2d85-2419-81d549107ff5,3e26300c-fb8f-4fb6-4b59-08805fd3dd35,Certified Ethical Hacker (CEH),EC-Council,2024-09-18,2027-09-18,https://www.eccouncil.org/train-certify/certified-ethical-hacker-ceh/,2026-07-22 19:56:00
2f45cd68-bfb3-409e-7cf0-c30d4f345b8d,3e26300c-fb8f-4fb6-4b59-08805fd3dd35,Machine Learning Specialization,DeepLearning.AI / Coursera,2025-08-18,,https://www.coursera.org/specializations/machine-learning-introduction,2026-07-22 19:56:00
f8f5ecbd-88a3-0340-f402-297417c8d435,dccaeb12-f4ff-a528-fa18-23b6792d5e37,PCEP – Certified Entry-Level Python Programmer,Python Institute,2025-04-15,,https://pythoninstitute.org/pcep,2026-08-02 21:06:00
87e751f9-a042-7a79-1d57-23e7a3881d72,dccaeb12-f4ff-a528-fa18-23b6792d5e37,freeCodeCamp Responsive Web Design,freeCodeCamp,2023-11-04,,https://www.freecodecamp.org/learn/2022/responsive-web-design/,2026-08-02 21:06:00
f904e5b9-dd1d-db21-5f9a-4cedd5d7864b,6c96b7bf-87c8-7b2b-acf1-16cc4beafa28,Certified Ethical Hacker (CEH),EC-Council,2026-04-15,2029-04-14,https://www.eccouncil.org/train-certify/certified-ethical-hacker-ceh/,2026-08-19 05:41:00
774d08fe-eb0f-9c99-7e4b-93565baf8ac2,2ecc0a16-baed-2b96-d0a9-b5f03ab638ee,Cisco Certified Network Associate (CCNA),Cisco,2025-01-19,2028-01-19,https://www.cisco.com/site/us/en/learn/training-certifications/certifications/enterprise/ccna/index.html,2026-07-31 16:43:00
981519c4-a132-a3b5-2a54-25d7f3b9c1ca,2ecc0a16-baed-2b96-d0a9-b5f03ab638ee,"Oracle Certified Associate, Java SE Programmer",Oracle,2026-06-12,,https://education.oracle.com/,2026-07-31 16:43:00
fc5e37d5-e04e-7338-bc51-07c9fd2d923a,f477caab-c2e3-794a-dfb6-4946ae9aeae7,Machine Learning Specialization,DeepLearning.AI / Coursera,2024-04-27,,https://www.coursera.org/specializations/machine-learning-introduction,2026-08-13 13:40:00
22a59f1e-2a0a-3c1a-f8ab-f4f1fcb03612,f477caab-c2e3-794a-dfb6-4946ae9aeae7,Google Data Analytics Professional Certificate,Google / Coursera,2025-09-11,,https://www.coursera.org/professional-certificates/google-data-analytics,2026-08-13 13:40:00
53c9e73e-0a07-7205-34f9-b5edaa000238,0b23cf65-99e1-16c1-6e25-cad1bb37265e,CompTIA Security+,CompTIA,2025-09-30,2028-09-29,https://www.comptia.org/certifications/security,2026-07-20 20:47:00
e2d66ba1-d991-f94f-7e87-a37b1f61a8b4,561ab473-7ae8-c3fd-5b79-4ff0b88914ed,Microsoft Certified: Azure Fundamentals (AZ-900),Microsoft,2026-06-10,,https://learn.microsoft.com/en-us/credentials/certifications/azure-fundamentals/,2026-08-10 19:48:00
f2b5d00c-0d58-74be-99c4-73f5cb19869f,82c0be26-1667-63d4-a12c-c50c3914e7e6,Microsoft Certified: Power BI Data Analyst Associate (PL-300),Microsoft,2026-05-14,,https://learn.microsoft.com/en-us/credentials/certifications/data-analyst-associate/,2026-08-12 21:25:00
e1cabcb8-3711-ba51-03dd-475cca7d51e6,5f5c4be1-d22b-a7e9-3cd2-95e927163af4,PCEP – Certified Entry-Level Python Programmer,Python Institute,2025-01-17,,https://pythoninstitute.org/pcep,2026-08-18 22:03:00
7d4a9cc6-783b-784d-f16f-8a3523b3f883,248c754a-89ce-5e62-e5e8-b5633848208b,Google Cybersecurity Professional Certificate,Google / Coursera,2025-10-29,,https://www.coursera.org/professional-certificates/google-cybersecurity,2026-09-12 20:26:00
9e905073-6379-f7dd-ffb8-199bc30abf5c,bf58166d-ca32-9f61-ac76-998f1d03f2e2,Certified Ethical Hacker (CEH),EC-Council,2025-01-18,2028-01-18,https://www.eccouncil.org/train-certify/certified-ethical-hacker-ceh/,2026-08-01 18:00:00
3a82b86b-c68b-73ac-43c0-83bf41bbe0e4,bf58166d-ca32-9f61-ac76-998f1d03f2e2,PCEP – Certified Entry-Level Python Programmer,Python Institute,2024-10-28,,https://pythoninstitute.org/pcep,2026-08-01 18:00:00
8e064f60-dafc-e10e-e3b3-bdf2ce915959,e79975c7-d76f-ec10-d86a-4a01981b08e3,Machine Learning Specialization,DeepLearning.AI / Coursera,2025-01-28,,https://www.coursera.org/specializations/machine-learning-introduction,2026-07-28 11:34:00
85b3bcb6-3d11-58d7-aa9b-6bb1d3aa7f3e,0a353136-71f9-6d67-1f93-084e84523f77,Meta Back-End Developer Professional Certificate,Meta / Coursera,2024-08-18,,https://www.coursera.org/professional-certificates/meta-back-end-developer,2026-08-04 19:44:00
c9525835-511c-07f9-0d8e-6779b8b7b9bb,7d9cb38c-fc24-d940-df40-600bc33d307b,PCEP – Certified Entry-Level Python Programmer,Python Institute,2025-12-17,,https://pythoninstitute.org/pcep,2026-08-08 01:40:00
f3b134e2-b307-ef63-d963-cddd3613a8c5,7093344b-921a-4a79-ac8e-f6ad0045d33c,Meta Front-End Developer Professional Certificate,Meta / Coursera,2025-04-30,,https://www.coursera.org/professional-certificates/meta-front-end-developer,2026-07-06 14:14:00
ca4419a6-7cff-3c66-6860-79e60ba50021,49c9a959-764b-61de-5a27-dc251658568a,Splunk Core Certified User,Splunk,2025-07-03,,https://www.splunk.com/en_us/training/certification-track/splunk-core-certified-user.html,2026-07-29 20:56:00
17318261-eead-b26b-bcdc-3d5ac0a8fdfc,49c9a959-764b-61de-5a27-dc251658568a,AWS Certified Cloud Practitioner,Amazon Web Services,2026-07-15,2029-07-14,https://aws.amazon.com/certification/certified-cloud-practitioner/,2026-07-29 20:56:00
0416dec9-356b-b0d8-546a-fa86f8adb7e8,7943ca78-0b96-0df2-65f8-09d1ee44e7f4,Docker Certified Associate,Docker / Mirantis,2025-10-20,,https://training.mirantis.com/,2026-08-13 10:37:00
cf8df92f-1f66-cc2e-15ee-43e442f73bba,f3181e5e-213d-c2d9-b7b7-606f91604fc0,Machine Learning Specialization,DeepLearning.AI / Coursera,2024-04-02,,https://www.coursera.org/specializations/machine-learning-introduction,2026-09-10 03:58:00
fdfb2c1c-7a99-c20b-917d-d5a542d3b535,ac84f12d-9e1e-c3b6-7c28-4169d57bfab2,IBM Data Science Professional Certificate,IBM / Coursera,2026-04-07,,https://www.coursera.org/professional-certificates/ibm-data-science,2026-07-26 13:55:00
f13f6c26-848e-633d-5ab9-e4b683984feb,38f13022-1204-41f3-3560-a66e779f3287,Meta Back-End Developer Professional Certificate,Meta / Coursera,2026-02-01,,https://www.coursera.org/professional-certificates/meta-back-end-developer,2026-08-31 10:33:00
c2bf3279-6c71-8157-55ae-7863a0d2219b,f915d1eb-2a90-d49b-511d-7d364128d57a,HashiCorp Certified: Terraform Associate,HashiCorp,2026-01-25,2029-01-24,https://developer.hashicorp.com/certifications/infrastructure-automation,2026-09-18 07:18:00
4ad9c741-1cd9-32a7-0f1b-91e31a1008b5,f915d1eb-2a90-d49b-511d-7d364128d57a,AWS Certified Cloud Practitioner,Amazon Web Services,2026-07-08,2029-07-07,https://aws.amazon.com/certification/certified-cloud-practitioner/,2026-09-18 07:18:00
8542b378-a334-5047-1352-7d59f399ff60,97c35674-c619-0916-2dd2-59d45f978228,AWS Certified Cloud Practitioner,Amazon Web Services,2025-03-02,2028-03-01,https://aws.amazon.com/certification/certified-cloud-practitioner/,2026-08-10 00:22:00
5b3947b4-1e22-9b54-85fe-0c5de56f86cb,97c35674-c619-0916-2dd2-59d45f978228,Google Data Analytics Professional Certificate,Google / Coursera,2026-02-01,,https://www.coursera.org/professional-certificates/google-data-analytics,2026-08-10 00:22:00
b33468ea-5cb2-9caf-efbc-12a22db85899,4ab499a7-7358-5bb3-5845-0dcedd933f32,PCEP – Certified Entry-Level Python Programmer,Python Institute,2025-03-22,,https://pythoninstitute.org/pcep,2026-08-06 11:13:00
1dc531c6-b12c-5331-7463-c40fe2009cad,8ee30035-1ada-c53f-7463-2f01d162e1fc,Google Cybersecurity Professional Certificate,Google / Coursera,2025-11-02,,https://www.coursera.org/professional-certificates/google-cybersecurity,2026-09-04 21:58:00
989a041f-fc06-be27-6a5d-2486b3ae1182,2730de11-658d-676c-4729-128127c3b5c5,Tableau Desktop Specialist,Tableau / Salesforce,2024-10-23,,https://www.tableau.com/learn/certification,2026-08-17 07:37:00
3a099889-cd77-31f3-855e-af1511440251,2730de11-658d-676c-4729-128127c3b5c5,IBM Data Science Professional Certificate,IBM / Coursera,2025-03-16,,https://www.coursera.org/professional-certificates/ibm-data-science,2026-08-17 07:37:00
33526480-2db5-a646-9ab3-8e23a0f83e6d,91078584-f4ba-1040-8a9c-e32bec422cca,Machine Learning Specialization,DeepLearning.AI / Coursera,2023-10-16,,https://www.coursera.org/specializations/machine-learning-introduction,2026-08-24 05:29:00
b66dd1d7-bf08-e61b-b624-03cbfe428ae7,91078584-f4ba-1040-8a9c-e32bec422cca,Docker Certified Associate,Docker / Mirantis,2023-11-26,,https://training.mirantis.com/,2026-08-24 05:29:00
193637de-ad8e-a3e9-e1d1-fb23be978902,91078584-f4ba-1040-8a9c-e32bec422cca,Meta Front-End Developer Professional Certificate,Meta / Coursera,2026-02-18,,https://www.coursera.org/professional-certificates/meta-front-end-developer,2026-08-24 05:29:00
dca7a254-88e7-e0c1-68aa-5bcd56146418,3017a771-f4b8-81b1-a40f-a883fe23ec28,Google Data Analytics Professional Certificate,Google / Coursera,2025-02-06,,https://www.coursera.org/professional-certificates/google-data-analytics,2026-08-03 15:21:00
8cb77b12-65eb-eaeb-f3ad-14e5ffaac049,3017a771-f4b8-81b1-a40f-a883fe23ec28,IBM Data Science Professional Certificate,IBM / Coursera,2024-11-15,,https://www.coursera.org/professional-certificates/ibm-data-science,2026-08-03 15:21:00
b32f230c-d1ae-4487-7703-8021639ba9b7,3017a771-f4b8-81b1-a40f-a883fe23ec28,Microsoft Certified: Power BI Data Analyst Associate (PL-300),Microsoft,2024-02-10,,https://learn.microsoft.com/en-us/credentials/certifications/data-analyst-associate/,2026-08-03 15:21:00
e55684c1-ca0e-9662-b08a-01f16cfa055c,9d14ae26-393c-f531-f789-79fea4337081,HashiCorp Certified: Terraform Associate,HashiCorp,2026-02-04,2029-02-03,https://developer.hashicorp.com/certifications/infrastructure-automation,2026-09-10 08:51:00
e8bb9a0a-ae37-c5f9-948f-3e65ef5da40f,9d14ae26-393c-f531-f789-79fea4337081,Microsoft Certified: Power BI Data Analyst Associate (PL-300),Microsoft,2026-05-22,,https://learn.microsoft.com/en-us/credentials/certifications/data-analyst-associate/,2026-09-10 08:51:00
f674077a-fc8b-a22c-182d-6db02382aea9,9d14ae26-393c-f531-f789-79fea4337081,IBM Data Science Professional Certificate,IBM / Coursera,2025-05-18,,https://www.coursera.org/professional-certificates/ibm-data-science,2026-09-10 08:51:00
9256956e-cfeb-9cf7-0451-dc31e37505b3,6b076a99-a605-a523-79bb-a057b53e1bdf,Certified Kubernetes Administrator (CKA),CNCF / Linux Foundation,2024-03-14,2027-03-14,https://training.linuxfoundation.org/certification/certified-kubernetes-administrator-cka/,2026-07-13 12:46:00
821e0f09-ad83-db76-b2d8-4a0a41d2c3f8,6b076a99-a605-a523-79bb-a057b53e1bdf,Meta Back-End Developer Professional Certificate,Meta / Coursera,2023-10-04,,https://www.coursera.org/professional-certificates/meta-back-end-developer,2026-07-13 12:46:00
a4233cdf-96d2-5826-80a4-4cb7c941f426,9b400b57-2be7-912a-68be-1255a2a88135,PCEP – Certified Entry-Level Python Programmer,Python Institute,2026-04-23,,https://pythoninstitute.org/pcep,2026-07-15 06:48:00
55ee7093-413c-7740-1d94-8cf3caefd479,6db4b218-4254-71ef-3c40-d97e8468dd87,Meta Front-End Developer Professional Certificate,Meta / Coursera,2026-01-21,,https://www.coursera.org/professional-certificates/meta-front-end-developer,2026-08-14 20:08:00
3ca2d46a-d9e7-effb-abbf-a32664d1652c,c8aad53f-75af-c0d0-7381-9da1fee2c459,CompTIA Security+,CompTIA,2024-09-27,2027-09-27,https://www.comptia.org/certifications/security,2026-08-16 15:15:00
6e4b522c-211a-5b03-69ba-8b3831b74cf6,23980d22-dc94-7f94-1c9c-546cb3e65385,AWS Certified Cloud Practitioner,Amazon Web Services,2024-09-22,2027-09-22,https://aws.amazon.com/certification/certified-cloud-practitioner/,2026-08-17 04:25:00
1516dc88-c864-fff0-7f87-952df21c7a24,23980d22-dc94-7f94-1c9c-546cb3e65385,Microsoft Certified: Azure Fundamentals (AZ-900),Microsoft,2024-02-17,,https://learn.microsoft.com/en-us/credentials/certifications/azure-fundamentals/,2026-08-17 04:25:00
1822d628-2536-0d76-5328-4e5ce57d014c,a59f988e-0462-473e-52d2-3224cf58eaed,Machine Learning Specialization,DeepLearning.AI / Coursera,2024-07-01,,https://www.coursera.org/specializations/machine-learning-introduction,2026-07-11 09:18:00
5e9fabf8-5430-c116-dbe5-04e81ac3f79b,a59f988e-0462-473e-52d2-3224cf58eaed,IBM Data Science Professional Certificate,IBM / Coursera,2025-10-29,,https://www.coursera.org/professional-certificates/ibm-data-science,2026-07-11 09:18:00
12ccbae1-e3f0-1fdf-b35d-12307d4c57b3,9c811004-9369-075c-36cd-11f7c1faaa3d,CompTIA Security+,CompTIA,2024-12-04,2027-12-04,https://www.comptia.org/certifications/security,2026-09-08 14:13:00
92548bed-bf88-9eb9-aa72-af3735034965,65bc8144-18ee-c370-3238-6481300f754a,PCEP – Certified Entry-Level Python Programmer,Python Institute,2025-09-23,,https://pythoninstitute.org/pcep,2026-08-18 05:49:00
79e76ee8-78a0-a746-19b4-67e51a124b49,65bc8144-18ee-c370-3238-6481300f754a,Cisco Certified Network Associate (CCNA),Cisco,2026-03-16,2029-03-15,https://www.cisco.com/site/us/en/learn/training-certifications/certifications/enterprise/ccna/index.html,2026-08-18 05:49:00
e51f19b3-3cb1-2924-74dd-b3722a0b1eff,1f5f991f-67d8-b772-eb55-81622b342eb0,Meta Front-End Developer Professional Certificate,Meta / Coursera,2024-11-17,,https://www.coursera.org/professional-certificates/meta-front-end-developer,2026-08-16 02:47:00
7b1a249f-6138-6223-fa96-cedd76cda39e,33289dc1-0188-1ca3-2b25-49eea1f33fbb,Deep Learning Specialization,DeepLearning.AI / Coursera,2025-11-09,,https://www.coursera.org/specializations/deep-learning,2026-08-18 13:47:00
6361e017-e051-1c9f-a305-459ab0c5f8c4,33289dc1-0188-1ca3-2b25-49eea1f33fbb,"Oracle Certified Associate, Java SE Programmer",Oracle,2026-06-30,,https://education.oracle.com/,2026-08-18 13:47:00
221c0d04-c34e-ad27-6558-4eb462afc45b,ffbda08c-04a0-04c0-0dd6-f9d6360b3519,PCEP – Certified Entry-Level Python Programmer,Python Institute,2024-04-21,,https://pythoninstitute.org/pcep,2026-08-30 06:50:00
62c5a437-049a-efb3-0e60-5f777bb82eb6,b48f82c8-ea1b-5cee-43cf-dd44475dd3f7,IBM Data Science Professional Certificate,IBM / Coursera,2025-07-16,,https://www.coursera.org/professional-certificates/ibm-data-science,2026-07-18 00:52:00
31b80981-84df-7f14-de1b-a256eb9576b7,eaa09333-dd57-e542-8928-4abc3cc5b7b4,Machine Learning Specialization,DeepLearning.AI / Coursera,2024-10-09,,https://www.coursera.org/specializations/machine-learning-introduction,2026-08-13 04:25:00
51efd8a4-152d-c857-4132-78dbb130dc31,eb2966fd-5fdf-0f07-d4a2-55832e665b26,Meta Back-End Developer Professional Certificate,Meta / Coursera,2026-06-29,,https://www.coursera.org/professional-certificates/meta-back-end-developer,2026-08-19 10:54:00
2d46b298-e776-324e-16df-11f2660a4324,eb2966fd-5fdf-0f07-d4a2-55832e665b26,Docker Certified Associate,Docker / Mirantis,2026-07-23,,https://training.mirantis.com/,2026-08-19 10:54:00
fe54a434-504f-0d1d-763b-bad8804ec285,f0386150-e858-d113-bd8a-3614cc935ac9,Google Data Analytics Professional Certificate,Google / Coursera,2024-11-16,,https://www.coursera.org/professional-certificates/google-data-analytics,2026-08-20 22:40:00
4f57d6e6-c396-5dd3-c713-9c48b623c92d,f0386150-e858-d113-bd8a-3614cc935ac9,AWS Certified Solutions Architect – Associate,Amazon Web Services,2024-09-08,2027-09-08,https://aws.amazon.com/certification/certified-solutions-architect-associate/,2026-08-20 22:40:00
1578b0ec-dd00-eb3f-93fd-74a4bcb12e74,a3c5b5e7-0c24-aade-2427-cd4d02dad161,Google Cloud Digital Leader,Google Cloud,2025-05-19,2028-05-18,https://cloud.google.com/learn/certification/cloud-digital-leader,2026-08-08 13:01:00
d0c024b1-7053-bcd6-8f90-5faa199f9d2a,a3c5b5e7-0c24-aade-2427-cd4d02dad161,Splunk Core Certified User,Splunk,2025-10-21,,https://www.splunk.com/en_us/training/certification-track/splunk-core-certified-user.html,2026-08-08 13:01:00
19b37ff5-ad45-0f67-9b4b-d7c88e2b1d66,64035ba9-3095-a1ad-ace0-4011c5934ec8,PCEP – Certified Entry-Level Python Programmer,Python Institute,2026-02-21,,https://pythoninstitute.org/pcep,2026-09-14 03:18:00
6d2364fa-c844-e475-0e55-ef22265337a6,9c569ea6-0fea-bdd9-80fb-dbef391bb90b,Meta Back-End Developer Professional Certificate,Meta / Coursera,2026-05-26,,https://www.coursera.org/professional-certificates/meta-back-end-developer,2026-09-04 19:42:00
67090482-075d-ac77-cc4a-59f866f32d5d,9c569ea6-0fea-bdd9-80fb-dbef391bb90b,Docker Certified Associate,Docker / Mirantis,2026-04-22,,https://training.mirantis.com/,2026-09-04 19:42:00
5e5b5a5f-ecb9-9ec7-3307-294924aa16b1,77a3ba7d-cb41-3101-d2d3-c9b40d3d4a52,Machine Learning Specialization,DeepLearning.AI / Coursera,2026-04-29,,https://www.coursera.org/specializations/machine-learning-introduction,2026-09-05 04:13:00
f8e3c9d6-12f6-3d9d-2c37-badec13698d7,9f14b458-36d9-ba01-5ab8-fa77e96a31e7,Certified Kubernetes Administrator (CKA),CNCF / Linux Foundation,2025-09-19,2028-09-18,https://training.linuxfoundation.org/certification/certified-kubernetes-administrator-cka/,2026-07-09 16:23:00
46aa06cd-84c3-c228-4ea4-d9ec65b1e8e1,9f14b458-36d9-ba01-5ab8-fa77e96a31e7,IBM Data Science Professional Certificate,IBM / Coursera,2025-08-30,,https://www.coursera.org/professional-certificates/ibm-data-science,2026-07-09 16:23:00
cc1d8c22-65b0-439d-9ed9-23fb1f25c5d6,cb1e29fb-40a4-a767-3336-911d5b5c81ab,"Oracle Certified Associate, Java SE Programmer",Oracle,2025-04-09,,https://education.oracle.com/,2026-07-30 18:37:00
2cb4c810-8a81-b64e-cb72-89583d696731,508be3a9-3675-42e3-8ec9-3f7f623b2af7,Google Data Analytics Professional Certificate,Google / Coursera,2026-01-08,,https://www.coursera.org/professional-certificates/google-data-analytics,2026-08-03 08:08:00
5caeebe1-0f72-915f-8f72-9ee8f0370d00,76d6e0e1-18cc-fd7a-568f-55393f5b3cc4,Machine Learning Specialization,DeepLearning.AI / Coursera,2025-07-07,,https://www.coursera.org/specializations/machine-learning-introduction,2026-09-01 14:16:00
9233d0aa-6fe4-91a6-6ec9-708017a5d58f,b7db0a34-fe60-646b-f226-87e82f7af694,HashiCorp Certified: Terraform Associate,HashiCorp,2024-04-27,2027-04-27,https://developer.hashicorp.com/certifications/infrastructure-automation,2026-07-22 01:23:00
7442514d-3ab5-a7a9-948c-d85f50ee5ecc,a3b3963a-36da-c635-2040-67ab23b66cbf,AWS Certified Solutions Architect – Associate,Amazon Web Services,2024-05-26,2027-05-26,https://aws.amazon.com/certification/certified-solutions-architect-associate/,2026-07-29 23:01:00
f3456694-1940-fbe3-d2c9-859f051a8f11,ea35d605-7771-e791-af33-9e77cd3ed271,AWS Certified Solutions Architect – Associate,Amazon Web Services,2026-07-29,2029-07-28,https://aws.amazon.com/certification/certified-solutions-architect-associate/,2026-09-09 10:41:00
ad137638-c234-9d16-c37e-0639a31c74f4,754d8f10-5c4d-232b-fb9f-3e49a894cb52,PCEP – Certified Entry-Level Python Programmer,Python Institute,2025-01-05,,https://pythoninstitute.org/pcep,2026-08-11 05:38:00
8bf0f8f9-53f1-4f3f-c3a3-ef3584ed46a1,754d8f10-5c4d-232b-fb9f-3e49a894cb52,Microsoft Certified: Power BI Data Analyst Associate (PL-300),Microsoft,2024-05-20,,https://learn.microsoft.com/en-us/credentials/certifications/data-analyst-associate/,2026-08-11 05:38:00
fce0280f-3ccb-fce4-0060-13fddfbaaed8,a268ec3c-6480-4f64-c6af-dd10635d6150,Microsoft Certified: Power BI Data Analyst Associate (PL-300),Microsoft,2026-01-11,,https://learn.microsoft.com/en-us/credentials/certifications/data-analyst-associate/,2026-09-15 22:28:00
5ea936fa-4442-06e5-dfbb-93246623a66b,35718e8c-4377-3836-bc54-2b4d28f90f8b,IBM Data Science Professional Certificate,IBM / Coursera,2025-12-31,,https://www.coursera.org/professional-certificates/ibm-data-science,2026-08-25 07:00:00
e783b8c9-ae40-5f7b-3733-3b63ecc49e76,3fa8fc7b-550d-38d8-7350-ddc9ccdb2182,Certified Kubernetes Administrator (CKA),CNCF / Linux Foundation,2025-02-06,2028-02-06,https://training.linuxfoundation.org/certification/certified-kubernetes-administrator-cka/,2026-07-13 15:39:00
b0e7b101-1a34-e82e-7f0f-391c3d44de19,3d4aa903-8fe0-b79c-9b1d-c9e0bd6eb05d,Meta Back-End Developer Professional Certificate,Meta / Coursera,2024-09-27,,https://www.coursera.org/professional-certificates/meta-back-end-developer,2026-07-06 14:49:00
d249604b-6636-c7ff-e060-036b4ef22fcc,4147e76f-14e2-cfa9-aa5f-451921225d8b,Google Cloud Digital Leader,Google Cloud,2023-09-23,2026-09-22,https://cloud.google.com/learn/certification/cloud-digital-leader,2026-08-20 14:58:00
0ad94995-c9b2-1387-c608-a0e2f02788a8,a963c292-5772-adc2-1dc8-21ba9095fd8e,freeCodeCamp Responsive Web Design,freeCodeCamp,2024-11-21,,https://www.freecodecamp.org/learn/2022/responsive-web-design/,2026-08-15 16:58:00
3eb630eb-111f-ed46-953a-28110757eb67,a963c292-5772-adc2-1dc8-21ba9095fd8e,Certified Kubernetes Administrator (CKA),CNCF / Linux Foundation,2024-09-19,2027-09-19,https://training.linuxfoundation.org/certification/certified-kubernetes-administrator-cka/,2026-08-15 16:58:00
cd3f2649-12de-d809-30e8-31d0f81b1dc0,a963c292-5772-adc2-1dc8-21ba9095fd8e,Google Data Analytics Professional Certificate,Google / Coursera,2025-07-17,,https://www.coursera.org/professional-certificates/google-data-analytics,2026-08-15 16:58:00
8d5f85dd-fb18-ea3f-44db-fea8cbd6a743,96ef85d3-2dcc-ed0a-b9d0-b3a918244af2,Docker Certified Associate,Docker / Mirantis,2025-09-13,,https://training.mirantis.com/,2026-09-10 05:56:00
24b00414-292e-0d6a-4a2b-6e13373ec4dd,b882175f-b962-fdcd-4d54-139861651462,CompTIA Security+,CompTIA,2023-09-26,2026-09-25,https://www.comptia.org/certifications/security,2026-08-12 03:45:00
90f089fa-b1ce-2fd9-d5a2-6a22e9a29f3a,2a0e8a44-b98e-e721-eda2-db0dc6068781,Machine Learning Specialization,DeepLearning.AI / Coursera,2025-06-08,,https://www.coursera.org/specializations/machine-learning-introduction,2026-07-07 06:16:00
527f0676-8fec-e149-0110-b766171de518,6d1f056f-c034-41fe-cece-8972e6bee6e9,AWS Certified Solutions Architect – Associate,Amazon Web Services,2023-09-25,2026-09-24,https://aws.amazon.com/certification/certified-solutions-architect-associate/,2026-07-08 18:39:00
5a07570e-4e2b-397d-0272-6ac50ca4afe7,6d1f056f-c034-41fe-cece-8972e6bee6e9,Google Cybersecurity Professional Certificate,Google / Coursera,2023-10-06,,https://www.coursera.org/professional-certificates/google-cybersecurity,2026-07-08 18:39:00
1617a0a6-4563-4554-f1ef-027608c5ae1b,b02dbf20-0135-727c-d02e-f2e93985d222,Elements of AI,University of Helsinki,2025-07-29,,https://www.elementsofai.com/,2026-07-30 04:07:00
bc26e782-0832-a370-3a4e-c97519691039,afeadc13-df7f-5efd-efcc-ce24015a1d4d,Meta Back-End Developer Professional Certificate,Meta / Coursera,2024-10-08,,https://www.coursera.org/professional-certificates/meta-back-end-developer,2026-07-13 23:28:00
31dd5f5f-e823-d542-eda3-e4482ca2dcea,6502f6cf-252d-9cee-cefb-64009701e3f8,Elements of AI,University of Helsinki,2025-03-18,,https://www.elementsofai.com/,2026-07-22 01:45:00
b0bf3279-7730-d03f-a5a9-b69689a23fda,c458a4a7-7037-2268-9ef3-794403f17a65,HashiCorp Certified: Terraform Associate,HashiCorp,2025-03-12,2028-03-11,https://developer.hashicorp.com/certifications/infrastructure-automation,2026-09-04 12:13:00
1b5a6101-bef3-47fa-5fa8-2b2036436e9e,9e963b7b-27e2-4232-8c62-9ef7c52aacec,HashiCorp Certified: Terraform Associate,HashiCorp,2026-06-02,2029-06-01,https://developer.hashicorp.com/certifications/infrastructure-automation,2026-07-10 11:05:00
201e21f9-652f-450b-8cb3-9d35e3046e17,9e963b7b-27e2-4232-8c62-9ef7c52aacec,Tableau Desktop Specialist,Tableau / Salesforce,2025-08-03,,https://www.tableau.com/learn/certification,2026-07-10 11:05:00
1860c8bc-bd88-7e6d-af6d-8ddaf7437b13,4ba728aa-124d-456f-0e85-d962c6ef1b22,Certified Kubernetes Administrator (CKA),CNCF / Linux Foundation,2025-11-21,2028-11-20,https://training.linuxfoundation.org/certification/certified-kubernetes-administrator-cka/,2026-07-19 15:11:00
69e38e6f-7267-2b77-3115-6761e7dc71a6,0c1cc144-1e94-0ef6-d5b0-91c1615ae449,AWS Certified Solutions Architect – Associate,Amazon Web Services,2024-10-12,2027-10-12,https://aws.amazon.com/certification/certified-solutions-architect-associate/,2026-08-09 08:59:00
4e38bf42-4060-064f-4a68-2d0ca5045ced,756ae468-4004-a53c-da85-30e7cdc3ce4f,freeCodeCamp Responsive Web Design,freeCodeCamp,2026-03-07,,https://www.freecodecamp.org/learn/2022/responsive-web-design/,2026-07-12 16:19:00
ae24c0ad-5d66-19d4-5f62-ebc26e96e98c,756ae468-4004-a53c-da85-30e7cdc3ce4f,Certified Kubernetes Administrator (CKA),CNCF / Linux Foundation,2026-01-30,2029-01-29,https://training.linuxfoundation.org/certification/certified-kubernetes-administrator-cka/,2026-07-12 16:19:00
ceb3bab5-2f9f-4733-881f-54bc3dd6e7d4,516ceaea-fcd5-aeb0-b347-aab5e8be1541,Certified Kubernetes Administrator (CKA),CNCF / Linux Foundation,2025-08-25,2028-08-24,https://training.linuxfoundation.org/certification/certified-kubernetes-administrator-cka/,2026-07-21 15:27:00
4ad074a4-878f-1514-1987-6143f9dbc571,c6a92230-a21d-1414-057e-3d76b91d628d,Docker Certified Associate,Docker / Mirantis,2025-12-22,,https://training.mirantis.com/,2026-08-10 06:06:00
1094421c-6d24-8c00-a0e0-98575f3d58c0,848358f5-ac5e-b771-d9c3-8ca60787e205,CompTIA Security+,CompTIA,2024-02-24,2027-02-23,https://www.comptia.org/certifications/security,2026-07-02 04:09:00
166f0557-6d2e-2eee-0594-2c7a6c3e2823,34c6ea28-cbe6-8756-0546-0adae6447e08,Google Cybersecurity Professional Certificate,Google / Coursera,2024-04-07,,https://www.coursera.org/professional-certificates/google-cybersecurity,2026-07-11 02:07:00
4c9eca8c-37cb-0796-a3d2-deeaf84ef55a,f81b56b1-103b-54de-d6b7-a3ecaf6bacfe,Deep Learning Specialization,DeepLearning.AI / Coursera,2024-09-20,,https://www.coursera.org/specializations/deep-learning,2026-09-11 04:03:00
6881adef-1a48-b3bb-9e75-04d3dee9f7fc,f81b56b1-103b-54de-d6b7-a3ecaf6bacfe,Google Data Analytics Professional Certificate,Google / Coursera,2024-09-20,,https://www.coursera.org/professional-certificates/google-data-analytics,2026-09-11 04:03:00
4e2b5039-dd47-3628-78ea-f9858a02a47b,520fe0b6-f07a-46ef-104f-0bd7563e27a9,IBM Data Science Professional Certificate,IBM / Coursera,2026-01-05,,https://www.coursera.org/professional-certificates/ibm-data-science,2026-09-13 02:23:00
f0445d51-1692-83cc-a25d-6213aa800e31,520fe0b6-f07a-46ef-104f-0bd7563e27a9,Meta Back-End Developer Professional Certificate,Meta / Coursera,2025-08-22,,https://www.coursera.org/professional-certificates/meta-back-end-developer,2026-09-13 02:23:00
fa901a9a-d1dc-2f42-ca7a-982b184bf91f,924e59be-d173-cf76-5538-54a42b864a9d,Docker Certified Associate,Docker / Mirantis,2026-07-17,,https://training.mirantis.com/,2026-08-13 02:39:00
ca7988fc-7901-9cb8-03b2-624b0e157ede,924e59be-d173-cf76-5538-54a42b864a9d,Certified Kubernetes Administrator (CKA),CNCF / Linux Foundation,2026-06-06,2029-06-05,https://training.linuxfoundation.org/certification/certified-kubernetes-administrator-cka/,2026-08-13 02:39:00
91f554a8-2e38-0588-16ed-fc2be327cde2,23e76e2c-86ce-04c2-d9da-a288f1bb796f,"Oracle Certified Associate, Java SE Programmer",Oracle,2025-02-06,,https://education.oracle.com/,2026-07-20 21:40:00
4d088992-53b2-1056-7d68-cae28c4a08db,bd2afa7a-bc21-f50b-9b52-b8b959ab65c5,PCEP – Certified Entry-Level Python Programmer,Python Institute,2025-08-23,,https://pythoninstitute.org/pcep,2026-07-16 01:32:00
86fec163-ba66-3a1d-67ec-f70d81053cb1,aa46a1ca-8083-d4d2-964e-9b3f9b69f441,Deep Learning Specialization,DeepLearning.AI / Coursera,2025-11-20,,https://www.coursera.org/specializations/deep-learning,2026-07-06 06:53:00
699f29e9-a592-f3b5-4845-986d766715c5,07ccd8a1-a708-e874-cb24-3856d00bc2a4,Google Data Analytics Professional Certificate,Google / Coursera,2024-07-31,,https://www.coursera.org/professional-certificates/google-data-analytics,2026-07-09 20:08:00
46c2a781-81c2-5133-0250-3b18af40a628,4bf53781-8c3e-80c6-dc74-4b9f04ccae40,PCEP – Certified Entry-Level Python Programmer,Python Institute,2024-07-26,,https://pythoninstitute.org/pcep,2026-08-14 22:02:00
da23b5a9-1689-d75e-0ef3-d4db69324430,58eea6c6-7560-ffcd-4e91-869e7ab4a539,Google Cloud Digital Leader,Google Cloud,2026-01-04,2029-01-03,https://cloud.google.com/learn/certification/cloud-digital-leader,2026-09-02 23:01:00
b66e9fe5-329f-183b-026f-10f3b738296b,70ceece5-8e0d-3818-dc4c-8a52ec6eb1d2,HashiCorp Certified: Terraform Associate,HashiCorp,2026-03-05,2029-03-04,https://developer.hashicorp.com/certifications/infrastructure-automation,2026-08-06 03:16:00
6088ac0f-ab8a-d672-1980-472c0e59c514,70ceece5-8e0d-3818-dc4c-8a52ec6eb1d2,Certified Kubernetes Administrator (CKA),CNCF / Linux Foundation,2026-04-30,2029-04-29,https://training.linuxfoundation.org/certification/certified-kubernetes-administrator-cka/,2026-08-06 03:16:00
e9160553-c012-9ef2-fca0-9b608056b3a6,70ceece5-8e0d-3818-dc4c-8a52ec6eb1d2,Microsoft Certified: Azure Fundamentals (AZ-900),Microsoft,2025-09-20,,https://learn.microsoft.com/en-us/credentials/certifications/azure-fundamentals/,2026-08-06 03:16:00
049fcd7a-7756-ba44-8d59-50623d3cad5e,3ab017df-c7bf-33cd-067e-c3a35dcbc789,Docker Certified Associate,Docker / Mirantis,2025-11-30,,https://training.mirantis.com/,2026-07-21 01:57:00
bfa89a3b-1ffd-dddb-eb01-be6f5f516c33,3ab017df-c7bf-33cd-067e-c3a35dcbc789,IBM Data Science Professional Certificate,IBM / Coursera,2025-07-25,,https://www.coursera.org/professional-certificates/ibm-data-science,2026-07-21 01:57:00
bd18c21f-12b6-1185-10d3-ad8226593c2e,c423e60a-7766-0dca-873c-1a81e6d885f1,HashiCorp Certified: Terraform Associate,HashiCorp,2025-11-12,2028-11-11,https://developer.hashicorp.com/certifications/infrastructure-automation,2026-08-19 13:50:00
ccec5b94-5c71-8dea-a29f-dcfab7a65796,6ce8cb0c-a067-e3b1-0801-6c1eb53538b3,AWS Certified Solutions Architect – Associate,Amazon Web Services,2025-07-01,2028-06-30,https://aws.amazon.com/certification/certified-solutions-architect-associate/,2026-07-27 00:08:00
680d127a-811c-e7e2-06fa-b09f6882b578,9b66db5e-6adb-0ec1-1037-611f1a3f2a24,Docker Certified Associate,Docker / Mirantis,2025-11-08,,https://training.mirantis.com/,2026-09-09 11:55:00
8ac2d947-7eae-7e0d-a820-010f6abfb615,9b66db5e-6adb-0ec1-1037-611f1a3f2a24,HashiCorp Certified: Terraform Associate,HashiCorp,2025-09-24,2028-09-23,https://developer.hashicorp.com/certifications/infrastructure-automation,2026-09-09 11:55:00
0a4ac7d2-7fd0-56d1-75b7-4cdb2acd0242,eb27abce-4816-049a-db60-7b61c2229e1b,IBM Data Science Professional Certificate,IBM / Coursera,2026-06-04,,https://www.coursera.org/professional-certificates/ibm-data-science,2026-08-27 20:24:00
1839abf9-eae0-ec5f-8002-50a53fe52c53,eb27abce-4816-049a-db60-7b61c2229e1b,Microsoft Certified: Azure Fundamentals (AZ-900),Microsoft,2025-09-04,,https://learn.microsoft.com/en-us/credentials/certifications/azure-fundamentals/,2026-08-27 20:24:00
457279b6-798d-2d2a-51b2-169510abd971,03dde6f4-6b66-9e60-d5cc-9cead0d6d13b,AWS Certified Cloud Practitioner,Amazon Web Services,2025-03-31,2028-03-30,https://aws.amazon.com/certification/certified-cloud-practitioner/,2026-09-13 23:09:00
e11ecda3-98c6-c5c3-92b6-65a742984c43,59ef9939-cd35-fcac-ac84-910910acdcbd,Google Data Analytics Professional Certificate,Google / Coursera,2025-11-25,,https://www.coursera.org/professional-certificates/google-data-analytics,2026-09-20 01:05:00
8f04416f-5ab3-5b0d-de54-11b862fbefa2,97eabd22-62c2-b13b-5ed9-64042e89c833,Certified Kubernetes Administrator (CKA),CNCF / Linux Foundation,2025-09-16,2028-09-15,https://training.linuxfoundation.org/certification/certified-kubernetes-administrator-cka/,2026-08-24 16:16:00
dc6b8ec9-27d5-cfd0-456a-cd521490c7b3,af72199c-c124-181b-3799-219ffe778c6e,Machine Learning Specialization,DeepLearning.AI / Coursera,2026-03-14,,https://www.coursera.org/specializations/machine-learning-introduction,2026-07-20 13:50:00
9c946696-9137-fcca-a463-b62a68c14d40,1d2f1e9b-e924-00fc-6357-6c7d2887914b,Meta Back-End Developer Professional Certificate,Meta / Coursera,2024-05-09,,https://www.coursera.org/professional-certificates/meta-back-end-developer,2026-08-23 01:10:00
5aee6264-37c0-7aaa-8a41-e572e966525a,8bc69683-e4ac-def0-4fce-7d02bf8f19b5,IBM Data Science Professional Certificate,IBM / Coursera,2024-12-15,,https://www.coursera.org/professional-certificates/ibm-data-science,2026-07-26 15:50:00
e4774682-16f1-49b8-a7fd-e5466e1e9af0,583d5784-43ce-3d1a-4303-a6298018de6d,Meta Front-End Developer Professional Certificate,Meta / Coursera,2025-09-07,,https://www.coursera.org/professional-certificates/meta-front-end-developer,2026-08-09 22:49:00
7c3b5b1e-54f4-0a2b-87cf-930154e9d145,583d5784-43ce-3d1a-4303-a6298018de6d,Machine Learning Specialization,DeepLearning.AI / Coursera,2026-05-01,,https://www.coursera.org/specializations/machine-learning-introduction,2026-08-09 22:49:00
68c99b2b-2343-62eb-aa5d-4cc154f2b17f,8cb5c29d-d12f-32cf-2c2a-1af65d3d7ab6,Meta Back-End Developer Professional Certificate,Meta / Coursera,2025-04-18,,https://www.coursera.org/professional-certificates/meta-back-end-developer,2026-08-23 21:08:00
5a9cccef-41d5-810e-e8b4-3a5f2c6a9e27,a192296a-dbb1-d2b1-7417-f416747c24ab,Machine Learning Specialization,DeepLearning.AI / Coursera,2025-09-24,,https://www.coursera.org/specializations/machine-learning-introduction,2026-09-11 03:28:00
1b1b1b23-4fbd-d272-1c24-586be539aad0,a4bf3b27-f389-3f64-a7c5-9f85e96fdfcd,Meta Back-End Developer Professional Certificate,Meta / Coursera,2025-10-25,,https://www.coursera.org/professional-certificates/meta-back-end-developer,2026-07-09 05:55:00
948e5d35-bb23-217a-af8a-33d87875225c,a4bf3b27-f389-3f64-a7c5-9f85e96fdfcd,AWS Certified Cloud Practitioner,Amazon Web Services,2024-04-05,2027-04-05,https://aws.amazon.com/certification/certified-cloud-practitioner/,2026-07-09 05:55:00
f9544068-0ec0-5f1e-2291-d71c31054c8e,a4bf3b27-f389-3f64-a7c5-9f85e96fdfcd,PCEP – Certified Entry-Level Python Programmer,Python Institute,2025-04-26,,https://pythoninstitute.org/pcep,2026-07-09 05:55:00
c23ae978-bc1b-816f-3e87-bc389f143423,e97c0fd5-c352-0d86-1386-0e619f0f310e,freeCodeCamp Responsive Web Design,freeCodeCamp,2026-02-13,,https://www.freecodecamp.org/learn/2022/responsive-web-design/,2026-08-24 07:27:00
816b5f63-4183-310e-dfe3-da0e1b9b4e39,52870f3f-dccc-2755-c2ab-54f3d7f75d2b,Microsoft Certified: Power BI Data Analyst Associate (PL-300),Microsoft,2024-12-14,,https://learn.microsoft.com/en-us/credentials/certifications/data-analyst-associate/,2026-07-25 22:09:00
95a44cc6-8880-d392-3f21-4393a4d7816a,49455415-6a28-410f-dd79-886b3efa6a2c,Docker Certified Associate,Docker / Mirantis,2024-01-03,,https://training.mirantis.com/,2026-09-13 03:38:00
338d9c77-8e2d-213c-995b-bd5243fc64aa,6169539d-e495-2f5d-f4be-d14fb33724bb,Certified Kubernetes Administrator (CKA),CNCF / Linux Foundation,2025-01-10,2028-01-10,https://training.linuxfoundation.org/certification/certified-kubernetes-administrator-cka/,2026-07-27 17:35:00
e6b89a37-487d-24fd-1c2c-096ce3d10825,7dbce307-c6ba-4579-9aaf-1dd1129a1377,PCEP – Certified Entry-Level Python Programmer,Python Institute,2025-02-08,,https://pythoninstitute.org/pcep,2026-07-27 15:39:00
31d116f2-e618-9025-7cdf-0dd2c13c39f1,7dbce307-c6ba-4579-9aaf-1dd1129a1377,Machine Learning Specialization,DeepLearning.AI / Coursera,2025-03-11,,https://www.coursera.org/specializations/machine-learning-introduction,2026-07-27 15:39:00
aac484d8-a857-ae94-0ebf-f0cec355842e,1c24cb0b-10f8-1bf9-9de0-239a7cac6ffa,Meta Front-End Developer Professional Certificate,Meta / Coursera,2026-04-15,,https://www.coursera.org/professional-certificates/meta-front-end-developer,2026-09-17 00:20:00
7ae52e87-6ddb-151d-4011-c92fdeb39afd,1c24cb0b-10f8-1bf9-9de0-239a7cac6ffa,IBM Data Science Professional Certificate,IBM / Coursera,2024-05-02,,https://www.coursera.org/professional-certificates/ibm-data-science,2026-09-17 00:20:00
725133c1-beb4-af4d-7060-a51b2871167f,9e9db05e-bbc4-38cf-b154-f0fa986fc750,AWS Certified Solutions Architect – Associate,Amazon Web Services,2025-01-11,2028-01-11,https://aws.amazon.com/certification/certified-solutions-architect-associate/,2026-08-29 23:13:00
041aac4f-e2d1-dcf9-4940-2d2963094595,9e9db05e-bbc4-38cf-b154-f0fa986fc750,Google Data Analytics Professional Certificate,Google / Coursera,2026-04-11,,https://www.coursera.org/professional-certificates/google-data-analytics,2026-08-29 23:13:00
60267909-f8f5-657d-d2dd-31425e12f635,9e9db05e-bbc4-38cf-b154-f0fa986fc750,Docker Certified Associate,Docker / Mirantis,2025-09-01,,https://training.mirantis.com/,2026-08-29 23:13:00
c3f13e91-fb7f-71a1-c6e5-b9a5c7fb5e27,12aa99d1-7469-91a9-a2f5-fb785735cb84,Certified Kubernetes Administrator (CKA),CNCF / Linux Foundation,2025-04-21,2028-04-20,https://training.linuxfoundation.org/certification/certified-kubernetes-administrator-cka/,2026-08-16 07:04:00
2c061428-06a1-4061-5a15-8ae546bae162,c0eda35d-fbbe-fb9b-0eb4-bfa8fe3636be,Certified Kubernetes Administrator (CKA),CNCF / Linux Foundation,2026-05-17,2029-05-16,https://training.linuxfoundation.org/certification/certified-kubernetes-administrator-cka/,2026-08-17 11:05:00
84abf6b2-946e-01e2-2efb-0edf17ddc95a,c0eda35d-fbbe-fb9b-0eb4-bfa8fe3636be,"Oracle Certified Associate, Java SE Programmer",Oracle,2025-09-26,,https://education.oracle.com/,2026-08-17 11:05:00
0a7966c9-8205-3a27-4c56-2a22c0892565,1a004236-2f04-1839-9651-bf051acfe1d3,PCEP – Certified Entry-Level Python Programmer,Python Institute,2026-01-28,,https://pythoninstitute.org/pcep,2026-07-16 05:48:00
79f7a821-b8c8-869c-cc5b-995e319c7328,547bac31-fa9b-e342-abf7-4e922308e6e1,Meta Back-End Developer Professional Certificate,Meta / Coursera,2026-04-26,,https://www.coursera.org/professional-certificates/meta-back-end-developer,2026-08-08 20:21:00
0250c97d-8cb1-b677-1a39-5572dc64c477,547bac31-fa9b-e342-abf7-4e922308e6e1,Google Cybersecurity Professional Certificate,Google / Coursera,2026-04-02,,https://www.coursera.org/professional-certificates/google-cybersecurity,2026-08-08 20:21:00
b0cfdba5-fdd6-40aa-c5f9-a394dbc3e9ee,10f6082b-6319-57af-bf8b-bd6c3ae392fb,Google Data Analytics Professional Certificate,Google / Coursera,2024-12-16,,https://www.coursera.org/professional-certificates/google-data-analytics,2026-07-23 22:47:00
1c0a7229-946f-4889-f426-5aec942e462c,10f6082b-6319-57af-bf8b-bd6c3ae392fb,PCEP – Certified Entry-Level Python Programmer,Python Institute,2026-03-11,,https://pythoninstitute.org/pcep,2026-07-23 22:47:00
871a973e-f7da-14f5-f929-cf349fbb5634,282de333-c549-6eec-a8ac-5291942c2d45,AWS Certified Solutions Architect – Associate,Amazon Web Services,2025-04-16,2028-04-15,https://aws.amazon.com/certification/certified-solutions-architect-associate/,2026-09-11 04:00:00
2aae9298-708f-41b9-cece-8e39b186a67f,282de333-c549-6eec-a8ac-5291942c2d45,"Oracle Certified Associate, Java SE Programmer",Oracle,2023-09-29,,https://education.oracle.com/,2026-09-11 04:00:00
acd63eea-4347-35d5-413c-4d718f6256c0,ef00c106-4965-14b9-ac87-6a83a15b303b,Machine Learning Specialization,DeepLearning.AI / Coursera,2026-06-18,,https://www.coursera.org/specializations/machine-learning-introduction,2026-09-08 21:05:00
0425abbe-c90c-407f-b686-321f0f4366b3,26a033cb-e933-44cb-f725-4ee676309c79,Tableau Desktop Specialist,Tableau / Salesforce,2026-05-17,,https://www.tableau.com/learn/certification,2026-09-18 03:04:00
86138221-1b70-cd6e-67db-a81d19dd7832,26a033cb-e933-44cb-f725-4ee676309c79,Machine Learning Specialization,DeepLearning.AI / Coursera,2024-04-18,,https://www.coursera.org/specializations/machine-learning-introduction,2026-09-18 03:04:00
2ff67745-ca34-56be-86a2-f6ddece048e1,c9b75805-a282-7d9c-b7c2-d3282ef83095,Certified Kubernetes Administrator (CKA),CNCF / Linux Foundation,2024-11-08,2027-11-08,https://training.linuxfoundation.org/certification/certified-kubernetes-administrator-cka/,2026-08-24 20:34:00
bf1314ce-dda6-b2d3-e43c-db1815e666bc,65828bf4-1ba9-d858-adba-be36e1cdbfe0,Machine Learning Specialization,DeepLearning.AI / Coursera,2025-09-04,,https://www.coursera.org/specializations/machine-learning-introduction,2026-07-06 21:37:00
11995de4-3a0f-b3f3-038a-ca757e3eb821,65828bf4-1ba9-d858-adba-be36e1cdbfe0,Microsoft Certified: Power BI Data Analyst Associate (PL-300),Microsoft,2025-11-29,,https://learn.microsoft.com/en-us/credentials/certifications/data-analyst-associate/,2026-07-06 21:37:00
cafcfabb-d36e-a58c-460e-000c6306d8ab,6cb2c9e3-34c1-65eb-a0a3-156c5a108982,HashiCorp Certified: Terraform Associate,HashiCorp,2026-02-25,2029-02-24,https://developer.hashicorp.com/certifications/infrastructure-automation,2026-08-11 19:18:00
01dc93e6-8233-a2fe-6c35-6df65ff52fc4,6cb2c9e3-34c1-65eb-a0a3-156c5a108982,IBM Data Science Professional Certificate,IBM / Coursera,2026-06-11,,https://www.coursera.org/professional-certificates/ibm-data-science,2026-08-11 19:18:00
fe567f72-eaa1-27fa-36df-84e36ee27cbb,6bd7d2ee-9f37-8631-f389-0ec657a48ae2,IBM Data Science Professional Certificate,IBM / Coursera,2023-12-08,,https://www.coursera.org/professional-certificates/ibm-data-science,2026-08-09 10:05:00
1d32cf19-1456-956d-a752-d7ed1c019ae3,ce7ef459-ac00-8c84-1a64-b31c466de662,Microsoft Office Specialist: Excel Associate,Microsoft,2026-01-07,,https://learn.microsoft.com/en-us/credentials/,2026-08-28 13:00:00
1dd71f12-57c0-7b9f-f2b9-83213b50a1e5,f64a347a-9a0c-4621-2cf9-f2d283ac54f1,Certified Ethical Hacker (CEH),EC-Council,2025-10-05,2028-10-04,https://www.eccouncil.org/train-certify/certified-ethical-hacker-ceh/,2026-08-11 06:55:00
ee3a2d96-98c7-bd80-a224-ed149a036fcd,f64a347a-9a0c-4621-2cf9-f2d283ac54f1,Google Data Analytics Professional Certificate,Google / Coursera,2026-06-18,,https://www.coursera.org/professional-certificates/google-data-analytics,2026-08-11 06:55:00
2aff6bee-e16a-3a50-d952-efaad7c60d4d,f3b61281-b70e-78b6-2086-d22ecbebc8b2,Certified Kubernetes Administrator (CKA),CNCF / Linux Foundation,2025-09-25,2028-09-24,https://training.linuxfoundation.org/certification/certified-kubernetes-administrator-cka/,2026-08-07 06:45:00
65736679-337c-c7f4-2407-cdb44880a5ee,f3b61281-b70e-78b6-2086-d22ecbebc8b2,Certified Ethical Hacker (CEH),EC-Council,2025-04-19,2028-04-18,https://www.eccouncil.org/train-certify/certified-ethical-hacker-ceh/,2026-08-07 06:45:00
e753350d-1d71-84ff-315f-44830ab2da08,cf2a7a6e-e425-ec75-edc1-ace3a2c1c205,Meta Back-End Developer Professional Certificate,Meta / Coursera,2026-04-19,,https://www.coursera.org/professional-certificates/meta-back-end-developer,2026-08-15 15:34:00
52ac10d1-d7d6-41f4-7366-875c156abc76,0a5bbdfd-f543-3c78-b3c8-cc1c3bc91fc7,Microsoft Certified: Power BI Data Analyst Associate (PL-300),Microsoft,2024-05-13,,https://learn.microsoft.com/en-us/credentials/certifications/data-analyst-associate/,2026-08-19 05:32:00
3d0d5d3e-3e59-5f54-7892-a07fa45ac955,e1a59fa3-6ebc-d331-552e-77791ed22cf9,AWS Certified Cloud Practitioner,Amazon Web Services,2024-05-17,2027-05-17,https://aws.amazon.com/certification/certified-cloud-practitioner/,2026-08-14 10:41:00
72a5a5cd-fb75-602b-6ef4-d8853fc01c42,dad6c952-ef46-92df-8d65-a6f9f5e7fddb,IBM Data Science Professional Certificate,IBM / Coursera,2026-01-22,,https://www.coursera.org/professional-certificates/ibm-data-science,2026-07-29 05:20:00
82163087-f020-1324-f5bb-a310fbace01a,b8239090-baea-6b1b-02d8-b9dd3b3879ea,Meta Back-End Developer Professional Certificate,Meta / Coursera,2024-05-25,,https://www.coursera.org/professional-certificates/meta-back-end-developer,2026-08-30 08:40:00
30656ccc-7887-574c-db18-977b46d2a8ed,87f073c7-d526-bbf8-75a9-543982483538,"Oracle Certified Associate, Java SE Programmer",Oracle,2025-03-26,,https://education.oracle.com/,2026-09-04 00:38:00
40f6cbc9-0c2e-e100-5fad-b680ffe5167f,a184a0a9-ede5-9a43-db06-e83e7c27dd37,Microsoft Certified: Azure Fundamentals (AZ-900),Microsoft,2026-07-11,,https://learn.microsoft.com/en-us/credentials/certifications/azure-fundamentals/,2026-07-17 18:46:00
1cae4911-a53c-971f-c5ae-60924b09a8b9,a184a0a9-ede5-9a43-db06-e83e7c27dd37,Google Cybersecurity Professional Certificate,Google / Coursera,2025-01-25,,https://www.coursera.org/professional-certificates/google-cybersecurity,2026-07-17 18:46:00
d996f63a-37e1-640f-19a7-363e987dc6b0,44d0b583-7aae-9327-6379-31e0eff25d0b,Machine Learning Specialization,DeepLearning.AI / Coursera,2026-04-07,,https://www.coursera.org/specializations/machine-learning-introduction,2026-08-19 17:29:00
c1a8bbbe-13c1-f363-861e-a71f03445c15,44d0b583-7aae-9327-6379-31e0eff25d0b,Google Data Analytics Professional Certificate,Google / Coursera,2025-11-13,,https://www.coursera.org/professional-certificates/google-data-analytics,2026-08-19 17:29:00
70ba7b53-3bf4-d77c-99ce-1d8686efdd8a,b8d94c3f-2c6f-9214-0edf-7a88a636051b,Meta Front-End Developer Professional Certificate,Meta / Coursera,2026-05-18,,https://www.coursera.org/professional-certificates/meta-front-end-developer,2026-07-07 23:45:00
8375b520-813c-198a-9f39-a2edce7b05c0,b8d94c3f-2c6f-9214-0edf-7a88a636051b,Meta Back-End Developer Professional Certificate,Meta / Coursera,2025-09-11,,https://www.coursera.org/professional-certificates/meta-back-end-developer,2026-07-07 23:45:00
e8a83d9f-bf49-f617-c962-21103207a6df,33341697-18e4-4e1d-c409-062e8c3d81b9,Meta Back-End Developer Professional Certificate,Meta / Coursera,2026-04-01,,https://www.coursera.org/professional-certificates/meta-back-end-developer,2026-07-21 04:18:00
4190222c-5461-7b83-8061-b4e87dec085a,cc5314bf-1063-556b-ea68-3a94bbcabce1,Certified Kubernetes Administrator (CKA),CNCF / Linux Foundation,2024-09-16,2027-09-16,https://training.linuxfoundation.org/certification/certified-kubernetes-administrator-cka/,2026-07-15 18:56:00
091e469e-788e-b946-85d9-7aa084e421dc,cc5314bf-1063-556b-ea68-3a94bbcabce1,Docker Certified Associate,Docker / Mirantis,2025-03-19,,https://training.mirantis.com/,2026-07-15 18:56:00
cde9fffd-fdcd-c5e0-9539-d8658e358e8c,0992253f-bd8f-d52c-5348-0c9151d6ebaa,AWS Certified Cloud Practitioner,Amazon Web Services,2026-06-12,2029-06-11,https://aws.amazon.com/certification/certified-cloud-practitioner/,2026-07-03 14:24:00
f4195217-2afd-c1cd-bfd4-be2c22c05d88,424d5e9d-2b88-4edb-abfe-0d8867960e68,Meta Back-End Developer Professional Certificate,Meta / Coursera,2026-03-26,,https://www.coursera.org/professional-certificates/meta-back-end-developer,2026-07-08 11:37:00
a7b91e74-3502-cdab-147d-5858de9f9be9,0f7be6b4-c989-5e4f-6109-d827bb6b9d63,IBM Data Science Professional Certificate,IBM / Coursera,2025-11-17,,https://www.coursera.org/professional-certificates/ibm-data-science,2026-09-01 21:37:00
f578163b-7954-d8bd-6598-33762d059974,e1ce9613-f67c-a26e-505c-8fb517fbc9e8,Certified Kubernetes Administrator (CKA),CNCF / Linux Foundation,2024-09-30,2027-09-30,https://training.linuxfoundation.org/certification/certified-kubernetes-administrator-cka/,2026-07-13 11:53:00
bd95e40b-cf21-70b7-977b-09084d5343d7,aa9ef56e-be54-e7ed-51c8-d2ffe7d4f800,Machine Learning Specialization,DeepLearning.AI / Coursera,2026-07-29,,https://www.coursera.org/specializations/machine-learning-introduction,2026-07-07 07:43:00
a61192ba-4e9c-0abe-c854-427a9eee0880,7a1a1786-cc1b-3d86-8085-b76021627936,Tableau Desktop Specialist,Tableau / Salesforce,2026-07-20,,https://www.tableau.com/learn/certification,2026-08-07 07:51:00
db43b4a8-63dd-08a5-d24c-8ea87ac08620,ba0143e9-af1e-8bba-8de4-7ea46e4222eb,HashiCorp Certified: Terraform Associate,HashiCorp,2023-09-11,2026-09-10,https://developer.hashicorp.com/certifications/infrastructure-automation,2026-08-23 10:40:00
6cd087c8-9893-f98c-7710-7c71b764c473,53e06bbc-543b-7b51-088f-262cf17ea612,"Oracle Certified Associate, Java SE Programmer",Oracle,2024-10-02,,https://education.oracle.com/,2026-07-03 09:46:00
78e8416a-f5d8-c52c-ca4e-1f38cd84297f,afbfd7ca-cb0f-16a0-4f4f-d4e09721c88a,AWS Certified Cloud Practitioner,Amazon Web Services,2026-03-07,2029-03-06,https://aws.amazon.com/certification/certified-cloud-practitioner/,2026-07-08 13:53:00
a29fbf19-f0ee-2cfa-2f59-6b7565eae049,43bd056d-bd32-3b3b-daf3-e424d695e9b3,IBM Data Science Professional Certificate,IBM / Coursera,2025-01-23,,https://www.coursera.org/professional-certificates/ibm-data-science,2026-07-10 11:12:00
21fcc97a-a72e-4230-fa89-c8331391d4e9,8d98cb64-d8f8-b369-c813-52b1a1b28aa2,Google Cybersecurity Professional Certificate,Google / Coursera,2025-11-25,,https://www.coursera.org/professional-certificates/google-cybersecurity,2026-08-14 16:05:00
fc28771a-0db9-76ed-8c34-fa28b6f81642,f4b8132b-bf99-fa82-e40d-bf309e4d5c70,Docker Certified Associate,Docker / Mirantis,2024-09-13,,https://training.mirantis.com/,2026-07-12 14:36:00
d9aecfc4-587a-b51d-b870-b8b3c21e23ee,8de14304-742e-fb99-41c4-df358ece8d67,Google Data Analytics Professional Certificate,Google / Coursera,2025-08-07,,https://www.coursera.org/professional-certificates/google-data-analytics,2026-09-15 04:44:00
8f8062e2-9e5f-abce-2465-4aa92bd2ae99,1a845fac-8aef-2d86-d64e-27efccaba216,Meta Back-End Developer Professional Certificate,Meta / Coursera,2026-03-09,,https://www.coursera.org/professional-certificates/meta-back-end-developer,2026-07-09 04:45:00
3257a73a-ba33-dd5c-c2fa-d0af2722727b,e96f35c0-70ec-6b2f-dadc-d1dddcd1b568,Certified Kubernetes Administrator (CKA),CNCF / Linux Foundation,2025-06-23,2028-06-22,https://training.linuxfoundation.org/certification/certified-kubernetes-administrator-cka/,2026-07-26 02:16:00
4b2f77a3-559c-6bf0-3ad3-61e9a5b721c9,e78350b6-2ac7-3eed-4039-469e8a712829,Microsoft Certified: Azure Fundamentals (AZ-900),Microsoft,2025-06-29,,https://learn.microsoft.com/en-us/credentials/certifications/azure-fundamentals/,2026-07-11 12:58:00
58472f19-d6eb-fe54-1599-9b62ec04cfda,e78350b6-2ac7-3eed-4039-469e8a712829,Certified Kubernetes Administrator (CKA),CNCF / Linux Foundation,2024-02-15,2027-02-14,https://training.linuxfoundation.org/certification/certified-kubernetes-administrator-cka/,2026-07-11 12:58:00
987ea9a7-cfca-5d1f-91cf-db09268502a6,53725961-1ef5-8bf5-cffa-a3e15bb762bb,PCEP – Certified Entry-Level Python Programmer,Python Institute,2025-04-11,,https://pythoninstitute.org/pcep,2026-07-10 03:08:00
bf75a6f4-0a16-eb99-32fc-63e5d801378e,c2ccbac6-eed2-2053-9369-e7f513a545b6,"Oracle Certified Associate, Java SE Programmer",Oracle,2024-07-03,,https://education.oracle.com/,2026-08-22 07:28:00
cb70f21d-ae7f-defc-4d91-6bece6fd9f5a,c2ccbac6-eed2-2053-9369-e7f513a545b6,AWS Certified Cloud Practitioner,Amazon Web Services,2026-03-01,2029-02-28,https://aws.amazon.com/certification/certified-cloud-practitioner/,2026-08-22 07:28:00
7e3cd86a-372b-a6a7-8b9f-26c5e8a132d2,8e793aff-49bd-78c3-6f29-912f3820f1ee,Certified Ethical Hacker (CEH),EC-Council,2025-05-25,2028-05-24,https://www.eccouncil.org/train-certify/certified-ethical-hacker-ceh/,2026-09-08 21:00:00
0a9010e2-1acc-62b3-fdcd-96bd2fb0973b,fbb94233-aa5a-71da-ece7-a82fec156a7f,Microsoft Certified: Azure Fundamentals (AZ-900),Microsoft,2026-07-28,,https://learn.microsoft.com/en-us/credentials/certifications/azure-fundamentals/,2026-07-11 19:36:00
c1655b42-16bf-8863-bd46-4cd3207543b9,37a6b6cd-25ee-8675-d94b-b981000554dd,Meta Front-End Developer Professional Certificate,Meta / Coursera,2024-03-14,,https://www.coursera.org/professional-certificates/meta-front-end-developer,2026-08-24 03:35:00
d5deca57-b524-eda5-bc02-ca463edfe767,37a6b6cd-25ee-8675-d94b-b981000554dd,Machine Learning Specialization,DeepLearning.AI / Coursera,2026-04-10,,https://www.coursera.org/specializations/machine-learning-introduction,2026-08-24 03:35:00
c9695436-12fe-e305-e5a3-eee2ce0b14fa,664cafc8-20ac-4eb8-b03e-701040217f36,Meta Back-End Developer Professional Certificate,Meta / Coursera,2024-07-19,,https://www.coursera.org/professional-certificates/meta-back-end-developer,2026-09-15 07:05:00
cbe85971-7319-df71-5e63-f23847645d62,46730ab9-6626-5ec1-1858-572f4dcb0a20,Tableau Desktop Specialist,Tableau / Salesforce,2025-05-05,,https://www.tableau.com/learn/certification,2026-09-07 19:10:00
81125fa6-39bc-266a-668e-e981e49200cc,46730ab9-6626-5ec1-1858-572f4dcb0a20,Meta Back-End Developer Professional Certificate,Meta / Coursera,2025-01-19,,https://www.coursera.org/professional-certificates/meta-back-end-developer,2026-09-07 19:10:00
b85cdf7f-ea64-c3bf-38a1-bf8e00c52251,e5e76dad-ce52-5868-dee5-c6ba5eb36e65,Meta Front-End Developer Professional Certificate,Meta / Coursera,2023-09-28,,https://www.coursera.org/professional-certificates/meta-front-end-developer,2026-09-17 09:02:00
9d6b0276-63e4-e812-2a2a-4f3659c8f682,e5e76dad-ce52-5868-dee5-c6ba5eb36e65,HashiCorp Certified: Terraform Associate,HashiCorp,2024-11-16,2027-11-16,https://developer.hashicorp.com/certifications/infrastructure-automation,2026-09-17 09:02:00
4470b91c-6418-0948-d04e-d2e1d757c60a,5e7b4ed1-7ff8-0c5e-255d-eb4670b94a64,IBM Data Science Professional Certificate,IBM / Coursera,2024-08-25,,https://www.coursera.org/professional-certificates/ibm-data-science,2026-08-07 06:36:00
339d5325-a54c-d8a6-bfba-9ded6ec23fab,1d8e90a1-54d3-9c23-0f9f-7d5ef267e294,Machine Learning Specialization,DeepLearning.AI / Coursera,2024-11-12,,https://www.coursera.org/specializations/machine-learning-introduction,2026-07-29 03:07:00
6d72a70a-6b6c-b089-743b-548b60133bea,1d8e90a1-54d3-9c23-0f9f-7d5ef267e294,PCEP – Certified Entry-Level Python Programmer,Python Institute,2026-06-12,,https://pythoninstitute.org/pcep,2026-07-29 03:07:00
2ca823cd-dd35-b405-2842-024d0920a3c8,1d8e90a1-54d3-9c23-0f9f-7d5ef267e294,IBM Data Science Professional Certificate,IBM / Coursera,2025-03-31,,https://www.coursera.org/professional-certificates/ibm-data-science,2026-07-29 03:07:00
1159448a-3454-2298-0058-4ad41e603c12,d265eab6-db5f-22de-ac6f-1e3c7e90aa4d,Meta Front-End Developer Professional Certificate,Meta / Coursera,2023-09-10,,https://www.coursera.org/professional-certificates/meta-front-end-developer,2026-07-31 01:54:00
0ad755c9-9f43-fcc2-13a2-45783d2edb32,9da084a7-f385-720d-c2e3-cf69714f0b35,Microsoft Office Specialist: Excel Associate,Microsoft,2026-08-01,,https://learn.microsoft.com/en-us/credentials/,2026-07-21 08:58:00
0553adb3-58b4-468d-88e7-0a59357d68af,b3adae42-8009-a0b7-06ba-7ec6980dda15,Docker Certified Associate,Docker / Mirantis,2025-08-07,,https://training.mirantis.com/,2026-08-30 05:48:00
03cd2727-8491-0d34-f08c-cbfe2670ac53,b3adae42-8009-a0b7-06ba-7ec6980dda15,Meta Back-End Developer Professional Certificate,Meta / Coursera,2024-12-29,,https://www.coursera.org/professional-certificates/meta-back-end-developer,2026-08-30 05:48:00
07ca9e66-3588-d500-c65a-85b5bd4d3eef,4ac4591a-8543-cf9d-4f2e-120dbb41fd86,IBM Data Science Professional Certificate,IBM / Coursera,2025-07-29,,https://www.coursera.org/professional-certificates/ibm-data-science,2026-08-17 06:05:00
0db89cdb-a9de-8b8d-ef8c-cd3e0bafbf63,4ac4591a-8543-cf9d-4f2e-120dbb41fd86,HashiCorp Certified: Terraform Associate,HashiCorp,2025-03-07,2028-03-06,https://developer.hashicorp.com/certifications/infrastructure-automation,2026-08-17 06:05:00
699cf6b0-033d-74ad-5a94-f862960dbbbf,4d123e11-5c12-a990-95d5-ba7d7b01b852,IBM Data Science Professional Certificate,IBM / Coursera,2025-07-30,,https://www.coursera.org/professional-certificates/ibm-data-science,2026-08-15 03:28:00
67ca5731-f38d-5068-6cf9-8889f962d24e,4d123e11-5c12-a990-95d5-ba7d7b01b852,Meta Back-End Developer Professional Certificate,Meta / Coursera,2026-06-21,,https://www.coursera.org/professional-certificates/meta-back-end-developer,2026-08-15 03:28:00
c6f77232-6dd0-d4d7-12d4-ab7029d59fa8,54ef43cd-0e50-d196-465f-ace49c4baff4,Meta Back-End Developer Professional Certificate,Meta / Coursera,2026-01-26,,https://www.coursera.org/professional-certificates/meta-back-end-developer,2026-08-09 16:13:00
e22147b2-41d0-489f-cd7a-104291fd35e0,e21eaac7-0a43-4dff-c51c-df35572264f0,freeCodeCamp Responsive Web Design,freeCodeCamp,2024-12-02,,https://www.freecodecamp.org/learn/2022/responsive-web-design/,2026-09-07 13:29:00
db70df37-b432-5d35-d817-7147b6fcdb5b,1eb7ba91-099e-19b7-ff22-77e786b9b09c,Google Cybersecurity Professional Certificate,Google / Coursera,2024-01-13,,https://www.coursera.org/professional-certificates/google-cybersecurity,2026-09-13 22:31:00
a116e402-e185-d3d0-b3bf-97cc5ab633a1,0096c8e9-7dfd-5767-8c24-8ec0a9ccebc8,Microsoft Certified: Azure Fundamentals (AZ-900),Microsoft,2025-04-11,,https://learn.microsoft.com/en-us/credentials/certifications/azure-fundamentals/,2026-07-03 18:50:00
19c68249-38fc-de3c-05b7-90aed499f929,5a1b1b7c-ee33-602f-b62a-a79bf83bab77,Docker Certified Associate,Docker / Mirantis,2026-07-05,,https://training.mirantis.com/,2026-08-25 12:06:00
cd62584f-9c38-ebbc-d1aa-b3de78cb0116,e5bf5fb8-8b5c-7c33-aa0f-af770f6bd21c,PCEP – Certified Entry-Level Python Programmer,Python Institute,2024-03-21,,https://pythoninstitute.org/pcep,2026-09-02 23:56:00
826defc8-2d5c-5a12-0d0c-345e653ef469,716c9fd0-55ac-b935-53f6-d5be2267da8e,IBM Data Science Professional Certificate,IBM / Coursera,2024-02-16,,https://www.coursera.org/professional-certificates/ibm-data-science,2026-08-01 22:36:00
d6e00eb9-5ea8-5892-e8c9-cf595ef3943e,716c9fd0-55ac-b935-53f6-d5be2267da8e,Microsoft Certified: Power BI Data Analyst Associate (PL-300),Microsoft,2026-06-14,,https://learn.microsoft.com/en-us/credentials/certifications/data-analyst-associate/,2026-08-01 22:36:00
e19ee584-d028-a464-bc35-a07bfd76cb8b,c5ad6829-5bc9-c167-1a4d-d7788acb1113,Google Cloud Digital Leader,Google Cloud,2024-07-16,2027-07-16,https://cloud.google.com/learn/certification/cloud-digital-leader,2026-09-03 10:02:00
c2ee5d35-e5dd-fdae-ec75-ea46382c01b4,7fe9d1a8-d1d5-25f4-e0e5-2d88849365b7,AWS Certified Solutions Architect – Associate,Amazon Web Services,2024-12-06,2027-12-06,https://aws.amazon.com/certification/certified-solutions-architect-associate/,2026-08-06 14:00:00
0353c6dd-279c-1a64-6e86-d43885812010,7fe9d1a8-d1d5-25f4-e0e5-2d88849365b7,Google Cloud Digital Leader,Google Cloud,2023-12-22,2026-12-21,https://cloud.google.com/learn/certification/cloud-digital-leader,2026-08-06 14:00:00
4b4bf4f0-963b-881a-b4ff-87bc9c0ba582,77564571-52e9-e257-e5ee-b9ec59248f6f,Machine Learning Specialization,DeepLearning.AI / Coursera,2023-12-07,,https://www.coursera.org/specializations/machine-learning-introduction,2026-08-06 13:26:00
99088d44-ac85-b586-fd76-3ba855efc6e4,77564571-52e9-e257-e5ee-b9ec59248f6f,"Oracle Certified Associate, Java SE Programmer",Oracle,2024-08-30,,https://education.oracle.com/,2026-08-06 13:26:00
3da10147-53b5-cc62-fd92-445137790df2,2fa354aa-7449-c9e2-a6b2-c2a3e49ee1a9,PCEP – Certified Entry-Level Python Programmer,Python Institute,2024-08-01,,https://pythoninstitute.org/pcep,2026-07-31 20:57:00
8f5573b9-f80d-4e38-ea5b-336168b6433a,05fc098c-dc2a-7f6d-c46e-c71baf6d008f,Docker Certified Associate,Docker / Mirantis,2024-01-10,,https://training.mirantis.com/,2026-09-18 01:26:00
ee21410d-f3ff-7c16-6c43-f6c4f9281e38,01b8ebf4-8bb7-f9a8-bc36-d0cf4521a836,PCEP – Certified Entry-Level Python Programmer,Python Institute,2025-12-26,,https://pythoninstitute.org/pcep,2026-08-31 19:01:00
ebe62b36-89e3-6fcb-d3c4-29442c0cc48b,295819a9-94f3-9076-75db-437429f35752,PCEP – Certified Entry-Level Python Programmer,Python Institute,2025-02-04,,https://pythoninstitute.org/pcep,2026-08-11 10:47:00
fc93f1df-b6d2-b775-8057-fcd67e8c8d6d,5ecae4f3-ad1a-2cf4-c0ad-8854543d24bc,Tableau Desktop Specialist,Tableau / Salesforce,2024-12-01,,https://www.tableau.com/learn/certification,2026-08-09 09:51:00
8b669b84-1252-1a1b-7219-d3e4023f7122,94a3a0a2-4d00-dffc-08ea-f08afdc9dca3,PCEP – Certified Entry-Level Python Programmer,Python Institute,2026-07-10,,https://pythoninstitute.org/pcep,2026-08-27 12:07:00
1ebde24c-ce32-60d3-3ec8-0e164c09ac2e,093b8ac9-8ed6-089a-820b-c978910f76ac,Certified Kubernetes Administrator (CKA),CNCF / Linux Foundation,2025-12-26,2028-12-25,https://training.linuxfoundation.org/certification/certified-kubernetes-administrator-cka/,2026-09-07 01:43:00
1bb16508-b81a-e960-5fef-e8c3189a5b8c,a83eb1e5-2030-918c-c47c-93f470670800,Microsoft Certified: Power BI Data Analyst Associate (PL-300),Microsoft,2025-11-09,,https://learn.microsoft.com/en-us/credentials/certifications/data-analyst-associate/,2026-08-03 01:19:00
b22c6616-46ba-d781-008e-1cbd64e22411,1db305ae-e8eb-583c-602f-5df31b4d21a2,CompTIA Security+,CompTIA,2026-05-14,2029-05-13,https://www.comptia.org/certifications/security,2026-07-02 14:44:00
b56ec1f5-3e3e-6f77-22f0-ffa8a7ae6ed1,4ce8a978-0f4e-9d1e-4dfc-2955999f697b,AWS Certified Cloud Practitioner,Amazon Web Services,2024-11-02,2027-11-02,https://aws.amazon.com/certification/certified-cloud-practitioner/,2026-09-01 14:13:00
b9ffec0c-5c52-bb32-93a7-027f4f474e77,96014e4b-ea2e-bb84-4349-c1a118e907a9,freeCodeCamp Responsive Web Design,freeCodeCamp,2026-01-05,,https://www.freecodecamp.org/learn/2022/responsive-web-design/,2026-09-14 05:57:00
c8b125d5-3f95-af25-b264-a457bc193c76,96014e4b-ea2e-bb84-4349-c1a118e907a9,Machine Learning Specialization,DeepLearning.AI / Coursera,2026-01-02,,https://www.coursera.org/specializations/machine-learning-introduction,2026-09-14 05:57:00
9d09c52a-7079-a14f-9b4c-68ab39476f28,adc27198-09f4-5f10-0075-245c9ff64944,Google Data Analytics Professional Certificate,Google / Coursera,2025-07-26,,https://www.coursera.org/professional-certificates/google-data-analytics,2026-08-07 09:47:00
6832055c-b6b9-a58d-1462-c7b297b7f6c0,9f58819e-eff7-0498-592d-be191f44bb3d,AWS Certified Cloud Practitioner,Amazon Web Services,2024-05-17,2027-05-17,https://aws.amazon.com/certification/certified-cloud-practitioner/,2026-07-24 04:12:00
444efa81-2202-1f9f-4611-194863c16d21,9f58819e-eff7-0498-592d-be191f44bb3d,Tableau Desktop Specialist,Tableau / Salesforce,2024-08-22,,https://www.tableau.com/learn/certification,2026-07-24 04:12:00
8b673c50-852a-27ac-7aaa-d4b31fc1812a,959a1daa-d692-bb35-9734-96202ccd6084,AWS Certified Cloud Practitioner,Amazon Web Services,2024-10-12,2027-10-12,https://aws.amazon.com/certification/certified-cloud-practitioner/,2026-08-24 14:40:00
b7590bfc-393f-ee64-7968-c391089b058b,7b2c8e97-a09d-5747-5acf-7feabbd65c33,Meta Back-End Developer Professional Certificate,Meta / Coursera,2026-06-06,,https://www.coursera.org/professional-certificates/meta-back-end-developer,2026-08-19 18:16:00
2a4888e9-8aa8-d567-dfe6-3a8329acac4e,7848615b-5f0f-67cf-8267-1ec68a81dc7c,AWS Certified Cloud Practitioner,Amazon Web Services,2024-03-01,2027-03-01,https://aws.amazon.com/certification/certified-cloud-practitioner/,2026-08-26 12:57:00
495550be-1587-191d-b24c-eaa75b9d61f0,6ae632c7-bb65-f7d6-31e5-492f89abd412,Certified Kubernetes Administrator (CKA),CNCF / Linux Foundation,2024-10-24,2027-10-24,https://training.linuxfoundation.org/certification/certified-kubernetes-administrator-cka/,2026-08-27 20:31:00
59ffa0aa-c5a0-1bbb-37b4-5dcec34a3e3a,bffd2a90-8afb-a84b-2e8f-f31ca1f556da,Google Data Analytics Professional Certificate,Google / Coursera,2025-11-13,,https://www.coursera.org/professional-certificates/google-data-analytics,2026-08-19 13:51:00
4868b145-d4f3-585c-beb6-401fcf6d9578,04c3f2fb-2bce-66c6-82e0-1086220d961c,Docker Certified Associate,Docker / Mirantis,2024-05-23,,https://training.mirantis.com/,2026-07-21 02:25:00
40e1056a-b554-9a5e-b7eb-1e46f7b25e11,04c3f2fb-2bce-66c6-82e0-1086220d961c,Machine Learning Specialization,DeepLearning.AI / Coursera,2026-01-15,,https://www.coursera.org/specializations/machine-learning-introduction,2026-07-21 02:25:00
3f07cf66-ae44-9135-e9b5-5926e800ba50,dfac112f-9e08-b97e-8385-770d6e6126a3,Certified Ethical Hacker (CEH),EC-Council,2025-04-16,2028-04-15,https://www.eccouncil.org/train-certify/certified-ethical-hacker-ceh/,2026-08-24 12:43:00
c30fc1be-2630-fd59-3f23-ced4da9c7f82,dfac112f-9e08-b97e-8385-770d6e6126a3,IBM Data Science Professional Certificate,IBM / Coursera,2024-10-20,,https://www.coursera.org/professional-certificates/ibm-data-science,2026-08-24 12:43:00
11aefd4f-e731-9591-e20c-cfa6586ad002,2e7751a8-0c41-b882-c679-22208335af3d,IBM Data Science Professional Certificate,IBM / Coursera,2025-03-24,,https://www.coursera.org/professional-certificates/ibm-data-science,2026-09-08 07:56:00
a6ced99b-b9d6-7c26-3314-0bf0edd2d03a,2e7751a8-0c41-b882-c679-22208335af3d,Meta Back-End Developer Professional Certificate,Meta / Coursera,2025-08-29,,https://www.coursera.org/professional-certificates/meta-back-end-developer,2026-09-08 07:56:00
66e5a5cd-bfcf-a5e7-1bcf-754122b7dce1,a680299d-8f02-3e9b-d94f-67af94d38feb,Tableau Desktop Specialist,Tableau / Salesforce,2024-05-11,,https://www.tableau.com/learn/certification,2026-08-28 23:39:00
7294fcdf-e361-6b6e-e97f-9c422914e443,8e3c62bf-bc9e-cacd-f60f-fe09c936d60a,Microsoft Certified: Azure Fundamentals (AZ-900),Microsoft,2025-11-24,,https://learn.microsoft.com/en-us/credentials/certifications/azure-fundamentals/,2026-07-17 20:52:00
a50ff887-617f-c597-ae6e-610a8d8ba2d3,fbf0e66d-872c-c11d-aaf2-56d08998632f,Google Data Analytics Professional Certificate,Google / Coursera,2023-10-22,,https://www.coursera.org/professional-certificates/google-data-analytics,2026-09-02 19:28:00
bcf277de-a97f-e754-3bd1-eb891c79304b,fbf0e66d-872c-c11d-aaf2-56d08998632f,Microsoft Office Specialist: Excel Associate,Microsoft,2025-12-09,,https://learn.microsoft.com/en-us/credentials/,2026-09-02 19:28:00
585434a6-33a5-0523-b504-d7ea83e0f0b9,e9c29a32-c60d-977f-4dcd-094beedcb67b,Google Cloud Digital Leader,Google Cloud,2025-07-22,2028-07-21,https://cloud.google.com/learn/certification/cloud-digital-leader,2026-08-12 07:32:00
a6020c58-9885-f766-66b3-2064a5067b0b,d883384b-0beb-e533-80b5-8148669b26c6,AWS Certified Solutions Architect – Associate,Amazon Web Services,2024-11-01,2027-11-01,https://aws.amazon.com/certification/certified-solutions-architect-associate/,2026-08-22 05:31:00
2a6f698e-fa42-f155-494a-62134a76d0f4,d883384b-0beb-e533-80b5-8148669b26c6,Machine Learning Specialization,DeepLearning.AI / Coursera,2024-11-08,,https://www.coursera.org/specializations/machine-learning-introduction,2026-08-22 05:31:00
275de09d-62fd-ca0a-8252-6804a30532c2,35dbda9a-b2af-3333-82cf-303d243b89b6,Machine Learning Specialization,DeepLearning.AI / Coursera,2025-06-26,,https://www.coursera.org/specializations/machine-learning-introduction,2026-07-27 00:52:00
ba1379f6-143a-1201-5224-2e5fa316f6f1,e0ef3756-6a2d-c7e7-7c7f-29c352802bb8,Meta Back-End Developer Professional Certificate,Meta / Coursera,2025-12-13,,https://www.coursera.org/professional-certificates/meta-back-end-developer,2026-08-08 21:15:00
f6ca4419-7b4f-b5ab-6d33-037440fb4484,6e5abe8f-04c7-0918-c579-0a8b4e5da395,Meta Back-End Developer Professional Certificate,Meta / Coursera,2026-04-18,,https://www.coursera.org/professional-certificates/meta-back-end-developer,2026-09-16 13:35:00
c0fc6c79-832c-c62b-2df7-fb38aacebe63,6e5abe8f-04c7-0918-c579-0a8b4e5da395,PCEP – Certified Entry-Level Python Programmer,Python Institute,2025-11-07,,https://pythoninstitute.org/pcep,2026-09-16 13:35:00
d3603c65-194c-553a-e296-2adb9e1dfee9,7ff55f4b-3a97-f46e-f11f-3ed70e78875d,Deep Learning Specialization,DeepLearning.AI / Coursera,2025-01-30,,https://www.coursera.org/specializations/deep-learning,2026-07-22 03:41:00
3bbb284a-ac13-54dc-3e6b-9b9a3ed0a96e,0a52386c-ee70-65f3-8afd-db7127de0672,Tableau Desktop Specialist,Tableau / Salesforce,2026-07-29,,https://www.tableau.com/learn/certification,2026-08-02 22:44:00
33d07d99-1028-181d-edfe-4edc94fa80f3,5ae27936-2f87-031a-166e-e552ea369e68,Microsoft Certified: Power BI Data Analyst Associate (PL-300),Microsoft,2025-04-17,,https://learn.microsoft.com/en-us/credentials/certifications/data-analyst-associate/,2026-09-05 09:42:00
ddb16d38-c844-1228-9d07-496ff2de2a6e,2a90c9c8-cddb-8f2d-efff-8e7d7c030c5c,Cisco Certified Network Associate (CCNA),Cisco,2026-04-20,2029-04-19,https://www.cisco.com/site/us/en/learn/training-certifications/certifications/enterprise/ccna/index.html,2026-08-14 11:10:00
ce827a50-8625-28a1-2641-d0cc3cf06c31,2a90c9c8-cddb-8f2d-efff-8e7d7c030c5c,Elements of AI,University of Helsinki,2026-01-17,,https://www.elementsofai.com/,2026-08-14 11:10:00
c2f70372-3f9c-19c5-671d-7d6b2c364954,31842ef8-9968-941c-2517-6cee15870259,IBM Data Science Professional Certificate,IBM / Coursera,2025-10-30,,https://www.coursera.org/professional-certificates/ibm-data-science,2026-09-16 21:31:00
fae596f7-a6b8-8a4f-6246-96455954b354,70fd7d6c-1a7c-05de-0f25-68007669ec6c,PCEP – Certified Entry-Level Python Programmer,Python Institute,2025-11-08,,https://pythoninstitute.org/pcep,2026-08-12 10:11:00
84d74eb8-06d8-c3ce-5f3e-9f9d1ef19fed,70fd7d6c-1a7c-05de-0f25-68007669ec6c,Microsoft Certified: Azure Fundamentals (AZ-900),Microsoft,2025-04-02,,https://learn.microsoft.com/en-us/credentials/certifications/azure-fundamentals/,2026-08-12 10:11:00
790319bc-c7ce-dd90-5eea-1f4db52d56fc,4f135126-40ea-bc0b-cb03-9eada8362305,HashiCorp Certified: Terraform Associate,HashiCorp,2025-01-23,2028-01-23,https://developer.hashicorp.com/certifications/infrastructure-automation,2026-09-11 16:03:00
d4796959-1796-7722-54d5-21c331ddcb03,4f135126-40ea-bc0b-cb03-9eada8362305,Google Data Analytics Professional Certificate,Google / Coursera,2026-06-07,,https://www.coursera.org/professional-certificates/google-data-analytics,2026-09-11 16:03:00
e4b5d027-4193-b871-4fc9-d890bbcf818d,4f135126-40ea-bc0b-cb03-9eada8362305,Meta Front-End Developer Professional Certificate,Meta / Coursera,2024-11-08,,https://www.coursera.org/professional-certificates/meta-front-end-developer,2026-09-11 16:03:00
b530f2ce-a39e-8de6-32d5-6c47ca58f853,9b17cc55-3dcf-0d03-82da-641088f9ff8b,IBM Data Science Professional Certificate,IBM / Coursera,2025-08-10,,https://www.coursera.org/professional-certificates/ibm-data-science,2026-07-26 00:20:00
e7e90f0f-c4b4-6447-7de0-bc6699f1b664,596d8059-4a1a-96c2-083b-2f2b73bd5015,Microsoft Office Specialist: Excel Associate,Microsoft,2025-09-24,,https://learn.microsoft.com/en-us/credentials/,2026-07-18 03:29:00
d5b73e32-e71e-62a6-50b7-f9a6821300f0,596d8059-4a1a-96c2-083b-2f2b73bd5015,PCEP – Certified Entry-Level Python Programmer,Python Institute,2025-07-30,,https://pythoninstitute.org/pcep,2026-07-18 03:29:00
4de5f902-852b-66d4-8475-6792b357fb64,c0e072b5-6518-43ce-ca7d-4a1b9848b264,Google Cybersecurity Professional Certificate,Google / Coursera,2026-03-18,,https://www.coursera.org/professional-certificates/google-cybersecurity,2026-07-29 18:53:00
696ae564-e7ea-85d8-95fc-1e19cb43b019,c0e072b5-6518-43ce-ca7d-4a1b9848b264,Meta Back-End Developer Professional Certificate,Meta / Coursera,2025-12-11,,https://www.coursera.org/professional-certificates/meta-back-end-developer,2026-07-29 18:53:00
625052e8-0494-9b70-9383-917c658dde33,c0e072b5-6518-43ce-ca7d-4a1b9848b264,IBM Data Science Professional Certificate,IBM / Coursera,2025-09-29,,https://www.coursera.org/professional-certificates/ibm-data-science,2026-07-29 18:53:00
aa684dbd-d3a8-1968-3c57-4e18e3ced2ee,b28afef4-a113-64a8-9715-3cd637e387d3,AWS Certified Cloud Practitioner,Amazon Web Services,2025-10-14,2028-10-13,https://aws.amazon.com/certification/certified-cloud-practitioner/,2026-07-25 19:52:00
f9ff26c7-b1c5-c1db-3251-67cc3fe980e1,b28afef4-a113-64a8-9715-3cd637e387d3,Meta Back-End Developer Professional Certificate,Meta / Coursera,2023-11-18,,https://www.coursera.org/professional-certificates/meta-back-end-developer,2026-07-25 19:52:00
95d4357e-6faf-5659-760b-400da79d5e31,8985ed6f-78c5-cece-2fc7-ea8f513a5902,Microsoft Certified: Power BI Data Analyst Associate (PL-300),Microsoft,2025-06-28,,https://learn.microsoft.com/en-us/credentials/certifications/data-analyst-associate/,2026-08-11 12:07:00
59ed1371-dad5-6c30-217e-b7de0811dbfd,5a4387e5-2851-1f0d-11f4-0f3f29f7c381,PCEP – Certified Entry-Level Python Programmer,Python Institute,2024-05-29,,https://pythoninstitute.org/pcep,2026-08-14 22:42:00
b2520702-92db-8256-2497-2f61a114e23c,5a4387e5-2851-1f0d-11f4-0f3f29f7c381,HashiCorp Certified: Terraform Associate,HashiCorp,2026-07-17,2029-07-16,https://developer.hashicorp.com/certifications/infrastructure-automation,2026-08-14 22:42:00
185fce62-8f9d-c19f-8920-61750c6eedee,6c8cceac-28cc-b6b5-c00a-453114d35b79,Microsoft Office Specialist: Excel Associate,Microsoft,2025-06-03,,https://learn.microsoft.com/en-us/credentials/,2026-07-19 03:36:00
5cb2b47d-f217-59f5-a849-cacc8d128634,eaafe4c1-216e-9dbb-1cd9-0bb04a051464,Google Cybersecurity Professional Certificate,Google / Coursera,2025-05-13,,https://www.coursera.org/professional-certificates/google-cybersecurity,2026-07-26 07:31:00
dbed65bb-5e49-c43c-1fbf-1d80c7890b16,eaafe4c1-216e-9dbb-1cd9-0bb04a051464,Cisco Certified Network Associate (CCNA),Cisco,2025-09-03,2028-09-02,https://www.cisco.com/site/us/en/learn/training-certifications/certifications/enterprise/ccna/index.html,2026-07-26 07:31:00
27f360fc-d169-f2d4-9c10-cd09a7411090,31d6dfd8-f6f5-552d-266e-d62657235598,Meta Back-End Developer Professional Certificate,Meta / Coursera,2025-04-06,,https://www.coursera.org/professional-certificates/meta-back-end-developer,2026-07-04 12:14:00
bd5d710e-7ba2-fcf8-d175-5bc6a8f50ccc,31d6dfd8-f6f5-552d-266e-d62657235598,AWS Certified Cloud Practitioner,Amazon Web Services,2025-06-21,2028-06-20,https://aws.amazon.com/certification/certified-cloud-practitioner/,2026-07-04 12:14:00
31b2fe3b-0617-7364-dd9b-68160e40da3d,2d08802d-e4c3-7ccf-5622-1f8a3e75a8af,"Oracle Certified Associate, Java SE Programmer",Oracle,2024-05-25,,https://education.oracle.com/,2026-07-31 00:44:00
773e79ff-9dab-1185-de06-b6218369d8eb,2d08802d-e4c3-7ccf-5622-1f8a3e75a8af,Docker Certified Associate,Docker / Mirantis,2026-04-07,,https://training.mirantis.com/,2026-07-31 00:44:00
4450f9fa-689d-46e6-91c6-439326716d59,a2306a1a-7873-5206-df5f-f23a479fc90c,PCEP – Certified Entry-Level Python Programmer,Python Institute,2025-08-07,,https://pythoninstitute.org/pcep,2026-08-10 01:07:00
4f816d11-3441-711e-1c69-ac49769784f1,a2306a1a-7873-5206-df5f-f23a479fc90c,AWS Certified Solutions Architect – Associate,Amazon Web Services,2024-09-11,2027-09-11,https://aws.amazon.com/certification/certified-solutions-architect-associate/,2026-08-10 01:07:00
2e11a145-1296-3484-70f4-19f409dec2cf,d99e5206-f91d-4593-2e48-359096d74f90,Meta Front-End Developer Professional Certificate,Meta / Coursera,2025-10-05,,https://www.coursera.org/professional-certificates/meta-front-end-developer,2026-07-29 15:04:00
50d83424-dfd9-f933-a8e1-2f2f3d47ef16,2cb957d0-3822-8685-7f6f-25f63d1233bd,AWS Certified Solutions Architect – Associate,Amazon Web Services,2025-12-01,2028-11-30,https://aws.amazon.com/certification/certified-solutions-architect-associate/,2026-08-01 03:18:00
a0f83c34-bcdf-3a75-8ced-7b4f826d0952,27775216-45e1-8acb-011b-ceb7d2aeed5b,IBM Data Science Professional Certificate,IBM / Coursera,2026-03-29,,https://www.coursera.org/professional-certificates/ibm-data-science,2026-07-28 17:17:00
dc287834-5489-d829-b112-d8e60a3d269b,8f85c870-d213-0316-27af-1a41343762fc,Google Cloud Digital Leader,Google Cloud,2024-11-05,2027-11-05,https://cloud.google.com/learn/certification/cloud-digital-leader,2026-07-16 00:55:00
7ebadf8e-ad56-7a17-c1a6-a2bdd4b10e34,8f85c870-d213-0316-27af-1a41343762fc,HashiCorp Certified: Terraform Associate,HashiCorp,2026-04-05,2029-04-04,https://developer.hashicorp.com/certifications/infrastructure-automation,2026-07-16 00:55:00
4fdc2b2d-ad26-a378-9ae1-f323dca225a4,803f6ca2-099f-33ef-a4cb-aa4cacd44c25,freeCodeCamp Responsive Web Design,freeCodeCamp,2026-07-13,,https://www.freecodecamp.org/learn/2022/responsive-web-design/,2026-08-28 01:26:00
10265809-cab1-4e42-a5ec-cc99cddc1def,71e4e32e-3b74-5431-0c05-d42c98e0771d,Machine Learning Specialization,DeepLearning.AI / Coursera,2024-02-04,,https://www.coursera.org/specializations/machine-learning-introduction,2026-07-24 04:35:00
6c5cc90e-e107-c813-aaf5-4ba09809bf8c,71e4e32e-3b74-5431-0c05-d42c98e0771d,PCEP – Certified Entry-Level Python Programmer,Python Institute,2024-11-06,,https://pythoninstitute.org/pcep,2026-07-24 04:35:00
b834c29b-d889-1f36-fbb1-1d6c8ca4c99b,19342f76-be18-bf4e-8561-0e76e237aadc,Google Cloud Digital Leader,Google Cloud,2025-08-02,2028-08-01,https://cloud.google.com/learn/certification/cloud-digital-leader,2026-09-13 07:07:00
3953f231-f62e-2314-e12e-6b0c7126f0a0,1674d692-9224-2a5a-9340-248a3bb4de19,IBM Data Science Professional Certificate,IBM / Coursera,2025-11-25,,https://www.coursera.org/professional-certificates/ibm-data-science,2026-07-31 10:14:00
b5538f45-5733-8a22-46a7-04cdbb735342,dd1b49ba-4693-16aa-fc33-463abec14bf1,AWS Certified Cloud Practitioner,Amazon Web Services,2025-10-17,2028-10-16,https://aws.amazon.com/certification/certified-cloud-practitioner/,2026-07-15 23:16:00
11c31dda-30ae-4418-0e5a-2d9cb115d07f,dc73cba3-58ef-ee9f-3b76-869b107d2a13,Docker Certified Associate,Docker / Mirantis,2024-07-29,,https://training.mirantis.com/,2026-07-14 23:34:00
ebbbcfc6-95dd-2b96-0650-1492bf7ff329,dc73cba3-58ef-ee9f-3b76-869b107d2a13,IBM Data Science Professional Certificate,IBM / Coursera,2026-01-12,,https://www.coursera.org/professional-certificates/ibm-data-science,2026-07-14 23:34:00
a204e8fa-f32b-1631-6b25-14117986cbfc,aefcb29a-b9f1-f11a-a8df-809377d90576,AWS Certified Solutions Architect – Associate,Amazon Web Services,2025-09-28,2028-09-27,https://aws.amazon.com/certification/certified-solutions-architect-associate/,2026-07-13 18:23:00
25b5a9c6-74b4-5a9d-a765-3d08f090d016,59285ee1-6f66-4f4a-ad04-00589e56a5ed,Meta Back-End Developer Professional Certificate,Meta / Coursera,2025-11-04,,https://www.coursera.org/professional-certificates/meta-back-end-developer,2026-09-09 03:43:00
35cdcf26-9153-e4bd-6334-9398c3dadd40,b247a6a3-1d39-b0bf-e49a-654d71c45794,AWS Certified Cloud Practitioner,Amazon Web Services,2024-09-09,2027-09-09,https://aws.amazon.com/certification/certified-cloud-practitioner/,2026-07-19 01:32:00
90043106-fa2e-2222-92c7-796cc693cc8e,0d6397ce-35e2-6d65-e905-8da5b2497151,IBM Data Science Professional Certificate,IBM / Coursera,2025-01-10,,https://www.coursera.org/professional-certificates/ibm-data-science,2026-07-17 07:16:00
90b70966-1f9a-5410-671c-a23d114253e0,9c8eedb4-1bee-1aae-de11-eb59273067d7,AWS Certified Solutions Architect – Associate,Amazon Web Services,2024-12-06,2027-12-06,https://aws.amazon.com/certification/certified-solutions-architect-associate/,2026-09-04 12:44:00
9060f6de-e1ff-a16e-8f8d-8f82cd4f309a,ceb00772-c24f-8dbd-b6bc-ed64655fd86f,Microsoft Office Specialist: Excel Associate,Microsoft,2025-10-18,,https://learn.microsoft.com/en-us/credentials/,2026-08-17 12:05:00
d470748c-807e-9ed1-d312-11b4ca32e757,92b98196-3fc0-e4c7-0a7c-828311a7e1f7,Google Data Analytics Professional Certificate,Google / Coursera,2026-04-13,,https://www.coursera.org/professional-certificates/google-data-analytics,2026-08-11 15:12:00
b6587150-d66d-b7a0-c223-97d2ce16a494,92b98196-3fc0-e4c7-0a7c-828311a7e1f7,Tableau Desktop Specialist,Tableau / Salesforce,2026-01-28,,https://www.tableau.com/learn/certification,2026-08-11 15:12:00
8758b3ef-27c2-8707-c7a2-724e07045f5a,18a33839-6989-981d-9ebc-a3c2e76bf079,HashiCorp Certified: Terraform Associate,HashiCorp,2023-12-17,2026-12-16,https://developer.hashicorp.com/certifications/infrastructure-automation,2026-07-03 18:03:00
074dc890-4fba-d3c1-21d7-35e22c791f3f,c261c4a1-dd86-338a-d061-dbbcc46f34ea,AWS Certified Cloud Practitioner,Amazon Web Services,2025-06-21,2028-06-20,https://aws.amazon.com/certification/certified-cloud-practitioner/,2026-08-31 02:58:00
7dc2d9ab-710a-33d5-51e5-540f44ec12c2,26efb5e9-45ca-f2da-e726-69f28c9b9038,IBM Data Science Professional Certificate,IBM / Coursera,2026-05-09,,https://www.coursera.org/professional-certificates/ibm-data-science,2026-08-15 14:32:00
2c7d75f1-2969-54d0-c3bc-3ea1c6063268,26efb5e9-45ca-f2da-e726-69f28c9b9038,Meta Back-End Developer Professional Certificate,Meta / Coursera,2025-03-22,,https://www.coursera.org/professional-certificates/meta-back-end-developer,2026-08-15 14:32:00
8056b6de-dd59-50ca-12e5-78fc2ff0c030,47d26109-7d38-a7bb-4e9c-cfbaf88b28d4,PCEP – Certified Entry-Level Python Programmer,Python Institute,2024-10-07,,https://pythoninstitute.org/pcep,2026-07-14 00:26:00
0f0d238a-3135-c31b-aaf0-be5004f3a6ac,e277a39f-6f8b-881b-12e5-ade19de53754,Docker Certified Associate,Docker / Mirantis,2024-04-18,,https://training.mirantis.com/,2026-07-31 15:02:00
2bf614ef-6063-5368-0726-02dec3628dab,535474e1-406d-f0db-c6e5-7bb91175bb5a,PCEP – Certified Entry-Level Python Programmer,Python Institute,2025-02-10,,https://pythoninstitute.org/pcep,2026-07-16 18:19:00
dd589d02-3da3-3159-d466-3ac0054392f5,535474e1-406d-f0db-c6e5-7bb91175bb5a,Tableau Desktop Specialist,Tableau / Salesforce,2026-06-13,,https://www.tableau.com/learn/certification,2026-07-16 18:19:00
fcd20cae-0c2b-f72f-4111-c5d044d85d4d,6790015f-b387-e251-9e73-6486cea05091,Google Cybersecurity Professional Certificate,Google / Coursera,2026-03-06,,https://www.coursera.org/professional-certificates/google-cybersecurity,2026-07-15 10:55:00
8b8a4df4-750b-78c8-5971-81e40f0f1f93,6790015f-b387-e251-9e73-6486cea05091,CompTIA Security+,CompTIA,2025-07-30,2028-07-29,https://www.comptia.org/certifications/security,2026-07-15 10:55:00
627cd68e-faad-1579-1734-06446d6905d1,4ee39440-362b-b5fd-6671-4c7c3f0266d2,Tableau Desktop Specialist,Tableau / Salesforce,2025-12-26,,https://www.tableau.com/learn/certification,2026-07-23 23:58:00
e2f38efd-23ca-7019-3cf4-7bb61e8f515a,4ee39440-362b-b5fd-6671-4c7c3f0266d2,Microsoft Certified: Power BI Data Analyst Associate (PL-300),Microsoft,2025-09-24,,https://learn.microsoft.com/en-us/credentials/certifications/data-analyst-associate/,2026-07-23 23:58:00
e57241c2-31a1-6da4-f1c7-db445fb71d15,8d0d086b-691b-3df2-01df-b4adc268b9b8,Microsoft Office Specialist: Excel Associate,Microsoft,2025-10-25,,https://learn.microsoft.com/en-us/credentials/,2026-09-13 12:54:00
999cb75b-895f-b1b2-6eef-24e37d2070fb,b2eb282d-a88c-7121-0e45-f240cb282a6e,Google Data Analytics Professional Certificate,Google / Coursera,2026-01-02,,https://www.coursera.org/professional-certificates/google-data-analytics,2026-07-13 01:21:00
d346dbe0-a099-82dc-fdd5-2643a488a224,278b930b-584d-47c2-ceac-9dfb3cc9c5f5,Google Cloud Digital Leader,Google Cloud,2025-10-12,2028-10-11,https://cloud.google.com/learn/certification/cloud-digital-leader,2026-09-01 07:06:00
fd218fb8-62c0-2376-148a-4cd3c2f0c639,ff043347-0630-3253-e5fa-078ff20ed16d,IBM Data Science Professional Certificate,IBM / Coursera,2025-04-30,,https://www.coursera.org/professional-certificates/ibm-data-science,2026-08-13 17:42:00
1ae7532b-8dda-039c-3b6d-847e69082c40,a256e8f2-6828-de0a-8eb8-ef8294568260,IBM Data Science Professional Certificate,IBM / Coursera,2026-04-11,,https://www.coursera.org/professional-certificates/ibm-data-science,2026-07-16 13:10:00
0879594c-f3ae-dee4-3963-83815adcbd4e,2a8e9004-d5f3-6cac-70e1-2b89290b2010,Google Cybersecurity Professional Certificate,Google / Coursera,2024-02-22,,https://www.coursera.org/professional-certificates/google-cybersecurity,2026-08-06 14:56:00
30feb983-78f6-dbc1-94ea-8595a5ac71d5,e2863054-02e2-6e1f-7775-dc58805e8764,Google Data Analytics Professional Certificate,Google / Coursera,2026-01-20,,https://www.coursera.org/professional-certificates/google-data-analytics,2026-09-17 22:27:00
c88dc0ff-8759-3f0c-f05a-b5228da40a10,838c82dc-759d-3b9a-8fc1-537307f50e8c,PCEP – Certified Entry-Level Python Programmer,Python Institute,2024-09-08,,https://pythoninstitute.org/pcep,2026-08-05 22:58:00
83105a49-fc96-8f6c-80ba-24a36b573f7d,e02e81b6-19fa-4011-106f-ec0aa774686b,CompTIA Security+,CompTIA,2024-10-03,2027-10-03,https://www.comptia.org/certifications/security,2026-07-19 05:53:00
2fa0dede-01d8-1087-cafa-820fbf090957,72123959-907a-f5ed-cdf9-1b5ad65e6d20,Google Data Analytics Professional Certificate,Google / Coursera,2026-07-05,,https://www.coursera.org/professional-certificates/google-data-analytics,2026-08-08 23:40:00
1101036b-c8e1-c1ef-483f-e885ac759d95,b78b0111-c11c-803b-baf8-495cee221c71,"Oracle Certified Associate, Java SE Programmer",Oracle,2024-07-09,,https://education.oracle.com/,2026-07-30 09:33:00
29468559-30c3-7348-00ea-915ef2994e0c,b1ae96f8-c4af-cb2b-ac3b-07283bf5b54a,PCEP – Certified Entry-Level Python Programmer,Python Institute,2025-10-11,,https://pythoninstitute.org/pcep,2026-08-29 13:30:00
8129e4aa-7784-0f6e-d373-0c213a4bc20e,b1ae96f8-c4af-cb2b-ac3b-07283bf5b54a,IBM Data Science Professional Certificate,IBM / Coursera,2026-07-29,,https://www.coursera.org/professional-certificates/ibm-data-science,2026-08-29 13:30:00
c72d7e4b-7312-9783-eb81-81b023ba12d8,6d5de7d9-e480-167c-3dd4-9ac1c163e056,Certified Kubernetes Administrator (CKA),CNCF / Linux Foundation,2025-05-02,2028-05-01,https://training.linuxfoundation.org/certification/certified-kubernetes-administrator-cka/,2026-08-04 04:50:00
bf64f303-e8a9-60ad-f637-cbcecd66cf33,6d5de7d9-e480-167c-3dd4-9ac1c163e056,PCEP – Certified Entry-Level Python Programmer,Python Institute,2025-06-23,,https://pythoninstitute.org/pcep,2026-08-04 04:50:00
a6f00c8a-f0e3-3b82-81ee-ab383e3105c5,38d42bb0-5dda-93e7-78e3-95df2cbc5e9f,HashiCorp Certified: Terraform Associate,HashiCorp,2025-11-05,2028-11-04,https://developer.hashicorp.com/certifications/infrastructure-automation,2026-09-01 21:13:00
1d621727-1d51-e81f-a75d-2b53f34cdb3a,cb9d8804-c47b-c710-3fa8-ef8b5360162a,freeCodeCamp Responsive Web Design,freeCodeCamp,2025-06-19,,https://www.freecodecamp.org/learn/2022/responsive-web-design/,2026-07-18 21:26:00
9d3b0e93-d3cb-55e4-6c10-7ac563d742d7,ba030192-51eb-9f71-4eae-c66f4319931e,"Oracle Certified Associate, Java SE Programmer",Oracle,2026-06-22,,https://education.oracle.com/,2026-08-12 12:00:00
267661b9-62a0-385e-f1bc-38172f11074b,130a2a5a-0b89-47ed-295d-cebbbfa10d8c,Microsoft Certified: Azure Fundamentals (AZ-900),Microsoft,2024-12-13,,https://learn.microsoft.com/en-us/credentials/certifications/azure-fundamentals/,2026-07-12 22:58:00
732f724e-45c5-e155-b2e7-7186296a184e,2a2b936a-db60-124d-15ea-6ae13a03ec66,IBM Data Science Professional Certificate,IBM / Coursera,2026-01-02,,https://www.coursera.org/professional-certificates/ibm-data-science,2026-07-23 08:22:00
d566a937-ac39-b0df-bac2-2ea735e90ae4,2a2b936a-db60-124d-15ea-6ae13a03ec66,HashiCorp Certified: Terraform Associate,HashiCorp,2023-10-10,2026-10-09,https://developer.hashicorp.com/certifications/infrastructure-automation,2026-07-23 08:22:00
5015530c-0e6f-b064-7637-23e29bfdf851,a0c32062-815d-5d75-4714-1e6c95ea23a1,HashiCorp Certified: Terraform Associate,HashiCorp,2026-04-24,2029-04-23,https://developer.hashicorp.com/certifications/infrastructure-automation,2026-09-18 13:03:00
52fe6f62-d29e-85e5-8c86-fed5baac2279,3dd73021-c4dd-cab3-6aee-7e7233cf614e,IBM Data Science Professional Certificate,IBM / Coursera,2024-05-27,,https://www.coursera.org/professional-certificates/ibm-data-science,2026-09-12 08:28:00
eaed0dcc-4ed3-27ec-edc7-f7cf6d043ee1,80d8ff8a-c085-f5fa-c1bb-045113a348bd,PCEP – Certified Entry-Level Python Programmer,Python Institute,2025-04-21,,https://pythoninstitute.org/pcep,2026-07-21 03:06:00
94dd843b-5e6f-401b-27d9-ee5bc6a900ff,f445a84c-aa6e-7606-624c-f7095a30b8c0,AWS Certified Solutions Architect – Associate,Amazon Web Services,2026-04-15,2029-04-14,https://aws.amazon.com/certification/certified-solutions-architect-associate/,2026-07-19 12:46:00
79bbb192-39ca-3da5-1b61-57097133db05,199ab284-f69a-ecfe-f192-6c3d9d89de8a,Tableau Desktop Specialist,Tableau / Salesforce,2024-09-16,,https://www.tableau.com/learn/certification,2026-09-14 12:24:00
6476dcdd-663e-db89-6a8d-d368ec50c755,3f9fd3c8-dd4e-55d1-7bf8-626be3cf73ba,Google Cybersecurity Professional Certificate,Google / Coursera,2025-10-19,,https://www.coursera.org/professional-certificates/google-cybersecurity,2026-08-23 17:54:00
542514c1-3f4c-d021-7a85-4220f69b867b,3f9fd3c8-dd4e-55d1-7bf8-626be3cf73ba,Machine Learning Specialization,DeepLearning.AI / Coursera,2024-06-30,,https://www.coursera.org/specializations/machine-learning-introduction,2026-08-23 17:54:00
904931ce-f5e6-01fd-475a-af01b981c8e1,8d428732-ac33-609f-aacd-faf4ac9b7b81,Google Data Analytics Professional Certificate,Google / Coursera,2025-10-31,,https://www.coursera.org/professional-certificates/google-data-analytics,2026-08-27 21:02:00
bb4da8d1-5e88-90e5-54c6-390e06299693,be47bb6d-2dc8-f858-b5e2-7cd92f76bf19,Docker Certified Associate,Docker / Mirantis,2025-08-17,,https://training.mirantis.com/,2026-08-29 03:21:00
20673835-e05f-40a3-5257-5a61f155c61b,53c5e1a6-4d26-5998-0932-c568272b1a68,PCEP – Certified Entry-Level Python Programmer,Python Institute,2026-01-16,,https://pythoninstitute.org/pcep,2026-08-24 10:22:00
70f6d83c-c4d9-dd2c-cc04-72e1886fabfd,bfdcc0cd-0e82-fd0e-036d-5de945a256a9,IBM Data Science Professional Certificate,IBM / Coursera,2025-11-11,,https://www.coursera.org/professional-certificates/ibm-data-science,2026-07-22 02:08:00
4566f0ba-c390-98df-f6a4-b6c03db61672,bfdcc0cd-0e82-fd0e-036d-5de945a256a9,Machine Learning Specialization,DeepLearning.AI / Coursera,2025-09-10,,https://www.coursera.org/specializations/machine-learning-introduction,2026-07-22 02:08:00
3f0e35f4-cd10-e9d3-114b-3eba21a5b021,e7bf5194-7da0-48d1-dde7-1a1977def441,Machine Learning Specialization,DeepLearning.AI / Coursera,2025-11-19,,https://www.coursera.org/specializations/machine-learning-introduction,2026-08-14 06:32:00
25f62c3f-50a0-a5bd-833e-9662447106a8,e7bf5194-7da0-48d1-dde7-1a1977def441,Cisco Certified Network Associate (CCNA),Cisco,2026-01-24,2029-01-23,https://www.cisco.com/site/us/en/learn/training-certifications/certifications/enterprise/ccna/index.html,2026-08-14 06:32:00
11b71f44-c2e1-5889-22f4-99e47243af0e,e7bf5194-7da0-48d1-dde7-1a1977def441,Docker Certified Associate,Docker / Mirantis,2026-02-08,,https://training.mirantis.com/,2026-08-14 06:32:00
06bf7716-c8e1-c28b-e313-3fe01505db8a,644b9eed-54a2-7a06-762c-f112fadcd22f,Google Cloud Digital Leader,Google Cloud,2024-05-08,2027-05-08,https://cloud.google.com/learn/certification/cloud-digital-leader,2026-07-26 06:07:00
cecdafee-22aa-146b-8a3d-a0f5b2855f45,2f1c1de3-334a-1ce0-7b86-f93af09def0d,Machine Learning Specialization,DeepLearning.AI / Coursera,2024-10-12,,https://www.coursera.org/specializations/machine-learning-introduction,2026-07-24 04:40:00
d767e053-c60e-315a-3c44-18180eb0ee3a,d7f414ff-9a73-e586-238e-d7b5f328e61e,IBM Data Science Professional Certificate,IBM / Coursera,2025-03-29,,https://www.coursera.org/professional-certificates/ibm-data-science,2026-07-26 05:05:00
c420118a-3b7a-dc53-e944-1800f8a60444,d6b0c549-160b-6442-c223-ffcb135f8ca4,Machine Learning Specialization,DeepLearning.AI / Coursera,2026-01-17,,https://www.coursera.org/specializations/machine-learning-introduction,2026-09-06 03:53:00
34b17e00-3528-7d43-74be-dc75860a0850,854fe253-534b-e4b1-559e-30da866cf9d6,PCEP – Certified Entry-Level Python Programmer,Python Institute,2026-04-08,,https://pythoninstitute.org/pcep,2026-09-11 13:47:00
3674b191-bc65-52b1-81f5-a72a604f65ed,854fe253-534b-e4b1-559e-30da866cf9d6,Tableau Desktop Specialist,Tableau / Salesforce,2026-07-11,,https://www.tableau.com/learn/certification,2026-09-11 13:47:00
c27c51ba-3200-e39c-6b86-261a89adfc64,a9e46191-7946-7149-830d-6f583caf36fb,Microsoft Office Specialist: Excel Associate,Microsoft,2024-09-12,,https://learn.microsoft.com/en-us/credentials/,2026-09-08 22:37:00
21747e3c-cdf9-e00c-ea29-b6f4ecc934f1,bc556837-b5cd-f968-25f4-ce489d48ede1,Google Data Analytics Professional Certificate,Google / Coursera,2026-04-30,,https://www.coursera.org/professional-certificates/google-data-analytics,2026-07-04 07:59:00
56adfc7b-c1d9-8faa-104a-4e31ceaad472,bc556837-b5cd-f968-25f4-ce489d48ede1,Deep Learning Specialization,DeepLearning.AI / Coursera,2023-10-06,,https://www.coursera.org/specializations/deep-learning,2026-07-04 07:59:00
97331fba-0cda-9d81-6636-2a3d7a2e5eb7,7ad505ad-61db-e809-2818-9ec1a8688aba,Docker Certified Associate,Docker / Mirantis,2024-11-17,,https://training.mirantis.com/,2026-08-03 10:35:00
e2f3e398-5d56-b4f6-278e-ef4076b69dc5,36eb8f96-3cfa-14af-b062-e79da7a9aa3e,Meta Back-End Developer Professional Certificate,Meta / Coursera,2025-03-10,,https://www.coursera.org/professional-certificates/meta-back-end-developer,2026-07-06 02:17:00
218c4b75-ea66-8d92-338b-a3a24ec95a35,96158304-d60b-2d63-61f4-782e1b34f242,Tableau Desktop Specialist,Tableau / Salesforce,2026-01-15,,https://www.tableau.com/learn/certification,2026-08-05 05:34:00
2837eaaf-c720-88bc-46e8-848354e945cb,9a83078c-ab4f-04c0-18d3-b543d348760e,Google Cloud Digital Leader,Google Cloud,2026-03-20,2029-03-19,https://cloud.google.com/learn/certification/cloud-digital-leader,2026-09-06 01:50:00
0e10008e-2d7e-174b-2421-5bbfcae0ae51,9a83078c-ab4f-04c0-18d3-b543d348760e,Certified Ethical Hacker (CEH),EC-Council,2025-02-23,2028-02-23,https://www.eccouncil.org/train-certify/certified-ethical-hacker-ceh/,2026-09-06 01:50:00
838f2da5-41a1-cfb9-a3f5-a220ca6e686d,56fffaf5-dae5-a12f-2b29-d4e936a9306a,AWS Certified Cloud Practitioner,Amazon Web Services,2026-05-01,2029-04-30,https://aws.amazon.com/certification/certified-cloud-practitioner/,2026-07-25 18:04:00
d8f18c06-7c57-01b9-1240-4d5f74145bbd,56fffaf5-dae5-a12f-2b29-d4e936a9306a,Docker Certified Associate,Docker / Mirantis,2026-04-22,,https://training.mirantis.com/,2026-07-25 18:04:00
78c2b21f-3c29-aac8-26b0-4d8cef967791,f42a7515-488f-c455-de40-3dcafa34d9d2,Google Data Analytics Professional Certificate,Google / Coursera,2025-08-22,,https://www.coursera.org/professional-certificates/google-data-analytics,2026-07-26 10:28:00
d073261c-1e07-7d51-a0b0-16a7fcfe6c6f,f86f9fa2-ea7f-58ce-aa99-00b6f778d8a2,Google Data Analytics Professional Certificate,Google / Coursera,2024-04-21,,https://www.coursera.org/professional-certificates/google-data-analytics,2026-07-06 11:53:00
f3cbf6e4-28ce-8f3e-1c45-9f59292efd2b,f86f9fa2-ea7f-58ce-aa99-00b6f778d8a2,PCEP – Certified Entry-Level Python Programmer,Python Institute,2026-02-12,,https://pythoninstitute.org/pcep,2026-07-06 11:53:00
9526dc05-f3a2-7bd5-4ecc-69efc239a280,f86f9fa2-ea7f-58ce-aa99-00b6f778d8a2,IBM Data Science Professional Certificate,IBM / Coursera,2024-02-10,,https://www.coursera.org/professional-certificates/ibm-data-science,2026-07-06 11:53:00
0f381ab8-0c4f-a691-7b85-9c07e88e2204,12fa50aa-8c97-d0a7-ebb1-40f4206901de,PCEP – Certified Entry-Level Python Programmer,Python Institute,2024-11-03,,https://pythoninstitute.org/pcep,2026-07-18 01:27:00
88df3618-06b6-e5cc-bc2a-1c034fe5aed3,91c05ee2-c06c-1bc1-0d58-848d7ff13f79,Docker Certified Associate,Docker / Mirantis,2024-10-18,,https://training.mirantis.com/,2026-07-16 05:54:00
075e3dd7-b190-5b77-a963-1ad78a45c8f1,91c05ee2-c06c-1bc1-0d58-848d7ff13f79,freeCodeCamp Responsive Web Design,freeCodeCamp,2026-04-03,,https://www.freecodecamp.org/learn/2022/responsive-web-design/,2026-07-16 05:54:00
b4236694-a07c-4f80-0021-eaaee6bdffdd,7bdb7bcc-255c-8b7c-10df-e0fdb22f1f2c,HashiCorp Certified: Terraform Associate,HashiCorp,2025-04-03,2028-04-02,https://developer.hashicorp.com/certifications/infrastructure-automation,2026-07-29 05:34:00
b8818879-ff98-da80-6e58-817f917db456,88fd90d2-0120-e91e-a0cd-ff5319377fdb,Microsoft Certified: Power BI Data Analyst Associate (PL-300),Microsoft,2025-10-22,,https://learn.microsoft.com/en-us/credentials/certifications/data-analyst-associate/,2026-08-08 02:02:00
f2e3fbaa-9630-2f49-aa86-42b4fe93c37e,88fd90d2-0120-e91e-a0cd-ff5319377fdb,Meta Back-End Developer Professional Certificate,Meta / Coursera,2026-03-09,,https://www.coursera.org/professional-certificates/meta-back-end-developer,2026-08-08 02:02:00
231ccc17-2b63-15c7-e709-997d4778afa5,88fd90d2-0120-e91e-a0cd-ff5319377fdb,Google Data Analytics Professional Certificate,Google / Coursera,2024-11-20,,https://www.coursera.org/professional-certificates/google-data-analytics,2026-08-08 02:02:00
6f07cce8-9d98-32f8-5d60-a411e5c52946,d28ed236-3260-5358-c566-160b94dd126a,Microsoft Certified: Power BI Data Analyst Associate (PL-300),Microsoft,2025-03-07,,https://learn.microsoft.com/en-us/credentials/certifications/data-analyst-associate/,2026-07-27 15:49:00
0976d18d-628a-4ae8-b5c2-a4691e83070f,d28ed236-3260-5358-c566-160b94dd126a,Meta Back-End Developer Professional Certificate,Meta / Coursera,2024-07-15,,https://www.coursera.org/professional-certificates/meta-back-end-developer,2026-07-27 15:49:00
eb960ebb-8b84-0462-9716-77d677d0eeb6,06e76a56-e8db-9c8e-a5ff-7605191049ed,Machine Learning Specialization,DeepLearning.AI / Coursera,2025-12-30,,https://www.coursera.org/specializations/machine-learning-introduction,2026-08-11 04:10:00
ff380250-92bc-dc5b-8a76-463321d20191,348955d0-03ca-60be-a1fe-6b116afbbab7,PCEP – Certified Entry-Level Python Programmer,Python Institute,2026-04-05,,https://pythoninstitute.org/pcep,2026-08-22 05:49:00
d456d661-95c8-9169-8262-a0eebb688c2c,b575009b-83ee-e1d7-99e9-bc4843bb55be,HashiCorp Certified: Terraform Associate,HashiCorp,2023-12-16,2026-12-15,https://developer.hashicorp.com/certifications/infrastructure-automation,2026-09-11 22:01:00
d8e13bf6-e8a5-645a-1e39-9610edd53ad7,0aaac644-7bf6-f9a3-2aec-3fd56b306bba,Machine Learning Specialization,DeepLearning.AI / Coursera,2025-01-03,,https://www.coursera.org/specializations/machine-learning-introduction,2026-07-15 22:20:00
d28ee5f5-f70d-5968-a2af-204f2f5d153d,0aaac644-7bf6-f9a3-2aec-3fd56b306bba,Microsoft Certified: Azure Fundamentals (AZ-900),Microsoft,2025-03-24,,https://learn.microsoft.com/en-us/credentials/certifications/azure-fundamentals/,2026-07-15 22:20:00
80f42d1c-8600-1d4e-75b4-20a57870660c,129d0c67-991e-6841-c460-60b1cb7d1f71,Cisco Certified Network Associate (CCNA),Cisco,2024-07-12,2027-07-12,https://www.cisco.com/site/us/en/learn/training-certifications/certifications/enterprise/ccna/index.html,2026-07-09 21:32:00
85f31a2a-eb83-0bbf-6c24-16e3a347e7c2,538af3dc-1cf2-bfac-c9b8-1d32ec1cb088,Machine Learning Specialization,DeepLearning.AI / Coursera,2025-10-11,,https://www.coursera.org/specializations/machine-learning-introduction,2026-08-13 02:55:00
fa0c64d6-8206-8261-ca03-8bf4858d97a9,90870c83-7fb0-e122-235e-10d009d929fe,CompTIA Security+,CompTIA,2025-10-18,2028-10-17,https://www.comptia.org/certifications/security,2026-09-18 08:40:00
7c68a961-5c57-e364-5bcc-909b05b1e6d6,90870c83-7fb0-e122-235e-10d009d929fe,Certified Ethical Hacker (CEH),EC-Council,2025-09-26,2028-09-25,https://www.eccouncil.org/train-certify/certified-ethical-hacker-ceh/,2026-09-18 08:40:00
1c35e89a-2c84-747f-eb68-2b81de887c77,bb023ef1-1199-a290-3f9c-50b65e44e1d2,Certified Kubernetes Administrator (CKA),CNCF / Linux Foundation,2026-02-10,2029-02-09,https://training.linuxfoundation.org/certification/certified-kubernetes-administrator-cka/,2026-08-20 21:22:00
58be3e67-7123-9c14-ecca-61ac140f93c5,bb023ef1-1199-a290-3f9c-50b65e44e1d2,Google Cloud Digital Leader,Google Cloud,2025-11-13,2028-11-12,https://cloud.google.com/learn/certification/cloud-digital-leader,2026-08-20 21:22:00
cfd0fb79-10f5-5f6a-30ce-b164a608fbda,f7fcf742-828d-37d5-dd43-4420b85e5abd,PCEP – Certified Entry-Level Python Programmer,Python Institute,2025-12-15,,https://pythoninstitute.org/pcep,2026-08-23 12:41:00
4262d05c-b85b-aa97-5278-7a621569fb1f,f7fcf742-828d-37d5-dd43-4420b85e5abd,AWS Certified Cloud Practitioner,Amazon Web Services,2024-09-06,2027-09-06,https://aws.amazon.com/certification/certified-cloud-practitioner/,2026-08-23 12:41:00
f52eae3a-b2ac-ecc6-f651-5c77904c3e91,9962dc13-4411-7011-aefa-aa48e1ed070b,Microsoft Certified: Azure Fundamentals (AZ-900),Microsoft,2024-02-06,,https://learn.microsoft.com/en-us/credentials/certifications/azure-fundamentals/,2026-07-22 11:11:00
9af88026-a66a-c567-2f3d-aa22317f2753,9962dc13-4411-7011-aefa-aa48e1ed070b,Cisco Certified Network Associate (CCNA),Cisco,2024-07-22,2027-07-22,https://www.cisco.com/site/us/en/learn/training-certifications/certifications/enterprise/ccna/index.html,2026-07-22 11:11:00
2be34b37-2616-7d12-425f-18b44532254c,9962dc13-4411-7011-aefa-aa48e1ed070b,Certified Ethical Hacker (CEH),EC-Council,2024-03-21,2027-03-21,https://www.eccouncil.org/train-certify/certified-ethical-hacker-ceh/,2026-07-22 11:11:00
b298b259-daec-4a65-25cf-f380fa23a8e2,7f265817-4696-771e-514e-d3adf5516ace,Deep Learning Specialization,DeepLearning.AI / Coursera,2025-03-09,,https://www.coursera.org/specializations/deep-learning,2026-07-31 20:57:00
ecae0e74-4eaa-0474-5ff0-fcbfb8947bd5,7f265817-4696-771e-514e-d3adf5516ace,Microsoft Certified: Azure Fundamentals (AZ-900),Microsoft,2024-06-11,,https://learn.microsoft.com/en-us/credentials/certifications/azure-fundamentals/,2026-07-31 20:57:00
a22e3486-f6e1-f941-5a72-02d9ba45c85c,7f265817-4696-771e-514e-d3adf5516ace,AWS Certified Solutions Architect – Associate,Amazon Web Services,2024-12-13,2027-12-13,https://aws.amazon.com/certification/certified-solutions-architect-associate/,2026-07-31 20:57:00
cd76e92d-a850-447e-dbdd-31a12a032bf9,53d8b26c-8b56-ce45-53d5-be8876eb1556,Microsoft Certified: Power BI Data Analyst Associate (PL-300),Microsoft,2026-03-04,,https://learn.microsoft.com/en-us/credentials/certifications/data-analyst-associate/,2026-08-29 09:06:00
2fd7bc0b-bc8d-df03-a504-bf555bd90293,fd21acfd-f2a1-18a0-b3e7-43491dd9d242,Machine Learning Specialization,DeepLearning.AI / Coursera,2025-11-19,,https://www.coursera.org/specializations/machine-learning-introduction,2026-08-09 04:27:00
c1c480e2-0716-5292-cd78-ea40cf4e23cf,acbb50ba-d9b0-e6d8-f4f2-4cd045aaea6b,Machine Learning Specialization,DeepLearning.AI / Coursera,2024-06-04,,https://www.coursera.org/specializations/machine-learning-introduction,2026-08-20 09:50:00
fd5316d4-641f-f1c1-77a1-6c1d359a573a,181109bd-2ffe-b9b1-01ff-5c4281fc072d,Microsoft Office Specialist: Excel Associate,Microsoft,2026-03-25,,https://learn.microsoft.com/en-us/credentials/,2026-09-09 07:39:00
1a397524-bb88-df17-9947-ddebe8f8d889,88f460e3-447e-f4af-e824-4476a1ebb3d8,Tableau Desktop Specialist,Tableau / Salesforce,2026-02-20,,https://www.tableau.com/learn/certification,2026-09-20 04:55:00
1c278c0b-4990-bf53-7de7-a825242f963a,bf050d99-3c83-dd37-55cf-d13750dc0a1f,Deep Learning Specialization,DeepLearning.AI / Coursera,2025-03-01,,https://www.coursera.org/specializations/deep-learning,2026-08-25 10:29:00
865153e1-daf9-9e0b-75f1-b31bcca4f1a8,440258de-5724-338e-f72e-9b786490fb5e,Certified Kubernetes Administrator (CKA),CNCF / Linux Foundation,2026-04-04,2029-04-03,https://training.linuxfoundation.org/certification/certified-kubernetes-administrator-cka/,2026-07-07 16:37:00
06c0258e-bf07-1cc9-b9d3-38c3bcc95e72,a1ac1cc0-832a-89ad-afd2-acdf2d0ea64d,PCEP – Certified Entry-Level Python Programmer,Python Institute,2024-03-03,,https://pythoninstitute.org/pcep,2026-07-18 22:08:00
d138411c-ee81-74f5-e0f4-66ed5b71d7e3,a08f021e-2abf-a178-da03-6d9385d40bac,Machine Learning Specialization,DeepLearning.AI / Coursera,2026-06-22,,https://www.coursera.org/specializations/machine-learning-introduction,2026-07-26 02:54:00
0c85c5b9-f69e-44e5-e659-80a63e973b2f,a08f021e-2abf-a178-da03-6d9385d40bac,Meta Back-End Developer Professional Certificate,Meta / Coursera,2024-03-19,,https://www.coursera.org/professional-certificates/meta-back-end-developer,2026-07-26 02:54:00
4e566f93-3e55-0fd2-e9b5-e1875a9be74a,a08f021e-2abf-a178-da03-6d9385d40bac,IBM Data Science Professional Certificate,IBM / Coursera,2025-04-25,,https://www.coursera.org/professional-certificates/ibm-data-science,2026-07-26 02:54:00
099e7ae2-35f1-ff38-e099-edd4395512a8,e297f9e1-19ff-47f7-2966-4c2de0e02720,Certified Kubernetes Administrator (CKA),CNCF / Linux Foundation,2025-10-11,2028-10-10,https://training.linuxfoundation.org/certification/certified-kubernetes-administrator-cka/,2026-08-02 08:48:00
bcb4b4f0-0c2a-e9d6-89fe-5ee5bb1f2e1d,07522c57-d475-a230-bf1d-234e5561692a,AWS Certified Solutions Architect – Associate,Amazon Web Services,2026-05-28,2029-05-27,https://aws.amazon.com/certification/certified-solutions-architect-associate/,2026-07-26 05:46:00
100c2b05-673d-db3a-666e-1fb126b7f281,07522c57-d475-a230-bf1d-234e5561692a,Cisco Certified Network Associate (CCNA),Cisco,2025-07-19,2028-07-18,https://www.cisco.com/site/us/en/learn/training-certifications/certifications/enterprise/ccna/index.html,2026-07-26 05:46:00
2bd08665-1c08-c0f8-83b1-9b8d796fdaa0,b8a3e17d-dfa0-9adf-28d0-2829f15192bf,"Oracle Certified Associate, Java SE Programmer",Oracle,2025-12-14,,https://education.oracle.com/,2026-08-19 22:20:00
86bcbc53-5b1f-e769-2124-a42c19821b1e,b8a3e17d-dfa0-9adf-28d0-2829f15192bf,Certified Kubernetes Administrator (CKA),CNCF / Linux Foundation,2026-03-28,2029-03-27,https://training.linuxfoundation.org/certification/certified-kubernetes-administrator-cka/,2026-08-19 22:20:00
15624824-cda5-91f2-61d4-abf5de80d3df,c1918fbd-1aeb-020f-15c2-aff27be4784c,AWS Certified Cloud Practitioner,Amazon Web Services,2024-05-03,2027-05-03,https://aws.amazon.com/certification/certified-cloud-practitioner/,2026-08-15 12:44:00
44d93f08-2cfd-61e8-9d69-524eac65fd58,5d6f1834-df3e-f0c3-7b60-2898d095804e,AWS Certified Solutions Architect – Associate,Amazon Web Services,2024-11-20,2027-11-20,https://aws.amazon.com/certification/certified-solutions-architect-associate/,2026-08-30 14:10:00
fc501d73-c4e5-1c09-04d5-0a8e0801ab74,5d6f1834-df3e-f0c3-7b60-2898d095804e,Microsoft Certified: Azure Fundamentals (AZ-900),Microsoft,2025-01-15,,https://learn.microsoft.com/en-us/credentials/certifications/azure-fundamentals/,2026-08-30 14:10:00
5d8a98cd-34f5-9b51-35f8-8ec58edab5ae,36b06b71-eafb-fc0e-09ae-3d92b8afded1,Google Cloud Digital Leader,Google Cloud,2025-01-20,2028-01-20,https://cloud.google.com/learn/certification/cloud-digital-leader,2026-07-12 04:10:00
473df6da-d562-fff1-0e6d-42467d1fb4ba,e96296ad-250a-cfaa-c897-bc9b9a620f29,IBM Data Science Professional Certificate,IBM / Coursera,2024-04-09,,https://www.coursera.org/professional-certificates/ibm-data-science,2026-08-17 19:36:00
fc2fc0e3-66b1-147c-db4c-cd717b855885,6138aa8c-2069-f1c5-b6b2-61805bd6e3c8,Docker Certified Associate,Docker / Mirantis,2024-04-09,,https://training.mirantis.com/,2026-07-14 12:54:00
3dc30670-5ce5-c645-33a8-2a8bf45f0f34,ee1e6f5d-118a-2d2e-8286-5d1fb31a26f5,Google Data Analytics Professional Certificate,Google / Coursera,2025-04-29,,https://www.coursera.org/professional-certificates/google-data-analytics,2026-09-18 12:52:00
edf2a245-71e8-bebc-c1a6-259778e5cfe2,ff4265e7-7d16-8c09-29b5-3377dcda0769,Meta Back-End Developer Professional Certificate,Meta / Coursera,2024-08-30,,https://www.coursera.org/professional-certificates/meta-back-end-developer,2026-07-20 21:35:00
b2c67dc5-2ad7-4f76-506e-2c3f7d9d27a2,ff4265e7-7d16-8c09-29b5-3377dcda0769,Google Cloud Digital Leader,Google Cloud,2025-05-28,2028-05-27,https://cloud.google.com/learn/certification/cloud-digital-leader,2026-07-20 21:35:00
dff7570a-ed44-a03e-8f89-1a8964e7aac4,f4242e02-4503-4ef1-c368-15b4c0f6d81f,Certified Kubernetes Administrator (CKA),CNCF / Linux Foundation,2023-09-14,2026-09-13,https://training.linuxfoundation.org/certification/certified-kubernetes-administrator-cka/,2026-08-25 08:18:00
bc7ffbfa-a65f-28ed-4fae-e38f0f5fbeba,f4242e02-4503-4ef1-c368-15b4c0f6d81f,Meta Front-End Developer Professional Certificate,Meta / Coursera,2024-05-21,,https://www.coursera.org/professional-certificates/meta-front-end-developer,2026-08-25 08:18:00
2aa0554d-0728-b0c0-d3c7-210b06005e9b,cc2d2265-afb1-440e-c432-44525bfd22e4,AWS Certified Solutions Architect – Associate,Amazon Web Services,2025-06-01,2028-05-31,https://aws.amazon.com/certification/certified-solutions-architect-associate/,2026-07-12 21:43:00
9db6a9b2-37b5-7ac0-cd7e-c992453e1264,5ea5949a-4bae-fcfd-e028-b6eafe8e9ffa,Certified Kubernetes Administrator (CKA),CNCF / Linux Foundation,2024-02-26,2027-02-25,https://training.linuxfoundation.org/certification/certified-kubernetes-administrator-cka/,2026-07-06 10:07:00
7dd5bf14-b8f3-5b64-31cf-5443211bec11,7c82d44f-c4c0-383b-0de4-4fb1e83a8cd8,AWS Certified Cloud Practitioner,Amazon Web Services,2025-12-31,2028-12-30,https://aws.amazon.com/certification/certified-cloud-practitioner/,2026-07-14 23:14:00
8111dec6-a6fb-b979-0a0e-9ed58a580618,55119c5a-f1a8-f37c-5bf4-914b326bbe3d,PCEP – Certified Entry-Level Python Programmer,Python Institute,2026-04-25,,https://pythoninstitute.org/pcep,2026-09-01 19:15:00
bec76aeb-4aa8-9c1f-f17b-0d1c65ad8db0,55119c5a-f1a8-f37c-5bf4-914b326bbe3d,Microsoft Certified: Azure Fundamentals (AZ-900),Microsoft,2026-03-14,,https://learn.microsoft.com/en-us/credentials/certifications/azure-fundamentals/,2026-09-01 19:15:00
3dc37c29-0725-2114-f588-d1003faae40e,218ea9ea-1565-b28a-41b5-3963e9678935,Machine Learning Specialization,DeepLearning.AI / Coursera,2024-06-18,,https://www.coursera.org/specializations/machine-learning-introduction,2026-07-02 04:06:00
7cbbd072-918b-1892-1a17-5c3042fd0e9b,38795357-10e0-50a0-4995-0d3c5a192010,freeCodeCamp Responsive Web Design,freeCodeCamp,2025-12-24,,https://www.freecodecamp.org/learn/2022/responsive-web-design/,2026-07-04 00:36:00
2f36e625-3e6e-f1da-d1ea-3994621ac6e7,7cf66415-f290-367e-1a25-b152419e2eaf,Meta Front-End Developer Professional Certificate,Meta / Coursera,2026-05-01,,https://www.coursera.org/professional-certificates/meta-front-end-developer,2026-08-06 16:00:00
3ef1f990-290a-f4dd-9705-ff822bf55956,174cc39a-04aa-5505-81cd-d222ffe8339f,AWS Certified Solutions Architect – Associate,Amazon Web Services,2025-03-20,2028-03-19,https://aws.amazon.com/certification/certified-solutions-architect-associate/,2026-08-11 05:37:00
911fd31b-75aa-ddfb-d0f7-22a9c4d0a1a7,174cc39a-04aa-5505-81cd-d222ffe8339f,HashiCorp Certified: Terraform Associate,HashiCorp,2026-01-13,2029-01-12,https://developer.hashicorp.com/certifications/infrastructure-automation,2026-08-11 05:37:00
bcceece0-d13e-26fb-7afd-1cf5e5ba4c47,94f09a72-8259-0cce-d5c4-4a5329242767,freeCodeCamp Responsive Web Design,freeCodeCamp,2024-06-14,,https://www.freecodecamp.org/learn/2022/responsive-web-design/,2026-08-16 04:56:00
de386b63-25af-9096-6c87-8401c722d12e,ab219fcd-b649-514e-dfa4-ecf53ca59bf1,PCEP – Certified Entry-Level Python Programmer,Python Institute,2026-07-03,,https://pythoninstitute.org/pcep,2026-07-31 01:02:00
e655857c-0848-b47e-1aaf-c1212329a893,ab219fcd-b649-514e-dfa4-ecf53ca59bf1,Google Cloud Digital Leader,Google Cloud,2025-03-14,2028-03-13,https://cloud.google.com/learn/certification/cloud-digital-leader,2026-07-31 01:02:00
11e5939f-4842-c0a7-65e9-0a11181ef671,59a6687c-a3a8-ee90-6090-dcec4b88589e,Meta Back-End Developer Professional Certificate,Meta / Coursera,2024-06-07,,https://www.coursera.org/professional-certificates/meta-back-end-developer,2026-08-16 23:34:00
bd1ef928-8f25-fa76-c91e-75acafa0810e,b0be455b-60e0-9b27-b2b5-8d17e3f7fb7b,Machine Learning Specialization,DeepLearning.AI / Coursera,2025-10-10,,https://www.coursera.org/specializations/machine-learning-introduction,2026-07-22 19:45:00
ec1f0b75-94b6-6821-162b-c21989509330,a43cab59-483d-ed9b-382e-34ac24ca9cca,IBM Data Science Professional Certificate,IBM / Coursera,2024-06-06,,https://www.coursera.org/professional-certificates/ibm-data-science,2026-09-12 15:52:00
23759bd2-942d-e76b-0bcd-37fc9decbd29,3171c6fc-2296-8643-b530-3bb8cb5104dc,Meta Front-End Developer Professional Certificate,Meta / Coursera,2025-05-22,,https://www.coursera.org/professional-certificates/meta-front-end-developer,2026-09-17 05:54:00
836fbe94-382f-c5d4-4317-41ab8a7a03f4,23a0c568-904f-0fcb-eb52-7baab8b5c10e,Google Data Analytics Professional Certificate,Google / Coursera,2026-05-19,,https://www.coursera.org/professional-certificates/google-data-analytics,2026-07-08 10:12:00
e4084bd9-2b68-cd7f-0e14-846a52f2f5ba,23a0c568-904f-0fcb-eb52-7baab8b5c10e,Meta Front-End Developer Professional Certificate,Meta / Coursera,2025-12-31,,https://www.coursera.org/professional-certificates/meta-front-end-developer,2026-07-08 10:12:00
d3eae49f-e563-061d-df97-98307301646a,5b1c5480-ae9d-f80a-1865-43cb37bd49de,IBM Data Science Professional Certificate,IBM / Coursera,2025-02-25,,https://www.coursera.org/professional-certificates/ibm-data-science,2026-09-15 11:20:00
631bdb2a-5d8f-eac5-f79f-530ade435bc3,aabce875-4fdf-522d-a477-1f8cbb0af78a,Google Data Analytics Professional Certificate,Google / Coursera,2024-07-05,,https://www.coursera.org/professional-certificates/google-data-analytics,2026-09-02 07:14:00
47230eb0-53e3-e81b-7ca4-749e524c144c,aabce875-4fdf-522d-a477-1f8cbb0af78a,Meta Back-End Developer Professional Certificate,Meta / Coursera,2024-12-07,,https://www.coursera.org/professional-certificates/meta-back-end-developer,2026-09-02 07:14:00
472d372c-f1e9-4473-9df8-32cfc79fc3f8,fb948589-351d-6dda-4330-7db4be96ad68,PCEP – Certified Entry-Level Python Programmer,Python Institute,2025-01-21,,https://pythoninstitute.org/pcep,2026-07-05 09:26:00
27afe905-03ab-09e6-4305-c14e838707dd,4e9096a9-51f9-d147-fdb3-354890d73210,Certified Kubernetes Administrator (CKA),CNCF / Linux Foundation,2025-01-27,2028-01-27,https://training.linuxfoundation.org/certification/certified-kubernetes-administrator-cka/,2026-08-27 21:22:00
50d9f7e5-9328-6c21-3a7d-54c7734d5ab1,c603562d-b834-f435-a72f-ef0a43ff13a2,Machine Learning Specialization,DeepLearning.AI / Coursera,2025-04-02,,https://www.coursera.org/specializations/machine-learning-introduction,2026-07-22 02:57:00
be297814-55a1-582d-548d-ed54ec835d50,3acb3540-3d8b-5fe7-de4e-a788f6ee3981,PCEP – Certified Entry-Level Python Programmer,Python Institute,2026-02-17,,https://pythoninstitute.org/pcep,2026-08-25 20:20:00
bef19835-e4c0-c53c-602c-8a7356af3beb,042c9e51-62cc-7eed-9ea5-d63cc36154a3,CompTIA Security+,CompTIA,2026-01-13,2029-01-12,https://www.comptia.org/certifications/security,2026-07-20 05:45:00
6c1f6443-976b-4ae5-248d-d0aeea2e57ce,1c88c031-9390-a27b-78c3-70fdbfdfdc4e,Machine Learning Specialization,DeepLearning.AI / Coursera,2026-07-06,,https://www.coursera.org/specializations/machine-learning-introduction,2026-09-05 18:32:00
5f14c33a-7ecc-e310-a5df-2613be6b10da,1c88c031-9390-a27b-78c3-70fdbfdfdc4e,AWS Certified Solutions Architect – Associate,Amazon Web Services,2025-10-05,2028-10-04,https://aws.amazon.com/certification/certified-solutions-architect-associate/,2026-09-05 18:32:00
142d676e-471e-f6a6-15b7-2dfd36b62510,847c06b2-00a6-75bc-576d-d63a6304f0fc,Certified Kubernetes Administrator (CKA),CNCF / Linux Foundation,2024-09-14,2027-09-14,https://training.linuxfoundation.org/certification/certified-kubernetes-administrator-cka/,2026-07-05 09:10:00
c7c770bc-76a3-39d9-57c5-2b1c0e0adb90,d09e1adb-fd5d-835c-734e-4d0aabeca522,Meta Front-End Developer Professional Certificate,Meta / Coursera,2024-10-03,,https://www.coursera.org/professional-certificates/meta-front-end-developer,2026-08-17 21:46:00
3b28a7b9-6dda-d64c-7fc2-1be33151501a,d09e1adb-fd5d-835c-734e-4d0aabeca522,Meta Back-End Developer Professional Certificate,Meta / Coursera,2024-12-17,,https://www.coursera.org/professional-certificates/meta-back-end-developer,2026-08-17 21:46:00
d08de313-fe3e-b17d-4d76-ff0e72c14572,72a1c62a-6da2-ce02-9e97-96c3d944813c,AWS Certified Solutions Architect – Associate,Amazon Web Services,2024-07-02,2027-07-02,https://aws.amazon.com/certification/certified-solutions-architect-associate/,2026-07-26 22:03:00
baa362c7-9ff9-a030-fd04-4b40de7d628c,969d729b-acb0-a710-da66-2152bd723405,IBM Data Science Professional Certificate,IBM / Coursera,2026-01-02,,https://www.coursera.org/professional-certificates/ibm-data-science,2026-09-03 13:01:00
26264f05-bff0-365c-bcb2-dc2999f86153,969d729b-acb0-a710-da66-2152bd723405,Machine Learning Specialization,DeepLearning.AI / Coursera,2024-08-05,,https://www.coursera.org/specializations/machine-learning-introduction,2026-09-03 13:01:00
ae97e7c2-2273-75f5-ac87-a5d54828a862,9815d674-fd74-dd1f-9eae-fa23a357d97e,PCEP – Certified Entry-Level Python Programmer,Python Institute,2025-05-21,,https://pythoninstitute.org/pcep,2026-08-27 02:08:00
4c4c428a-d0d5-c451-e435-8a4b57a10ad8,265f98f9-d391-adf8-2f49-73f580dd5ad0,Google Data Analytics Professional Certificate,Google / Coursera,2026-05-29,,https://www.coursera.org/professional-certificates/google-data-analytics,2026-07-10 15:10:00
5a2e9c22-2e84-a96e-be73-f624aca808d8,116b2ed3-8adb-2d4b-a49a-9ead54ac8991,Certified Kubernetes Administrator (CKA),CNCF / Linux Foundation,2024-03-10,2027-03-10,https://training.linuxfoundation.org/certification/certified-kubernetes-administrator-cka/,2026-07-23 21:14:00
39ef4bca-cdf3-184a-0794-f4e41912e933,116b2ed3-8adb-2d4b-a49a-9ead54ac8991,Google Data Analytics Professional Certificate,Google / Coursera,2025-10-29,,https://www.coursera.org/professional-certificates/google-data-analytics,2026-07-23 21:14:00
c83ff1f7-500f-fc7f-6230-1b6e8048f9e5,0d4a20a0-8fc3-7329-4983-79f9e68e4f7c,Certified Kubernetes Administrator (CKA),CNCF / Linux Foundation,2026-02-03,2029-02-02,https://training.linuxfoundation.org/certification/certified-kubernetes-administrator-cka/,2026-08-27 10:26:00
7e56be19-00ed-49cc-cbc7-a9707f0a0b99,c4b12cb2-6120-b899-b5dd-f7cb959b7b11,PCEP – Certified Entry-Level Python Programmer,Python Institute,2026-05-10,,https://pythoninstitute.org/pcep,2026-08-25 09:12:00
6781cc51-ff61-ee63-13c4-29ee72396d6a,7cac11bf-5123-74a2-0743-8f0e6587c059,IBM Data Science Professional Certificate,IBM / Coursera,2025-07-25,,https://www.coursera.org/professional-certificates/ibm-data-science,2026-07-18 19:44:00
dc75192e-6b11-9d58-7f3e-a67bc9213f82,d84391ad-717c-7c57-1cce-88e83cf1dc88,Meta Back-End Developer Professional Certificate,Meta / Coursera,2025-12-20,,https://www.coursera.org/professional-certificates/meta-back-end-developer,2026-08-23 22:26:00
bc63bbe4-d2df-b8bc-ca71-4c6858fdc39a,b3b1d1db-e9da-67ba-0882-bf68845cf897,IBM Data Science Professional Certificate,IBM / Coursera,2026-04-24,,https://www.coursera.org/professional-certificates/ibm-data-science,2026-07-03 03:27:00
79ca617a-26c9-9417-83b3-7dd7653e38c6,2291d94f-9c0b-99f2-c057-871940068367,freeCodeCamp Responsive Web Design,freeCodeCamp,2025-03-07,,https://www.freecodecamp.org/learn/2022/responsive-web-design/,2026-08-22 04:01:00
c2e85a32-b25c-943d-6de7-7b3985d6910d,0b743169-10b5-fc8a-990e-649901f0fa6e,Docker Certified Associate,Docker / Mirantis,2026-06-27,,https://training.mirantis.com/,2026-07-19 04:44:00
20a37188-f43e-3272-d510-e79226146be5,06a36a12-a6a1-ed10-0e9d-5be204fd5696,Docker Certified Associate,Docker / Mirantis,2025-02-28,,https://training.mirantis.com/,2026-08-11 08:33:00
6f96b425-3efc-f3bf-4ebc-5aab84351165,a859474a-0b17-39b5-30e0-7f02b3c7eb8c,HashiCorp Certified: Terraform Associate,HashiCorp,2024-04-14,2027-04-14,https://developer.hashicorp.com/certifications/infrastructure-automation,2026-07-28 00:19:00
bb53796d-38e6-06fa-566c-c555c76a4bb7,a859474a-0b17-39b5-30e0-7f02b3c7eb8c,Google Cloud Digital Leader,Google Cloud,2024-10-26,2027-10-26,https://cloud.google.com/learn/certification/cloud-digital-leader,2026-07-28 00:19:00
7b8e2cc7-46f4-bc04-fa98-29c721449677,f8468fc0-470f-45fe-3be0-feda157f1a73,Docker Certified Associate,Docker / Mirantis,2025-12-25,,https://training.mirantis.com/,2026-08-02 00:40:00
1a6e7dd2-2bdd-8c0d-3df6-063dae8175d1,a2ba672b-a250-faa0-aca9-34b15b6c45b4,Splunk Core Certified User,Splunk,2025-08-08,,https://www.splunk.com/en_us/training/certification-track/splunk-core-certified-user.html,2026-08-25 15:41:00
832fe3f3-e8fc-fcd0-4ad3-b1b0aaa0b0ea,a2ba672b-a250-faa0-aca9-34b15b6c45b4,Google Cloud Digital Leader,Google Cloud,2024-07-16,2027-07-16,https://cloud.google.com/learn/certification/cloud-digital-leader,2026-08-25 15:41:00
084bc17b-70e6-207d-b1e3-3048adc3329a,ef452d80-9f3b-ab46-935d-558cca4d749a,Machine Learning Specialization,DeepLearning.AI / Coursera,2025-10-07,,https://www.coursera.org/specializations/machine-learning-introduction,2026-09-09 17:40:00
44831905-66b3-356a-d407-4f3d4b419f0e,a79c000d-e23f-df39-36fb-aaa7438370e6,Certified Kubernetes Administrator (CKA),CNCF / Linux Foundation,2025-02-07,2028-02-07,https://training.linuxfoundation.org/certification/certified-kubernetes-administrator-cka/,2026-07-15 16:50:00
68530bd7-a025-c16d-bcbf-e54fe0762b2c,a79c000d-e23f-df39-36fb-aaa7438370e6,IBM Data Science Professional Certificate,IBM / Coursera,2023-11-30,,https://www.coursera.org/professional-certificates/ibm-data-science,2026-07-15 16:50:00
7a9f2973-6f1c-9fb6-5a07-bc95467ebeec,c7e6ce4a-e99d-fede-7483-46baae63373c,Certified Kubernetes Administrator (CKA),CNCF / Linux Foundation,2026-06-06,2029-06-05,https://training.linuxfoundation.org/certification/certified-kubernetes-administrator-cka/,2026-08-01 08:14:00
4b889f50-d17e-b978-4026-5d1f368352bc,d04e9903-3a36-8189-be35-5a515782059c,Microsoft Certified: Power BI Data Analyst Associate (PL-300),Microsoft,2025-12-13,,https://learn.microsoft.com/en-us/credentials/certifications/data-analyst-associate/,2026-09-06 11:02:00
5a86db55-d29c-580c-7829-77b9443478ab,d04e9903-3a36-8189-be35-5a515782059c,Tableau Desktop Specialist,Tableau / Salesforce,2025-02-16,,https://www.tableau.com/learn/certification,2026-09-06 11:02:00
2ce6cd06-1e22-ad16-46bd-69184df52e07,8ae4e726-3026-8638-37e7-07b38fc8b0ed,CompTIA Security+,CompTIA,2025-10-25,2028-10-24,https://www.comptia.org/certifications/security,2026-09-13 16:56:00
bec25658-b150-a7ce-1d83-853e6486458e,f616d4a0-da42-b776-3a2a-5b9f8749b7dd,Machine Learning Specialization,DeepLearning.AI / Coursera,2024-07-01,,https://www.coursera.org/specializations/machine-learning-introduction,2026-07-26 18:59:00
48ef1a62-0e47-fa8f-fcdb-b234f2947044,b6091593-2252-da76-d8d5-8b2cc6203168,PCEP – Certified Entry-Level Python Programmer,Python Institute,2026-07-20,,https://pythoninstitute.org/pcep,2026-09-09 11:32:00
af1ffd81-e802-a4c9-b8ed-3118838afb2b,c20ca5e9-605c-099c-cd7d-912fe36c1b6c,Tableau Desktop Specialist,Tableau / Salesforce,2025-03-23,,https://www.tableau.com/learn/certification,2026-08-28 12:25:00
befc2ef8-e863-a166-66a2-f8625b91944d,c20ca5e9-605c-099c-cd7d-912fe36c1b6c,Google Data Analytics Professional Certificate,Google / Coursera,2024-12-26,,https://www.coursera.org/professional-certificates/google-data-analytics,2026-08-28 12:25:00
de1e6ba7-7830-834b-2280-e01100dd01fe,1bba4c9f-40f8-5f2c-a0da-e00a95d7a42b,Google Data Analytics Professional Certificate,Google / Coursera,2023-12-31,,https://www.coursera.org/professional-certificates/google-data-analytics,2026-08-29 22:31:00
57e86cc0-0094-c1aa-84f1-b1f38eee29a7,ccd46a85-90a8-ceb7-2cb3-043543ab1ade,Meta Back-End Developer Professional Certificate,Meta / Coursera,2025-08-31,,https://www.coursera.org/professional-certificates/meta-back-end-developer,2026-07-04 10:38:00
b8956415-c57f-6603-5e7d-de2b1ab56cdf,bc20fb05-013b-8e90-7d13-d10e823797df,Meta Back-End Developer Professional Certificate,Meta / Coursera,2025-11-06,,https://www.coursera.org/professional-certificates/meta-back-end-developer,2026-09-01 08:56:00
9190183a-eb46-f5f8-def1-f37d56133905,bc20fb05-013b-8e90-7d13-d10e823797df,AWS Certified Cloud Practitioner,Amazon Web Services,2026-04-23,2029-04-22,https://aws.amazon.com/certification/certified-cloud-practitioner/,2026-09-01 08:56:00
3c3d5549-d1e9-1c18-daa5-093e6e172e7c,8f471bbd-e2ba-0e3d-d359-276930c546b1,PCEP – Certified Entry-Level Python Programmer,Python Institute,2025-03-08,,https://pythoninstitute.org/pcep,2026-09-11 06:18:00
0931492e-e564-2346-b51e-744af27fdb81,bb1750d3-4842-7d95-b06d-7172e34ea2d4,Microsoft Certified: Power BI Data Analyst Associate (PL-300),Microsoft,2026-04-27,,https://learn.microsoft.com/en-us/credentials/certifications/data-analyst-associate/,2026-09-20 06:37:00
bdb6b829-3018-f158-f354-ce96625cf574,bb1750d3-4842-7d95-b06d-7172e34ea2d4,PCEP – Certified Entry-Level Python Programmer,Python Institute,2024-05-25,,https://pythoninstitute.org/pcep,2026-09-20 06:37:00
8e92e016-8a56-6164-6196-e3f9fdbb57b2,716e6ab7-f4a5-6903-0c7c-0c2043e8811f,Microsoft Certified: Power BI Data Analyst Associate (PL-300),Microsoft,2024-04-16,,https://learn.microsoft.com/en-us/credentials/certifications/data-analyst-associate/,2026-07-12 14:34:00
609b736b-b5e9-92ec-c4e5-4c77f53d391d,716e6ab7-f4a5-6903-0c7c-0c2043e8811f,Google Data Analytics Professional Certificate,Google / Coursera,2023-09-21,,https://www.coursera.org/professional-certificates/google-data-analytics,2026-07-12 14:34:00
f4ac716c-3d40-aa94-6e3c-62bdb225ef84,958b9007-5b8f-4b03-0b19-4ce97a817004,Microsoft Certified: Power BI Data Analyst Associate (PL-300),Microsoft,2024-06-28,,https://learn.microsoft.com/en-us/credentials/certifications/data-analyst-associate/,2026-07-24 10:58:00
fe7feb7d-d5df-279d-b0c3-a5fe0fa364f8,958b9007-5b8f-4b03-0b19-4ce97a817004,PCEP – Certified Entry-Level Python Programmer,Python Institute,2024-05-24,,https://pythoninstitute.org/pcep,2026-07-24 10:58:00
f81a5978-24a9-cef1-4d88-2b639243a5c0,036c650a-72de-35b6-d247-6f050775d346,Google Data Analytics Professional Certificate,Google / Coursera,2026-01-31,,https://www.coursera.org/professional-certificates/google-data-analytics,2026-07-03 11:03:00
4c118318-4df8-0c6e-5f25-8951628874c7,e99d1201-0db0-98d4-6b28-671307bf17d1,Docker Certified Associate,Docker / Mirantis,2026-04-19,,https://training.mirantis.com/,2026-07-19 20:53:00
d2dc509b-f094-a8b8-50c5-52eee40a5ce4,8a57a5d9-7f2f-2566-22d8-552fba6e63f7,Docker Certified Associate,Docker / Mirantis,2025-05-23,,https://training.mirantis.com/,2026-08-21 01:39:00
df9120b2-0e1c-b20a-f875-1d756fbe897b,49ce1995-fb4c-7b86-bd32-cf554a28538e,Tableau Desktop Specialist,Tableau / Salesforce,2026-03-05,,https://www.tableau.com/learn/certification,2026-08-30 20:00:00
4f4926f2-8167-74b0-4691-d2da252302f7,571d54c4-61dd-7b4a-bd7b-5b58566cdf03,freeCodeCamp Responsive Web Design,freeCodeCamp,2024-03-17,,https://www.freecodecamp.org/learn/2022/responsive-web-design/,2026-09-15 16:37:00
bccea2c3-ace8-708f-f356-dfc44f9eb6a8,571d54c4-61dd-7b4a-bd7b-5b58566cdf03,Machine Learning Specialization,DeepLearning.AI / Coursera,2026-03-30,,https://www.coursera.org/specializations/machine-learning-introduction,2026-09-15 16:37:00
e4597a8b-f9ed-3343-0ace-fd902693ee59,969ac95b-1816-76bc-b7b8-41cb89f8d8ce,HashiCorp Certified: Terraform Associate,HashiCorp,2026-03-21,2029-03-20,https://developer.hashicorp.com/certifications/infrastructure-automation,2026-07-22 19:42:00
c5ebd5ee-b8d1-7962-2a97-47ba368f5683,969ac95b-1816-76bc-b7b8-41cb89f8d8ce,Meta Front-End Developer Professional Certificate,Meta / Coursera,2026-07-17,,https://www.coursera.org/professional-certificates/meta-front-end-developer,2026-07-22 19:42:00
ce141762-f4b4-1721-dac2-f63ebb0f7924,8f650ae5-aa98-9605-aafc-de0362f4237a,Docker Certified Associate,Docker / Mirantis,2024-11-04,,https://training.mirantis.com/,2026-07-17 08:27:00
1d84a1e7-b68b-f616-5861-1f4b2cfbe52a,8f650ae5-aa98-9605-aafc-de0362f4237a,AWS Certified Cloud Practitioner,Amazon Web Services,2025-09-03,2028-09-02,https://aws.amazon.com/certification/certified-cloud-practitioner/,2026-07-17 08:27:00
7f043cec-c646-3be0-4181-cc47dceb0d72,0c45af70-2f6b-4f40-e3b4-8f8908ea318c,Certified Kubernetes Administrator (CKA),CNCF / Linux Foundation,2024-02-10,2027-02-09,https://training.linuxfoundation.org/certification/certified-kubernetes-administrator-cka/,2026-09-20 00:19:00
2a7694cc-7d6a-9ed8-cdda-e2859aa8fcca,0c45af70-2f6b-4f40-e3b4-8f8908ea318c,PCEP – Certified Entry-Level Python Programmer,Python Institute,2024-06-03,,https://pythoninstitute.org/pcep,2026-09-20 00:19:00
6b59ac0b-d9a5-a34c-3581-679e5cccce99,2e60a78a-59c4-9cbb-4d91-32561ec8120a,Machine Learning Specialization,DeepLearning.AI / Coursera,2024-02-18,,https://www.coursera.org/specializations/machine-learning-introduction,2026-07-14 00:11:00
419bbb6a-57f2-56d4-4942-7b685fcb54aa,2e60a78a-59c4-9cbb-4d91-32561ec8120a,Microsoft Certified: Azure Fundamentals (AZ-900),Microsoft,2023-11-01,,https://learn.microsoft.com/en-us/credentials/certifications/azure-fundamentals/,2026-07-14 00:11:00
024763cd-d2ae-4c9d-ea25-c1ca2f31a3c3,20f49e1f-2f1f-a7cb-d0fe-3f4cdcca0c9b,freeCodeCamp Responsive Web Design,freeCodeCamp,2023-11-12,,https://www.freecodecamp.org/learn/2022/responsive-web-design/,2026-07-08 19:26:00
7e0c333a-3ce6-3862-cec0-7da3b031e318,cd342ce0-2856-8d03-ff51-56b84fb4ef27,Tableau Desktop Specialist,Tableau / Salesforce,2026-05-25,,https://www.tableau.com/learn/certification,2026-09-16 19:02:00
01180fd5-db56-453e-01fe-89cf06c2c49a,54363cd2-fe43-eb9a-a627-f4835d3529b7,Google Data Analytics Professional Certificate,Google / Coursera,2025-07-31,,https://www.coursera.org/professional-certificates/google-data-analytics,2026-07-23 13:24:00
f28de832-6e29-39e9-58d4-ec53d58c37d8,5a1b75d1-754a-3dd0-67ae-cb54cde0deff,Tableau Desktop Specialist,Tableau / Salesforce,2025-10-28,,https://www.tableau.com/learn/certification,2026-07-05 17:59:00
a1205977-81c9-4035-e744-663cde7cc80e,df2b642b-5599-8134-3a0a-2e4db273654b,Certified Kubernetes Administrator (CKA),CNCF / Linux Foundation,2024-04-25,2027-04-25,https://training.linuxfoundation.org/certification/certified-kubernetes-administrator-cka/,2026-09-12 07:05:00
3d80ccd5-5da9-c729-ac72-1698280b6d33,feae916d-dc12-db9b-f408-c4ee8833f928,"Oracle Certified Associate, Java SE Programmer",Oracle,2025-11-18,,https://education.oracle.com/,2026-09-11 17:51:00
6e924eff-e767-8e3e-4904-61b97396942f,924cd46d-08d6-c16f-679d-8d70c4ca5c87,Tableau Desktop Specialist,Tableau / Salesforce,2025-10-30,,https://www.tableau.com/learn/certification,2026-09-04 06:16:00
a83d7ae6-808c-8852-ada2-22b1418bd15f,140ebf88-d2c7-053f-1119-64e5c62fdb92,Certified Kubernetes Administrator (CKA),CNCF / Linux Foundation,2025-10-02,2028-10-01,https://training.linuxfoundation.org/certification/certified-kubernetes-administrator-cka/,2026-07-01 17:45:00
f5ebb8a5-473d-9d67-889d-105af77d899e,92c77963-88f1-4c0a-413d-56d66f736584,Certified Ethical Hacker (CEH),EC-Council,2024-02-12,2027-02-11,https://www.eccouncil.org/train-certify/certified-ethical-hacker-ceh/,2026-08-24 06:10:00
8b39974a-41f5-83ab-271d-0fdb4102c7c7,837f6536-a497-3287-dc61-fca1821d3e2b,freeCodeCamp Responsive Web Design,freeCodeCamp,2026-04-20,,https://www.freecodecamp.org/learn/2022/responsive-web-design/,2026-09-02 12:01:00
f2bad7be-dc72-c8fd-de24-a5fe2f91a0dc,837f6536-a497-3287-dc61-fca1821d3e2b,IBM Data Science Professional Certificate,IBM / Coursera,2025-12-30,,https://www.coursera.org/professional-certificates/ibm-data-science,2026-09-02 12:01:00
7ed7da0f-5e96-3400-5f3b-516c50a6717c,54c8e066-14ce-bec4-5750-029be0d3b9dc,Certified Kubernetes Administrator (CKA),CNCF / Linux Foundation,2026-06-29,2029-06-28,https://training.linuxfoundation.org/certification/certified-kubernetes-administrator-cka/,2026-09-18 17:34:00
d8c05ce4-1c82-9a3e-2e72-e0082d48b477,54c8e066-14ce-bec4-5750-029be0d3b9dc,IBM Data Science Professional Certificate,IBM / Coursera,2025-09-25,,https://www.coursera.org/professional-certificates/ibm-data-science,2026-09-18 17:34:00
27284b50-98f6-24e0-078a-3c2ce9fde5d6,f0ae64c8-fe3d-03b4-ecc0-26f1f45442f4,Microsoft Certified: Azure Fundamentals (AZ-900),Microsoft,2025-08-06,,https://learn.microsoft.com/en-us/credentials/certifications/azure-fundamentals/,2026-07-19 07:50:00
6dde34ba-87c5-bee2-4e1c-a9978ad1125e,6a2d02ef-0a49-5678-ea33-dabb2247bc8f,CompTIA Security+,CompTIA,2025-08-24,2028-08-23,https://www.comptia.org/certifications/security,2026-08-08 19:05:00
a8e77045-47a3-2945-8992-71a4fb7c5095,30bc42bf-79a9-1fde-86b8-5e4d8bb2fff1,Certified Kubernetes Administrator (CKA),CNCF / Linux Foundation,2023-12-16,2026-12-15,https://training.linuxfoundation.org/certification/certified-kubernetes-administrator-cka/,2026-07-29 22:43:00
34536e49-1f05-4297-e39a-06126a6b82ed,3995fad0-c011-b57b-d681-31dccca18208,Microsoft Certified: Power BI Data Analyst Associate (PL-300),Microsoft,2024-10-07,,https://learn.microsoft.com/en-us/credentials/certifications/data-analyst-associate/,2026-08-31 06:06:00
e8a06202-ce8a-4401-d330-39fc5b48ec65,9a4b9140-ae97-3c08-ab0c-3648c61a90cc,Google Cloud Digital Leader,Google Cloud,2024-09-27,2027-09-27,https://cloud.google.com/learn/certification/cloud-digital-leader,2026-07-03 16:52:00
b529bc1a-f865-1f6c-2a59-af3374191a6a,00be1fe7-3058-283a-2412-45285e5c68ab,Meta Back-End Developer Professional Certificate,Meta / Coursera,2025-10-19,,https://www.coursera.org/professional-certificates/meta-back-end-developer,2026-07-19 05:36:00
ebb390da-9963-b2aa-40d5-04c4aa73acb9,e1bec6e9-0f6e-b274-2042-0336b790498e,Meta Back-End Developer Professional Certificate,Meta / Coursera,2024-03-29,,https://www.coursera.org/professional-certificates/meta-back-end-developer,2026-08-06 15:42:00
bc6130e6-a1c4-fd36-98c9-7859d9a3c9e9,1c5bfa36-5c22-ad42-b08b-1908ad50fd60,Certified Ethical Hacker (CEH),EC-Council,2025-12-06,2028-12-05,https://www.eccouncil.org/train-certify/certified-ethical-hacker-ceh/,2026-07-18 03:08:00
31b79716-125a-467f-817a-821ec70a2e10,ea1c226c-4c2f-1495-8115-0dfcf24d348f,Meta Front-End Developer Professional Certificate,Meta / Coursera,2024-09-24,,https://www.coursera.org/professional-certificates/meta-front-end-developer,2026-09-05 16:47:00
b95276f9-a633-ba50-c8ce-69ea94873000,2da06245-cceb-b9ff-4e7b-f695ed9b0093,PCEP – Certified Entry-Level Python Programmer,Python Institute,2024-10-28,,https://pythoninstitute.org/pcep,2026-07-25 13:34:00
aecb0504-5c42-04d2-216e-e69a5c621491,837df0b5-5ec6-f890-9377-27e4597200fb,Google Data Analytics Professional Certificate,Google / Coursera,2026-06-04,,https://www.coursera.org/professional-certificates/google-data-analytics,2026-07-14 19:05:00
03d54e79-3ea7-49dd-37c5-fae80ebf5261,837df0b5-5ec6-f890-9377-27e4597200fb,Cisco Certified Network Associate (CCNA),Cisco,2025-09-24,2028-09-23,https://www.cisco.com/site/us/en/learn/training-certifications/certifications/enterprise/ccna/index.html,2026-07-14 19:05:00
b2e90dd8-ad83-6646-be55-e03875fdf0ac,837df0b5-5ec6-f890-9377-27e4597200fb,Machine Learning Specialization,DeepLearning.AI / Coursera,2025-09-20,,https://www.coursera.org/specializations/machine-learning-introduction,2026-07-14 19:05:00
c6403391-b956-81d8-28fd-bd14f81cdb4b,e710f391-171d-ec17-1401-6798262f83ba,AWS Certified Cloud Practitioner,Amazon Web Services,2024-02-12,2027-02-11,https://aws.amazon.com/certification/certified-cloud-practitioner/,2026-08-08 23:23:00
770def36-d6c2-10a1-a29b-645fde392bae,bfc55356-61ec-cb57-8152-276ab52fc022,Docker Certified Associate,Docker / Mirantis,2024-05-02,,https://training.mirantis.com/,2026-07-21 15:23:00
8cf71972-8a5b-7049-4978-bd0ca158d9ad,d1ad6cc2-f1bf-fe06-7624-28164f5c7e00,Microsoft Certified: Azure Fundamentals (AZ-900),Microsoft,2026-02-28,,https://learn.microsoft.com/en-us/credentials/certifications/azure-fundamentals/,2026-07-11 03:52:00
7a09deb2-d92b-511a-5880-951c961c5ac5,01314344-b21d-6d21-9380-32470f1051da,Cisco Certified Network Associate (CCNA),Cisco,2025-10-21,2028-10-20,https://www.cisco.com/site/us/en/learn/training-certifications/certifications/enterprise/ccna/index.html,2026-08-01 02:51:00
08165cd1-fe3d-4d21-e823-fcc00d99202f,1207b94a-fb24-7688-e645-55aeb9ff6916,Docker Certified Associate,Docker / Mirantis,2026-03-20,,https://training.mirantis.com/,2026-09-02 07:56:00
ec5c8319-0885-dc7f-f4a3-088ab91434da,838209db-4b17-817b-72f2-ae46f1ca18f7,Docker Certified Associate,Docker / Mirantis,2026-05-25,,https://training.mirantis.com/,2026-07-28 07:05:00
c772a254-5eb0-1644-b415-ee6ff1301613,97fea85c-67bb-1467-16ac-154b4def0201,Machine Learning Specialization,DeepLearning.AI / Coursera,2024-11-08,,https://www.coursera.org/specializations/machine-learning-introduction,2026-08-13 17:42:00
c5503ed7-5a0c-809e-be06-5c34e2e529f8,cfa79ed2-daab-1047-a52c-8fe0fa55341f,PCEP – Certified Entry-Level Python Programmer,Python Institute,2026-07-17,,https://pythoninstitute.org/pcep,2026-07-24 04:33:00
4342abe4-6031-3129-5db9-54b461887ba9,cfa79ed2-daab-1047-a52c-8fe0fa55341f,Microsoft Certified: Azure Fundamentals (AZ-900),Microsoft,2026-07-08,,https://learn.microsoft.com/en-us/credentials/certifications/azure-fundamentals/,2026-07-24 04:33:00
5902e2be-2978-6426-5ee1-fefc2dc8625e,15c5cc72-fa48-0407-6bf8-efc29847a252,Docker Certified Associate,Docker / Mirantis,2024-06-24,,https://training.mirantis.com/,2026-07-24 20:52:00
cb4bd7e1-55a7-5c19-286d-d93d43e6d0f8,3dd0eea3-a58b-9546-3935-8701906c1f45,Google Cybersecurity Professional Certificate,Google / Coursera,2025-09-28,,https://www.coursera.org/professional-certificates/google-cybersecurity,2026-07-29 03:41:00
3376d016-ba94-d01b-8698-126509e08b8b,3dd0eea3-a58b-9546-3935-8701906c1f45,HashiCorp Certified: Terraform Associate,HashiCorp,2026-06-30,2029-06-29,https://developer.hashicorp.com/certifications/infrastructure-automation,2026-07-29 03:41:00
dd107b96-7ee7-d94a-62d1-fe51e39e454e,3dd0eea3-a58b-9546-3935-8701906c1f45,IBM Data Science Professional Certificate,IBM / Coursera,2025-09-13,,https://www.coursera.org/professional-certificates/ibm-data-science,2026-07-29 03:41:00
8b3105a3-fe5d-11dd-9349-9fba7c98c184,6e4d56e9-b5e6-4d68-4966-6580d073b6a7,IBM Data Science Professional Certificate,IBM / Coursera,2025-10-16,,https://www.coursera.org/professional-certificates/ibm-data-science,2026-09-07 00:31:00
a0bd1be2-ada6-3742-3b26-9fe7e15847d9,325e2461-f574-b026-9d68-8eee45d0a271,AWS Certified Cloud Practitioner,Amazon Web Services,2025-05-02,2028-05-01,https://aws.amazon.com/certification/certified-cloud-practitioner/,2026-09-07 17:39:00
bc350649-05d0-1302-3b39-ee5e2c70c676,325e2461-f574-b026-9d68-8eee45d0a271,CompTIA Security+,CompTIA,2025-05-25,2028-05-24,https://www.comptia.org/certifications/security,2026-09-07 17:39:00
ac5c71b6-029f-1758-f862-da583f452a90,a6440bd2-5fcc-fb2f-446f-cefb5b5c8f85,Microsoft Certified: Azure Fundamentals (AZ-900),Microsoft,2025-09-15,,https://learn.microsoft.com/en-us/credentials/certifications/azure-fundamentals/,2026-09-09 21:17:00
c2699a3c-be86-de9c-a02b-3d0aeed77051,a6440bd2-5fcc-fb2f-446f-cefb5b5c8f85,AWS Certified Cloud Practitioner,Amazon Web Services,2026-01-06,2029-01-05,https://aws.amazon.com/certification/certified-cloud-practitioner/,2026-09-09 21:17:00
cfd516ed-3657-db52-cfbb-52ad5df82088,9b506ba9-bd65-8585-b7b1-02683eb3dacc,Google Data Analytics Professional Certificate,Google / Coursera,2025-04-24,,https://www.coursera.org/professional-certificates/google-data-analytics,2026-07-27 01:49:00
2fbd87f1-66e9-14f3-7900-8e3d2f8b5b51,d7e9913a-8571-5c04-6c8a-e6d348900797,Machine Learning Specialization,DeepLearning.AI / Coursera,2026-03-14,,https://www.coursera.org/specializations/machine-learning-introduction,2026-07-13 16:46:00
5372bb2f-0ec2-867a-c7ad-af0fdd4134c4,d7e9913a-8571-5c04-6c8a-e6d348900797,Certified Ethical Hacker (CEH),EC-Council,2025-05-21,2028-05-20,https://www.eccouncil.org/train-certify/certified-ethical-hacker-ceh/,2026-07-13 16:46:00
88752a14-7f81-0bea-372a-b288693c7660,e43c5d84-8208-4095-772e-0569517eec78,Tableau Desktop Specialist,Tableau / Salesforce,2025-10-24,,https://www.tableau.com/learn/certification,2026-09-08 11:21:00
f13d60a9-aedd-30c4-1187-faa4cbbcafc2,bd926e02-c136-61b5-cae0-9e51349dff9e,IBM Data Science Professional Certificate,IBM / Coursera,2024-12-10,,https://www.coursera.org/professional-certificates/ibm-data-science,2026-07-03 13:54:00
69e06b4e-eda6-39c6-69e4-876c0fb616cc,4fcff082-7f65-e558-2c5c-06d50d9a70f6,PCEP – Certified Entry-Level Python Programmer,Python Institute,2026-07-22,,https://pythoninstitute.org/pcep,2026-08-13 11:05:00
344ea7d6-9033-77eb-be10-4a064278c412,1077c425-96b3-322e-21eb-2b9ff5cbe547,Google Cloud Digital Leader,Google Cloud,2025-12-31,2028-12-30,https://cloud.google.com/learn/certification/cloud-digital-leader,2026-07-05 23:07:00
6505179b-5927-afed-6cb0-42f795527f1f,a5a45bb5-d5f9-0aa9-479f-eda07b3e02bf,Google Data Analytics Professional Certificate,Google / Coursera,2026-03-05,,https://www.coursera.org/professional-certificates/google-data-analytics,2026-09-13 10:26:00
40464f90-e54b-5fba-d7d7-fc6f26c0ab09,645c4a4c-cddb-04ba-7c51-a52911f0cbda,Google Cybersecurity Professional Certificate,Google / Coursera,2026-03-07,,https://www.coursera.org/professional-certificates/google-cybersecurity,2026-08-15 00:15:00
fc0f312d-ff35-1554-0cb0-1c6c67452d14,c0ab2ab1-a53b-e8d2-9f6f-416340743de5,Machine Learning Specialization,DeepLearning.AI / Coursera,2025-11-14,,https://www.coursera.org/specializations/machine-learning-introduction,2026-07-22 23:49:00
e12e1cdf-a184-5881-1999-3c10f0f66570,97e62b64-3f29-bcba-45a2-eb39f62795cf,Microsoft Certified: Azure Fundamentals (AZ-900),Microsoft,2024-12-11,,https://learn.microsoft.com/en-us/credentials/certifications/azure-fundamentals/,2026-09-19 04:19:00
e4669b20-e191-1991-33b2-d52b2b39261e,dd2817ab-1265-b1f3-d86d-40b31bbe3de1,Machine Learning Specialization,DeepLearning.AI / Coursera,2024-06-27,,https://www.coursera.org/specializations/machine-learning-introduction,2026-07-02 20:49:00
73fce5ce-fa05-ae29-9e13-4a09789d3ff9,b0c683a3-50ac-c518-3b64-b0bbf5565ce0,IBM Data Science Professional Certificate,IBM / Coursera,2025-05-25,,https://www.coursera.org/professional-certificates/ibm-data-science,2026-08-10 09:26:00
449f0721-f8e1-6bcf-9ac1-01996d973954,3ef4b024-0d51-6b86-caa6-942a3ccf76aa,PCEP – Certified Entry-Level Python Programmer,Python Institute,2025-11-23,,https://pythoninstitute.org/pcep,2026-07-10 17:21:00
99e69fad-f2fd-9016-437e-5b4d72aa7a42,06b73f50-78e6-bf71-c581-24ddd844c536,freeCodeCamp Responsive Web Design,freeCodeCamp,2024-01-26,,https://www.freecodecamp.org/learn/2022/responsive-web-design/,2026-07-28 17:43:00
66dd9d79-cdd2-51ce-4109-32a666e8d1c5,bb3fe22e-9f7a-5288-34bb-4a4de440d5d2,PCEP – Certified Entry-Level Python Programmer,Python Institute,2025-03-24,,https://pythoninstitute.org/pcep,2026-07-28 01:21:00
8853f4ae-69c9-de2e-49cb-a8ea5991dcaf,bb3fe22e-9f7a-5288-34bb-4a4de440d5d2,Meta Back-End Developer Professional Certificate,Meta / Coursera,2025-04-13,,https://www.coursera.org/professional-certificates/meta-back-end-developer,2026-07-28 01:21:00
7c169b1b-bd3e-e68a-6898-5b431eb00c19,25f26ec2-e3b6-ab7e-1f60-307de76032e0,Tableau Desktop Specialist,Tableau / Salesforce,2025-09-10,,https://www.tableau.com/learn/certification,2026-07-16 23:48:00
6b154a62-f309-bde1-c543-1625a8800920,cd394997-f3d7-4358-e635-35de32d24d98,Cisco Certified Network Associate (CCNA),Cisco,2025-05-22,2028-05-21,https://www.cisco.com/site/us/en/learn/training-certifications/certifications/enterprise/ccna/index.html,2026-09-09 16:35:00
19c16529-428f-9da9-3743-375dc7875904,9a3b143f-4076-8c67-f584-ca92fb9a8af6,HashiCorp Certified: Terraform Associate,HashiCorp,2026-07-19,2029-07-18,https://developer.hashicorp.com/certifications/infrastructure-automation,2026-08-31 14:36:00
672d1503-5ddc-f803-cf76-edfbc0e727b1,358185ef-22e4-20e4-ccdd-d246fe176c5d,Google Data Analytics Professional Certificate,Google / Coursera,2026-02-08,,https://www.coursera.org/professional-certificates/google-data-analytics,2026-09-15 22:05:00
8702ebb5-8498-572b-606c-e9621b96371d,e83d813f-5971-e87c-c61d-279a8fa4ae63,Meta Back-End Developer Professional Certificate,Meta / Coursera,2024-04-10,,https://www.coursera.org/professional-certificates/meta-back-end-developer,2026-09-09 05:51:00
baa0abfc-9b3b-5550-86f5-40acb16054f7,6de89843-7132-9e09-c024-f77de3a3ff9f,AWS Certified Solutions Architect – Associate,Amazon Web Services,2026-04-30,2029-04-29,https://aws.amazon.com/certification/certified-solutions-architect-associate/,2026-09-02 06:33:00
ab68b8c4-2f18-e851-a00e-087146b63fa2,e6464f90-4d98-55fa-7238-6fd056242c34,AWS Certified Cloud Practitioner,Amazon Web Services,2026-01-18,2029-01-17,https://aws.amazon.com/certification/certified-cloud-practitioner/,2026-08-08 13:16:00
cfc5481d-e481-dfa5-fc90-898a7543c648,ff322db4-0b64-7f7c-023b-7690528e6d95,"Oracle Certified Associate, Java SE Programmer",Oracle,2024-04-20,,https://education.oracle.com/,2026-08-28 14:55:00
5a91119e-1a74-7492-5e51-1cd95b235038,ecfbe796-7782-c3bd-bca3-639fa4e5e35d,Tableau Desktop Specialist,Tableau / Salesforce,2026-02-19,,https://www.tableau.com/learn/certification,2026-09-19 01:51:00
990ad07b-a0e0-a375-ef51-9f32267abbd0,2e77bc6b-4c55-3910-ec4a-c4ada5a6a1ea,AWS Certified Cloud Practitioner,Amazon Web Services,2025-07-17,2028-07-16,https://aws.amazon.com/certification/certified-cloud-practitioner/,2026-07-17 15:43:00
577cbea1-c55f-468f-9c40-1f8ecb59ee7a,c57f8661-b8da-092a-77b7-e03e8e7ef1b3,Google Cloud Digital Leader,Google Cloud,2025-02-26,2028-02-26,https://cloud.google.com/learn/certification/cloud-digital-leader,2026-07-23 09:30:00
c355c632-2c62-62e6-a22f-a6cac58175ee,62441ded-bb51-0585-730c-bb81cd9fcc41,AWS Certified Solutions Architect – Associate,Amazon Web Services,2025-07-16,2028-07-15,https://aws.amazon.com/certification/certified-solutions-architect-associate/,2026-09-03 07:23:00
aaa7add2-e772-f051-310c-f565898d1472,62441ded-bb51-0585-730c-bb81cd9fcc41,IBM Data Science Professional Certificate,IBM / Coursera,2025-04-19,,https://www.coursera.org/professional-certificates/ibm-data-science,2026-09-03 07:23:00
4fdfd4cb-7a4e-d029-a8c1-e94766066b20,c2315c2c-dd57-e1d5-187e-73078fc00386,Certified Kubernetes Administrator (CKA),CNCF / Linux Foundation,2025-06-11,2028-06-10,https://training.linuxfoundation.org/certification/certified-kubernetes-administrator-cka/,2026-07-14 14:48:00
b775c13b-00a9-a5bb-ae70-e011106584a7,c2315c2c-dd57-e1d5-187e-73078fc00386,IBM Data Science Professional Certificate,IBM / Coursera,2023-09-14,,https://www.coursera.org/professional-certificates/ibm-data-science,2026-07-14 14:48:00
098108dd-4549-42ba-679b-62cac29e32b0,6ebdf09c-0570-4cf4-ceb4-902be6c34b58,Machine Learning Specialization,DeepLearning.AI / Coursera,2025-06-06,,https://www.coursera.org/specializations/machine-learning-introduction,2026-09-04 05:37:00
ee34b453-64b2-f3d7-f399-403107da9e30,230751a6-828c-fe3f-f138-1fca35ec5524,IBM Data Science Professional Certificate,IBM / Coursera,2026-05-11,,https://www.coursera.org/professional-certificates/ibm-data-science,2026-09-02 17:21:00
5095a8c4-cd72-9029-94a6-8fd39bc2eae9,d11795f9-bfec-4ef0-3031-8f63c84a27a7,AWS Certified Solutions Architect – Associate,Amazon Web Services,2023-09-06,2026-09-05,https://aws.amazon.com/certification/certified-solutions-architect-associate/,2026-08-12 02:50:00
c0ca4b4f-ca47-56a9-46ae-47838a869bc2,988e43e4-388a-a966-bb7a-581cd64e5adc,Machine Learning Specialization,DeepLearning.AI / Coursera,2025-02-10,,https://www.coursera.org/specializations/machine-learning-introduction,2026-07-26 22:09:00
a5ec2a29-866f-8f20-7aae-0cb2e7567985,d968f5f2-599b-99dc-40e5-611517eb7934,"Oracle Certified Associate, Java SE Programmer",Oracle,2024-02-29,,https://education.oracle.com/,2026-09-12 21:29:00
9bb75963-5fc7-0e59-6ee2-02a161528451,484b0f36-637b-fa4c-6741-36dbd95dd58e,Certified Kubernetes Administrator (CKA),CNCF / Linux Foundation,2025-07-21,2028-07-20,https://training.linuxfoundation.org/certification/certified-kubernetes-administrator-cka/,2026-08-14 13:56:00
ffe36e11-5617-2374-da47-41db9264ef19,484b0f36-637b-fa4c-6741-36dbd95dd58e,PCEP – Certified Entry-Level Python Programmer,Python Institute,2024-12-17,,https://pythoninstitute.org/pcep,2026-08-14 13:56:00
9fc887f4-0b30-b61a-fefe-2f5dabeb3fc6,bc568d80-2cdf-60cb-558d-3c7e213790b9,IBM Data Science Professional Certificate,IBM / Coursera,2025-05-15,,https://www.coursera.org/professional-certificates/ibm-data-science,2026-09-11 13:55:00
ac4d5b32-58f1-4f7f-fb89-0d95b1c4b253,bc568d80-2cdf-60cb-558d-3c7e213790b9,Google Cybersecurity Professional Certificate,Google / Coursera,2024-02-26,,https://www.coursera.org/professional-certificates/google-cybersecurity,2026-09-11 13:55:00
aaf93a22-116f-f949-6251-56c8fe38a56b,2639936a-2380-1d03-6072-5968b8b0c8a1,CompTIA Security+,CompTIA,2025-01-27,2028-01-27,https://www.comptia.org/certifications/security,2026-07-20 06:56:00
bd8f0b06-da18-e569-1358-ba213e27373f,2639936a-2380-1d03-6072-5968b8b0c8a1,IBM Data Science Professional Certificate,IBM / Coursera,2024-09-09,,https://www.coursera.org/professional-certificates/ibm-data-science,2026-07-20 06:56:00
bd5e3f24-3f6c-f43e-98e9-48caa919986c,0287871b-2c3b-7bd7-a128-4ad8f43b9d54,Google Cloud Digital Leader,Google Cloud,2025-05-23,2028-05-22,https://cloud.google.com/learn/certification/cloud-digital-leader,2026-08-14 10:54:00
094d2acd-b734-c6a8-6d0e-4988d44ce88f,0287871b-2c3b-7bd7-a128-4ad8f43b9d54,AWS Certified Solutions Architect – Associate,Amazon Web Services,2024-03-03,2027-03-03,https://aws.amazon.com/certification/certified-solutions-architect-associate/,2026-08-14 10:54:00
15f71141-37ea-156c-2f0f-d0d01e54bff8,56ae8e0b-0129-1ea4-4c0c-50a15f8241cd,Meta Front-End Developer Professional Certificate,Meta / Coursera,2025-12-05,,https://www.coursera.org/professional-certificates/meta-front-end-developer,2026-07-28 07:31:00
634c2270-55dd-2d1d-0f1c-368c13d16166,be5a137d-797f-3de5-b5bb-d06ba8ff735f,IBM Data Science Professional Certificate,IBM / Coursera,2024-05-09,,https://www.coursera.org/professional-certificates/ibm-data-science,2026-08-31 01:58:00
83e5e3dd-117a-2161-2fb2-015d5948869c,c41527c3-d678-fc1a-4b2b-a98c77519457,Certified Kubernetes Administrator (CKA),CNCF / Linux Foundation,2025-12-30,2028-12-29,https://training.linuxfoundation.org/certification/certified-kubernetes-administrator-cka/,2026-08-06 15:24:00
4ba67cae-1bf5-b9ab-f05b-1638fffe6035,c41527c3-d678-fc1a-4b2b-a98c77519457,Microsoft Certified: Azure Fundamentals (AZ-900),Microsoft,2026-01-24,,https://learn.microsoft.com/en-us/credentials/certifications/azure-fundamentals/,2026-08-06 15:24:00
6df88872-a28f-6156-d907-370a47012a27,16c8994b-9dd2-a95c-5b9e-dad1a3e4a449,Google Cybersecurity Professional Certificate,Google / Coursera,2025-09-09,,https://www.coursera.org/professional-certificates/google-cybersecurity,2026-07-05 20:44:00
61c9ddd3-dcc3-2b4d-4991-3d7b195dd988,16c8994b-9dd2-a95c-5b9e-dad1a3e4a449,AWS Certified Cloud Practitioner,Amazon Web Services,2026-03-31,2029-03-30,https://aws.amazon.com/certification/certified-cloud-practitioner/,2026-07-05 20:44:00
815fb705-7746-fe6a-8622-f00183499ad3,1ace23b3-2f18-4f6b-5536-0ace1d895682,HashiCorp Certified: Terraform Associate,HashiCorp,2025-10-31,2028-10-30,https://developer.hashicorp.com/certifications/infrastructure-automation,2026-07-07 05:14:00
e2ea97a3-f557-473b-acb5-5097109c9902,1ace23b3-2f18-4f6b-5536-0ace1d895682,Docker Certified Associate,Docker / Mirantis,2024-05-13,,https://training.mirantis.com/,2026-07-07 05:14:00
b4b8eea2-f33d-76a6-de8e-7fb561a3ee72,1ace23b3-2f18-4f6b-5536-0ace1d895682,Google Cloud Digital Leader,Google Cloud,2025-08-01,2028-07-31,https://cloud.google.com/learn/certification/cloud-digital-leader,2026-07-07 05:14:00
6e6b7618-623b-7554-307e-34cd9c203e41,88a1fe98-8e31-d79e-965f-088f53fd0c28,AWS Certified Solutions Architect – Associate,Amazon Web Services,2025-08-22,2028-08-21,https://aws.amazon.com/certification/certified-solutions-architect-associate/,2026-08-16 12:11:00
5a665e46-7444-741c-4b48-c05283ebc3d3,42bf7d19-4e33-98ea-c794-7266b439dd64,IBM Data Science Professional Certificate,IBM / Coursera,2026-07-05,,https://www.coursera.org/professional-certificates/ibm-data-science,2026-07-15 09:46:00
d3e1e611-4616-21ee-bc04-17d9cc2ab4e8,8dddb93b-03b1-9335-8005-ff8c7c1ec437,Deep Learning Specialization,DeepLearning.AI / Coursera,2025-06-06,,https://www.coursera.org/specializations/deep-learning,2026-09-03 22:54:00
bd4bc3e7-177b-d86d-93dd-6082bfb5657b,2f00f2a5-b6d1-d455-cd2a-766372ed4969,Certified Kubernetes Administrator (CKA),CNCF / Linux Foundation,2026-06-13,2029-06-12,https://training.linuxfoundation.org/certification/certified-kubernetes-administrator-cka/,2026-09-10 17:12:00
c0dd2d12-50f3-f95b-7baf-6926a31fee29,2f00f2a5-b6d1-d455-cd2a-766372ed4969,PCEP – Certified Entry-Level Python Programmer,Python Institute,2025-02-09,,https://pythoninstitute.org/pcep,2026-09-10 17:12:00
9244b343-c90f-0089-5dc7-81cc94fb603f,598c2b92-af62-4b3c-d4b3-e7957ca06c39,AWS Certified Solutions Architect – Associate,Amazon Web Services,2025-09-01,2028-08-31,https://aws.amazon.com/certification/certified-solutions-architect-associate/,2026-08-29 08:56:00
e663f396-1c1d-20b6-6752-807f236ea4be,598c2b92-af62-4b3c-d4b3-e7957ca06c39,freeCodeCamp Responsive Web Design,freeCodeCamp,2025-12-22,,https://www.freecodecamp.org/learn/2022/responsive-web-design/,2026-08-29 08:56:00
3fe03820-2af2-28d8-ef03-559dce8a30bb,b542fef3-3029-aad5-9892-7da9e9565cf3,IBM Data Science Professional Certificate,IBM / Coursera,2025-01-02,,https://www.coursera.org/professional-certificates/ibm-data-science,2026-08-26 13:03:00
a525c7f0-7136-f35b-986c-6b85bf6975a5,b542fef3-3029-aad5-9892-7da9e9565cf3,Certified Kubernetes Administrator (CKA),CNCF / Linux Foundation,2024-10-23,2027-10-23,https://training.linuxfoundation.org/certification/certified-kubernetes-administrator-cka/,2026-08-26 13:03:00
3b336262-3981-fff3-6988-4266e53948dc,4d78f645-a838-9cdc-63a9-e65ebc2dde95,PCEP – Certified Entry-Level Python Programmer,Python Institute,2026-03-04,,https://pythoninstitute.org/pcep,2026-08-28 13:54:00
c150d068-a332-6656-4d75-6f6a5a7cc554,d890b5a9-66d6-d1cf-6ff5-7f51005fb918,Tableau Desktop Specialist,Tableau / Salesforce,2024-07-10,,https://www.tableau.com/learn/certification,2026-09-02 11:59:00
ccbc695d-45fb-02db-f0c2-e06ba6dea246,d890b5a9-66d6-d1cf-6ff5-7f51005fb918,IBM Data Science Professional Certificate,IBM / Coursera,2024-12-24,,https://www.coursera.org/professional-certificates/ibm-data-science,2026-09-02 11:59:00
88abd39f-1d1e-27c8-48d3-bb37358a05aa,3ceab818-439a-4f3f-8891-bfc53af3087e,PCEP – Certified Entry-Level Python Programmer,Python Institute,2025-03-19,,https://pythoninstitute.org/pcep,2026-08-12 00:22:00
8cf9965b-53c5-eb51-f477-25ef4c5af60b,6b8e64e3-4024-6b0c-2a61-568986ee0f88,HashiCorp Certified: Terraform Associate,HashiCorp,2025-10-31,2028-10-30,https://developer.hashicorp.com/certifications/infrastructure-automation,2026-08-21 02:19:00
3c83a231-973e-19f8-12d3-72afb8bd4f87,180c2747-08a9-7441-718a-f7f98f3e6f64,Tableau Desktop Specialist,Tableau / Salesforce,2024-05-26,,https://www.tableau.com/learn/certification,2026-09-03 04:45:00
27434e00-2990-35b1-1920-b97f12278759,6d68b5d0-57f5-674b-a37c-4d61a3b30306,Meta Front-End Developer Professional Certificate,Meta / Coursera,2023-12-14,,https://www.coursera.org/professional-certificates/meta-front-end-developer,2026-08-16 13:56:00
e5f878a2-beec-95fb-2b31-adac2ad611d7,cdd51693-02bd-0dfc-76c6-51077385d18f,IBM Data Science Professional Certificate,IBM / Coursera,2024-10-26,,https://www.coursera.org/professional-certificates/ibm-data-science,2026-08-31 19:14:00
04f26950-4c71-9c69-80de-f31b70c1dec6,cdd51693-02bd-0dfc-76c6-51077385d18f,Deep Learning Specialization,DeepLearning.AI / Coursera,2026-06-23,,https://www.coursera.org/specializations/deep-learning,2026-08-31 19:14:00
6202fb1f-5c3b-b037-7241-df4209d7a74d,cdd51693-02bd-0dfc-76c6-51077385d18f,Docker Certified Associate,Docker / Mirantis,2026-07-02,,https://training.mirantis.com/,2026-08-31 19:14:00
690ec59d-5edf-b7db-10bc-332107e2b6e5,20589488-c33a-3021-a7fa-17b259ad6801,PCEP – Certified Entry-Level Python Programmer,Python Institute,2025-03-18,,https://pythoninstitute.org/pcep,2026-08-06 02:42:00
bfb30823-b186-8ef6-92e8-7f68b21baead,20589488-c33a-3021-a7fa-17b259ad6801,Machine Learning Specialization,DeepLearning.AI / Coursera,2024-05-25,,https://www.coursera.org/specializations/machine-learning-introduction,2026-08-06 02:42:00
661e63a9-f99f-0877-3751-b6a633f9baad,f2bf0eb9-203d-6b3d-6173-5935f642ad0a,AWS Certified Solutions Architect – Associate,Amazon Web Services,2026-04-18,2029-04-17,https://aws.amazon.com/certification/certified-solutions-architect-associate/,2026-07-06 02:56:00
ec428712-203e-8729-bfa9-04f3fcecfc40,34a25709-abe1-1652-cdf8-9ffe4ff18709,Docker Certified Associate,Docker / Mirantis,2025-12-18,,https://training.mirantis.com/,2026-07-29 05:54:00
c20bfc5b-1e09-bc55-275f-cdc471222c69,5ca6ea42-0eed-2f2e-54d9-d8881bc1c5b1,Certified Kubernetes Administrator (CKA),CNCF / Linux Foundation,2026-07-06,2029-07-05,https://training.linuxfoundation.org/certification/certified-kubernetes-administrator-cka/,2026-08-05 02:31:00
3b279de9-f9ed-79b9-ead1-8f44f702df56,1e6f827c-d44a-9cf3-f88d-74b1f50cb595,Microsoft Certified: Power BI Data Analyst Associate (PL-300),Microsoft,2025-05-16,,https://learn.microsoft.com/en-us/credentials/certifications/data-analyst-associate/,2026-08-22 14:17:00
f17b0688-7267-cef3-4063-357e7b547221,1e6f827c-d44a-9cf3-f88d-74b1f50cb595,HashiCorp Certified: Terraform Associate,HashiCorp,2025-08-25,2028-08-24,https://developer.hashicorp.com/certifications/infrastructure-automation,2026-08-22 14:17:00
0dcce5f9-8148-815b-950a-a162263384e7,a8b2e1ef-7906-71e6-26e2-7803957a7fa4,Microsoft Certified: Azure Fundamentals (AZ-900),Microsoft,2025-05-23,,https://learn.microsoft.com/en-us/credentials/certifications/azure-fundamentals/,2026-08-29 12:21:00
02614114-e26b-1bc4-2634-dc382dd2e82a,a8b2e1ef-7906-71e6-26e2-7803957a7fa4,Google Cybersecurity Professional Certificate,Google / Coursera,2024-04-02,,https://www.coursera.org/professional-certificates/google-cybersecurity,2026-08-29 12:21:00
534183f3-303b-5c8c-642b-552e65924ea2,f0ba4a33-b857-15e9-4e3b-b717f1e97272,Google Cybersecurity Professional Certificate,Google / Coursera,2023-09-15,,https://www.coursera.org/professional-certificates/google-cybersecurity,2026-07-01 20:57:00
dadd255e-5d18-9d92-492b-f36058dc46a9,f0ba4a33-b857-15e9-4e3b-b717f1e97272,Certified Ethical Hacker (CEH),EC-Council,2025-07-07,2028-07-06,https://www.eccouncil.org/train-certify/certified-ethical-hacker-ceh/,2026-07-01 20:57:00
7ca19344-4b6c-a200-9d87-60a08715fdba,c7eaec37-4ff3-d074-a982-8d21b69679ba,PCEP – Certified Entry-Level Python Programmer,Python Institute,2026-02-06,,https://pythoninstitute.org/pcep,2026-08-25 08:12:00
4924d1d3-95a6-3edc-f63b-b181c84f1d56,523f9271-4580-aa8f-c657-d36dd20f8623,Meta Back-End Developer Professional Certificate,Meta / Coursera,2026-03-12,,https://www.coursera.org/professional-certificates/meta-back-end-developer,2026-09-09 02:35:00
250e96a5-9684-fa0a-203b-af724ebc56ad,acac2065-4deb-8463-fcdd-08a302ac985a,Machine Learning Specialization,DeepLearning.AI / Coursera,2025-10-23,,https://www.coursera.org/specializations/machine-learning-introduction,2026-07-24 11:53:00
5acec938-6d8d-d860-0cbd-9e253b4cac58,8e54904e-275f-2c9d-e351-3dea785ed0f0,Machine Learning Specialization,DeepLearning.AI / Coursera,2025-08-07,,https://www.coursera.org/specializations/machine-learning-introduction,2026-07-26 14:07:00
ffee7db3-68b3-ffab-5ac7-7347e468c943,f5be6850-ec69-31f4-2d4e-b0fb827ac0df,AWS Certified Solutions Architect – Associate,Amazon Web Services,2026-06-05,2029-06-04,https://aws.amazon.com/certification/certified-solutions-architect-associate/,2026-08-17 20:45:00
4e86891f-9ad7-af9e-82d4-625c877072c4,ca4b4079-5c16-fd53-c8de-ca6a3065c055,PCEP – Certified Entry-Level Python Programmer,Python Institute,2025-11-22,,https://pythoninstitute.org/pcep,2026-07-29 16:59:00
4460f59b-502a-2b30-aaef-83217c28d696,94388ac8-3548-dd0a-c344-5ff491282b6a,CompTIA Security+,CompTIA,2025-09-22,2028-09-21,https://www.comptia.org/certifications/security,2026-08-06 02:49:00
7f606ad1-cb49-7c61-b130-061658b1f99e,ac7fb014-8b33-b874-576e-78dd7a1039b2,Google Cloud Digital Leader,Google Cloud,2026-04-12,2029-04-11,https://cloud.google.com/learn/certification/cloud-digital-leader,2026-09-15 21:30:00
2cde5dbd-4ea6-9fe4-86f1-2c76f92a8bb6,ac7fb014-8b33-b874-576e-78dd7a1039b2,HashiCorp Certified: Terraform Associate,HashiCorp,2026-04-01,2029-03-31,https://developer.hashicorp.com/certifications/infrastructure-automation,2026-09-15 21:30:00
4752851c-8744-f51a-9049-6306bfbe166b,b136d3d9-6d7a-a1de-6f72-3c4f4a5ae35d,Microsoft Certified: Power BI Data Analyst Associate (PL-300),Microsoft,2025-07-23,,https://learn.microsoft.com/en-us/credentials/certifications/data-analyst-associate/,2026-07-10 16:15:00
1c22bdbc-3311-0b9e-abc6-68c1da107663,b136d3d9-6d7a-a1de-6f72-3c4f4a5ae35d,AWS Certified Solutions Architect – Associate,Amazon Web Services,2024-08-22,2027-08-22,https://aws.amazon.com/certification/certified-solutions-architect-associate/,2026-07-10 16:15:00
b87d757d-12f7-8d62-dd59-1a90072d6df1,74f3e23a-5680-0f63-952a-4f2eca1c92db,Google Data Analytics Professional Certificate,Google / Coursera,2026-06-23,,https://www.coursera.org/professional-certificates/google-data-analytics,2026-07-29 03:07:00
d59fde41-968e-c2f4-6a7e-6b0f820c5d1d,aa071117-4f27-25dc-413c-00cbbc8bde70,Google Data Analytics Professional Certificate,Google / Coursera,2026-06-18,,https://www.coursera.org/professional-certificates/google-data-analytics,2026-07-28 04:58:00
8785cf4e-e56e-97df-5b57-5eece1f15023,aa071117-4f27-25dc-413c-00cbbc8bde70,Certified Kubernetes Administrator (CKA),CNCF / Linux Foundation,2025-09-17,2028-09-16,https://training.linuxfoundation.org/certification/certified-kubernetes-administrator-cka/,2026-07-28 04:58:00
9e0bd1e3-00b1-0807-3a96-7169ba0a689a,3bff0848-fbee-0489-eaa9-2528245e5d86,Meta Back-End Developer Professional Certificate,Meta / Coursera,2026-05-28,,https://www.coursera.org/professional-certificates/meta-back-end-developer,2026-09-12 13:22:00
5ea2e707-3bcb-5a84-9940-1eb1848830f5,3bff0848-fbee-0489-eaa9-2528245e5d86,Splunk Core Certified User,Splunk,2025-04-08,,https://www.splunk.com/en_us/training/certification-track/splunk-core-certified-user.html,2026-09-12 13:22:00
d7b877dc-8e1c-d38b-01cd-8ec7110d217e,bba0d62a-8823-c16d-9622-048e1f0677ec,freeCodeCamp Responsive Web Design,freeCodeCamp,2025-04-26,,https://www.freecodecamp.org/learn/2022/responsive-web-design/,2026-08-25 16:50:00
dbfee062-e453-73a4-bbe5-fa33ab0d5875,54f99423-c031-b595-9da5-1ad41c250a3d,Google Data Analytics Professional Certificate,Google / Coursera,2026-03-29,,https://www.coursera.org/professional-certificates/google-data-analytics,2026-07-06 22:18:00
8c40cbe4-3e16-f3b6-76fc-bc71b1d5e95f,18731c62-1b9c-063e-e781-52b711c04d44,Meta Back-End Developer Professional Certificate,Meta / Coursera,2025-12-21,,https://www.coursera.org/professional-certificates/meta-back-end-developer,2026-07-19 20:43:00
6caa083a-e206-90ee-24fb-027bcc2c8b9a,3a05f6fc-19dd-e270-0025-dcfee8c42b26,Google Data Analytics Professional Certificate,Google / Coursera,2025-08-07,,https://www.coursera.org/professional-certificates/google-data-analytics,2026-07-29 20:39:00
0a3c97fe-a092-6c1c-1ca4-00c206480a3e,1f1be737-4d58-0a4b-bb7d-4fdb299f8155,PCEP – Certified Entry-Level Python Programmer,Python Institute,2025-10-17,,https://pythoninstitute.org/pcep,2026-09-08 22:18:00
bbdd7e1c-0289-6a02-8b83-0d2a9fff5dae,1f1be737-4d58-0a4b-bb7d-4fdb299f8155,Google Cybersecurity Professional Certificate,Google / Coursera,2026-01-27,,https://www.coursera.org/professional-certificates/google-cybersecurity,2026-09-08 22:18:00
275d3e51-c384-d035-2929-412f0ef53b6f,b081e96f-b237-516a-189d-9f95ce0a231a,Certified Kubernetes Administrator (CKA),CNCF / Linux Foundation,2026-04-27,2029-04-26,https://training.linuxfoundation.org/certification/certified-kubernetes-administrator-cka/,2026-07-28 17:20:00
e4dff0ca-ec7d-0669-2766-0d4a4e2797d5,cfba39ba-09ef-0b98-b16e-faeb285e1f6d,AWS Certified Cloud Practitioner,Amazon Web Services,2026-06-10,2029-06-09,https://aws.amazon.com/certification/certified-cloud-practitioner/,2026-08-30 06:33:00
7196a67d-3490-9efa-b25c-2a7a576718a3,d3df1a76-3548-3cde-a0f4-324b8d6dcc3a,Google Cloud Digital Leader,Google Cloud,2024-02-14,2027-02-13,https://cloud.google.com/learn/certification/cloud-digital-leader,2026-07-06 02:01:00
f22e1e6c-3f0d-019f-2e10-61af7fe1c21c,d3df1a76-3548-3cde-a0f4-324b8d6dcc3a,HashiCorp Certified: Terraform Associate,HashiCorp,2025-01-12,2028-01-12,https://developer.hashicorp.com/certifications/infrastructure-automation,2026-07-06 02:01:00
f55e8c9a-e4df-ecbb-d5d8-0ad061818f37,d00165e6-a9bd-f907-4ad1-f38df5d9cb01,Machine Learning Specialization,DeepLearning.AI / Coursera,2025-01-26,,https://www.coursera.org/specializations/machine-learning-introduction,2026-07-22 17:16:00
5ba96f1c-6407-c936-d03d-888007955ebb,38055572-30e3-e613-4a96-223ae9e61247,Certified Ethical Hacker (CEH),EC-Council,2024-07-10,2027-07-10,https://www.eccouncil.org/train-certify/certified-ethical-hacker-ceh/,2026-07-11 18:34:00
cb971b1f-a047-3863-7db3-83ca7de7cc73,38055572-30e3-e613-4a96-223ae9e61247,Google Cloud Digital Leader,Google Cloud,2024-01-31,2027-01-30,https://cloud.google.com/learn/certification/cloud-digital-leader,2026-07-11 18:34:00
18f81d0e-b9fc-cc2e-baa3-1a0bcba74bd2,1b943d9e-2064-d680-a1ba-16573a50a863,Google Data Analytics Professional Certificate,Google / Coursera,2025-09-06,,https://www.coursera.org/professional-certificates/google-data-analytics,2026-08-18 09:47:00
23c9c7dd-3c27-4722-7aba-8e28a5334a4f,5f0fdc55-1c52-2183-13bf-ff23cbd6add0,Google Cloud Digital Leader,Google Cloud,2025-02-16,2028-02-16,https://cloud.google.com/learn/certification/cloud-digital-leader,2026-08-22 23:30:00
aadd8c60-a107-324f-a5e1-e259a75d2cfc,5f0fdc55-1c52-2183-13bf-ff23cbd6add0,Cisco Certified Network Associate (CCNA),Cisco,2025-05-25,2028-05-24,https://www.cisco.com/site/us/en/learn/training-certifications/certifications/enterprise/ccna/index.html,2026-08-22 23:30:00
fad259df-c708-be8b-6aba-a69113e9627b,5f0fdc55-1c52-2183-13bf-ff23cbd6add0,Certified Ethical Hacker (CEH),EC-Council,2026-01-11,2029-01-10,https://www.eccouncil.org/train-certify/certified-ethical-hacker-ceh/,2026-08-22 23:30:00
80b902e8-e700-cd0c-0333-8ca362945333,9995ccce-837c-a947-c281-963f1f02affb,HashiCorp Certified: Terraform Associate,HashiCorp,2024-07-11,2027-07-11,https://developer.hashicorp.com/certifications/infrastructure-automation,2026-08-21 20:28:00
a1098cde-a8f1-415b-d865-cbbc7d7b9e1f,9995ccce-837c-a947-c281-963f1f02affb,AWS Certified Cloud Practitioner,Amazon Web Services,2024-04-03,2027-04-03,https://aws.amazon.com/certification/certified-cloud-practitioner/,2026-08-21 20:28:00
a3a9b2f3-6f3c-cc2d-676b-24e90f84e0be,dde5644d-22d3-2d19-cabb-419f4e4f1c58,Meta Back-End Developer Professional Certificate,Meta / Coursera,2025-09-02,,https://www.coursera.org/professional-certificates/meta-back-end-developer,2026-07-02 15:17:00
3e5329b1-c0fb-09a5-6665-29e4c25662f3,45ed797e-8023-635a-580e-e0811abaad08,Microsoft Certified: Power BI Data Analyst Associate (PL-300),Microsoft,2026-06-24,,https://learn.microsoft.com/en-us/credentials/certifications/data-analyst-associate/,2026-07-26 15:25:00
55c73bc7-9898-fbb2-3481-a69305255a60,dbb7aafe-f5a7-dc84-3814-989d3c82905e,PCEP – Certified Entry-Level Python Programmer,Python Institute,2026-06-27,,https://pythoninstitute.org/pcep,2026-08-02 18:54:00
cae75b9b-8bdd-d4c3-dbd5-fda94ec6716d,a572262f-eccc-5fc5-6725-eb561e81417c,Google Data Analytics Professional Certificate,Google / Coursera,2026-04-23,,https://www.coursera.org/professional-certificates/google-data-analytics,2026-07-15 23:26:00
1a8b12a8-779b-891b-6f67-d9318fdc3882,2a4ff62c-8449-3a0b-53ea-a7c5638bb9e5,Certified Kubernetes Administrator (CKA),CNCF / Linux Foundation,2024-11-11,2027-11-11,https://training.linuxfoundation.org/certification/certified-kubernetes-administrator-cka/,2026-08-21 18:18:00
a2943dc4-2288-8011-ac6c-5e6005d86e98,80196cb9-aa22-26dd-5a56-dd5617a2c774,Google Cybersecurity Professional Certificate,Google / Coursera,2025-10-06,,https://www.coursera.org/professional-certificates/google-cybersecurity,2026-09-11 12:04:00
8ad263fe-2aba-2eb6-280c-a7880ce90d76,d5c922b1-a5a4-9ad2-f0f2-9e369bda38d3,Google Data Analytics Professional Certificate,Google / Coursera,2025-10-02,,https://www.coursera.org/professional-certificates/google-data-analytics,2026-07-30 23:30:00
576c215d-3872-7081-a510-c9a45e5b66b6,3a83365f-1a54-16f8-59c8-cc11817fdfa6,Microsoft Office Specialist: Excel Associate,Microsoft,2024-12-10,,https://learn.microsoft.com/en-us/credentials/,2026-07-26 07:16:00
cd27230c-cffe-82c5-e05f-7fe951e709fe,0a9c93a4-5bce-5c5b-e1d5-50407bfc69fc,IBM Data Science Professional Certificate,IBM / Coursera,2026-07-20,,https://www.coursera.org/professional-certificates/ibm-data-science,2026-08-10 03:14:00
8dc4c7ae-ba6f-90e7-3575-f96fba6f95c8,65d31487-adf6-6bc9-977b-da5d9c31bcb5,Meta Front-End Developer Professional Certificate,Meta / Coursera,2024-06-08,,https://www.coursera.org/professional-certificates/meta-front-end-developer,2026-07-19 13:08:00
1b24889a-d048-4004-8e75-3d44877542ab,65d31487-adf6-6bc9-977b-da5d9c31bcb5,Meta Back-End Developer Professional Certificate,Meta / Coursera,2023-10-19,,https://www.coursera.org/professional-certificates/meta-back-end-developer,2026-07-19 13:08:00
38ed67aa-af38-eba3-b63d-0cf3f2e16cf3,b4329ee5-ecf9-998a-a5fd-f5f01e232f65,Meta Front-End Developer Professional Certificate,Meta / Coursera,2026-02-19,,https://www.coursera.org/professional-certificates/meta-front-end-developer,2026-07-11 05:29:00
e55cc8c0-8088-3956-e673-56fb86ee38f0,da0fc0d2-ed5f-1907-4377-eb348ad1f732,Google Data Analytics Professional Certificate,Google / Coursera,2025-05-21,,https://www.coursera.org/professional-certificates/google-data-analytics,2026-09-03 18:28:00
a94f2699-c158-73e3-0d59-b53694adb93e,568a4fe4-8a1a-b2da-2b98-8ea7d9426584,AWS Certified Solutions Architect – Associate,Amazon Web Services,2026-02-01,2029-01-31,https://aws.amazon.com/certification/certified-solutions-architect-associate/,2026-07-24 11:56:00
d36a49c0-0c7a-0e46-724c-4043f9a1917a,fae9bb1b-8e89-4d9b-1b13-01bf49eb9924,Machine Learning Specialization,DeepLearning.AI / Coursera,2026-01-16,,https://www.coursera.org/specializations/machine-learning-introduction,2026-07-10 13:16:00
509621b5-8a0b-9c9c-b77e-f23d10004767,b130d55b-949f-f9fa-1275-b6f0cb30931d,IBM Data Science Professional Certificate,IBM / Coursera,2024-07-16,,https://www.coursera.org/professional-certificates/ibm-data-science,2026-07-11 04:35:00
ce6e5d88-9277-3091-7983-8aa305ac625c,b130d55b-949f-f9fa-1275-b6f0cb30931d,Google Cloud Digital Leader,Google Cloud,2024-04-02,2027-04-02,https://cloud.google.com/learn/certification/cloud-digital-leader,2026-07-11 04:35:00
f93c142f-48ee-2bd3-79f5-82dcb797589d,fe06679b-840d-450e-5edc-301db767e411,Microsoft Office Specialist: Excel Associate,Microsoft,2025-05-20,,https://learn.microsoft.com/en-us/credentials/,2026-08-26 02:52:00
1aede245-2d81-92df-b794-569ddb5f3cff,0366c9bf-13bb-be2c-db23-01de2bfc5083,PCEP – Certified Entry-Level Python Programmer,Python Institute,2024-01-24,,https://pythoninstitute.org/pcep,2026-07-26 01:53:00
ee792f31-69cd-3945-b7b3-6fa971c46ba9,9173d834-0d53-257b-67e5-9a262fbcbd43,Deep Learning Specialization,DeepLearning.AI / Coursera,2025-02-21,,https://www.coursera.org/specializations/deep-learning,2026-08-26 02:25:00
7c63c830-11a7-3d49-ba74-b19d801b11de,f526130c-0496-e7fa-376a-ba075854d43c,Meta Back-End Developer Professional Certificate,Meta / Coursera,2026-02-25,,https://www.coursera.org/professional-certificates/meta-back-end-developer,2026-08-09 05:53:00
1f51a0fe-74fb-4a74-2d0a-85103c58aaa5,6eb38e45-6297-79ad-a843-af0d2951eb15,Google Data Analytics Professional Certificate,Google / Coursera,2026-02-24,,https://www.coursera.org/professional-certificates/google-data-analytics,2026-08-18 16:32:00
b63e1127-a7cc-3573-bce7-4aa4dd5e34df,c95e2596-f92f-dc65-7c7b-8fc0f815ac0b,Microsoft Certified: Power BI Data Analyst Associate (PL-300),Microsoft,2024-08-19,,https://learn.microsoft.com/en-us/credentials/certifications/data-analyst-associate/,2026-07-18 11:53:00
8061af50-8a95-be7a-8818-45c16e1074e4,c95e2596-f92f-dc65-7c7b-8fc0f815ac0b,Meta Back-End Developer Professional Certificate,Meta / Coursera,2026-06-08,,https://www.coursera.org/professional-certificates/meta-back-end-developer,2026-07-18 11:53:00
9df5842b-2b22-2ec3-fdab-e69d72ac9113,46411417-a0e4-54d7-0071-3ea31b73d61f,PCEP – Certified Entry-Level Python Programmer,Python Institute,2025-01-26,,https://pythoninstitute.org/pcep,2026-07-02 09:13:00
36bdd196-2524-2e8f-4a1e-bcd2d5663067,6bd33a24-73a8-06a3-e5e9-17c5b23d087e,Splunk Core Certified User,Splunk,2024-03-01,,https://www.splunk.com/en_us/training/certification-track/splunk-core-certified-user.html,2026-07-06 17:38:00
d2b366e7-31db-d033-82a8-8c1e6139c77d,6fa0a8ba-a9cf-d4c0-36d5-e50df426f458,PCEP – Certified Entry-Level Python Programmer,Python Institute,2024-11-05,,https://pythoninstitute.org/pcep,2026-08-28 10:00:00
6d2c50d8-ef61-d180-4bb5-e571d67e7379,68a41b68-c0b3-fdc4-c594-003d4403087a,Google Data Analytics Professional Certificate,Google / Coursera,2024-09-01,,https://www.coursera.org/professional-certificates/google-data-analytics,2026-07-03 02:22:00
0382356a-78b3-bc0d-4950-e1e49fc3778c,68a41b68-c0b3-fdc4-c594-003d4403087a,PCEP – Certified Entry-Level Python Programmer,Python Institute,2024-10-25,,https://pythoninstitute.org/pcep,2026-07-03 02:22:00
4a134a34-aa3e-2ee9-9ac6-edb475d62e67,bdfa6473-850b-81c7-826c-8a9f93c925a7,IBM Data Science Professional Certificate,IBM / Coursera,2026-07-27,,https://www.coursera.org/professional-certificates/ibm-data-science,2026-07-27 16:30:00
7d6eae6d-08e0-61ad-65e4-6f06b324a29e,282c3cb2-9608-62d1-8e9c-aef28bebc451,PCEP – Certified Entry-Level Python Programmer,Python Institute,2026-04-27,,https://pythoninstitute.org/pcep,2026-07-11 23:16:00
fa3ec2a4-8d31-fb54-1c1e-f168101ef3cb,f4e42117-e7f9-e3b3-6801-9a9d4492c9c4,Meta Front-End Developer Professional Certificate,Meta / Coursera,2025-12-04,,https://www.coursera.org/professional-certificates/meta-front-end-developer,2026-08-17 15:23:00
2d92343a-1b84-5c15-27f8-4f2e6ad2c242,f4e42117-e7f9-e3b3-6801-9a9d4492c9c4,Google Data Analytics Professional Certificate,Google / Coursera,2024-07-25,,https://www.coursera.org/professional-certificates/google-data-analytics,2026-08-17 15:23:00
3f86cd57-0b5f-fb94-9726-098ac74630a6,9a15eed7-cac4-d7b3-5327-fad63440fa6e,Docker Certified Associate,Docker / Mirantis,2025-03-27,,https://training.mirantis.com/,2026-09-12 14:35:00
cb5e7ef4-47db-88d4-3b33-5d404b95aa39,2fab90ac-2883-32f9-3b60-fd369f7c8b71,Microsoft Certified: Power BI Data Analyst Associate (PL-300),Microsoft,2026-07-23,,https://learn.microsoft.com/en-us/credentials/certifications/data-analyst-associate/,2026-07-23 19:48:00
1adace80-fe02-2bd3-dbeb-d1cf1cccabc8,2fab90ac-2883-32f9-3b60-fd369f7c8b71,Tableau Desktop Specialist,Tableau / Salesforce,2025-01-17,,https://www.tableau.com/learn/certification,2026-07-23 19:48:00
8c98f1d2-fc3e-7767-9d0c-3b710b2c9383,a8cab387-4c90-ed8a-5ac8-bfba8bbb48f4,Machine Learning Specialization,DeepLearning.AI / Coursera,2025-10-07,,https://www.coursera.org/specializations/machine-learning-introduction,2026-07-02 06:14:00
b7883196-f1bd-af82-467a-1030cd29126e,e65d0df8-0bff-0faa-9d8f-4eaf97faf214,PCEP – Certified Entry-Level Python Programmer,Python Institute,2025-10-07,,https://pythoninstitute.org/pcep,2026-08-14 22:48:00
3b1ec765-3049-74ce-7f57-33f8ee4856af,0e96db11-7480-b47a-e6a3-2c4f10083bf3,IBM Data Science Professional Certificate,IBM / Coursera,2026-04-26,,https://www.coursera.org/professional-certificates/ibm-data-science,2026-08-09 08:31:00
3516183d-a0cc-828c-72c0-ecabe5080865,26bc7ead-c571-901b-f0eb-8d8bfaa5ccfc,IBM Data Science Professional Certificate,IBM / Coursera,2024-12-20,,https://www.coursera.org/professional-certificates/ibm-data-science,2026-07-20 14:23:00
d6d92a08-8e67-ad45-4806-8322cf36f5a9,a088044f-0193-a5fb-88e4-159fb181a616,Certified Kubernetes Administrator (CKA),CNCF / Linux Foundation,2023-11-20,2026-11-19,https://training.linuxfoundation.org/certification/certified-kubernetes-administrator-cka/,2026-07-19 08:24:00
d53706ff-37db-874c-7a38-a8977005e87e,6e774e4a-0066-0918-9589-2741dc495cc2,Machine Learning Specialization,DeepLearning.AI / Coursera,2025-09-21,,https://www.coursera.org/specializations/machine-learning-introduction,2026-08-08 18:03:00
a567d2ba-b31c-f99c-9884-a23033d1342f,6e774e4a-0066-0918-9589-2741dc495cc2,freeCodeCamp Responsive Web Design,freeCodeCamp,2026-02-18,,https://www.freecodecamp.org/learn/2022/responsive-web-design/,2026-08-08 18:03:00
fede030d-85b2-26af-d098-5fb6bca0caab,6e774e4a-0066-0918-9589-2741dc495cc2,Meta Back-End Developer Professional Certificate,Meta / Coursera,2025-02-11,,https://www.coursera.org/professional-certificates/meta-back-end-developer,2026-08-08 18:03:00
a0fb0de5-c39f-6999-c18e-9807bae9ceb0,e87dda8e-3771-6e70-dee7-82c361868474,AWS Certified Solutions Architect – Associate,Amazon Web Services,2025-09-21,2028-09-20,https://aws.amazon.com/certification/certified-solutions-architect-associate/,2026-08-19 20:49:00
77d66cfa-c26c-e2ba-2837-1dfba293c9fd,968bf267-4d48-f3bd-6ba6-9c3941246451,Meta Back-End Developer Professional Certificate,Meta / Coursera,2026-04-09,,https://www.coursera.org/professional-certificates/meta-back-end-developer,2026-09-03 06:48:00
91b22c78-9677-1d59-1d44-6609fb1d638c,968bf267-4d48-f3bd-6ba6-9c3941246451,PCEP – Certified Entry-Level Python Programmer,Python Institute,2026-04-23,,https://pythoninstitute.org/pcep,2026-09-03 06:48:00
b4ddf25d-6470-b105-9e1f-9b3712940755,35d1fec4-db1d-00fb-edcb-f9e024e440c3,IBM Data Science Professional Certificate,IBM / Coursera,2026-05-20,,https://www.coursera.org/professional-certificates/ibm-data-science,2026-09-20 07:05:00
f0e28272-4a4c-ac2d-de4c-9573da34e69e,b5395db1-8248-73ee-f7c2-860fa99615bf,AWS Certified Solutions Architect – Associate,Amazon Web Services,2025-08-05,2028-08-04,https://aws.amazon.com/certification/certified-solutions-architect-associate/,2026-09-13 22:55:00
71ecb41c-08ee-7e62-c2cd-e9c0966d954d,b5395db1-8248-73ee-f7c2-860fa99615bf,Cisco Certified Network Associate (CCNA),Cisco,2025-12-28,2028-12-27,https://www.cisco.com/site/us/en/learn/training-certifications/certifications/enterprise/ccna/index.html,2026-09-13 22:55:00
cbe87f01-e086-22ae-5c0c-ca8606cbb899,7ceffc32-4aa1-327e-d05e-beaff4cb0d63,Machine Learning Specialization,DeepLearning.AI / Coursera,2026-05-29,,https://www.coursera.org/specializations/machine-learning-introduction,2026-09-13 17:47:00
cfc25a89-cbf5-4618-847b-caeea55ce0db,cbae3fd4-f0c4-8e2b-2f2c-9ce8ed94172e,Google Cloud Digital Leader,Google Cloud,2025-09-28,2028-09-27,https://cloud.google.com/learn/certification/cloud-digital-leader,2026-08-02 14:54:00
dc1bf011-f81f-89c2-7277-b1c7126cc10b,cbae3fd4-f0c4-8e2b-2f2c-9ce8ed94172e,Certified Kubernetes Administrator (CKA),CNCF / Linux Foundation,2024-07-07,2027-07-07,https://training.linuxfoundation.org/certification/certified-kubernetes-administrator-cka/,2026-08-02 14:54:00
c10cfee5-526c-eb5b-2048-9a82eb7bcb2c,5227c5e5-2d79-94bd-ee55-a9f11ec6ab2b,AWS Certified Solutions Architect – Associate,Amazon Web Services,2025-05-30,2028-05-29,https://aws.amazon.com/certification/certified-solutions-architect-associate/,2026-07-19 15:55:00
992334e6-dffb-9bca-308c-e92f10df4e62,6e6d481a-97fb-08ab-8216-483f3cdd3753,Tableau Desktop Specialist,Tableau / Salesforce,2025-06-13,,https://www.tableau.com/learn/certification,2026-07-10 04:30:00
a59d4c2f-8a24-564f-bcf3-50111e19d65c,1dccb4f5-cb60-6917-226f-0e546dae130b,IBM Data Science Professional Certificate,IBM / Coursera,2025-12-26,,https://www.coursera.org/professional-certificates/ibm-data-science,2026-09-11 03:16:00
b35d871c-3e05-84cb-aa4a-dfbc2de13fbb,1dccb4f5-cb60-6917-226f-0e546dae130b,Meta Back-End Developer Professional Certificate,Meta / Coursera,2026-05-12,,https://www.coursera.org/professional-certificates/meta-back-end-developer,2026-09-11 03:16:00
db38306e-684b-e7c0-847d-3688de7334e3,913da4dc-1f25-852b-635b-b1be62bd5495,IBM Data Science Professional Certificate,IBM / Coursera,2026-05-14,,https://www.coursera.org/professional-certificates/ibm-data-science,2026-08-05 01:57:00
1d61066f-c8b8-6752-2293-761176c68f2e,f6770ec8-8d6e-393a-8a73-118528234a9e,Meta Back-End Developer Professional Certificate,Meta / Coursera,2024-07-08,,https://www.coursera.org/professional-certificates/meta-back-end-developer,2026-09-07 07:22:00
a827ba7e-6491-ba50-acd6-2f6ee95e74c4,c47b35f5-7f9d-e04b-8be5-ee985be50086,AWS Certified Solutions Architect – Associate,Amazon Web Services,2026-02-12,2029-02-11,https://aws.amazon.com/certification/certified-solutions-architect-associate/,2026-08-06 16:47:00
6f7876d5-cc4c-588d-9a7b-8f2fc1741efd,c47b35f5-7f9d-e04b-8be5-ee985be50086,Meta Back-End Developer Professional Certificate,Meta / Coursera,2024-08-20,,https://www.coursera.org/professional-certificates/meta-back-end-developer,2026-08-06 16:47:00
912ad32b-2525-7e3a-a0eb-4b44eba8e712,5b887512-8336-46a1-3358-d7dc878ee813,Certified Kubernetes Administrator (CKA),CNCF / Linux Foundation,2025-02-14,2028-02-14,https://training.linuxfoundation.org/certification/certified-kubernetes-administrator-cka/,2026-09-01 04:19:00
cf5c4e81-a81f-4904-fd4c-891873df8c2a,5b887512-8336-46a1-3358-d7dc878ee813,Docker Certified Associate,Docker / Mirantis,2025-08-14,,https://training.mirantis.com/,2026-09-01 04:19:00
dffe6d80-95ac-04b5-5cdb-f93be6c52c27,7a5f1a0f-2da3-cba5-f56e-1b0c429a9aac,freeCodeCamp Responsive Web Design,freeCodeCamp,2024-07-20,,https://www.freecodecamp.org/learn/2022/responsive-web-design/,2026-08-31 16:01:00
2ae7b868-7efa-55dd-b40e-420351e2ae25,7a5f1a0f-2da3-cba5-f56e-1b0c429a9aac,Microsoft Certified: Azure Fundamentals (AZ-900),Microsoft,2026-03-10,,https://learn.microsoft.com/en-us/credentials/certifications/azure-fundamentals/,2026-08-31 16:01:00
61f75a4c-9d90-4bb9-5562-4f8116a25e85,7a5f1a0f-2da3-cba5-f56e-1b0c429a9aac,Meta Front-End Developer Professional Certificate,Meta / Coursera,2023-09-18,,https://www.coursera.org/professional-certificates/meta-front-end-developer,2026-08-31 16:01:00
28417ba6-9dcb-c26a-674c-de652a5d01f3,e2e32622-91bc-d5b9-7c2e-f8b091d78c23,Microsoft Certified: Azure Fundamentals (AZ-900),Microsoft,2025-02-11,,https://learn.microsoft.com/en-us/credentials/certifications/azure-fundamentals/,2026-07-20 13:04:00
0cca70af-3f9c-54ee-280a-d077e2471903,9a198adb-d92b-920b-b610-d630ed800b73,Google Data Analytics Professional Certificate,Google / Coursera,2026-01-24,,https://www.coursera.org/professional-certificates/google-data-analytics,2026-08-19 10:20:00
6ff7a592-3ac9-0364-9f44-0aefa9805536,ebfba650-75ab-2412-9964-aa5bd69b5a22,Machine Learning Specialization,DeepLearning.AI / Coursera,2026-04-03,,https://www.coursera.org/specializations/machine-learning-introduction,2026-07-15 07:14:00
9b3e8331-4a20-1851-b6a0-fa324a8416a1,21225315-f2cc-12e1-f9b3-9edf946e92c5,AWS Certified Cloud Practitioner,Amazon Web Services,2024-04-13,2027-04-13,https://aws.amazon.com/certification/certified-cloud-practitioner/,2026-07-31 08:41:00
77bd421a-77ef-cbaa-694b-7c26212d6a00,6133d80b-e71b-24bf-4f3c-79a8d2d98028,CompTIA Security+,CompTIA,2026-05-05,2029-05-04,https://www.comptia.org/certifications/security,2026-09-13 08:32:00
500da4d4-9118-80df-5f07-e92672e76c78,92dbc771-c4e3-4e1e-e62e-df4df62c9768,Google Data Analytics Professional Certificate,Google / Coursera,2024-06-03,,https://www.coursera.org/professional-certificates/google-data-analytics,2026-08-20 21:58:00
7de4c54e-f9ed-de41-aa95-f15f3bfe3eac,513213f1-8ba2-9d89-e822-5012b253b813,Machine Learning Specialization,DeepLearning.AI / Coursera,2025-10-27,,https://www.coursera.org/specializations/machine-learning-introduction,2026-08-31 19:03:00
36431527-7e59-0f09-baa7-8e3511501395,9ccba1f4-e992-47bf-dd98-80afd70bc34a,Splunk Core Certified User,Splunk,2025-12-29,,https://www.splunk.com/en_us/training/certification-track/splunk-core-certified-user.html,2026-08-26 05:17:00
02540d74-443d-1223-1494-23e25d804570,9ccba1f4-e992-47bf-dd98-80afd70bc34a,Meta Back-End Developer Professional Certificate,Meta / Coursera,2025-10-12,,https://www.coursera.org/professional-certificates/meta-back-end-developer,2026-08-26 05:17:00
26fa9172-7dfa-6c23-fc66-d8cdeffadb26,08f1060f-44ee-8b38-45c3-5da1f5283ae7,Meta Back-End Developer Professional Certificate,Meta / Coursera,2025-06-20,,https://www.coursera.org/professional-certificates/meta-back-end-developer,2026-07-15 09:20:00
c432ff37-33aa-708e-7703-5951d5bae522,8287691c-949a-8f14-f577-5765f457c5b1,Google Cybersecurity Professional Certificate,Google / Coursera,2025-10-20,,https://www.coursera.org/professional-certificates/google-cybersecurity,2026-09-11 00:32:00
f12012fe-8010-caec-a379-175d2081573d,54f1ef7c-ac3e-6bb4-6d9c-ef86322e7dd3,Certified Kubernetes Administrator (CKA),CNCF / Linux Foundation,2025-12-27,2028-12-26,https://training.linuxfoundation.org/certification/certified-kubernetes-administrator-cka/,2026-08-28 07:29:00
76aece35-2c41-fb27-5286-df70ac5b1838,fe48c474-5103-8a87-dd06-54b367a7b23a,HashiCorp Certified: Terraform Associate,HashiCorp,2025-01-17,2028-01-17,https://developer.hashicorp.com/certifications/infrastructure-automation,2026-07-11 08:07:00
4d09b35a-247a-2d82-05d3-66b5949e49be,bc0c589f-8e65-0aff-1e15-55a5834d3035,Machine Learning Specialization,DeepLearning.AI / Coursera,2026-03-30,,https://www.coursera.org/specializations/machine-learning-introduction,2026-07-21 14:33:00
c7ffe394-797f-b632-de22-285030fbaa31,bc0c589f-8e65-0aff-1e15-55a5834d3035,Microsoft Office Specialist: Excel Associate,Microsoft,2026-01-03,,https://learn.microsoft.com/en-us/credentials/,2026-07-21 14:33:00
28c311e2-5d8d-1d96-a7c2-71041a89ff61,ba50d805-49ae-3283-c266-cf3479678829,Google Data Analytics Professional Certificate,Google / Coursera,2025-01-20,,https://www.coursera.org/professional-certificates/google-data-analytics,2026-08-20 23:14:00
288464de-245d-5f86-54b5-07d38ebe02a4,ba50d805-49ae-3283-c266-cf3479678829,PCEP – Certified Entry-Level Python Programmer,Python Institute,2025-01-29,,https://pythoninstitute.org/pcep,2026-08-20 23:14:00
c669d1f6-0bd0-f4cd-9e2e-0aeb9b7e0a85,55109a47-7f84-da5b-92ad-67c9a99af4c6,Meta Back-End Developer Professional Certificate,Meta / Coursera,2026-03-27,,https://www.coursera.org/professional-certificates/meta-back-end-developer,2026-07-12 11:54:00
cf05acbc-8830-898b-d4d0-0bf5886baa34,dd4d8fc3-2b44-2764-4ade-290b2d921e7c,Google Cybersecurity Professional Certificate,Google / Coursera,2026-06-13,,https://www.coursera.org/professional-certificates/google-cybersecurity,2026-09-19 16:15:00
c9a04ec7-c78f-21ee-d6a1-daca48bb1ef6,7ddf0cd1-beb7-73c4-bc3b-79fbac7241ae,freeCodeCamp Responsive Web Design,freeCodeCamp,2026-06-07,,https://www.freecodecamp.org/learn/2022/responsive-web-design/,2026-08-04 07:48:00
a93cfee5-6d62-8813-189b-031436d6077a,7ddf0cd1-beb7-73c4-bc3b-79fbac7241ae,IBM Data Science Professional Certificate,IBM / Coursera,2026-05-09,,https://www.coursera.org/professional-certificates/ibm-data-science,2026-08-04 07:48:00
1175aeb6-6f61-3c53-32d8-d434e03e3446,710e64ea-16b9-fef7-9595-326c167a6982,Machine Learning Specialization,DeepLearning.AI / Coursera,2025-11-12,,https://www.coursera.org/specializations/machine-learning-introduction,2026-07-21 00:31:00
669b0c97-3e32-36b4-4add-4f09add8370e,1b746073-8b5f-e723-3c04-558598cd617c,Meta Front-End Developer Professional Certificate,Meta / Coursera,2024-11-23,,https://www.coursera.org/professional-certificates/meta-front-end-developer,2026-09-12 10:08:00
453ca035-3471-4c56-8240-3736bb37ef20,16bb201c-9203-5e44-7c9a-64b813abd74a,Meta Front-End Developer Professional Certificate,Meta / Coursera,2026-02-07,,https://www.coursera.org/professional-certificates/meta-front-end-developer,2026-07-16 10:11:00
1fa3401c-2fa1-eeb9-add2-c18981ae3c30,9e92e7af-b37d-0c81-65c2-8d62167d271a,AWS Certified Cloud Practitioner,Amazon Web Services,2026-07-19,2029-07-18,https://aws.amazon.com/certification/certified-cloud-practitioner/,2026-08-22 18:13:00
60eb070e-95c4-8c2d-21b1-128fb3cb16af,f941f4b9-c691-4149-8dd1-eb10d21cb191,Tableau Desktop Specialist,Tableau / Salesforce,2025-10-06,,https://www.tableau.com/learn/certification,2026-08-14 04:11:00
36357fc2-0921-9155-7100-c3c9c386b6f8,f941f4b9-c691-4149-8dd1-eb10d21cb191,Google Data Analytics Professional Certificate,Google / Coursera,2023-12-14,,https://www.coursera.org/professional-certificates/google-data-analytics,2026-08-14 04:11:00
bc8456a5-9b73-8259-68a0-44f081306aa9,217ad7d9-7c6b-73aa-5609-2a1108e4239f,Docker Certified Associate,Docker / Mirantis,2024-10-11,,https://training.mirantis.com/,2026-07-07 09:05:00
51389f62-1a90-4c5c-4798-9c41014b869d,e559d646-242e-e0af-6949-0d24f0327be6,AWS Certified Solutions Architect – Associate,Amazon Web Services,2026-04-26,2029-04-25,https://aws.amazon.com/certification/certified-solutions-architect-associate/,2026-08-03 05:21:00
54d7dd31-f9e4-5b82-6e97-ee75cf72babb,fafc5df6-7ced-b428-e237-bd8f6c7914f9,CompTIA Security+,CompTIA,2025-11-30,2028-11-29,https://www.comptia.org/certifications/security,2026-09-05 11:19:00
008a623d-4087-6ab3-d7a8-eafb3a19770d,fafc5df6-7ced-b428-e237-bd8f6c7914f9,Meta Back-End Developer Professional Certificate,Meta / Coursera,2025-04-06,,https://www.coursera.org/professional-certificates/meta-back-end-developer,2026-09-05 11:19:00
ddec94b6-4ba6-e242-5b53-a16c6d059709,fafc5df6-7ced-b428-e237-bd8f6c7914f9,PCEP – Certified Entry-Level Python Programmer,Python Institute,2023-09-29,,https://pythoninstitute.org/pcep,2026-09-05 11:19:00
5426c25b-55c7-de2b-b137-9e2051d725ee,ef875e35-0dad-0c16-3e4a-fff2868248a3,Google Data Analytics Professional Certificate,Google / Coursera,2026-01-02,,https://www.coursera.org/professional-certificates/google-data-analytics,2026-07-06 17:25:00
06a23a4c-83e0-dc74-0687-b55932b4a3ea,ef875e35-0dad-0c16-3e4a-fff2868248a3,AWS Certified Cloud Practitioner,Amazon Web Services,2025-02-12,2028-02-12,https://aws.amazon.com/certification/certified-cloud-practitioner/,2026-07-06 17:25:00
2b960064-7256-f3c4-3018-099eb45a1ea3,ef875e35-0dad-0c16-3e4a-fff2868248a3,CompTIA Security+,CompTIA,2026-04-15,2029-04-14,https://www.comptia.org/certifications/security,2026-07-06 17:25:00
ecb69dd5-454e-a2a1-ab2c-bdb6bc9f417f,f7bc5d01-4ded-6c9e-ad9e-7107b8713847,Google Data Analytics Professional Certificate,Google / Coursera,2024-11-12,,https://www.coursera.org/professional-certificates/google-data-analytics,2026-07-03 02:54:00
e079961d-2f22-6f20-e6c7-d15f0999d331,fc6d2346-ce17-caa6-739a-3fe627ae2449,Google Cloud Digital Leader,Google Cloud,2025-11-29,2028-11-28,https://cloud.google.com/learn/certification/cloud-digital-leader,2026-08-05 05:26:00
f6333b9e-bde3-e0b0-0232-83d5b6a80352,c08615c9-704c-548d-ea56-c678185abd8e,AWS Certified Solutions Architect – Associate,Amazon Web Services,2024-04-06,2027-04-06,https://aws.amazon.com/certification/certified-solutions-architect-associate/,2026-07-14 06:32:00
29504b17-cf4a-5b32-004a-7e5c0ebe4431,6200f883-3110-a252-4f41-1bedb8afb858,Docker Certified Associate,Docker / Mirantis,2026-07-13,,https://training.mirantis.com/,2026-07-15 16:47:00
2775fe8e-c02c-4ced-d2d2-ea9e4606bf26,e246afb1-9289-70b3-91cb-4579467d1997,Certified Ethical Hacker (CEH),EC-Council,2026-04-05,2029-04-04,https://www.eccouncil.org/train-certify/certified-ethical-hacker-ceh/,2026-08-03 15:57:00
3953565d-9307-26c8-7255-ff14269c4201,6c14fe57-1f2a-4755-d9ea-148302698a5d,PCEP – Certified Entry-Level Python Programmer,Python Institute,2025-11-30,,https://pythoninstitute.org/pcep,2026-08-06 08:35:00
cfdf3acb-6bfe-6a85-8b65-6ee0d53faaba,567c4e93-888b-64f2-2162-184e3613b567,Splunk Core Certified User,Splunk,2025-10-15,,https://www.splunk.com/en_us/training/certification-track/splunk-core-certified-user.html,2026-08-25 03:34:00
27ed187b-6c43-1b0b-04aa-84c5562dc8ec,567c4e93-888b-64f2-2162-184e3613b567,Microsoft Office Specialist: Excel Associate,Microsoft,2024-12-29,,https://learn.microsoft.com/en-us/credentials/,2026-08-25 03:34:00
c9bfafa8-3609-8f25-7b6b-8bc3aa0f0fde,8d28508b-6e16-3ef9-ffc5-b093664a7b96,Meta Back-End Developer Professional Certificate,Meta / Coursera,2023-12-30,,https://www.coursera.org/professional-certificates/meta-back-end-developer,2026-07-08 10:07:00
38034b8f-7ce6-ce88-7ea3-8827a8a7686c,683f1c0f-393e-d9f4-9496-ec35c3a9869c,Microsoft Certified: Power BI Data Analyst Associate (PL-300),Microsoft,2025-03-08,,https://learn.microsoft.com/en-us/credentials/certifications/data-analyst-associate/,2026-08-03 12:16:00
3f6510fc-c89c-d94a-a986-47c3460f0229,683f1c0f-393e-d9f4-9496-ec35c3a9869c,Google Cloud Digital Leader,Google Cloud,2024-03-24,2027-03-24,https://cloud.google.com/learn/certification/cloud-digital-leader,2026-08-03 12:16:00
9308f890-eefa-79eb-3415-b0eb1b63536c,38b3baa1-28af-34d8-9e08-e2c2f4ceaf2a,Microsoft Certified: Azure Fundamentals (AZ-900),Microsoft,2024-11-09,,https://learn.microsoft.com/en-us/credentials/certifications/azure-fundamentals/,2026-08-01 01:42:00
d1a4c782-2ad5-e61a-53fc-7ad2af5a0a15,b29753b2-10f0-2bcc-62ce-19ac87037146,Machine Learning Specialization,DeepLearning.AI / Coursera,2026-05-23,,https://www.coursera.org/specializations/machine-learning-introduction,2026-08-05 17:53:00
c805f016-ce79-f7db-33bd-0b9e023148e9,b29753b2-10f0-2bcc-62ce-19ac87037146,Google Cloud Digital Leader,Google Cloud,2024-10-18,2027-10-18,https://cloud.google.com/learn/certification/cloud-digital-leader,2026-08-05 17:53:00
6e5e4aaf-4f63-98dc-804a-68cfecd7275d,674ed278-e785-b276-23db-479fbfd2c368,Microsoft Office Specialist: Excel Associate,Microsoft,2026-08-01,,https://learn.microsoft.com/en-us/credentials/,2026-09-18 08:05:00
2850bbbd-f16b-7793-7125-6a0fd0b712ea,674ed278-e785-b276-23db-479fbfd2c368,Google Data Analytics Professional Certificate,Google / Coursera,2026-01-05,,https://www.coursera.org/professional-certificates/google-data-analytics,2026-09-18 08:05:00
f9c7504c-12e6-6fe6-7a5d-10d04f5552f7,6b819a51-d9c0-6734-e311-01c1acda7e13,Google Data Analytics Professional Certificate,Google / Coursera,2025-02-07,,https://www.coursera.org/professional-certificates/google-data-analytics,2026-08-21 08:19:00
7cc2d8a5-704f-3b0f-71ff-39ad70a31c75,e8fe30ac-a6ac-0cf6-29c6-0f6d0d9e43b1,"Oracle Certified Associate, Java SE Programmer",Oracle,2025-08-17,,https://education.oracle.com/,2026-08-27 12:26:00
51272a50-dbf5-04df-bb0b-c2a0b7114bb1,f4d62204-5696-eeb6-f182-98e4f9360b83,Docker Certified Associate,Docker / Mirantis,2024-09-15,,https://training.mirantis.com/,2026-07-07 19:53:00
fa5db019-f9e9-b71b-b9cc-448ab3c90062,64896d62-9f57-037e-6675-8a366e083ca4,Meta Back-End Developer Professional Certificate,Meta / Coursera,2026-02-24,,https://www.coursera.org/professional-certificates/meta-back-end-developer,2026-07-03 04:53:00
73398423-aa0c-3153-b895-1f664f294414,64896d62-9f57-037e-6675-8a366e083ca4,Machine Learning Specialization,DeepLearning.AI / Coursera,2026-01-14,,https://www.coursera.org/specializations/machine-learning-introduction,2026-07-03 04:53:00
89eaea40-e7c7-2ca2-20f0-21d083509867,64896d62-9f57-037e-6675-8a366e083ca4,Meta Front-End Developer Professional Certificate,Meta / Coursera,2025-11-05,,https://www.coursera.org/professional-certificates/meta-front-end-developer,2026-07-03 04:53:00
99517980-1707-d0fe-9429-13df884bf4c8,54809d66-dd88-10b0-329d-d51ab44caf37,Microsoft Certified: Azure Fundamentals (AZ-900),Microsoft,2024-07-09,,https://learn.microsoft.com/en-us/credentials/certifications/azure-fundamentals/,2026-07-31 23:50:00
d1a17619-bd48-937a-f543-6b3605d6efd0,54809d66-dd88-10b0-329d-d51ab44caf37,Meta Back-End Developer Professional Certificate,Meta / Coursera,2026-01-05,,https://www.coursera.org/professional-certificates/meta-back-end-developer,2026-07-31 23:50:00
6e256e98-8d83-afc8-c3c5-906c662bfba4,17f26a5a-c657-4dc2-c462-eb3e088e443c,IBM Data Science Professional Certificate,IBM / Coursera,2025-07-25,,https://www.coursera.org/professional-certificates/ibm-data-science,2026-08-01 16:31:00
80666597-d12e-1b65-108e-c85765ee6131,34758acc-0602-00f9-94ff-a97c27e7d46e,IBM Data Science Professional Certificate,IBM / Coursera,2025-09-30,,https://www.coursera.org/professional-certificates/ibm-data-science,2026-09-07 07:35:00
b104cb72-dd6e-34eb-3749-b62893262730,e05ecb13-0ac6-0441-7e4e-e4b66e570283,Google Cybersecurity Professional Certificate,Google / Coursera,2025-05-01,,https://www.coursera.org/professional-certificates/google-cybersecurity,2026-07-03 11:20:00
fd001d57-b59b-9b77-ad0d-b18c4de59a77,e05ecb13-0ac6-0441-7e4e-e4b66e570283,IBM Data Science Professional Certificate,IBM / Coursera,2024-05-03,,https://www.coursera.org/professional-certificates/ibm-data-science,2026-07-03 11:20:00
7a635952-f0a9-7618-7379-f90c06b212f5,716473c3-d8da-07f0-eff3-cc957546cd35,Meta Front-End Developer Professional Certificate,Meta / Coursera,2026-07-01,,https://www.coursera.org/professional-certificates/meta-front-end-developer,2026-07-19 21:12:00
953c4e9a-d4b7-533d-31e3-17e9113deed3,debbdcf2-d77f-4b27-494a-21eaf533e67a,Google Cloud Digital Leader,Google Cloud,2025-04-21,2028-04-20,https://cloud.google.com/learn/certification/cloud-digital-leader,2026-09-09 08:03:00
311379c1-946f-6048-d70f-b530925745e8,69b668ee-5f95-a433-e604-d7faa0eafe95,Cisco Certified Network Associate (CCNA),Cisco,2026-05-28,2029-05-27,https://www.cisco.com/site/us/en/learn/training-certifications/certifications/enterprise/ccna/index.html,2026-09-13 06:54:00
cb475a88-ea47-67e6-48b0-08f947a221c2,0a5359ef-04f5-6d2d-2dc4-3c1ac40f92e7,Microsoft Office Specialist: Excel Associate,Microsoft,2025-04-17,,https://learn.microsoft.com/en-us/credentials/,2026-08-28 18:26:00
59c25c2d-06ea-4903-92e3-d4331928fb9a,684ccb61-88a8-e610-d945-b806c955fbf2,AWS Certified Cloud Practitioner,Amazon Web Services,2024-11-30,2027-11-30,https://aws.amazon.com/certification/certified-cloud-practitioner/,2026-07-25 11:07:00
8c4a273f-cd6e-00b1-970f-6ba619491afa,7cd81573-f598-2d02-c976-d276ee019bdb,Certified Kubernetes Administrator (CKA),CNCF / Linux Foundation,2026-03-20,2029-03-19,https://training.linuxfoundation.org/certification/certified-kubernetes-administrator-cka/,2026-08-23 23:31:00
9612f9af-9ea5-eae6-8eca-35ac568b8172,7cd81573-f598-2d02-c976-d276ee019bdb,Docker Certified Associate,Docker / Mirantis,2026-03-17,,https://training.mirantis.com/,2026-08-23 23:31:00
5eaced87-c9df-9c71-fbce-c2408a0465c5,7d5e1b00-5da2-cb21-ba92-13a74051472c,Meta Back-End Developer Professional Certificate,Meta / Coursera,2024-11-07,,https://www.coursera.org/professional-certificates/meta-back-end-developer,2026-09-02 16:57:00
dbca3565-c724-3c26-60fb-defcba8e0c00,7d5e1b00-5da2-cb21-ba92-13a74051472c,IBM Data Science Professional Certificate,IBM / Coursera,2025-01-02,,https://www.coursera.org/professional-certificates/ibm-data-science,2026-09-02 16:57:00
aaa4fb3c-eb92-7720-a940-8a9009637ba2,2e62ecd4-e392-ba2f-43a5-37438d035ad8,AWS Certified Cloud Practitioner,Amazon Web Services,2023-10-01,2026-09-30,https://aws.amazon.com/certification/certified-cloud-practitioner/,2026-09-07 21:40:00
bf787d85-7e10-b912-6de3-27c9da399453,8b8f49f2-5aa3-acaf-2796-f1462e12f47c,PCEP – Certified Entry-Level Python Programmer,Python Institute,2026-03-21,,https://pythoninstitute.org/pcep,2026-09-11 15:58:00
2f703109-3003-e9c5-9f71-22ea1c19329c,88833e3f-b4ad-5310-51e0-fb58141fb024,Microsoft Office Specialist: Excel Associate,Microsoft,2024-02-21,,https://learn.microsoft.com/en-us/credentials/,2026-08-29 06:11:00
1038c4c7-49eb-95d6-e9db-ebb005dc870b,88833e3f-b4ad-5310-51e0-fb58141fb024,Cisco Certified Network Associate (CCNA),Cisco,2023-10-31,2026-10-30,https://www.cisco.com/site/us/en/learn/training-certifications/certifications/enterprise/ccna/index.html,2026-08-29 06:11:00
bfec5e84-8748-eae8-4554-1fafc580fa68,0f248517-6835-2978-c7f6-d2e52b38db30,Deep Learning Specialization,DeepLearning.AI / Coursera,2026-05-26,,https://www.coursera.org/specializations/deep-learning,2026-07-22 05:52:00
8dd4b8a5-a601-5703-4240-2c15a0b598bd,f7aa913e-a37d-12de-7e08-0286211a3c2b,PCEP – Certified Entry-Level Python Programmer,Python Institute,2024-10-07,,https://pythoninstitute.org/pcep,2026-08-27 06:03:00
f90af95e-8bb5-5668-3dc6-aa7d8555850e,b770f5db-ad2f-a96b-a19a-dfc1c6d73565,Google Data Analytics Professional Certificate,Google / Coursera,2026-07-13,,https://www.coursera.org/professional-certificates/google-data-analytics,2026-08-22 07:15:00
e0e28612-c29d-1813-2b13-68d28e8d7453,990f1678-a40a-e0be-9357-f1f83d8893cf,AWS Certified Cloud Practitioner,Amazon Web Services,2025-02-24,2028-02-24,https://aws.amazon.com/certification/certified-cloud-practitioner/,2026-08-20 12:54:00
1ccd6be4-8b6a-c69a-2df5-becabf503080,990f1678-a40a-e0be-9357-f1f83d8893cf,Certified Ethical Hacker (CEH),EC-Council,2025-10-21,2028-10-20,https://www.eccouncil.org/train-certify/certified-ethical-hacker-ceh/,2026-08-20 12:54:00
61bf08a5-8353-9e94-0598-8d4a769420b1,8288edaa-2e04-8dc7-710f-f0601975d978,AWS Certified Solutions Architect – Associate,Amazon Web Services,2025-11-30,2028-11-29,https://aws.amazon.com/certification/certified-solutions-architect-associate/,2026-09-03 01:29:00
c8cc50f5-df4d-bc9d-2639-b1e4c114a5df,699fb5ea-72ca-aa3c-cf0a-6bb84c8110b7,AWS Certified Solutions Architect – Associate,Amazon Web Services,2025-12-26,2028-12-25,https://aws.amazon.com/certification/certified-solutions-architect-associate/,2026-07-01 13:32:00
20c21297-069b-ec28-0871-6bbebf3daa27,699fb5ea-72ca-aa3c-cf0a-6bb84c8110b7,AWS Certified Cloud Practitioner,Amazon Web Services,2025-04-01,2028-03-31,https://aws.amazon.com/certification/certified-cloud-practitioner/,2026-07-01 13:32:00
14d5ba85-1f0d-61e6-4de2-88793b7fec1e,76bc044c-10f1-2720-7845-03365e86f70e,Google Data Analytics Professional Certificate,Google / Coursera,2026-03-05,,https://www.coursera.org/professional-certificates/google-data-analytics,2026-07-09 02:18:00
5bcd7ab7-a3f3-1be4-fcec-b43ec47f712d,d7acf426-12ee-497a-5adb-e6a2df7e2a57,IBM Data Science Professional Certificate,IBM / Coursera,2025-07-28,,https://www.coursera.org/professional-certificates/ibm-data-science,2026-07-17 06:55:00
6ecd0196-c4e5-2653-581c-ba68c1246566,0ed4004f-a66b-e802-343e-1056f046af33,Google Data Analytics Professional Certificate,Google / Coursera,2025-12-02,,https://www.coursera.org/professional-certificates/google-data-analytics,2026-08-19 02:33:00
0de0db4c-0e3a-f468-a0fe-b4341a5d5755,984c294a-abcb-edb1-cf91-5f0e34223f5e,Docker Certified Associate,Docker / Mirantis,2024-11-28,,https://training.mirantis.com/,2026-08-27 20:12:00
9a86c1d7-1799-460a-8b6b-88a8d0ae25ff,984c294a-abcb-edb1-cf91-5f0e34223f5e,AWS Certified Cloud Practitioner,Amazon Web Services,2026-03-28,2029-03-27,https://aws.amazon.com/certification/certified-cloud-practitioner/,2026-08-27 20:12:00
55010709-b154-f38e-9144-7ad593e7e2bf,4078166f-a61a-3dc1-1c0b-1dec20b47184,Microsoft Certified: Power BI Data Analyst Associate (PL-300),Microsoft,2025-06-25,,https://learn.microsoft.com/en-us/credentials/certifications/data-analyst-associate/,2026-07-02 21:01:00
e003623e-516d-6b3a-2105-ff0641a59868,4078166f-a61a-3dc1-1c0b-1dec20b47184,Microsoft Office Specialist: Excel Associate,Microsoft,2024-08-08,,https://learn.microsoft.com/en-us/credentials/,2026-07-02 21:01:00
7a3a7e5c-0197-c7ea-b3a9-aacd11918514,28fab1d1-599d-e450-9d8f-b3e6f14f49fe,HashiCorp Certified: Terraform Associate,HashiCorp,2025-12-18,2028-12-17,https://developer.hashicorp.com/certifications/infrastructure-automation,2026-08-12 05:04:00
c34688bd-abcc-8740-32aa-96e45ca41e56,897600a8-f452-d90a-0e0a-5cb5a7dc2af7,Google Data Analytics Professional Certificate,Google / Coursera,2025-01-04,,https://www.coursera.org/professional-certificates/google-data-analytics,2026-07-30 22:39:00
29e98106-47ba-ae28-db01-123e64024538,897600a8-f452-d90a-0e0a-5cb5a7dc2af7,Certified Kubernetes Administrator (CKA),CNCF / Linux Foundation,2025-10-08,2028-10-07,https://training.linuxfoundation.org/certification/certified-kubernetes-administrator-cka/,2026-07-30 22:39:00
3b6affad-fc9c-7556-c088-5d1683404fd5,e0c1e379-12b0-2aa5-e962-4407efdef7a4,PCEP – Certified Entry-Level Python Programmer,Python Institute,2024-01-26,,https://pythoninstitute.org/pcep,2026-07-18 19:20:00
5ae6d0ac-8522-7837-5799-4ede159e3e8a,e0c1e379-12b0-2aa5-e962-4407efdef7a4,Google Data Analytics Professional Certificate,Google / Coursera,2024-10-25,,https://www.coursera.org/professional-certificates/google-data-analytics,2026-07-18 19:20:00
5119c742-f561-b398-9c53-355604c82205,22701a55-2aca-3d43-f5d6-a7423d7ec881,Meta Back-End Developer Professional Certificate,Meta / Coursera,2026-04-09,,https://www.coursera.org/professional-certificates/meta-back-end-developer,2026-09-09 20:03:00
f539d0d4-b14c-1512-25fb-bd3dfca97b16,22701a55-2aca-3d43-f5d6-a7423d7ec881,PCEP – Certified Entry-Level Python Programmer,Python Institute,2026-07-02,,https://pythoninstitute.org/pcep,2026-09-09 20:03:00
68b6e537-575f-1685-8308-29a3bf8dbd5d,dd3bc5c0-f722-f527-6b04-f02afb05c916,Certified Kubernetes Administrator (CKA),CNCF / Linux Foundation,2024-11-30,2027-11-30,https://training.linuxfoundation.org/certification/certified-kubernetes-administrator-cka/,2026-07-03 15:28:00
a71754ed-7873-9ed5-f873-0afff0519528,dd3bc5c0-f722-f527-6b04-f02afb05c916,Google Cloud Digital Leader,Google Cloud,2025-07-11,2028-07-10,https://cloud.google.com/learn/certification/cloud-digital-leader,2026-07-03 15:28:00
2fcbc98c-9240-07ca-0f5f-16c9f6567729,b778cbf1-f9ac-0408-cb03-3916ae9fb4d4,Meta Front-End Developer Professional Certificate,Meta / Coursera,2025-02-07,,https://www.coursera.org/professional-certificates/meta-front-end-developer,2026-08-30 15:14:00
0079ef09-8c5c-a3d2-0452-8e9d1a244d0e,bf299397-5eaf-1210-3c33-38df842ee681,Certified Kubernetes Administrator (CKA),CNCF / Linux Foundation,2025-12-11,2028-12-10,https://training.linuxfoundation.org/certification/certified-kubernetes-administrator-cka/,2026-08-21 18:19:00
6f8c00e9-3421-f042-8198-d27fbd87e567,0175893b-c722-2cae-47ba-c4a16af05cfb,Certified Kubernetes Administrator (CKA),CNCF / Linux Foundation,2025-03-26,2028-03-25,https://training.linuxfoundation.org/certification/certified-kubernetes-administrator-cka/,2026-09-06 08:09:00
f0a77d41-2dbb-19fd-7dcf-c45030802c1f,d485a9cf-9c9e-4c1e-1fda-f4a60eeef1a6,Microsoft Office Specialist: Excel Associate,Microsoft,2025-10-01,,https://learn.microsoft.com/en-us/credentials/,2026-08-01 16:31:00
20b57f09-f157-140d-5651-78246921476d,d485a9cf-9c9e-4c1e-1fda-f4a60eeef1a6,Microsoft Certified: Power BI Data Analyst Associate (PL-300),Microsoft,2026-02-09,,https://learn.microsoft.com/en-us/credentials/certifications/data-analyst-associate/,2026-08-01 16:31:00
4dda76a5-8960-1cc4-f71e-f76b9c5dfea4,d492be5e-2b15-aff6-acac-c9777cab39e7,IBM Data Science Professional Certificate,IBM / Coursera,2025-09-18,,https://www.coursera.org/professional-certificates/ibm-data-science,2026-08-06 08:50:00
9b73ca8a-c26f-8e37-041b-4b42a5c5cc61,cdf4324a-34cd-8c68-6d25-e70627802454,Certified Kubernetes Administrator (CKA),CNCF / Linux Foundation,2025-09-01,2028-08-31,https://training.linuxfoundation.org/certification/certified-kubernetes-administrator-cka/,2026-07-21 19:43:00
88753774-d0ea-c2bf-4fc7-d4a045b70069,1f9bf9c4-9a45-7d06-9a67-25a49831f929,PCEP – Certified Entry-Level Python Programmer,Python Institute,2025-03-02,,https://pythoninstitute.org/pcep,2026-07-03 19:12:00
3ae3943b-052e-4d95-4fed-2dff499cf343,44383492-9221-8a4c-874b-7a577373e23b,HashiCorp Certified: Terraform Associate,HashiCorp,2025-10-27,2028-10-26,https://developer.hashicorp.com/certifications/infrastructure-automation,2026-09-07 10:08:00
117e3872-3779-c26a-93fe-0f6a773a0134,1deecd0e-dbf9-3207-debe-69d13906c450,Meta Front-End Developer Professional Certificate,Meta / Coursera,2026-01-14,,https://www.coursera.org/professional-certificates/meta-front-end-developer,2026-07-01 09:41:00
24216221-b92f-2055-22b4-7b238a676d7c,3b090563-fa40-75af-c513-6b0095e05e5c,Machine Learning Specialization,DeepLearning.AI / Coursera,2026-03-23,,https://www.coursera.org/specializations/machine-learning-introduction,2026-07-04 03:51:00
1fa9342a-35d3-6623-484c-683fed172ac6,3b090563-fa40-75af-c513-6b0095e05e5c,Meta Back-End Developer Professional Certificate,Meta / Coursera,2025-01-25,,https://www.coursera.org/professional-certificates/meta-back-end-developer,2026-07-04 03:51:00
45c30e3d-4c5a-1fcd-8008-f6db3ea38aa5,be4ca2c7-3cc6-f8df-a6de-146b23adb0f2,PCEP – Certified Entry-Level Python Programmer,Python Institute,2026-02-25,,https://pythoninstitute.org/pcep,2026-08-28 01:16:00
98ad204a-b4bf-e837-b186-22972ca2503b,d7eb1bf7-2002-42a7-f604-4b3af512e00b,Meta Back-End Developer Professional Certificate,Meta / Coursera,2026-06-19,,https://www.coursera.org/professional-certificates/meta-back-end-developer,2026-07-28 19:49:00
3f9a350a-5080-1622-76c1-4c97f6d04ee9,886a9a21-58a5-aaaa-94a4-32def4582e00,Microsoft Certified: Azure Fundamentals (AZ-900),Microsoft,2026-05-04,,https://learn.microsoft.com/en-us/credentials/certifications/azure-fundamentals/,2026-08-22 04:40:00
bce9e281-6eb4-4e08-bb9a-ab94c241774e,cb62f84b-f12f-ed2b-de13-c0789defd428,Microsoft Certified: Power BI Data Analyst Associate (PL-300),Microsoft,2025-07-24,,https://learn.microsoft.com/en-us/credentials/certifications/data-analyst-associate/,2026-07-28 05:27:00
687c2d6a-cc7a-4955-2b79-a6cdc96a0645,617da297-35d4-4502-706d-7f603feed32b,Meta Back-End Developer Professional Certificate,Meta / Coursera,2024-05-17,,https://www.coursera.org/professional-certificates/meta-back-end-developer,2026-08-21 16:37:00
689ed662-1b7e-5232-9b60-2855dbd3d50c,617da297-35d4-4502-706d-7f603feed32b,Machine Learning Specialization,DeepLearning.AI / Coursera,2025-03-26,,https://www.coursera.org/specializations/machine-learning-introduction,2026-08-21 16:37:00
a9dd3cd0-fb8e-06fa-38e8-eb59471781d2,aab7e51e-306f-ee06-3613-df21804958da,AWS Certified Cloud Practitioner,Amazon Web Services,2024-05-27,2027-05-27,https://aws.amazon.com/certification/certified-cloud-practitioner/,2026-08-07 05:21:00
47f759b6-0d06-7059-7f80-8bf633b4b147,32d6a6b7-c49c-2a07-00d8-7c87f8b163b6,Microsoft Office Specialist: Excel Associate,Microsoft,2025-03-03,,https://learn.microsoft.com/en-us/credentials/,2026-07-30 15:17:00
7e384630-9d4c-1fab-01fe-3fa797194467,32d6a6b7-c49c-2a07-00d8-7c87f8b163b6,Google Data Analytics Professional Certificate,Google / Coursera,2026-08-01,,https://www.coursera.org/professional-certificates/google-data-analytics,2026-07-30 15:17:00
bd5b74ff-39bc-3301-5741-cb8c1afe3499,248dca83-0f8f-5c2f-e158-a93cb1dff074,HashiCorp Certified: Terraform Associate,HashiCorp,2024-07-22,2027-07-22,https://developer.hashicorp.com/certifications/infrastructure-automation,2026-09-03 19:21:00
4c943e7e-0f7a-231a-8999-d3d3d187c9c8,65e6bfad-681f-e64d-bfdd-92bd37c08ef8,Google Cloud Digital Leader,Google Cloud,2024-12-04,2027-12-04,https://cloud.google.com/learn/certification/cloud-digital-leader,2026-09-14 12:27:00
dec1c520-a4e7-9cf0-6717-2b7c5668d804,65e6bfad-681f-e64d-bfdd-92bd37c08ef8,PCEP – Certified Entry-Level Python Programmer,Python Institute,2025-01-13,,https://pythoninstitute.org/pcep,2026-09-14 12:27:00
cca5a81d-a5ac-aa1d-1943-73df951aabf5,19bed22f-802a-9e93-205e-c8f8ace6316a,CompTIA Security+,CompTIA,2026-01-07,2029-01-06,https://www.comptia.org/certifications/security,2026-08-17 14:05:00
746c394b-c291-764c-c91c-c6e3b994c601,19bed22f-802a-9e93-205e-c8f8ace6316a,Certified Kubernetes Administrator (CKA),CNCF / Linux Foundation,2025-12-04,2028-12-03,https://training.linuxfoundation.org/certification/certified-kubernetes-administrator-cka/,2026-08-17 14:05:00
8cd9c635-9af9-35ca-c880-88dac4525170,cc8c3fff-93ca-a0c9-2e0d-5dc3f3e070f2,Elements of AI,University of Helsinki,2023-11-19,,https://www.elementsofai.com/,2026-08-25 11:51:00
6df69d35-edf1-5509-e916-b008732b3038,f26ce9b2-63ad-4bb3-e66c-ec9e1efaa57c,Docker Certified Associate,Docker / Mirantis,2023-11-29,,https://training.mirantis.com/,2026-08-17 00:54:00
5d330127-fd72-9a01-9b7d-5459ca3d6e2f,17f19992-d178-d824-2413-1218b9938807,PCEP – Certified Entry-Level Python Programmer,Python Institute,2025-01-31,,https://pythoninstitute.org/pcep,2026-07-02 01:42:00
35aa9524-6467-c397-2648-9dfb2a7245ea,2cf0bead-7ea4-f419-bf3e-c7433d72fa34,IBM Data Science Professional Certificate,IBM / Coursera,2026-02-02,,https://www.coursera.org/professional-certificates/ibm-data-science,2026-08-30 23:51:00
26855831-0966-7325-8ba4-f485deb57246,cdb8ce98-818d-90a8-e66b-a5e93994e5e2,IBM Data Science Professional Certificate,IBM / Coursera,2024-07-09,,https://www.coursera.org/professional-certificates/ibm-data-science,2026-08-08 12:02:00
09477566-0ca9-c8d9-4e57-62cb6118b262,cdb8ce98-818d-90a8-e66b-a5e93994e5e2,Google Cybersecurity Professional Certificate,Google / Coursera,2025-01-23,,https://www.coursera.org/professional-certificates/google-cybersecurity,2026-08-08 12:02:00
fb5602d9-9cd1-7d15-abc6-142a62d115ed,5f0dd1e9-2a5d-0546-f74b-b3caad2e860f,Cisco Certified Network Associate (CCNA),Cisco,2025-07-13,2028-07-12,https://www.cisco.com/site/us/en/learn/training-certifications/certifications/enterprise/ccna/index.html,2026-08-25 17:24:00
a2128cf1-a091-d665-daf0-0f5af737faeb,5f0dd1e9-2a5d-0546-f74b-b3caad2e860f,IBM Data Science Professional Certificate,IBM / Coursera,2024-11-07,,https://www.coursera.org/professional-certificates/ibm-data-science,2026-08-25 17:24:00
057d1ee5-668a-111f-cbc9-6c6e2ff5a0b3,4b8a2abd-85fb-e84d-1891-562f578338fa,Google Cloud Digital Leader,Google Cloud,2023-09-13,2026-09-12,https://cloud.google.com/learn/certification/cloud-digital-leader,2026-07-16 07:31:00
c02b3037-a929-f496-8670-4c8c6668639d,4b8a2abd-85fb-e84d-1891-562f578338fa,Microsoft Certified: Azure Fundamentals (AZ-900),Microsoft,2024-07-14,,https://learn.microsoft.com/en-us/credentials/certifications/azure-fundamentals/,2026-07-16 07:31:00
496a9c18-4829-e589-7e30-4f861c6dcb86,4b8a2abd-85fb-e84d-1891-562f578338fa,Meta Back-End Developer Professional Certificate,Meta / Coursera,2023-12-14,,https://www.coursera.org/professional-certificates/meta-back-end-developer,2026-07-16 07:31:00
42e461ad-9e82-fd17-5c0b-fdbcf2737a50,377ebe6e-7f06-4424-e9ec-89b2f41d90a7,CompTIA Security+,CompTIA,2024-11-04,2027-11-04,https://www.comptia.org/certifications/security,2026-08-16 05:07:00
6bbf2062-ffdc-7f40-15ce-5e694babbef5,dd7fbfb2-c0ee-3f84-cb1b-55d1a70d24e4,IBM Data Science Professional Certificate,IBM / Coursera,2024-12-01,,https://www.coursera.org/professional-certificates/ibm-data-science,2026-09-20 08:42:00
cecc8728-b60a-95b0-3172-d922f7ce68b1,0c902eef-2fb1-73e2-e1c6-85cd261d4798,Google Data Analytics Professional Certificate,Google / Coursera,2024-09-12,,https://www.coursera.org/professional-certificates/google-data-analytics,2026-09-14 16:12:00
d86110c2-5f08-15cf-761d-bdf462e47891,e7ceb9cb-ec56-4495-9f1f-ca303e0225b0,IBM Data Science Professional Certificate,IBM / Coursera,2025-03-05,,https://www.coursera.org/professional-certificates/ibm-data-science,2026-09-11 21:39:00
6b1bda65-5509-a081-d397-5f492fc4959d,e7ceb9cb-ec56-4495-9f1f-ca303e0225b0,PCEP – Certified Entry-Level Python Programmer,Python Institute,2026-07-24,,https://pythoninstitute.org/pcep,2026-09-11 21:39:00
d0dce6b3-0caa-0207-f382-6d9ca4d4a07d,51971f99-e4ec-7f9a-1558-ed5a47330f45,IBM Data Science Professional Certificate,IBM / Coursera,2026-05-30,,https://www.coursera.org/professional-certificates/ibm-data-science,2026-08-11 09:37:00
3ee33da6-d9eb-e43f-0416-27bcfcad6251,51971f99-e4ec-7f9a-1558-ed5a47330f45,Google Cybersecurity Professional Certificate,Google / Coursera,2026-02-28,,https://www.coursera.org/professional-certificates/google-cybersecurity,2026-08-11 09:37:00
28645305-771d-181d-04d2-e3e79dda7488,6871af77-5aee-4f04-517c-07acbf692604,Tableau Desktop Specialist,Tableau / Salesforce,2024-04-01,,https://www.tableau.com/learn/certification,2026-07-01 13:36:00
b0f2a0aa-5175-d1be-6ed9-b7253cedd185,ca0e00cd-25c2-c242-e374-7dbb5b3e82c7,Google Cybersecurity Professional Certificate,Google / Coursera,2026-03-29,,https://www.coursera.org/professional-certificates/google-cybersecurity,2026-07-22 22:58:00
3094f470-2cbd-3835-bf83-26da5f225598,7da524a7-9471-cd34-c7c9-4ad7abb89c40,PCEP – Certified Entry-Level Python Programmer,Python Institute,2023-10-30,,https://pythoninstitute.org/pcep,2026-07-14 06:35:00
8d771ec2-f9cb-1e15-53db-a5b617195926,7da524a7-9471-cd34-c7c9-4ad7abb89c40,Microsoft Office Specialist: Excel Associate,Microsoft,2023-12-31,,https://learn.microsoft.com/en-us/credentials/,2026-07-14 06:35:00
01795a78-0444-3a0b-2dfa-7912b56039e1,6ca2b167-8211-bfaf-b7be-6350a340e0a7,AWS Certified Cloud Practitioner,Amazon Web Services,2025-04-23,2028-04-22,https://aws.amazon.com/certification/certified-cloud-practitioner/,2026-08-29 05:02:00
ca0e9cfe-84f8-d1fa-dbdc-8e3f71f3500b,380812a9-3fa2-5f10-a641-e0ac2af89a84,Google Cloud Digital Leader,Google Cloud,2024-11-09,2027-11-09,https://cloud.google.com/learn/certification/cloud-digital-leader,2026-08-06 10:21:00
5c9ad1fa-29c7-8943-95cd-6bb354d892b3,1b29f8f5-7a57-ee9c-0605-9e7c39f5a6f9,Google Data Analytics Professional Certificate,Google / Coursera,2024-11-16,,https://www.coursera.org/professional-certificates/google-data-analytics,2026-08-28 10:05:00
b5adaaf7-8a29-8fee-2d38-196f084f1188,6efb935d-ed97-ebee-e0b9-f45981446353,Machine Learning Specialization,DeepLearning.AI / Coursera,2025-08-13,,https://www.coursera.org/specializations/machine-learning-introduction,2026-07-06 22:18:00
bc2e3017-7935-b849-811f-53adae953772,0fa0ee0b-21c6-cb90-92a7-f356f3a9e1b0,Microsoft Certified: Power BI Data Analyst Associate (PL-300),Microsoft,2026-05-28,,https://learn.microsoft.com/en-us/credentials/certifications/data-analyst-associate/,2026-08-12 05:31:00
627261fb-9282-61f6-7010-d1a3b8f9cfd9,0fa0ee0b-21c6-cb90-92a7-f356f3a9e1b0,"Oracle Certified Associate, Java SE Programmer",Oracle,2024-08-25,,https://education.oracle.com/,2026-08-12 05:31:00
719bd036-c236-720d-0031-cf11690ac3f4,500f8ea4-9806-fc29-1a55-9ede450689f4,Splunk Core Certified User,Splunk,2026-01-16,,https://www.splunk.com/en_us/training/certification-track/splunk-core-certified-user.html,2026-07-14 03:12:00
f542b656-05cc-d11e-72c1-ceda090bd686,5e7e92e1-43b7-ba9d-9e66-2bece21b5c79,Microsoft Certified: Azure Fundamentals (AZ-900),Microsoft,2025-05-13,,https://learn.microsoft.com/en-us/credentials/certifications/azure-fundamentals/,2026-08-12 04:48:00
0ebe6b6a-530e-af2c-6ac7-0f7acc613f84,6d52f7b4-7f0a-081f-7713-8c1de186e79f,Docker Certified Associate,Docker / Mirantis,2025-07-17,,https://training.mirantis.com/,2026-09-17 03:43:00
1dd8f289-21f9-494a-42ab-e5941359d0c6,6d52f7b4-7f0a-081f-7713-8c1de186e79f,Machine Learning Specialization,DeepLearning.AI / Coursera,2026-05-21,,https://www.coursera.org/specializations/machine-learning-introduction,2026-09-17 03:43:00
9bee4470-e878-15da-3053-debc632e7e11,ca8e4210-489a-52c6-93ec-6c56d30f974b,Meta Back-End Developer Professional Certificate,Meta / Coursera,2025-11-06,,https://www.coursera.org/professional-certificates/meta-back-end-developer,2026-07-27 14:23:00
fb8df022-8fb4-4875-75d0-1b1b605246f8,0013abcd-8668-5731-8291-4effdefd0a5c,AWS Certified Cloud Practitioner,Amazon Web Services,2026-03-03,2029-03-02,https://aws.amazon.com/certification/certified-cloud-practitioner/,2026-09-12 12:35:00
da6406b9-8ce3-423b-ceb9-6d5bf9c87bdb,18e5351d-75b0-1595-6240-c45afa35c2c5,Machine Learning Specialization,DeepLearning.AI / Coursera,2026-04-28,,https://www.coursera.org/specializations/machine-learning-introduction,2026-08-22 21:12:00
868c0ba2-c2b2-483f-fb61-60d4cf689ec2,4946faf7-823b-40ee-7f0b-d991db560348,IBM Data Science Professional Certificate,IBM / Coursera,2026-05-15,,https://www.coursera.org/professional-certificates/ibm-data-science,2026-07-25 12:05:00
d467c8f7-56aa-09aa-435a-594f0dcb6860,7e788d11-3d5e-b74c-92c9-450ff5227b3b,Meta Front-End Developer Professional Certificate,Meta / Coursera,2024-07-10,,https://www.coursera.org/professional-certificates/meta-front-end-developer,2026-09-11 09:58:00
858092e7-ec3b-b202-c91d-476ffcd6e48a,5267990f-e64e-b077-5ac2-0242fe13981a,AWS Certified Cloud Practitioner,Amazon Web Services,2025-12-11,2028-12-10,https://aws.amazon.com/certification/certified-cloud-practitioner/,2026-07-23 18:50:00
e2f48e01-8c2f-29c3-74a8-b2901b170290,7a43a0d4-1863-4591-9ddd-0c62de2b0eea,Microsoft Office Specialist: Excel Associate,Microsoft,2025-03-06,,https://learn.microsoft.com/en-us/credentials/,2026-09-06 13:15:00
d22622b9-ee76-d113-0ff4-4a6d58fa1e4b,e6ee3055-92cf-ec85-1f25-305d0ceacb4f,Google Cloud Digital Leader,Google Cloud,2026-06-06,2029-06-05,https://cloud.google.com/learn/certification/cloud-digital-leader,2026-07-26 03:15:00
64d5514f-7721-c27d-8594-b1678467d1da,b3ddb501-57af-3d1f-6bef-6c9ff4e3bb85,Google Data Analytics Professional Certificate,Google / Coursera,2026-07-28,,https://www.coursera.org/professional-certificates/google-data-analytics,2026-09-19 06:36:00
d954add2-6b64-6166-8427-1b83ccc0ee4f,b3ddb501-57af-3d1f-6bef-6c9ff4e3bb85,Meta Back-End Developer Professional Certificate,Meta / Coursera,2026-07-12,,https://www.coursera.org/professional-certificates/meta-back-end-developer,2026-09-19 06:36:00
1fafbb21-97d9-6da7-60d4-9738bb7153ae,c2236c50-2a4e-edf6-fedc-2bcbebb2e703,Google Cloud Digital Leader,Google Cloud,2024-10-03,2027-10-03,https://cloud.google.com/learn/certification/cloud-digital-leader,2026-07-15 11:12:00
0ccafa14-283d-fd42-6e01-ea34f9d735bd,ea703227-f313-1f77-9203-a9ea7bed1813,Google Cybersecurity Professional Certificate,Google / Coursera,2025-04-24,,https://www.coursera.org/professional-certificates/google-cybersecurity,2026-09-08 23:30:00
29f5d0e9-fab7-8afd-3eb7-2d8f9b9b58eb,4ef10844-33e2-0cb1-052f-5ee3d8f3c80d,Google Data Analytics Professional Certificate,Google / Coursera,2025-01-27,,https://www.coursera.org/professional-certificates/google-data-analytics,2026-09-01 11:28:00
2535479e-2384-fa1b-e034-010186580bcf,a1802260-e125-6940-0265-25c0506f32e0,Microsoft Certified: Power BI Data Analyst Associate (PL-300),Microsoft,2024-10-15,,https://learn.microsoft.com/en-us/credentials/certifications/data-analyst-associate/,2026-08-04 04:02:00
49804fa1-3e08-85b8-eeeb-c1452fc51476,3a9b0cd2-429f-69ea-296b-3a811d47f62a,Microsoft Office Specialist: Excel Associate,Microsoft,2025-07-07,,https://learn.microsoft.com/en-us/credentials/,2026-08-20 14:51:00
d2168951-3656-cf44-f76e-6cd543a2ae72,c1369d85-e609-e2ac-3840-da6c3de2da16,Certified Kubernetes Administrator (CKA),CNCF / Linux Foundation,2025-10-09,2028-10-08,https://training.linuxfoundation.org/certification/certified-kubernetes-administrator-cka/,2026-07-16 02:31:00
7593e671-53e4-3fae-b6bd-c814b4e8ae1d,2804064b-0437-640d-178b-008bf30e52ec,Certified Ethical Hacker (CEH),EC-Council,2026-03-13,2029-03-12,https://www.eccouncil.org/train-certify/certified-ethical-hacker-ceh/,2026-07-11 07:30:00
6d07bb2a-ea88-edbd-d665-f1b3345ded91,2804064b-0437-640d-178b-008bf30e52ec,AWS Certified Cloud Practitioner,Amazon Web Services,2024-11-22,2027-11-22,https://aws.amazon.com/certification/certified-cloud-practitioner/,2026-07-11 07:30:00
ab1dff45-2ee1-f61e-6ee8-346501a73388,91ebe878-5c00-e2b8-df00-36cf0c709e9c,Google Cybersecurity Professional Certificate,Google / Coursera,2024-11-08,,https://www.coursera.org/professional-certificates/google-cybersecurity,2026-07-16 16:38:00
3a3d666e-364c-4c18-3f38-1b758607f9a6,da5ef8d1-4265-65a2-a902-99dd54ea70a5,AWS Certified Cloud Practitioner,Amazon Web Services,2024-12-11,2027-12-11,https://aws.amazon.com/certification/certified-cloud-practitioner/,2026-07-29 21:11:00
9f7b0a13-15ac-cac1-8966-6fef4a9de01b,db81baa5-f260-f36b-9348-cb78b2b0a47a,AWS Certified Cloud Practitioner,Amazon Web Services,2026-02-14,2029-02-13,https://aws.amazon.com/certification/certified-cloud-practitioner/,2026-09-18 15:05:00
522911a0-7aa1-14ae-aec0-d19a5a76b8f1,db81baa5-f260-f36b-9348-cb78b2b0a47a,Google Cloud Digital Leader,Google Cloud,2025-05-27,2028-05-26,https://cloud.google.com/learn/certification/cloud-digital-leader,2026-09-18 15:05:00
6395abb3-b5af-d4a1-f2ca-ea2eab4ae940,0586b104-57d8-4030-e1a0-cfa9e3c587d8,Docker Certified Associate,Docker / Mirantis,2025-06-04,,https://training.mirantis.com/,2026-07-26 02:34:00
e92bfff6-1a41-3628-60b8-6557f73c3c78,6a0a23a3-df9e-1747-dd0d-c0216e02914f,Cisco Certified Network Associate (CCNA),Cisco,2024-10-09,2027-10-09,https://www.cisco.com/site/us/en/learn/training-certifications/certifications/enterprise/ccna/index.html,2026-09-15 03:15:00
5dc42856-602f-f1c8-e1f6-6a5c1d19d1e4,34d9678f-e676-f87d-2213-974cc8cf255c,Meta Front-End Developer Professional Certificate,Meta / Coursera,2026-08-01,,https://www.coursera.org/professional-certificates/meta-front-end-developer,2026-07-31 19:23:00
12623e48-011d-3795-c4fc-092c690ff2d7,22a85aec-38a0-171e-50bc-a56cda53402b,PCEP – Certified Entry-Level Python Programmer,Python Institute,2025-10-24,,https://pythoninstitute.org/pcep,2026-07-12 07:03:00
4719c9be-25ec-5355-2e6f-f14dba1c9143,22a85aec-38a0-171e-50bc-a56cda53402b,Google Cloud Digital Leader,Google Cloud,2026-08-01,2029-07-31,https://cloud.google.com/learn/certification/cloud-digital-leader,2026-07-12 07:03:00
b5d43f94-35aa-3335-87dc-fdeb1cc4fe6e,98cd7787-a3f7-8c26-361e-89e02e07ff80,HashiCorp Certified: Terraform Associate,HashiCorp,2025-03-10,2028-03-09,https://developer.hashicorp.com/certifications/infrastructure-automation,2026-07-17 21:31:00
fe5468f2-a2cd-f8b8-acba-1269b65977f8,98cd7787-a3f7-8c26-361e-89e02e07ff80,Microsoft Certified: Power BI Data Analyst Associate (PL-300),Microsoft,2026-03-30,,https://learn.microsoft.com/en-us/credentials/certifications/data-analyst-associate/,2026-07-17 21:31:00
0eb0b579-91aa-b3ae-b6bf-8aa1b07c5494,fe2cc419-a873-b0ae-0065-b1e4ec7459fa,Meta Back-End Developer Professional Certificate,Meta / Coursera,2025-01-26,,https://www.coursera.org/professional-certificates/meta-back-end-developer,2026-09-19 17:17:00
3d30e8b2-7d22-5faf-4b5d-e7356645bcfe,225788cc-f3c8-b5ed-3cad-46432a369718,IBM Data Science Professional Certificate,IBM / Coursera,2025-03-06,,https://www.coursera.org/professional-certificates/ibm-data-science,2026-08-29 01:03:00
769d2528-ccfd-27aa-f9f7-be2454fdb823,8ee7b59b-3f76-29a1-05c0-86d07bee1533,Docker Certified Associate,Docker / Mirantis,2024-08-30,,https://training.mirantis.com/,2026-07-12 20:23:00
b8ed7c36-33f4-c396-f21d-3bd58c15c1a7,06874bed-be54-b7fc-acf2-078d7248c24c,PCEP – Certified Entry-Level Python Programmer,Python Institute,2025-12-07,,https://pythoninstitute.org/pcep,2026-08-23 16:42:00
bd45cc6d-590f-dd3a-b01a-a4275c8331ae,40d0bb00-e03c-f632-17fb-879353be63fe,IBM Data Science Professional Certificate,IBM / Coursera,2025-09-10,,https://www.coursera.org/professional-certificates/ibm-data-science,2026-07-15 07:50:00
792d799a-8d5d-a25a-efcc-3d05bee6129b,927c2076-e560-20ed-77e1-4a64f1ba3b59,Splunk Core Certified User,Splunk,2025-10-25,,https://www.splunk.com/en_us/training/certification-track/splunk-core-certified-user.html,2026-07-16 22:12:00
4c90376a-e8ad-d837-ff5b-0a053ca4148c,6d28c9f8-68b1-f88b-a890-aaf3b877e186,HashiCorp Certified: Terraform Associate,HashiCorp,2025-03-02,2028-03-01,https://developer.hashicorp.com/certifications/infrastructure-automation,2026-09-07 03:30:00
62e24024-d0aa-b5b2-f0f9-a0f68fd9b984,19b676fa-33e7-f7a6-a05a-e19b2c51da56,Meta Back-End Developer Professional Certificate,Meta / Coursera,2025-08-02,,https://www.coursera.org/professional-certificates/meta-back-end-developer,2026-08-17 21:31:00
83337c37-a3b2-54e0-fd1a-ad6948b60bd3,c3901004-23ee-b73a-205d-dcc1dea4cac5,IBM Data Science Professional Certificate,IBM / Coursera,2026-01-03,,https://www.coursera.org/professional-certificates/ibm-data-science,2026-08-26 02:24:00
8a646c0f-fc6e-4ef3-47c9-7f638fc07c14,c3901004-23ee-b73a-205d-dcc1dea4cac5,Meta Back-End Developer Professional Certificate,Meta / Coursera,2026-05-11,,https://www.coursera.org/professional-certificates/meta-back-end-developer,2026-08-26 02:24:00
0e414261-943a-0d63-7288-37ae987acadb,c3901004-23ee-b73a-205d-dcc1dea4cac5,Docker Certified Associate,Docker / Mirantis,2026-01-01,,https://training.mirantis.com/,2026-08-26 02:24:00
b2d9626a-02b2-6ef1-9e0f-4f02bfd04ef1,4920141b-6eed-7b2c-ca14-c9822a0eb84e,IBM Data Science Professional Certificate,IBM / Coursera,2025-09-26,,https://www.coursera.org/professional-certificates/ibm-data-science,2026-07-29 01:30:00
0b208d7e-dd83-b0cd-1621-b7a9f00227ee,4920141b-6eed-7b2c-ca14-c9822a0eb84e,Tableau Desktop Specialist,Tableau / Salesforce,2024-10-23,,https://www.tableau.com/learn/certification,2026-07-29 01:30:00
c64c8976-418c-a4a6-3cc4-b66dbd0b08ef,27dec25b-6328-0c8b-ec12-da0d640d424f,Google Cybersecurity Professional Certificate,Google / Coursera,2023-11-10,,https://www.coursera.org/professional-certificates/google-cybersecurity,2026-07-17 03:04:00
597148df-d757-9531-dbd0-58e2e64e445f,27dec25b-6328-0c8b-ec12-da0d640d424f,Meta Back-End Developer Professional Certificate,Meta / Coursera,2026-06-20,,https://www.coursera.org/professional-certificates/meta-back-end-developer,2026-07-17 03:04:00
2337f583-0658-aa05-2195-4f8e25d7c4ec,27dec25b-6328-0c8b-ec12-da0d640d424f,PCEP – Certified Entry-Level Python Programmer,Python Institute,2025-11-28,,https://pythoninstitute.org/pcep,2026-07-17 03:04:00
41226c34-afe9-e22a-98b9-1e8c69201c6c,123c1c97-2089-761f-c9a1-e33201639926,AWS Certified Cloud Practitioner,Amazon Web Services,2025-01-03,2028-01-03,https://aws.amazon.com/certification/certified-cloud-practitioner/,2026-07-31 15:23:00
53747f15-e3c1-25d1-8db4-2b8687e5c76f,123c1c97-2089-761f-c9a1-e33201639926,Google Cybersecurity Professional Certificate,Google / Coursera,2026-07-31,,https://www.coursera.org/professional-certificates/google-cybersecurity,2026-07-31 15:23:00
788f77da-9a23-f5d3-a2cb-d0100039c5fc,e1730f12-6f78-8fa8-84c0-56cfb44a54a9,Certified Kubernetes Administrator (CKA),CNCF / Linux Foundation,2026-06-26,2029-06-25,https://training.linuxfoundation.org/certification/certified-kubernetes-administrator-cka/,2026-07-17 22:19:00
ba3bf279-6b6b-704e-1bb2-4bd6c096ca3c,28ce015a-d5f6-d36a-17ae-33cb2ec7869a,Google Data Analytics Professional Certificate,Google / Coursera,2026-01-21,,https://www.coursera.org/professional-certificates/google-data-analytics,2026-07-31 21:50:00
062b072a-d33b-0a3b-7d43-6a0e3870e406,39c476bd-c55d-9d2c-6535-5d3ac5396fbf,Certified Kubernetes Administrator (CKA),CNCF / Linux Foundation,2026-05-17,2029-05-16,https://training.linuxfoundation.org/certification/certified-kubernetes-administrator-cka/,2026-08-11 10:40:00
d4859d89-4840-5ebb-4a7c-1238d47f3c29,d86a5f93-3547-fe7d-5c85-a2b5df0cfeed,HashiCorp Certified: Terraform Associate,HashiCorp,2024-03-15,2027-03-15,https://developer.hashicorp.com/certifications/infrastructure-automation,2026-08-26 06:27:00
3e457df8-24a4-e2d6-a867-091aaa501df4,fdce3025-6dfb-a7a3-5617-71d25e34d5d5,Microsoft Certified: Power BI Data Analyst Associate (PL-300),Microsoft,2025-11-02,,https://learn.microsoft.com/en-us/credentials/certifications/data-analyst-associate/,2026-07-13 13:52:00
660a1a50-30da-151a-01bf-5ffb444c5564,b8456b4a-09c7-889e-df54-2804535fb76f,Machine Learning Specialization,DeepLearning.AI / Coursera,2026-04-25,,https://www.coursera.org/specializations/machine-learning-introduction,2026-09-13 05:28:00
480fc5b5-68f0-4859-dad9-9bf468c61d3a,73ac88dd-132b-9911-d510-ec934fff85ad,Google Cybersecurity Professional Certificate,Google / Coursera,2026-07-30,,https://www.coursera.org/professional-certificates/google-cybersecurity,2026-08-12 07:10:00
06e8693a-b749-ebfe-043f-cce850ebe8af,fd8be908-24e8-0bb3-6294-b89d265ff5d6,AWS Certified Cloud Practitioner,Amazon Web Services,2025-04-14,2028-04-13,https://aws.amazon.com/certification/certified-cloud-practitioner/,2026-08-14 08:31:00
1cd773f4-16f0-20a1-74f2-1662605c8d19,ae5e0cb5-b88c-3785-32fc-beef985a52e0,Meta Back-End Developer Professional Certificate,Meta / Coursera,2026-01-10,,https://www.coursera.org/professional-certificates/meta-back-end-developer,2026-07-23 11:00:00
a3036e19-7455-1420-0697-0d252f75c8e8,ae5e0cb5-b88c-3785-32fc-beef985a52e0,Google Data Analytics Professional Certificate,Google / Coursera,2025-10-10,,https://www.coursera.org/professional-certificates/google-data-analytics,2026-07-23 11:00:00
c92831c3-6748-7e94-23f5-e59c5b5e4841,ae5e0cb5-b88c-3785-32fc-beef985a52e0,Microsoft Certified: Azure Fundamentals (AZ-900),Microsoft,2024-11-23,,https://learn.microsoft.com/en-us/credentials/certifications/azure-fundamentals/,2026-07-23 11:00:00
a2200b13-29a9-56dc-a35e-f18a1f23817c,0214a089-e367-55c3-6765-b4e705591701,HashiCorp Certified: Terraform Associate,HashiCorp,2025-08-20,2028-08-19,https://developer.hashicorp.com/certifications/infrastructure-automation,2026-07-24 09:37:00
f007a389-cc08-0c07-8dd5-b339dcb2be7e,0214a089-e367-55c3-6765-b4e705591701,Microsoft Certified: Azure Fundamentals (AZ-900),Microsoft,2026-06-09,,https://learn.microsoft.com/en-us/credentials/certifications/azure-fundamentals/,2026-07-24 09:37:00
82d8bf4f-e85c-2227-309d-04f6cd4592d6,8eb2a4c8-d6d7-c5ea-59e2-460d48cea229,Meta Back-End Developer Professional Certificate,Meta / Coursera,2024-09-21,,https://www.coursera.org/professional-certificates/meta-back-end-developer,2026-07-06 15:28:00
c9844797-bbdc-ae11-8d79-cbe94799794a,8eb2a4c8-d6d7-c5ea-59e2-460d48cea229,Machine Learning Specialization,DeepLearning.AI / Coursera,2023-11-11,,https://www.coursera.org/specializations/machine-learning-introduction,2026-07-06 15:28:00
d9515657-f728-d4bc-e3f4-c747f31874e2,00e3cd3a-5742-7eb1-b498-ebecbfd580aa,CompTIA Security+,CompTIA,2026-02-17,2029-02-16,https://www.comptia.org/certifications/security,2026-08-07 15:12:00
d8a40448-e8d4-6143-248c-311cd84eb0d7,62cfd6d9-bf48-df47-9663-1e0ba8e36daa,Meta Back-End Developer Professional Certificate,Meta / Coursera,2025-11-21,,https://www.coursera.org/professional-certificates/meta-back-end-developer,2026-09-01 07:33:00
180d6ed4-09b0-8890-00c6-d2f660a4cc38,5c2e2b5a-e55f-5172-c53b-5bb0b4b63976,Google Data Analytics Professional Certificate,Google / Coursera,2024-03-31,,https://www.coursera.org/professional-certificates/google-data-analytics,2026-07-08 03:13:00
63b851ab-2a81-ef44-8e7b-8b9bce0b4fa8,5c2e2b5a-e55f-5172-c53b-5bb0b4b63976,Meta Front-End Developer Professional Certificate,Meta / Coursera,2026-04-18,,https://www.coursera.org/professional-certificates/meta-front-end-developer,2026-07-08 03:13:00
223a32b9-2d0a-91ce-d604-2250bad94e0c,1c13a1b1-b78d-192b-8667-ea37c2cc9607,"Oracle Certified Associate, Java SE Programmer",Oracle,2024-09-11,,https://education.oracle.com/,2026-07-02 08:57:00
f17c0a74-a769-df95-4c9d-48da495f9add,ef359375-2822-b779-b10e-737b14083755,Tableau Desktop Specialist,Tableau / Salesforce,2025-06-26,,https://www.tableau.com/learn/certification,2026-08-21 05:43:00
e85b2a0b-794b-3a21-c480-570cc7407097,659de736-0620-1373-9a1b-45fb99d1a353,Meta Back-End Developer Professional Certificate,Meta / Coursera,2025-03-08,,https://www.coursera.org/professional-certificates/meta-back-end-developer,2026-08-12 00:03:00
f92e9e6c-3ca4-25f2-8b15-454c63a89e86,f6ee9abe-9310-9f11-8e55-cde411246328,IBM Data Science Professional Certificate,IBM / Coursera,2024-05-24,,https://www.coursera.org/professional-certificates/ibm-data-science,2026-08-18 09:52:00
8405555d-e1dd-8448-a0b3-9b26bdfe1ada,f6ee9abe-9310-9f11-8e55-cde411246328,AWS Certified Cloud Practitioner,Amazon Web Services,2025-05-23,2028-05-22,https://aws.amazon.com/certification/certified-cloud-practitioner/,2026-08-18 09:52:00
ccfd06e9-5468-1cfe-f42c-2c4c841cff16,8b93633e-3c8e-e1ad-51d7-dc9578ea5084,AWS Certified Cloud Practitioner,Amazon Web Services,2024-09-19,2027-09-19,https://aws.amazon.com/certification/certified-cloud-practitioner/,2026-09-17 22:10:00
5157f7ba-9653-1ca2-f18f-82e935012d3f,94599167-c490-9665-0144-e7e58fb7d432,IBM Data Science Professional Certificate,IBM / Coursera,2025-12-14,,https://www.coursera.org/professional-certificates/ibm-data-science,2026-07-30 20:56:00
d99c89f5-8d4e-64d6-233d-d5486b8e4564,94599167-c490-9665-0144-e7e58fb7d432,PCEP – Certified Entry-Level Python Programmer,Python Institute,2026-04-19,,https://pythoninstitute.org/pcep,2026-07-30 20:56:00
4f084a5b-9595-45e2-940a-f2af237da146,19efa32b-fcd8-66d3-9ef0-2032c685b082,Google Cybersecurity Professional Certificate,Google / Coursera,2025-09-24,,https://www.coursera.org/professional-certificates/google-cybersecurity,2026-09-15 14:01:00
daa4acff-44b8-5892-e268-7fd141c215d4,671f7146-befd-d9a2-fb69-a10b6826fefe,Cisco Certified Network Associate (CCNA),Cisco,2025-10-16,2028-10-15,https://www.cisco.com/site/us/en/learn/training-certifications/certifications/enterprise/ccna/index.html,2026-08-08 11:49:00
34692ad5-dbb0-10a8-cd55-49835717b2a1,d46a434e-0f78-b23e-cc1b-06f9f15e9390,Meta Back-End Developer Professional Certificate,Meta / Coursera,2026-03-22,,https://www.coursera.org/professional-certificates/meta-back-end-developer,2026-09-18 07:41:00
44e7f055-7996-cab1-5c7c-a41b5d924944,73161c95-f1cf-1087-363d-9c33ede47a7f,Microsoft Certified: Power BI Data Analyst Associate (PL-300),Microsoft,2023-11-30,,https://learn.microsoft.com/en-us/credentials/certifications/data-analyst-associate/,2026-07-21 19:13:00
a22f0ea1-166d-8b37-488d-e69790296661,6c9ba7ce-174a-03b2-7e52-c53f974d4c72,Microsoft Certified: Power BI Data Analyst Associate (PL-300),Microsoft,2026-02-19,,https://learn.microsoft.com/en-us/credentials/certifications/data-analyst-associate/,2026-07-26 16:54:00
c0f9bcd5-6e21-e1a9-f49d-befc4a1225f0,fa0be236-a32d-dce0-5900-650e1d7037fc,Meta Back-End Developer Professional Certificate,Meta / Coursera,2026-02-09,,https://www.coursera.org/professional-certificates/meta-back-end-developer,2026-07-08 19:10:00
a11d7925-ce2d-27b0-0589-4a21fde23253,66b90bfa-7cdc-8a6b-6564-bdddcd6ad0b7,freeCodeCamp Responsive Web Design,freeCodeCamp,2025-07-21,,https://www.freecodecamp.org/learn/2022/responsive-web-design/,2026-07-17 08:41:00
2e0c8b5e-74c3-4911-849f-43c809b5b0ec,38ef961c-afa3-1bbc-bcae-34dbe58a27ee,PCEP – Certified Entry-Level Python Programmer,Python Institute,2026-01-06,,https://pythoninstitute.org/pcep,2026-07-19 18:32:00
03ac3b18-b425-d902-0094-86d8d3ac1d45,38ef961c-afa3-1bbc-bcae-34dbe58a27ee,Splunk Core Certified User,Splunk,2024-10-11,,https://www.splunk.com/en_us/training/certification-track/splunk-core-certified-user.html,2026-07-19 18:32:00
ce7458ea-f555-95d0-7f03-b4f5accea720,d85d8b7b-4a3a-c55b-f28b-a49491d7aeb2,AWS Certified Solutions Architect – Associate,Amazon Web Services,2025-07-13,2028-07-12,https://aws.amazon.com/certification/certified-solutions-architect-associate/,2026-09-09 11:23:00
240cb204-2fe6-3fc8-5a55-3e2ee1501c23,495eeab3-5ef3-d53f-de59-ceb057685d21,Google Data Analytics Professional Certificate,Google / Coursera,2024-02-26,,https://www.coursera.org/professional-certificates/google-data-analytics,2026-07-29 05:09:00
84a1a46b-e5d6-9b62-50d2-72fd20d5e20e,2862bab4-e5ca-f5f4-d313-6c61b0850b98,freeCodeCamp Responsive Web Design,freeCodeCamp,2025-09-26,,https://www.freecodecamp.org/learn/2022/responsive-web-design/,2026-08-04 01:41:00
038d16ea-16c2-cfbe-c803-c809db93f296,2862bab4-e5ca-f5f4-d313-6c61b0850b98,PCEP – Certified Entry-Level Python Programmer,Python Institute,2025-02-25,,https://pythoninstitute.org/pcep,2026-08-04 01:41:00
6d4588ad-7478-a40e-cb1f-92c07ecc872c,82019d8a-ea84-282a-4566-cc4c7f35069a,Microsoft Certified: Azure Fundamentals (AZ-900),Microsoft,2026-03-12,,https://learn.microsoft.com/en-us/credentials/certifications/azure-fundamentals/,2026-09-18 15:40:00
fd37edbe-7904-9679-6dfb-9f5a7ec24024,82019d8a-ea84-282a-4566-cc4c7f35069a,CompTIA Security+,CompTIA,2025-10-25,2028-10-24,https://www.comptia.org/certifications/security,2026-09-18 15:40:00
0535bece-6204-411b-fb02-79b1bb6cc2df,c3c0441e-962f-db65-1031-5bec1dc2896a,AWS Certified Cloud Practitioner,Amazon Web Services,2025-01-05,2028-01-05,https://aws.amazon.com/certification/certified-cloud-practitioner/,2026-08-07 15:38:00
af149e8a-2219-77d3-81bd-e4a88735a0a0,461e69c7-497f-4844-b55c-470e1f06b9f4,IBM Data Science Professional Certificate,IBM / Coursera,2026-06-13,,https://www.coursera.org/professional-certificates/ibm-data-science,2026-09-03 13:00:00
6d38595b-4c58-f12f-5673-edb9d4a52623,461e69c7-497f-4844-b55c-470e1f06b9f4,Docker Certified Associate,Docker / Mirantis,2024-11-10,,https://training.mirantis.com/,2026-09-03 13:00:00
1ca0a2e6-461b-1ca2-d520-3db2eb09f49f,b61bb23f-ddfd-fbfa-810e-641239c3e82a,Certified Kubernetes Administrator (CKA),CNCF / Linux Foundation,2025-08-28,2028-08-27,https://training.linuxfoundation.org/certification/certified-kubernetes-administrator-cka/,2026-09-03 11:14:00
18fd60fe-7c71-d7e6-ae8e-fd23ab193d1e,f013f6cf-d37d-eb78-4b0a-d038fd2c7b01,Tableau Desktop Specialist,Tableau / Salesforce,2026-01-29,,https://www.tableau.com/learn/certification,2026-08-02 12:05:00
d10e2a21-f88b-e8b4-036b-5ff52dd805e1,f013f6cf-d37d-eb78-4b0a-d038fd2c7b01,Microsoft Office Specialist: Excel Associate,Microsoft,2025-04-11,,https://learn.microsoft.com/en-us/credentials/,2026-08-02 12:05:00
70d92ddc-9b3f-77a9-c64b-339f13d9259a,5dbbd1f0-74ab-ab16-31f2-a9529ac2862c,PCEP – Certified Entry-Level Python Programmer,Python Institute,2025-04-14,,https://pythoninstitute.org/pcep,2026-07-01 18:59:00
f03443f5-33dd-1cc5-9a35-c2e8ae11e69e,879614cb-99fb-3449-d26a-de75bdf166cc,PCEP – Certified Entry-Level Python Programmer,Python Institute,2025-03-23,,https://pythoninstitute.org/pcep,2026-09-03 12:39:00
f494cff8-4d5e-d769-24fb-917df85f0e21,19e9abf9-4997-1cf2-e0e6-50b09a31755b,Meta Back-End Developer Professional Certificate,Meta / Coursera,2025-11-27,,https://www.coursera.org/professional-certificates/meta-back-end-developer,2026-09-07 15:03:00
11c0a5ef-481f-b168-4dd9-8928df2d3f85,36517906-39ab-4c7b-78c7-724586f722c1,Docker Certified Associate,Docker / Mirantis,2026-01-16,,https://training.mirantis.com/,2026-07-19 11:17:00
8d66d88c-a848-7bf5-bb55-2498441a78fe,36517906-39ab-4c7b-78c7-724586f722c1,Machine Learning Specialization,DeepLearning.AI / Coursera,2025-03-05,,https://www.coursera.org/specializations/machine-learning-introduction,2026-07-19 11:17:00
69f3d58f-b20c-40a7-7697-d5692869bdce,7a4e50c0-c64a-9507-27a4-00be9650590a,Machine Learning Specialization,DeepLearning.AI / Coursera,2024-09-29,,https://www.coursera.org/specializations/machine-learning-introduction,2026-09-17 17:33:00
51842fa7-1aa4-db6f-949d-8abb57960b2e,13148cd6-e13a-5536-f3ea-a109ef8a4547,Microsoft Certified: Azure Fundamentals (AZ-900),Microsoft,2024-01-12,,https://learn.microsoft.com/en-us/credentials/certifications/azure-fundamentals/,2026-07-16 20:54:00
c7a1358d-5457-9dfe-8c86-cfb6eadf9b0e,13148cd6-e13a-5536-f3ea-a109ef8a4547,Google Data Analytics Professional Certificate,Google / Coursera,2025-08-02,,https://www.coursera.org/professional-certificates/google-data-analytics,2026-07-16 20:54:00
af716cda-5ead-7b7e-6220-a037507d9417,13148cd6-e13a-5536-f3ea-a109ef8a4547,IBM Data Science Professional Certificate,IBM / Coursera,2023-10-17,,https://www.coursera.org/professional-certificates/ibm-data-science,2026-07-16 20:54:00
14c27652-6730-f376-e023-d587958eea4c,4ba85ad1-9669-0f9a-02d8-7a6eb74d95a4,AWS Certified Solutions Architect – Associate,Amazon Web Services,2025-06-07,2028-06-06,https://aws.amazon.com/certification/certified-solutions-architect-associate/,2026-07-11 16:36:00
f2599e31-6796-e821-9b96-c31571d89da1,5eadbfa8-3c41-ec69-4f29-ae8aab19de5e,Certified Ethical Hacker (CEH),EC-Council,2026-03-09,2029-03-08,https://www.eccouncil.org/train-certify/certified-ethical-hacker-ceh/,2026-08-08 18:29:00
c91db70b-05d3-3dbb-54e6-a6d17a92a954,d6d9efa4-08ac-98f7-9fb9-3af296c93882,HashiCorp Certified: Terraform Associate,HashiCorp,2024-05-06,2027-05-06,https://developer.hashicorp.com/certifications/infrastructure-automation,2026-09-15 23:26:00
2b9a73da-b075-67ec-d23e-f6e85784eeba,d6d9efa4-08ac-98f7-9fb9-3af296c93882,Machine Learning Specialization,DeepLearning.AI / Coursera,2025-06-10,,https://www.coursera.org/specializations/machine-learning-introduction,2026-09-15 23:26:00
eaa25976-ce9f-5d57-5eb3-3fa31d79a0e9,2b714daf-fcc9-be91-2444-51dc14fbf384,Meta Back-End Developer Professional Certificate,Meta / Coursera,2026-01-23,,https://www.coursera.org/professional-certificates/meta-back-end-developer,2026-08-06 18:44:00
492b87f6-5597-7b04-4586-1f638b41750e,2b714daf-fcc9-be91-2444-51dc14fbf384,Google Data Analytics Professional Certificate,Google / Coursera,2025-12-23,,https://www.coursera.org/professional-certificates/google-data-analytics,2026-08-06 18:44:00
fe6e339f-3c39-785e-d674-6f77f5dfc54b,12b5afc2-e437-f0f7-544a-8534483bc3fb,Google Data Analytics Professional Certificate,Google / Coursera,2023-09-08,,https://www.coursera.org/professional-certificates/google-data-analytics,2026-07-09 23:50:00
d129fee7-e709-230d-2076-47153f27cc49,12b5afc2-e437-f0f7-544a-8534483bc3fb,PCEP – Certified Entry-Level Python Programmer,Python Institute,2025-08-03,,https://pythoninstitute.org/pcep,2026-07-09 23:50:00
85c2b89c-123b-154b-2cfe-3e0b583f55d7,7267dcbf-191c-c1f1-cf61-47076de8954b,AWS Certified Solutions Architect – Associate,Amazon Web Services,2023-12-17,2026-12-16,https://aws.amazon.com/certification/certified-solutions-architect-associate/,2026-08-16 19:59:00
fbf9431a-8694-628c-b8db-49c70216b6f9,9adae23d-1ea2-281b-a1c2-a95ec46801aa,CompTIA Security+,CompTIA,2025-12-06,2028-12-05,https://www.comptia.org/certifications/security,2026-07-01 19:39:00
0f525ce1-ec04-3849-ed61-8c12f68eefe7,9adae23d-1ea2-281b-a1c2-a95ec46801aa,Machine Learning Specialization,DeepLearning.AI / Coursera,2024-12-08,,https://www.coursera.org/specializations/machine-learning-introduction,2026-07-01 19:39:00
0fa95911-210f-6402-9264-7847ca411a85,b3f9e742-70d3-de82-c4db-7017cfeafd12,Google Data Analytics Professional Certificate,Google / Coursera,2025-04-17,,https://www.coursera.org/professional-certificates/google-data-analytics,2026-07-31 15:45:00
9b9c883c-ef7b-5027-b736-a5828b3651ae,8f6b421a-db21-4fcf-235b-3eec3f256c97,Microsoft Certified: Azure Fundamentals (AZ-900),Microsoft,2025-01-24,,https://learn.microsoft.com/en-us/credentials/certifications/azure-fundamentals/,2026-07-22 18:59:00
625711ff-3e92-e0eb-7a19-49db884b8774,41af5e59-385f-1dc1-db60-63b2cfea043b,Machine Learning Specialization,DeepLearning.AI / Coursera,2024-08-02,,https://www.coursera.org/specializations/machine-learning-introduction,2026-09-14 21:16:00
93a4f9e1-c88a-d3dd-b7b1-c22622bfa628,b6ebdb5e-0a08-980e-f273-9891b52f06dd,Elements of AI,University of Helsinki,2025-04-14,,https://www.elementsofai.com/,2026-09-04 11:41:00
241876c1-787b-8d1e-8393-928e5f8b3151,dc8b23cf-ff12-f8bc-51e4-fb51df8c209a,Certified Kubernetes Administrator (CKA),CNCF / Linux Foundation,2025-01-23,2028-01-23,https://training.linuxfoundation.org/certification/certified-kubernetes-administrator-cka/,2026-09-09 12:33:00
ebccf22c-954b-7d8f-a498-b0fb767f2339,e9a0669c-fd69-53ac-c4fb-e186e37e2e71,Tableau Desktop Specialist,Tableau / Salesforce,2026-04-18,,https://www.tableau.com/learn/certification,2026-09-08 02:31:00
a41e4f27-dd15-7a0b-9bc8-758e9ab76cbd,c4512363-e4b5-2217-066e-52b3920e076d,Meta Front-End Developer Professional Certificate,Meta / Coursera,2025-11-18,,https://www.coursera.org/professional-certificates/meta-front-end-developer,2026-08-10 19:13:00
148da156-a091-f865-3c1b-76cc8bfd33bd,910251c2-8e29-d169-6904-231a33c9ca2c,IBM Data Science Professional Certificate,IBM / Coursera,2025-03-16,,https://www.coursera.org/professional-certificates/ibm-data-science,2026-07-16 15:14:00
92f3fd8f-cf41-4a55-c2d0-d307ea554243,7ab3e430-deb8-09e6-b7fc-f61bbcba70c6,Microsoft Office Specialist: Excel Associate,Microsoft,2026-06-10,,https://learn.microsoft.com/en-us/credentials/,2026-08-15 04:18:00
b4f41b7a-6b7c-1ba6-1d3f-e3c172c901eb,5da0314d-d133-0f74-ead7-e2f3c5dee1d5,Docker Certified Associate,Docker / Mirantis,2025-09-27,,https://training.mirantis.com/,2026-08-04 13:52:00
91968648-99af-5e19-a7fe-cab2fd7e5c12,5da0314d-d133-0f74-ead7-e2f3c5dee1d5,Machine Learning Specialization,DeepLearning.AI / Coursera,2026-01-21,,https://www.coursera.org/specializations/machine-learning-introduction,2026-08-04 13:52:00
bf50028b-9546-e7f3-2002-dc7101e2f374,594198d6-54c2-7a90-ae1d-2393ba1d0a8b,HashiCorp Certified: Terraform Associate,HashiCorp,2025-08-17,2028-08-16,https://developer.hashicorp.com/certifications/infrastructure-automation,2026-08-07 21:09:00
461f60b7-0faa-be0d-6a3d-0de1f65e7c63,a42b033d-e858-3874-733a-d5dc56b1ffda,Google Data Analytics Professional Certificate,Google / Coursera,2026-03-10,,https://www.coursera.org/professional-certificates/google-data-analytics,2026-08-22 21:37:00
6f49784d-a124-6b16-87dc-9509c2c0d2ed,65952c4d-6641-71ac-bf8d-602b47945537,HashiCorp Certified: Terraform Associate,HashiCorp,2026-01-25,2029-01-24,https://developer.hashicorp.com/certifications/infrastructure-automation,2026-08-30 11:37:00
4a7b85b3-671e-9da6-f37e-e50db61b8726,ad7c9e38-f6b6-8c7c-fc80-ee6587d6c293,Machine Learning Specialization,DeepLearning.AI / Coursera,2026-01-20,,https://www.coursera.org/specializations/machine-learning-introduction,2026-09-09 04:05:00
5a02a300-294c-60dd-b5f6-486a6f2c6f50,a1eb923a-5edb-7f5a-5cad-507d67583c10,Google Cybersecurity Professional Certificate,Google / Coursera,2024-09-11,,https://www.coursera.org/professional-certificates/google-cybersecurity,2026-09-20 05:30:00
9eb9c6aa-37f6-7d3d-8ae5-c8afab40b212,a1eb923a-5edb-7f5a-5cad-507d67583c10,Certified Kubernetes Administrator (CKA),CNCF / Linux Foundation,2024-10-06,2027-10-06,https://training.linuxfoundation.org/certification/certified-kubernetes-administrator-cka/,2026-09-20 05:30:00
dd26cba9-b474-5565-b389-ea77d5c67dbc,4c07436f-68c8-7b96-50e9-0bb064993144,IBM Data Science Professional Certificate,IBM / Coursera,2026-05-27,,https://www.coursera.org/professional-certificates/ibm-data-science,2026-07-27 20:13:00
3b95704f-f347-6f6a-7a79-12fe82b4287d,4225aada-8af1-789c-5641-33b4515395ef,IBM Data Science Professional Certificate,IBM / Coursera,2026-06-14,,https://www.coursera.org/professional-certificates/ibm-data-science,2026-08-25 03:50:00
2eeb7096-13c9-1def-b369-8789b8058e8e,8356a54d-af64-8db0-ef57-3ff9d8571a4b,Docker Certified Associate,Docker / Mirantis,2025-09-13,,https://training.mirantis.com/,2026-09-17 13:14:00
1e527d0d-63ef-ab5a-6020-de73a2fc570d,6165f4f9-7fb3-7e00-d7c0-9d8541fc43ab,Certified Kubernetes Administrator (CKA),CNCF / Linux Foundation,2025-01-28,2028-01-28,https://training.linuxfoundation.org/certification/certified-kubernetes-administrator-cka/,2026-08-05 14:20:00
05867a5e-b39d-1d57-5a6b-892b90e699c9,1ff938df-e116-559a-a5c8-d6758ccaa0c9,Google Data Analytics Professional Certificate,Google / Coursera,2024-09-20,,https://www.coursera.org/professional-certificates/google-data-analytics,2026-07-03 17:59:00
35513756-ff0d-11d3-0584-576adff795c8,4d13ff4b-33d1-5143-2a2b-cedb73122df9,PCEP – Certified Entry-Level Python Programmer,Python Institute,2025-09-28,,https://pythoninstitute.org/pcep,2026-08-02 09:00:00
4d0f3055-177c-b6ed-db81-8e3ef05272ca,67027423-6be7-fce2-0912-e38d73d91b55,Machine Learning Specialization,DeepLearning.AI / Coursera,2025-09-04,,https://www.coursera.org/specializations/machine-learning-introduction,2026-07-21 22:30:00
1c36889c-8e09-71de-b772-a962f7bfa03c,12120ce0-75da-0a00-c44a-1e316c0ee5cb,Meta Back-End Developer Professional Certificate,Meta / Coursera,2025-01-09,,https://www.coursera.org/professional-certificates/meta-back-end-developer,2026-07-25 08:18:00
fa5292d7-02b8-5a3d-f3c9-ae7e962cdca9,6fd4caba-3102-b9c0-21eb-dd17ab8011b1,Machine Learning Specialization,DeepLearning.AI / Coursera,2026-06-14,,https://www.coursera.org/specializations/machine-learning-introduction,2026-07-10 05:26:00
1828c085-bdac-f5ac-91d8-e6f828cffab5,49e92822-eb94-1696-cce9-c2ca0b1fb0f8,Google Cybersecurity Professional Certificate,Google / Coursera,2026-06-12,,https://www.coursera.org/professional-certificates/google-cybersecurity,2026-08-18 16:47:00
cfadb3f7-5d09-3f70-ceb1-d767fc58f69c,6cf7eebe-d66b-b224-1031-f3699de2862c,Google Data Analytics Professional Certificate,Google / Coursera,2025-11-19,,https://www.coursera.org/professional-certificates/google-data-analytics,2026-08-03 10:33:00
df485f68-fafd-e80d-6d7f-c7c11e1445bd,a8674738-042e-3e93-e029-188812ed9c48,IBM Data Science Professional Certificate,IBM / Coursera,2025-06-23,,https://www.coursera.org/professional-certificates/ibm-data-science,2026-08-07 05:36:00
6b0be675-0b8e-f98c-fc46-83ca45095951,83f4f43d-f828-2f50-3dea-f65d3998018f,Meta Back-End Developer Professional Certificate,Meta / Coursera,2024-09-22,,https://www.coursera.org/professional-certificates/meta-back-end-developer,2026-07-29 12:22:00
1df10af5-02c3-956e-af70-32a05c7a69ce,8a3c5704-6b84-cae2-2897-7cbabc4eb05c,PCEP – Certified Entry-Level Python Programmer,Python Institute,2025-10-03,,https://pythoninstitute.org/pcep,2026-09-16 21:32:00
5c79e843-07be-2ec9-af9b-0680cd886ec5,8a3c5704-6b84-cae2-2897-7cbabc4eb05c,AWS Certified Cloud Practitioner,Amazon Web Services,2025-12-02,2028-12-01,https://aws.amazon.com/certification/certified-cloud-practitioner/,2026-09-16 21:32:00
4e47dacf-8e63-eae2-8c20-635a1e4b629a,8a3c5704-6b84-cae2-2897-7cbabc4eb05c,Meta Back-End Developer Professional Certificate,Meta / Coursera,2024-11-09,,https://www.coursera.org/professional-certificates/meta-back-end-developer,2026-09-16 21:32:00
95273ef7-8c6a-9250-7498-a9bc6da2cef4,ccca6e5f-ff87-4389-0bee-87a55619dbb5,Meta Front-End Developer Professional Certificate,Meta / Coursera,2026-03-19,,https://www.coursera.org/professional-certificates/meta-front-end-developer,2026-09-04 21:09:00
073d416f-ae6c-1b21-8c0a-ff040d7f26cd,1c8d329a-2277-0a1c-4879-c3d576718c91,Google Cybersecurity Professional Certificate,Google / Coursera,2024-04-17,,https://www.coursera.org/professional-certificates/google-cybersecurity,2026-08-24 11:21:00
053603de-c09f-733c-ea77-ccd3132f4f2e,c7419b21-139d-2acf-4ce0-7fcf5b7ee83a,Certified Ethical Hacker (CEH),EC-Council,2025-07-28,2028-07-27,https://www.eccouncil.org/train-certify/certified-ethical-hacker-ceh/,2026-08-17 11:54:00
388f7637-73f1-a171-743b-0b014740c37a,6fab6da3-f172-3db6-6575-514499d14ffa,PCEP – Certified Entry-Level Python Programmer,Python Institute,2025-11-15,,https://pythoninstitute.org/pcep,2026-07-03 13:58:00
681b0c2e-a712-31a7-7c01-60493a320c66,bcc08342-22e2-6cde-d67d-34e72558bea8,Meta Back-End Developer Professional Certificate,Meta / Coursera,2024-11-26,,https://www.coursera.org/professional-certificates/meta-back-end-developer,2026-08-19 13:07:00
b1e29555-c0b0-a6dd-0a02-9aaf9ee1f8eb,b2c62ef3-0c1c-0635-429b-80605a291233,Machine Learning Specialization,DeepLearning.AI / Coursera,2024-03-16,,https://www.coursera.org/specializations/machine-learning-introduction,2026-08-24 01:26:00
037c380c-509c-a845-3ad0-15aa66a3b9d1,b2c62ef3-0c1c-0635-429b-80605a291233,Cisco Certified Network Associate (CCNA),Cisco,2025-05-25,2028-05-24,https://www.cisco.com/site/us/en/learn/training-certifications/certifications/enterprise/ccna/index.html,2026-08-24 01:26:00
6b449408-158d-6adb-1435-bf37532f56d2,7d191121-02af-ad5e-2ab3-8b3458489e3f,PCEP – Certified Entry-Level Python Programmer,Python Institute,2026-06-13,,https://pythoninstitute.org/pcep,2026-09-09 14:54:00
4ac479d4-43cc-b962-b51b-1803db4e05e3,3b845f74-9f94-fe29-fd08-78bbe486d776,Microsoft Office Specialist: Excel Associate,Microsoft,2025-12-04,,https://learn.microsoft.com/en-us/credentials/,2026-07-05 01:32:00
c942577f-3920-7219-4598-0e62ab0651a4,3b845f74-9f94-fe29-fd08-78bbe486d776,PCEP – Certified Entry-Level Python Programmer,Python Institute,2025-01-20,,https://pythoninstitute.org/pcep,2026-07-05 01:32:00
0dec3ef3-00be-dd13-c2e9-29680fd19200,1c6ca9cb-1c30-93ba-fef5-3dc178672c0f,AWS Certified Cloud Practitioner,Amazon Web Services,2025-09-07,2028-09-06,https://aws.amazon.com/certification/certified-cloud-practitioner/,2026-07-29 09:24:00
961ec3bc-3d60-5786-8dc5-f8a4ed4ea8a4,1c6ca9cb-1c30-93ba-fef5-3dc178672c0f,AWS Certified Solutions Architect – Associate,Amazon Web Services,2026-06-30,2029-06-29,https://aws.amazon.com/certification/certified-solutions-architect-associate/,2026-07-29 09:24:00
c24fc520-1ea2-770a-2018-3532a9343e6f,52e9701b-4df6-f087-1c34-2ab4f827db30,IBM Data Science Professional Certificate,IBM / Coursera,2026-01-01,,https://www.coursera.org/professional-certificates/ibm-data-science,2026-07-20 08:47:00
cb94b01e-808d-bd69-fa60-a3c2c86f01c5,cc7119f2-5de2-a159-6780-5ad481e5a131,Microsoft Certified: Azure Fundamentals (AZ-900),Microsoft,2024-10-25,,https://learn.microsoft.com/en-us/credentials/certifications/azure-fundamentals/,2026-09-14 06:22:00
0e9322f1-3b84-bba2-8a7f-16c2e90807fc,8b44e7a7-0d7d-d1b7-3c8e-7675376ca6e3,Machine Learning Specialization,DeepLearning.AI / Coursera,2025-09-18,,https://www.coursera.org/specializations/machine-learning-introduction,2026-09-14 01:18:00
4e8d9c7e-df6a-345b-a636-2e0d5a3df857,84a857fe-70fb-0a87-36fe-5014bde536b9,IBM Data Science Professional Certificate,IBM / Coursera,2024-04-30,,https://www.coursera.org/professional-certificates/ibm-data-science,2026-07-15 16:16:00
6e12d096-ae74-78e4-16ec-b97e0a2eea5c,2f5497be-2fa8-23fc-6382-a2a84c6dc805,IBM Data Science Professional Certificate,IBM / Coursera,2024-04-29,,https://www.coursera.org/professional-certificates/ibm-data-science,2026-08-01 22:08:00
7a02ca5a-da90-d568-dd6c-22621be6b0c9,2f5497be-2fa8-23fc-6382-a2a84c6dc805,Splunk Core Certified User,Splunk,2024-01-04,,https://www.splunk.com/en_us/training/certification-track/splunk-core-certified-user.html,2026-08-01 22:08:00
ed3dc351-34c0-c909-79e7-3fdf584a3aaa,18f52daf-627d-a6d4-a477-bd0512c3679a,"Oracle Certified Associate, Java SE Programmer",Oracle,2023-10-21,,https://education.oracle.com/,2026-09-05 17:33:00
5049d298-b2c2-6635-2bf6-5554fb4d8794,43cc4c5b-ac55-1947-dad9-30971e685cd9,Google Cloud Digital Leader,Google Cloud,2025-01-07,2028-01-07,https://cloud.google.com/learn/certification/cloud-digital-leader,2026-08-14 06:27:00
0b57f419-6b3c-bfda-a234-7e6067258c38,984f6f4b-04a2-84a6-dd5d-8c2b89cd0b29,CompTIA Security+,CompTIA,2025-02-13,2028-02-13,https://www.comptia.org/certifications/security,2026-09-15 10:25:00
c7af4919-c4c8-d04e-0ab9-8e9e61a4ab3e,984f6f4b-04a2-84a6-dd5d-8c2b89cd0b29,Microsoft Certified: Azure Fundamentals (AZ-900),Microsoft,2024-08-01,,https://learn.microsoft.com/en-us/credentials/certifications/azure-fundamentals/,2026-09-15 10:25:00
089a8dae-71a2-429b-8de3-55a47b640393,04e0d3e3-228a-5828-71cd-ebf9c2d1ccf8,Meta Back-End Developer Professional Certificate,Meta / Coursera,2025-09-01,,https://www.coursera.org/professional-certificates/meta-back-end-developer,2026-08-13 22:17:00
ebdd3660-668b-1496-69cc-d734d1fe7623,4728d182-71c8-3d0b-def9-9d10b9c440c8,Google Data Analytics Professional Certificate,Google / Coursera,2025-11-05,,https://www.coursera.org/professional-certificates/google-data-analytics,2026-09-19 16:50:00
6e5d4c8d-0331-4334-4022-8f610f918e79,4728d182-71c8-3d0b-def9-9d10b9c440c8,AWS Certified Cloud Practitioner,Amazon Web Services,2025-07-30,2028-07-29,https://aws.amazon.com/certification/certified-cloud-practitioner/,2026-09-19 16:50:00
075babdf-9bf9-14f7-e96b-ebde88629977,4728d182-71c8-3d0b-def9-9d10b9c440c8,Microsoft Office Specialist: Excel Associate,Microsoft,2024-09-23,,https://learn.microsoft.com/en-us/credentials/,2026-09-19 16:50:00
b5d7ee06-2fd1-0041-6161-13394ac25417,82d6f44f-dd01-ac78-cd47-7e52168736f2,Google Cloud Digital Leader,Google Cloud,2026-04-03,2029-04-02,https://cloud.google.com/learn/certification/cloud-digital-leader,2026-08-06 16:53:00
3c4deab2-dfc7-48e8-4ab5-c3b49a52cccc,f76bc003-f199-f99a-b6f6-dfb8a5f021a3,AWS Certified Solutions Architect – Associate,Amazon Web Services,2024-01-24,2027-01-23,https://aws.amazon.com/certification/certified-solutions-architect-associate/,2026-09-18 00:28:00
bb0e125e-5612-cd0a-c9a8-b7ef32232f95,8916d5cd-e294-66e9-806d-20df39d5640a,AWS Certified Cloud Practitioner,Amazon Web Services,2023-12-09,2026-12-08,https://aws.amazon.com/certification/certified-cloud-practitioner/,2026-08-05 13:16:00
5cbd7e49-fdef-5f93-cf69-87a58b0ab508,06b170d2-1529-2e83-8f3b-3003a8cee11e,Google Cloud Digital Leader,Google Cloud,2025-04-13,2028-04-12,https://cloud.google.com/learn/certification/cloud-digital-leader,2026-07-03 07:27:00
2519553e-f6d6-f924-5171-84f7a71e93fc,0bc6b567-0a71-6db8-ea0a-f772fb958f66,Certified Kubernetes Administrator (CKA),CNCF / Linux Foundation,2025-08-30,2028-08-29,https://training.linuxfoundation.org/certification/certified-kubernetes-administrator-cka/,2026-07-12 04:23:00
208e3371-2c90-b3c6-8d96-505030123c4b,9b520c9b-5979-0c7b-9be6-748bc10a4ea1,Machine Learning Specialization,DeepLearning.AI / Coursera,2023-11-23,,https://www.coursera.org/specializations/machine-learning-introduction,2026-08-02 00:04:00
061efb06-ccee-f9fb-7fe0-2f494de77b59,9b520c9b-5979-0c7b-9be6-748bc10a4ea1,PCEP – Certified Entry-Level Python Programmer,Python Institute,2026-07-10,,https://pythoninstitute.org/pcep,2026-08-02 00:04:00
e7ca3aa4-63cb-8fde-30cf-fcacba3c3a46,27c823d7-d521-1c6c-c5aa-03201da6d125,PCEP – Certified Entry-Level Python Programmer,Python Institute,2025-12-13,,https://pythoninstitute.org/pcep,2026-07-08 16:08:00
f9ac8cb3-9b4f-8324-2592-ce94611037da,bdf1c4e4-a35e-8826-f7e3-f51a2b76bee8,Certified Kubernetes Administrator (CKA),CNCF / Linux Foundation,2025-07-26,2028-07-25,https://training.linuxfoundation.org/certification/certified-kubernetes-administrator-cka/,2026-07-13 01:33:00
689da4f7-6765-bbd7-dc02-097a2e6bfc38,bdf1c4e4-a35e-8826-f7e3-f51a2b76bee8,Meta Back-End Developer Professional Certificate,Meta / Coursera,2024-09-10,,https://www.coursera.org/professional-certificates/meta-back-end-developer,2026-07-13 01:33:00
492bf289-64e8-2d17-cb64-d41bc1b6d460,f4c8eb62-b3e3-b8a3-522e-7fe470285a9f,Google Data Analytics Professional Certificate,Google / Coursera,2025-02-09,,https://www.coursera.org/professional-certificates/google-data-analytics,2026-07-30 06:13:00
c659122a-7af2-0e03-a142-a50e3fe813d4,f4c8eb62-b3e3-b8a3-522e-7fe470285a9f,Machine Learning Specialization,DeepLearning.AI / Coursera,2026-02-11,,https://www.coursera.org/specializations/machine-learning-introduction,2026-07-30 06:13:00
7de7ca1c-7337-602d-f4d9-c96f4d9f9c61,0414ae4b-d278-83b5-31bf-57d0f0d36742,Google Cybersecurity Professional Certificate,Google / Coursera,2025-08-14,,https://www.coursera.org/professional-certificates/google-cybersecurity,2026-07-05 17:06:00
64f1c83a-2b28-30a9-935b-ba56e3568c07,0414ae4b-d278-83b5-31bf-57d0f0d36742,Google Data Analytics Professional Certificate,Google / Coursera,2026-07-27,,https://www.coursera.org/professional-certificates/google-data-analytics,2026-07-05 17:06:00
a03ef7b4-3656-a1bc-952c-2b66eaac5cd5,ff7e75d5-edef-219f-9bea-345ce7d5d41e,AWS Certified Cloud Practitioner,Amazon Web Services,2026-07-16,2029-07-15,https://aws.amazon.com/certification/certified-cloud-practitioner/,2026-08-30 22:44:00
3f56e320-3408-67be-dab0-af8bbb387179,ff7e75d5-edef-219f-9bea-345ce7d5d41e,CompTIA Security+,CompTIA,2025-05-09,2028-05-08,https://www.comptia.org/certifications/security,2026-08-30 22:44:00
cf9616bc-e331-9ba2-ba7f-d7b00df44f8a,b4bf0923-ed24-8dcc-7f7e-d971a16216c3,Machine Learning Specialization,DeepLearning.AI / Coursera,2024-09-10,,https://www.coursera.org/specializations/machine-learning-introduction,2026-07-30 14:19:00
6e8cde21-d5bb-a26c-9579-87df902160d0,b4bf0923-ed24-8dcc-7f7e-d971a16216c3,PCEP – Certified Entry-Level Python Programmer,Python Institute,2026-01-24,,https://pythoninstitute.org/pcep,2026-07-30 14:19:00
320fc77a-7d3c-18cf-7caf-4bf3fd190b7a,339342d0-80ca-6327-5293-b3802b7e88b4,Meta Back-End Developer Professional Certificate,Meta / Coursera,2023-11-28,,https://www.coursera.org/professional-certificates/meta-back-end-developer,2026-07-22 09:55:00
5e892475-285f-98ad-3163-c2e6b8487111,159bdd8e-ef92-cfab-2a86-f0e283d34225,Microsoft Certified: Azure Fundamentals (AZ-900),Microsoft,2023-10-23,,https://learn.microsoft.com/en-us/credentials/certifications/azure-fundamentals/,2026-07-29 03:49:00
7649ed09-d7e6-43f2-7c76-06f129ff237e,07ab6cf4-89a0-8408-2d51-b726e103d356,Meta Back-End Developer Professional Certificate,Meta / Coursera,2023-09-14,,https://www.coursera.org/professional-certificates/meta-back-end-developer,2026-09-06 05:19:00
64d08300-e8c8-8a79-8fd7-aa138a9459bb,2027cd1d-270d-0660-0cde-da43a0d2b819,Microsoft Certified: Azure Fundamentals (AZ-900),Microsoft,2025-11-23,,https://learn.microsoft.com/en-us/credentials/certifications/azure-fundamentals/,2026-08-27 02:12:00
06147baa-b1a5-1f8a-5d05-c747e8daed5a,db2f0e79-e28d-f2a0-f04e-196f1ed945e0,Microsoft Certified: Azure Fundamentals (AZ-900),Microsoft,2026-04-29,,https://learn.microsoft.com/en-us/credentials/certifications/azure-fundamentals/,2026-07-23 13:11:00
0f38eb51-2fb2-1a51-d164-675cd655721a,db2f0e79-e28d-f2a0-f04e-196f1ed945e0,Cisco Certified Network Associate (CCNA),Cisco,2026-05-16,2029-05-15,https://www.cisco.com/site/us/en/learn/training-certifications/certifications/enterprise/ccna/index.html,2026-07-23 13:11:00
66a4a391-aa29-c4c4-8a5c-4325557a41ae,db2f0e79-e28d-f2a0-f04e-196f1ed945e0,IBM Data Science Professional Certificate,IBM / Coursera,2025-07-16,,https://www.coursera.org/professional-certificates/ibm-data-science,2026-07-23 13:11:00
31143656-ff44-2a0f-386e-3ca057ca7c94,fc0b9086-a099-8c08-814e-5fa4d4e2d10d,Tableau Desktop Specialist,Tableau / Salesforce,2025-03-13,,https://www.tableau.com/learn/certification,2026-09-11 02:56:00
b161bb40-5d8f-fc52-655e-d184c707a669,fc0b9086-a099-8c08-814e-5fa4d4e2d10d,Meta Back-End Developer Professional Certificate,Meta / Coursera,2025-08-20,,https://www.coursera.org/professional-certificates/meta-back-end-developer,2026-09-11 02:56:00
769dd8a3-d6eb-17aa-e656-fcb962ff3592,1c7c3f71-403d-ce37-b970-5f4cbde69e9f,Google Data Analytics Professional Certificate,Google / Coursera,2025-10-11,,https://www.coursera.org/professional-certificates/google-data-analytics,2026-07-14 12:07:00
52685a59-7070-f188-312c-153eb3121489,6ef9e649-84e7-70ea-4c28-fbb335386f79,Google Cloud Digital Leader,Google Cloud,2024-11-09,2027-11-09,https://cloud.google.com/learn/certification/cloud-digital-leader,2026-07-25 22:08:00
077c045b-a6eb-68cd-9c01-349f24084c61,eea93cb3-bb97-d119-072a-07a47c428308,Cisco Certified Network Associate (CCNA),Cisco,2024-10-17,2027-10-17,https://www.cisco.com/site/us/en/learn/training-certifications/certifications/enterprise/ccna/index.html,2026-09-13 21:07:00
556990e7-cd76-4343-eebd-fdbd0f8cae79,93824da3-98a2-aaad-5d5f-18b350a92b69,IBM Data Science Professional Certificate,IBM / Coursera,2025-11-17,,https://www.coursera.org/professional-certificates/ibm-data-science,2026-08-01 15:31:00
8cc641a8-011d-e5d7-7e98-408b7d8ae929,1cd425cb-eec7-8ec9-ff0f-0889d9dba9e4,Certified Kubernetes Administrator (CKA),CNCF / Linux Foundation,2026-06-14,2029-06-13,https://training.linuxfoundation.org/certification/certified-kubernetes-administrator-cka/,2026-07-03 11:28:00
8d12f353-bb18-cb66-efd7-1368f7ee1224,1cd425cb-eec7-8ec9-ff0f-0889d9dba9e4,Meta Back-End Developer Professional Certificate,Meta / Coursera,2026-04-21,,https://www.coursera.org/professional-certificates/meta-back-end-developer,2026-07-03 11:28:00
0b1cacf8-da9b-6e27-3094-3b97d5463ece,1cd425cb-eec7-8ec9-ff0f-0889d9dba9e4,IBM Data Science Professional Certificate,IBM / Coursera,2026-05-24,,https://www.coursera.org/professional-certificates/ibm-data-science,2026-07-03 11:28:00
eb2c0256-963e-9847-437c-41415279a8b8,7cbe3ec3-4335-13c6-b828-c526c93204db,Certified Kubernetes Administrator (CKA),CNCF / Linux Foundation,2024-11-01,2027-11-01,https://training.linuxfoundation.org/certification/certified-kubernetes-administrator-cka/,2026-08-19 07:23:00
8c2986bd-626a-8a03-4dc9-5e8dfe728b4e,7da554c4-58b7-d006-76d0-e20ab2570313,AWS Certified Cloud Practitioner,Amazon Web Services,2025-10-19,2028-10-18,https://aws.amazon.com/certification/certified-cloud-practitioner/,2026-08-19 18:10:00
0058659b-c1fb-6285-9b2c-46495bd95064,1c7a62fd-a786-30f9-b978-0c65261d1250,Microsoft Certified: Power BI Data Analyst Associate (PL-300),Microsoft,2024-01-24,,https://learn.microsoft.com/en-us/credentials/certifications/data-analyst-associate/,2026-09-18 11:09:00
3c810a5e-50b4-e235-5bda-3cf9b8c5a312,1c7a62fd-a786-30f9-b978-0c65261d1250,Meta Back-End Developer Professional Certificate,Meta / Coursera,2024-05-01,,https://www.coursera.org/professional-certificates/meta-back-end-developer,2026-09-18 11:09:00
a85b2247-d080-c939-618c-110829637007,c5261aa4-e61b-f24e-0e78-9ab89fc60409,Certified Ethical Hacker (CEH),EC-Council,2026-06-19,2029-06-18,https://www.eccouncil.org/train-certify/certified-ethical-hacker-ceh/,2026-08-02 10:32:00
00308cb5-2acc-b3d7-e451-79c22de5d4f5,c5261aa4-e61b-f24e-0e78-9ab89fc60409,AWS Certified Cloud Practitioner,Amazon Web Services,2026-04-30,2029-04-29,https://aws.amazon.com/certification/certified-cloud-practitioner/,2026-08-02 10:32:00
224b3626-20c7-5165-485c-c99e31f05513,d9215f70-29b4-8f56-ecbb-15088f4c4278,AWS Certified Solutions Architect – Associate,Amazon Web Services,2023-09-08,2026-09-07,https://aws.amazon.com/certification/certified-solutions-architect-associate/,2026-08-02 07:35:00
e894239c-1e8c-5ce8-cb5f-2deafc1d32bf,d9215f70-29b4-8f56-ecbb-15088f4c4278,HashiCorp Certified: Terraform Associate,HashiCorp,2026-06-14,2029-06-13,https://developer.hashicorp.com/certifications/infrastructure-automation,2026-08-02 07:35:00
02c42ed6-8460-24d3-1fee-436101db2b1c,ee688834-ac45-26d6-bcd3-ef67b8908cdd,Google Data Analytics Professional Certificate,Google / Coursera,2024-11-24,,https://www.coursera.org/professional-certificates/google-data-analytics,2026-09-02 23:26:00
38313902-8acd-c4c9-4ee1-bf80b8174793,3b07c981-e389-fbdd-575b-06900d2cabc8,Certified Kubernetes Administrator (CKA),CNCF / Linux Foundation,2024-12-31,2027-12-31,https://training.linuxfoundation.org/certification/certified-kubernetes-administrator-cka/,2026-07-23 11:47:00
1bcfef25-47a9-b316-bad4-1c38f500eb01,3b07c981-e389-fbdd-575b-06900d2cabc8,CompTIA Security+,CompTIA,2024-12-23,2027-12-23,https://www.comptia.org/certifications/security,2026-07-23 11:47:00
32156183-aac5-1519-5684-c564b3755e86,f89ba80c-7482-2c5a-44b7-aa76ec924969,Google Data Analytics Professional Certificate,Google / Coursera,2025-11-29,,https://www.coursera.org/professional-certificates/google-data-analytics,2026-08-23 19:53:00
303b2a13-33a4-9e08-3c93-6d9d5988907a,d6c6a822-9e7b-2ca1-5f82-f30976372251,PCEP – Certified Entry-Level Python Programmer,Python Institute,2026-06-05,,https://pythoninstitute.org/pcep,2026-08-25 01:19:00
0b8cf1f8-6ed7-5552-e337-210a41e2d7f0,d6c6a822-9e7b-2ca1-5f82-f30976372251,Elements of AI,University of Helsinki,2025-06-27,,https://www.elementsofai.com/,2026-08-25 01:19:00
36040232-4009-fc1f-2119-1d6134a5c5fd,fea497a6-e10d-8ef2-a879-454505881b91,AWS Certified Cloud Practitioner,Amazon Web Services,2025-11-28,2028-11-27,https://aws.amazon.com/certification/certified-cloud-practitioner/,2026-08-29 15:29:00
a7ddba93-825b-52d5-6394-2595527d6a06,9a8659a1-4f28-a2fd-fae7-82e085baa668,Google Cybersecurity Professional Certificate,Google / Coursera,2026-03-01,,https://www.coursera.org/professional-certificates/google-cybersecurity,2026-07-03 01:52:00
574f6c06-5374-d289-1780-c781cdc1acb5,fec262d7-4c09-fc7a-9b09-b63c4749696a,freeCodeCamp Responsive Web Design,freeCodeCamp,2025-06-30,,https://www.freecodecamp.org/learn/2022/responsive-web-design/,2026-08-05 05:04:00
7965cd04-7b3e-4b9d-7bcf-ed9ac62f34c9,fec262d7-4c09-fc7a-9b09-b63c4749696a,IBM Data Science Professional Certificate,IBM / Coursera,2024-11-12,,https://www.coursera.org/professional-certificates/ibm-data-science,2026-08-05 05:04:00
0d2420cd-3305-b0d8-6dc1-7eb68ede87e0,d725bfe7-fab1-3ee1-fafa-d8e3cb350245,"Oracle Certified Associate, Java SE Programmer",Oracle,2026-07-21,,https://education.oracle.com/,2026-07-15 18:59:00
8984658f-fb54-e70e-ee7f-7e117d7961d2,6a2ea20d-3a1a-5348-8625-59de8afae993,Machine Learning Specialization,DeepLearning.AI / Coursera,2025-10-20,,https://www.coursera.org/specializations/machine-learning-introduction,2026-07-04 14:58:00
354cc848-a03b-c413-9dc0-58582dc2af57,6a2ea20d-3a1a-5348-8625-59de8afae993,Microsoft Certified: Power BI Data Analyst Associate (PL-300),Microsoft,2025-03-06,,https://learn.microsoft.com/en-us/credentials/certifications/data-analyst-associate/,2026-07-04 14:58:00
22a0a42d-80d2-9d0c-b286-780cb1acc7f6,743941af-97ec-7650-d0e9-664929557ffa,IBM Data Science Professional Certificate,IBM / Coursera,2026-07-24,,https://www.coursera.org/professional-certificates/ibm-data-science,2026-08-03 06:54:00
a89ab908-5bc5-1546-38ac-c1f828f89164,c74de694-e05d-8663-dc75-28a98f7f8466,Microsoft Certified: Azure Fundamentals (AZ-900),Microsoft,2026-05-17,,https://learn.microsoft.com/en-us/credentials/certifications/azure-fundamentals/,2026-09-03 10:59:00
2db071da-2418-26d4-3339-b2041f437f5b,94304b60-ec9c-7ce8-07d4-7ad1e361fca4,AWS Certified Solutions Architect – Associate,Amazon Web Services,2025-11-24,2028-11-23,https://aws.amazon.com/certification/certified-solutions-architect-associate/,2026-09-16 03:35:00
6bca8e64-c9fa-7cb4-7fa2-1b0b1bae0cec,0133bab7-523f-c3b0-eb49-248e7d36134e,AWS Certified Solutions Architect – Associate,Amazon Web Services,2025-04-01,2028-03-31,https://aws.amazon.com/certification/certified-solutions-architect-associate/,2026-07-15 21:00:00
a4f7f072-2b6a-775e-7553-10a4f75016aa,0133bab7-523f-c3b0-eb49-248e7d36134e,AWS Certified Cloud Practitioner,Amazon Web Services,2023-09-11,2026-09-10,https://aws.amazon.com/certification/certified-cloud-practitioner/,2026-07-15 21:00:00
eb7a06d0-cee7-516d-5e79-e834f40a44ac,bb979edb-9130-f641-5737-8f069cb8ff87,Microsoft Certified: Power BI Data Analyst Associate (PL-300),Microsoft,2026-05-17,,https://learn.microsoft.com/en-us/credentials/certifications/data-analyst-associate/,2026-09-02 10:38:00
99cedd2a-28b9-68f7-4251-8ef988aaa716,f5d0b3ab-e4d4-3462-2604-c2ea7b6acd3b,Meta Back-End Developer Professional Certificate,Meta / Coursera,2026-03-08,,https://www.coursera.org/professional-certificates/meta-back-end-developer,2026-07-25 01:08:00
9aacdf13-1858-5b82-ee33-6b4b53813a28,f5d0b3ab-e4d4-3462-2604-c2ea7b6acd3b,PCEP – Certified Entry-Level Python Programmer,Python Institute,2025-11-29,,https://pythoninstitute.org/pcep,2026-07-25 01:08:00
1ac5d6b9-1ae2-ef8d-5648-564b85fb9dfd,7874d811-4473-e103-8080-69c9ae541fd8,Meta Back-End Developer Professional Certificate,Meta / Coursera,2025-05-14,,https://www.coursera.org/professional-certificates/meta-back-end-developer,2026-09-12 05:28:00
b83814c7-76a1-03ad-77f6-08340dfd3431,bff4af08-a05c-9054-ef75-a8cc241b85a3,Google Cloud Digital Leader,Google Cloud,2025-04-30,2028-04-29,https://cloud.google.com/learn/certification/cloud-digital-leader,2026-07-09 03:29:00
c74bbe54-dc99-2156-4e50-46aefce08f3a,9bb8e60f-5b1b-e14c-e60e-ca909702b54e,Google Cybersecurity Professional Certificate,Google / Coursera,2026-05-15,,https://www.coursera.org/professional-certificates/google-cybersecurity,2026-07-09 18:20:00
7400285c-acc5-e828-8e92-0cb8c5a69a16,9bb8e60f-5b1b-e14c-e60e-ca909702b54e,Cisco Certified Network Associate (CCNA),Cisco,2024-07-05,2027-07-05,https://www.cisco.com/site/us/en/learn/training-certifications/certifications/enterprise/ccna/index.html,2026-07-09 18:20:00
1b3518d3-72dd-1f29-4f1b-39affcb2ee20,eee135d6-19d9-ebfe-2fd6-552573a2adcc,Certified Kubernetes Administrator (CKA),CNCF / Linux Foundation,2026-06-18,2029-06-17,https://training.linuxfoundation.org/certification/certified-kubernetes-administrator-cka/,2026-08-29 19:34:00
3a4baa9f-bd13-37e9-8d68-9eebe33030d8,af68c4e4-6728-3def-faea-23db244067e6,Docker Certified Associate,Docker / Mirantis,2026-01-24,,https://training.mirantis.com/,2026-07-14 14:10:00
738b5b08-be97-088a-f517-6ee8208b1d50,d5d9f9a7-1b11-f81a-e43c-3a7fc413ff6b,HashiCorp Certified: Terraform Associate,HashiCorp,2025-04-15,2028-04-14,https://developer.hashicorp.com/certifications/infrastructure-automation,2026-07-10 22:33:00
cdd6bcf0-5cc4-2895-cf16-567c6c25fc5c,54f6cbda-fab3-c136-c12e-ffc3b330651c,Splunk Core Certified User,Splunk,2026-07-14,,https://www.splunk.com/en_us/training/certification-track/splunk-core-certified-user.html,2026-08-22 09:52:00
d4ba8248-14b6-9771-1481-1c73bf7808e2,a75a1334-53d9-bc8c-b8ef-15157045c1e7,AWS Certified Cloud Practitioner,Amazon Web Services,2024-10-28,2027-10-28,https://aws.amazon.com/certification/certified-cloud-practitioner/,2026-07-07 15:17:00
49ed9382-f44f-ede1-396e-b41e3c306fc1,caee830b-8eea-4b29-8263-1793d57087c2,Certified Kubernetes Administrator (CKA),CNCF / Linux Foundation,2024-10-18,2027-10-18,https://training.linuxfoundation.org/certification/certified-kubernetes-administrator-cka/,2026-09-09 16:48:00
1986cca5-9eab-cf77-81c2-41f082f172ac,f2aaa08d-f0cc-16db-b7ba-f860ad259af5,Meta Front-End Developer Professional Certificate,Meta / Coursera,2026-04-19,,https://www.coursera.org/professional-certificates/meta-front-end-developer,2026-07-05 16:23:00
af712faa-a928-05b6-4ba0-9b4b9e2c6b78,d2dac2ce-d17f-5e29-8440-aa4d3e11fd92,PCEP – Certified Entry-Level Python Programmer,Python Institute,2025-05-12,,https://pythoninstitute.org/pcep,2026-07-28 11:17:00
f13786c9-0457-812d-3f48-77b72ca728b4,9faf986e-e91a-1936-3067-791bed8ee47d,IBM Data Science Professional Certificate,IBM / Coursera,2025-10-20,,https://www.coursera.org/professional-certificates/ibm-data-science,2026-08-08 10:52:00
70ff4846-73e5-21fe-575f-88ae882791e3,4c034aa1-c805-e54b-2a4c-18018c012a72,Tableau Desktop Specialist,Tableau / Salesforce,2025-06-19,,https://www.tableau.com/learn/certification,2026-09-19 11:37:00
22d1ed3d-ba95-f6b3-6ca3-7ddac763c418,c440f165-d546-5864-73a7-9d507378596c,PCEP – Certified Entry-Level Python Programmer,Python Institute,2024-11-15,,https://pythoninstitute.org/pcep,2026-07-05 22:28:00
5540d1f7-4ea8-c9ee-513d-b75aa7b157a8,63c1d476-1e52-6ff3-c726-e12782e33ebf,AWS Certified Solutions Architect – Associate,Amazon Web Services,2026-04-11,2029-04-10,https://aws.amazon.com/certification/certified-solutions-architect-associate/,2026-07-13 06:45:00
b3b224f4-ee3e-51ec-2b1d-3a1af2d90a1c,63c1d476-1e52-6ff3-c726-e12782e33ebf,HashiCorp Certified: Terraform Associate,HashiCorp,2025-04-25,2028-04-24,https://developer.hashicorp.com/certifications/infrastructure-automation,2026-07-13 06:45:00
89a7a8d0-c036-9800-a2a7-85a6f543d207,79e2c155-b0ad-d42d-6c7b-f1f05426a79b,Tableau Desktop Specialist,Tableau / Salesforce,2026-07-28,,https://www.tableau.com/learn/certification,2026-09-19 21:51:00
ef9dc80c-87e4-c845-cb3a-51868ab3e412,79e2c155-b0ad-d42d-6c7b-f1f05426a79b,Microsoft Office Specialist: Excel Associate,Microsoft,2025-10-31,,https://learn.microsoft.com/en-us/credentials/,2026-09-19 21:51:00
0c698a44-064d-795e-b813-c1c492e46694,d7e8c7b0-932e-e1db-9450-85e6129da3dd,PCEP – Certified Entry-Level Python Programmer,Python Institute,2026-06-13,,https://pythoninstitute.org/pcep,2026-09-09 15:44:00
77dc5eb1-c03b-24f2-a23c-f9b92a46263b,a6825582-3697-8cfa-5555-9878978701f8,HashiCorp Certified: Terraform Associate,HashiCorp,2025-05-22,2028-05-21,https://developer.hashicorp.com/certifications/infrastructure-automation,2026-09-02 04:38:00
6c98d795-562b-09bd-02be-5c525f499429,846f880a-9a75-0c8b-1231-1413d369c5a6,Meta Front-End Developer Professional Certificate,Meta / Coursera,2025-09-29,,https://www.coursera.org/professional-certificates/meta-front-end-developer,2026-07-25 18:46:00
048b483c-24f7-c5d5-d792-1b25e9a76070,846f880a-9a75-0c8b-1231-1413d369c5a6,Google Data Analytics Professional Certificate,Google / Coursera,2024-09-12,,https://www.coursera.org/professional-certificates/google-data-analytics,2026-07-25 18:46:00
ed1638e8-c5c7-7571-32ee-6b1ea5e30ab5,283ece2f-b354-53c1-7d5e-7ac74af7d209,Google Cloud Digital Leader,Google Cloud,2026-03-18,2029-03-17,https://cloud.google.com/learn/certification/cloud-digital-leader,2026-08-25 21:10:00
b0934778-d068-bd9a-28b6-527686f7c639,0615dd5a-a780-c455-3ccb-3acbe00935bd,PCEP – Certified Entry-Level Python Programmer,Python Institute,2025-07-08,,https://pythoninstitute.org/pcep,2026-09-15 14:53:00
30be1291-d2f1-204c-7b73-91f901c4bf61,4c97e432-2653-2ca2-c4f6-ec042e0706ab,IBM Data Science Professional Certificate,IBM / Coursera,2025-01-05,,https://www.coursera.org/professional-certificates/ibm-data-science,2026-07-21 14:21:00
346bd467-1989-4f7e-4d32-e500a2c5f3a7,4293bb51-1fdb-6c14-8c65-1d2ce3e39401,Machine Learning Specialization,DeepLearning.AI / Coursera,2024-11-24,,https://www.coursera.org/specializations/machine-learning-introduction,2026-09-15 07:18:00
93571840-1c01-e5f9-f43d-003133ca7b0f,ae08c636-3fc5-a433-aceb-64ace6363f53,IBM Data Science Professional Certificate,IBM / Coursera,2025-12-26,,https://www.coursera.org/professional-certificates/ibm-data-science,2026-07-03 00:22:00
a02c2ea6-37ad-4ac7-631f-1d7b47f482e3,979072a5-9864-b567-0781-7089079b0a55,Meta Front-End Developer Professional Certificate,Meta / Coursera,2025-09-13,,https://www.coursera.org/professional-certificates/meta-front-end-developer,2026-09-12 23:09:00
6110ee2d-e83b-238f-4e28-09f3955db036,bd9170b8-9452-34f1-4b3a-5c566e7ca91d,Meta Back-End Developer Professional Certificate,Meta / Coursera,2025-05-05,,https://www.coursera.org/professional-certificates/meta-back-end-developer,2026-08-19 19:14:00
7daaa9e8-a95a-ae03-7bbe-417c2c4d4f9a,1a2cde9a-1788-15c6-4431-3a94cb710c87,Meta Back-End Developer Professional Certificate,Meta / Coursera,2025-10-15,,https://www.coursera.org/professional-certificates/meta-back-end-developer,2026-09-19 17:08:00
a801bec7-1873-e57b-bc18-491b85a968ad,1a2cde9a-1788-15c6-4431-3a94cb710c87,Certified Kubernetes Administrator (CKA),CNCF / Linux Foundation,2025-09-02,2028-09-01,https://training.linuxfoundation.org/certification/certified-kubernetes-administrator-cka/,2026-09-19 17:08:00
d11e9839-9c67-58d6-f35c-87a7c74dee76,97db989e-b94d-65b6-7f5d-0cf1df5e69d7,Microsoft Certified: Azure Fundamentals (AZ-900),Microsoft,2026-03-02,,https://learn.microsoft.com/en-us/credentials/certifications/azure-fundamentals/,2026-07-16 19:07:00
e1a23d0d-a1b7-9194-46e2-601173d78e97,1dac6f1a-7f56-1571-7f42-d821785e422e,Microsoft Certified: Power BI Data Analyst Associate (PL-300),Microsoft,2024-01-08,,https://learn.microsoft.com/en-us/credentials/certifications/data-analyst-associate/,2026-08-31 15:19:00
fdb85db0-d833-f848-853f-655027356b54,0c5e84fc-de90-b4ab-63c9-32670726aa96,AWS Certified Cloud Practitioner,Amazon Web Services,2025-05-26,2028-05-25,https://aws.amazon.com/certification/certified-cloud-practitioner/,2026-07-05 04:28:00
8687f06b-60bd-b6bc-0cfe-a295f9ea6787,0c5e84fc-de90-b4ab-63c9-32670726aa96,PCEP – Certified Entry-Level Python Programmer,Python Institute,2026-02-02,,https://pythoninstitute.org/pcep,2026-07-05 04:28:00
ae505747-db26-00b1-9870-799a56f5eeb7,0c5e84fc-de90-b4ab-63c9-32670726aa96,Google Cybersecurity Professional Certificate,Google / Coursera,2024-08-03,,https://www.coursera.org/professional-certificates/google-cybersecurity,2026-07-05 04:28:00
4f2d1147-64a8-ba20-5c11-9fe09811ac67,2cc094e3-876d-b90e-932e-ac706caf0ad0,Meta Back-End Developer Professional Certificate,Meta / Coursera,2026-06-29,,https://www.coursera.org/professional-certificates/meta-back-end-developer,2026-08-03 05:20:00
3e4d87b4-5cff-5695-720e-2bbb32ceb785,34484c85-265f-3919-f8e3-56bb7d635ab6,Elements of AI,University of Helsinki,2024-05-23,,https://www.elementsofai.com/,2026-07-18 00:30:00
053dfe30-2ab4-cc79-d3a1-48991156f8a8,34484c85-265f-3919-f8e3-56bb7d635ab6,Google Data Analytics Professional Certificate,Google / Coursera,2026-02-22,,https://www.coursera.org/professional-certificates/google-data-analytics,2026-07-18 00:30:00
d316da0b-eb4e-fbc1-f575-ffa222d6ea54,a5b4ea6d-549f-ea51-b979-575c1aaafa9a,Microsoft Certified: Power BI Data Analyst Associate (PL-300),Microsoft,2024-04-07,,https://learn.microsoft.com/en-us/credentials/certifications/data-analyst-associate/,2026-09-06 04:19:00
9493df1f-b9f2-f6ee-b8cb-536d1090fe54,b340c149-58b6-95fb-bef4-4be545ed7030,freeCodeCamp Responsive Web Design,freeCodeCamp,2026-07-03,,https://www.freecodecamp.org/learn/2022/responsive-web-design/,2026-08-19 10:32:00
91325fad-24f9-f9aa-0c8f-4db82b2b401a,b340c149-58b6-95fb-bef4-4be545ed7030,PCEP – Certified Entry-Level Python Programmer,Python Institute,2024-11-03,,https://pythoninstitute.org/pcep,2026-08-19 10:32:00
1431b740-7230-aafb-802a-140e97b71f49,9b68abdf-6a53-bd3c-9843-9864f504710d,Tableau Desktop Specialist,Tableau / Salesforce,2025-02-10,,https://www.tableau.com/learn/certification,2026-07-05 02:21:00
c97d47e3-de8c-a56e-7065-99b09c482239,bf8e1b35-f303-cbff-d97d-784cacd6dcf4,AWS Certified Solutions Architect – Associate,Amazon Web Services,2024-05-08,2027-05-08,https://aws.amazon.com/certification/certified-solutions-architect-associate/,2026-07-02 15:25:00
c5c375a9-d490-5d9e-b159-7ea2322afc7f,6f8a2cd0-3eb6-55c5-cd6c-6da92b7884c2,Certified Kubernetes Administrator (CKA),CNCF / Linux Foundation,2026-02-21,2029-02-20,https://training.linuxfoundation.org/certification/certified-kubernetes-administrator-cka/,2026-07-21 06:28:00
ec2d4dc1-02e0-9062-3c55-1df6513e473d,cbe50a58-d1d8-3e43-d1fa-814989729f52,Microsoft Office Specialist: Excel Associate,Microsoft,2025-10-30,,https://learn.microsoft.com/en-us/credentials/,2026-09-18 19:05:00
9ff59e71-2aa4-1360-3616-2636d1ea0fe7,cbe50a58-d1d8-3e43-d1fa-814989729f52,Meta Back-End Developer Professional Certificate,Meta / Coursera,2025-05-01,,https://www.coursera.org/professional-certificates/meta-back-end-developer,2026-09-18 19:05:00
f6dd2153-bf64-d61d-1d87-33da090d9134,76732614-b9ed-25e0-5286-1e493863db7e,AWS Certified Solutions Architect – Associate,Amazon Web Services,2026-08-02,2029-08-01,https://aws.amazon.com/certification/certified-solutions-architect-associate/,2026-07-04 06:21:00
e1d581ed-2426-7476-c464-14d88542cc32,76732614-b9ed-25e0-5286-1e493863db7e,Microsoft Certified: Azure Fundamentals (AZ-900),Microsoft,2025-12-12,,https://learn.microsoft.com/en-us/credentials/certifications/azure-fundamentals/,2026-07-04 06:21:00
f196508f-eda1-9b64-4401-6e1be93bc288,f020a47e-24a4-6a95-79ad-4d32c0cae68e,HashiCorp Certified: Terraform Associate,HashiCorp,2024-08-06,2027-08-06,https://developer.hashicorp.com/certifications/infrastructure-automation,2026-09-10 09:12:00
1a2450e9-a3a2-0bc0-0181-705b67c519ea,55b61874-02f8-c098-d5ec-17870bf0f23a,HashiCorp Certified: Terraform Associate,HashiCorp,2026-06-10,2029-06-09,https://developer.hashicorp.com/certifications/infrastructure-automation,2026-07-29 08:37:00
79289fda-48e8-10ec-699c-fdd1ed5c0831,2c7c0411-4a15-7191-8432-fcee56c13299,Splunk Core Certified User,Splunk,2024-01-20,,https://www.splunk.com/en_us/training/certification-track/splunk-core-certified-user.html,2026-07-30 08:29:00
d41c4aa8-41ad-7f5e-68ff-da416c5b688b,2c7c0411-4a15-7191-8432-fcee56c13299,IBM Data Science Professional Certificate,IBM / Coursera,2024-10-16,,https://www.coursera.org/professional-certificates/ibm-data-science,2026-07-30 08:29:00
6437e2bf-6324-f054-85f1-5385ae4b3fec,204cde8f-9fc8-37ba-10e7-847d42731a36,PCEP – Certified Entry-Level Python Programmer,Python Institute,2025-08-05,,https://pythoninstitute.org/pcep,2026-09-10 10:07:00
042c5dc2-08cd-4516-d118-5777159188b6,204cde8f-9fc8-37ba-10e7-847d42731a36,IBM Data Science Professional Certificate,IBM / Coursera,2026-02-27,,https://www.coursera.org/professional-certificates/ibm-data-science,2026-09-10 10:07:00
882bbc33-f078-ba9a-c42a-6aecc1792691,a9f7dd40-a630-365b-7572-7cbff0efafcc,Microsoft Certified: Azure Fundamentals (AZ-900),Microsoft,2025-01-01,,https://learn.microsoft.com/en-us/credentials/certifications/azure-fundamentals/,2026-08-31 17:31:00
265063ae-c2d0-56d9-1eaf-663ee0e16b8a,a9f7dd40-a630-365b-7572-7cbff0efafcc,HashiCorp Certified: Terraform Associate,HashiCorp,2026-02-07,2029-02-06,https://developer.hashicorp.com/certifications/infrastructure-automation,2026-08-31 17:31:00
35788414-5062-c416-c47d-df3b971abe01,fa569e2a-6f3d-f3fd-0856-226de7c70635,Google Cloud Digital Leader,Google Cloud,2025-11-04,2028-11-03,https://cloud.google.com/learn/certification/cloud-digital-leader,2026-08-24 02:44:00
7806fa4a-9286-3715-0c1f-d9926da6af75,fa569e2a-6f3d-f3fd-0856-226de7c70635,AWS Certified Cloud Practitioner,Amazon Web Services,2025-10-06,2028-10-05,https://aws.amazon.com/certification/certified-cloud-practitioner/,2026-08-24 02:44:00
0051c99b-08a9-ef67-d645-789537cd03d7,7c59f49a-d6fa-4249-ecea-8b582bc0a020,Google Data Analytics Professional Certificate,Google / Coursera,2023-09-12,,https://www.coursera.org/professional-certificates/google-data-analytics,2026-09-17 15:55:00
d4814411-9f33-38f7-0934-21522ea41518,7c59f49a-d6fa-4249-ecea-8b582bc0a020,IBM Data Science Professional Certificate,IBM / Coursera,2025-06-22,,https://www.coursera.org/professional-certificates/ibm-data-science,2026-09-17 15:55:00
3d814512-0fb0-556a-4174-8df84e28ddcc,610d6b3d-66f9-4b25-b964-e3b2cf82ef95,IBM Data Science Professional Certificate,IBM / Coursera,2026-05-17,,https://www.coursera.org/professional-certificates/ibm-data-science,2026-07-06 10:44:00
deae7d24-cad1-40ad-9b19-43c24a773ab3,13b1b3e4-0019-dd5e-487b-df64b53b4613,Tableau Desktop Specialist,Tableau / Salesforce,2025-05-25,,https://www.tableau.com/learn/certification,2026-09-11 23:19:00
64fa0263-3192-fad3-fa16-ab6dd5d9c26a,13b1b3e4-0019-dd5e-487b-df64b53b4613,Meta Back-End Developer Professional Certificate,Meta / Coursera,2026-06-03,,https://www.coursera.org/professional-certificates/meta-back-end-developer,2026-09-11 23:19:00
fc867fcd-f764-1e82-14b6-c88d1f3a20d2,16686cb3-1166-bb52-2331-37df26f489c2,Splunk Core Certified User,Splunk,2025-03-19,,https://www.splunk.com/en_us/training/certification-track/splunk-core-certified-user.html,2026-08-18 02:41:00
c44e8f4a-d383-ccea-9068-96a7175fa072,80bc62bc-aa05-d97d-f7fa-c856f471338c,Google Data Analytics Professional Certificate,Google / Coursera,2025-12-13,,https://www.coursera.org/professional-certificates/google-data-analytics,2026-08-23 06:44:00
017ea021-b7c1-09be-c8f0-d79b3bf51958,eff3984c-922a-4e0d-a395-081a94006d52,HashiCorp Certified: Terraform Associate,HashiCorp,2023-10-10,2026-10-09,https://developer.hashicorp.com/certifications/infrastructure-automation,2026-07-17 11:32:00
f7ae7c32-2e7f-c837-31e1-2ee20702bada,eff3984c-922a-4e0d-a395-081a94006d52,Google Cybersecurity Professional Certificate,Google / Coursera,2026-03-02,,https://www.coursera.org/professional-certificates/google-cybersecurity,2026-07-17 11:32:00
f3331466-b1e9-8317-2f7b-333d400331d1,e97a9343-722c-10e8-726b-ea0a6ecb6429,Google Data Analytics Professional Certificate,Google / Coursera,2025-06-22,,https://www.coursera.org/professional-certificates/google-data-analytics,2026-07-29 00:51:00
79dcb6f6-f152-601e-2176-3d3559c36a3a,e97a9343-722c-10e8-726b-ea0a6ecb6429,Google Cybersecurity Professional Certificate,Google / Coursera,2025-10-08,,https://www.coursera.org/professional-certificates/google-cybersecurity,2026-07-29 00:51:00
b13f58ae-2105-c885-7189-98fef9ecab00,e97a9343-722c-10e8-726b-ea0a6ecb6429,Meta Front-End Developer Professional Certificate,Meta / Coursera,2024-12-05,,https://www.coursera.org/professional-certificates/meta-front-end-developer,2026-07-29 00:51:00
9ec2d93e-d414-6ef9-8e0b-9b015ffbaf9a,8e42f119-1069-0835-34af-0fbbf384147f,Certified Kubernetes Administrator (CKA),CNCF / Linux Foundation,2025-12-17,2028-12-16,https://training.linuxfoundation.org/certification/certified-kubernetes-administrator-cka/,2026-08-06 20:18:00
3e49c5f2-4e98-0520-466d-98e1656af87c,8e42f119-1069-0835-34af-0fbbf384147f,AWS Certified Cloud Practitioner,Amazon Web Services,2026-07-18,2029-07-17,https://aws.amazon.com/certification/certified-cloud-practitioner/,2026-08-06 20:18:00
7b59e575-7da4-60a8-b667-199a8d61fa65,d43109dd-301e-2dd5-cfaf-f8a43c09e56a,HashiCorp Certified: Terraform Associate,HashiCorp,2023-11-16,2026-11-15,https://developer.hashicorp.com/certifications/infrastructure-automation,2026-08-06 03:00:00
c27b95f4-dbb1-a3ad-1348-e1d9cca80863,d43109dd-301e-2dd5-cfaf-f8a43c09e56a,freeCodeCamp Responsive Web Design,freeCodeCamp,2024-03-09,,https://www.freecodecamp.org/learn/2022/responsive-web-design/,2026-08-06 03:00:00
7fdd80a5-716a-2b4f-a14b-d24028603565,18aa0472-7b44-b439-7f50-fb1ad7b7255c,AWS Certified Solutions Architect – Associate,Amazon Web Services,2026-03-23,2029-03-22,https://aws.amazon.com/certification/certified-solutions-architect-associate/,2026-08-21 15:11:00
820c8729-a7e7-cada-73c0-d6924ea145c9,f413fc76-a5b0-eaa9-b3ce-44bf5d230494,Google Cybersecurity Professional Certificate,Google / Coursera,2023-11-01,,https://www.coursera.org/professional-certificates/google-cybersecurity,2026-09-11 05:44:00
d9b1347b-09e9-61cd-f585-da1ecd4ca8c2,0e039343-9985-4dae-a3c5-eb5464445b3f,PCEP – Certified Entry-Level Python Programmer,Python Institute,2024-02-10,,https://pythoninstitute.org/pcep,2026-08-21 15:18:00
da826e60-ef9d-4b22-298e-9bcb8d23d1fa,0e78d12f-9055-fa80-a796-8d4c0d0ba5eb,Google Cybersecurity Professional Certificate,Google / Coursera,2026-07-20,,https://www.coursera.org/professional-certificates/google-cybersecurity,2026-09-16 23:31:00
a1743404-c1ef-cd0e-5d76-07f7b00015e0,0e78d12f-9055-fa80-a796-8d4c0d0ba5eb,Machine Learning Specialization,DeepLearning.AI / Coursera,2025-12-11,,https://www.coursera.org/specializations/machine-learning-introduction,2026-09-16 23:31:00
844241a5-3cfc-b30d-0c4e-9d0f974b1aaa,60f94293-ffc8-a92b-d603-82e141f785f5,IBM Data Science Professional Certificate,IBM / Coursera,2025-03-21,,https://www.coursera.org/professional-certificates/ibm-data-science,2026-09-14 17:52:00
eef8fbd3-0057-ed67-d88f-879d197d6271,60f94293-ffc8-a92b-d603-82e141f785f5,HashiCorp Certified: Terraform Associate,HashiCorp,2024-10-19,2027-10-19,https://developer.hashicorp.com/certifications/infrastructure-automation,2026-09-14 17:52:00
ff9aae1c-a2ec-0026-a28b-5c2995fd88c0,5b30749f-4799-ab58-6918-bef10037a457,Machine Learning Specialization,DeepLearning.AI / Coursera,2026-04-14,,https://www.coursera.org/specializations/machine-learning-introduction,2026-08-07 17:13:00
66919a54-cb13-63ce-972d-98cea4b6461f,5b30749f-4799-ab58-6918-bef10037a457,Microsoft Certified: Azure Fundamentals (AZ-900),Microsoft,2025-10-07,,https://learn.microsoft.com/en-us/credentials/certifications/azure-fundamentals/,2026-08-07 17:13:00
e3d69748-89bc-6eac-5dee-81d558c782ea,3e105b15-50cf-2511-478b-1f4d4e5d04cf,Microsoft Certified: Azure Fundamentals (AZ-900),Microsoft,2023-12-30,,https://learn.microsoft.com/en-us/credentials/certifications/azure-fundamentals/,2026-09-04 23:31:00
90eee4bd-1d24-1869-485c-f096d3648b21,e2e8e071-9571-1aa1-11f6-2cb05285837c,Microsoft Certified: Azure Fundamentals (AZ-900),Microsoft,2024-10-05,,https://learn.microsoft.com/en-us/credentials/certifications/azure-fundamentals/,2026-09-03 04:47:00
a145ca3e-96a3-1204-a755-c4c43bf9468e,754267af-cbd4-130f-1442-c96f3ea2bede,Machine Learning Specialization,DeepLearning.AI / Coursera,2026-04-07,,https://www.coursera.org/specializations/machine-learning-introduction,2026-08-18 16:40:00
808ca92e-075f-32bd-ec67-9adabe290b6a,9969f3b5-a466-7ffb-d01c-b7c70331d487,Microsoft Office Specialist: Excel Associate,Microsoft,2026-04-01,,https://learn.microsoft.com/en-us/credentials/,2026-09-01 21:08:00
9c521062-82ca-1321-558a-f88a97aea175,5cc5726e-24fe-a927-e13a-e481ba6c386f,Meta Front-End Developer Professional Certificate,Meta / Coursera,2025-12-04,,https://www.coursera.org/professional-certificates/meta-front-end-developer,2026-09-05 20:17:00
1a7abe55-cf27-380b-0879-d9eae1b19533,5cc5726e-24fe-a927-e13a-e481ba6c386f,Google Data Analytics Professional Certificate,Google / Coursera,2026-02-17,,https://www.coursera.org/professional-certificates/google-data-analytics,2026-09-05 20:17:00
4e66720f-1a1a-4af6-57d7-81679769a294,5cc5726e-24fe-a927-e13a-e481ba6c386f,Meta Back-End Developer Professional Certificate,Meta / Coursera,2026-01-07,,https://www.coursera.org/professional-certificates/meta-back-end-developer,2026-09-05 20:17:00
3a962ace-7ec9-1c03-15fd-c0e21bf24d24,16e5885c-1e02-615e-ce71-efc3af29fd6d,HashiCorp Certified: Terraform Associate,HashiCorp,2025-02-01,2028-02-01,https://developer.hashicorp.com/certifications/infrastructure-automation,2026-08-15 07:02:00
bd71ebd4-957d-2799-b655-ff67a33600ca,d5212955-f909-8a8c-4c7a-a07a41e9cba4,freeCodeCamp Responsive Web Design,freeCodeCamp,2026-04-01,,https://www.freecodecamp.org/learn/2022/responsive-web-design/,2026-07-22 20:24:00
f273d5b9-638b-9b3c-f160-fe0e737ee999,d5212955-f909-8a8c-4c7a-a07a41e9cba4,PCEP – Certified Entry-Level Python Programmer,Python Institute,2026-02-07,,https://pythoninstitute.org/pcep,2026-07-22 20:24:00
2f2fe28f-9e86-4f61-cef0-692f0de3bdac,b0e13097-4ae1-3f33-f4aa-7bb4172f304e,Meta Back-End Developer Professional Certificate,Meta / Coursera,2023-09-27,,https://www.coursera.org/professional-certificates/meta-back-end-developer,2026-08-21 07:07:00
8eddb711-91f7-3f4a-3075-16da415e432e,b0e13097-4ae1-3f33-f4aa-7bb4172f304e,Machine Learning Specialization,DeepLearning.AI / Coursera,2024-09-07,,https://www.coursera.org/specializations/machine-learning-introduction,2026-08-21 07:07:00
04a9e637-a7a8-0c09-320f-c4e53e4b6577,b0e13097-4ae1-3f33-f4aa-7bb4172f304e,Microsoft Certified: Azure Fundamentals (AZ-900),Microsoft,2025-11-05,,https://learn.microsoft.com/en-us/credentials/certifications/azure-fundamentals/,2026-08-21 07:07:00
aa62519e-adca-0c78-5f2a-1800c09983a3,26eea20d-b4ad-05c2-3f15-b6a80e2345a0,Microsoft Certified: Power BI Data Analyst Associate (PL-300),Microsoft,2024-05-07,,https://learn.microsoft.com/en-us/credentials/certifications/data-analyst-associate/,2026-09-13 15:33:00
0ee1473a-6a8a-1724-b922-09a3476b5916,a4fea6e1-92df-7a7b-4585-2b5006e9a72f,Certified Ethical Hacker (CEH),EC-Council,2026-07-24,2029-07-23,https://www.eccouncil.org/train-certify/certified-ethical-hacker-ceh/,2026-09-14 19:06:00
5c763ff5-c4f2-2c17-4c65-7f697b8f3da3,07109be1-2741-095e-0a3e-041395626e1d,Microsoft Certified: Azure Fundamentals (AZ-900),Microsoft,2026-02-20,,https://learn.microsoft.com/en-us/credentials/certifications/azure-fundamentals/,2026-08-25 18:09:00
68574a93-259b-0f1b-9313-ec330ef5a379,b334719b-9c34-a31d-2bff-6ab874c92113,PCEP – Certified Entry-Level Python Programmer,Python Institute,2026-05-21,,https://pythoninstitute.org/pcep,2026-08-17 09:50:00
7cd7a957-be75-57c1-3a19-9e986e753900,99839a32-c1ac-f96e-4661-fff396c1fc2f,PCEP – Certified Entry-Level Python Programmer,Python Institute,2024-11-14,,https://pythoninstitute.org/pcep,2026-09-17 23:47:00
70a8ef70-d981-b6c4-1431-6b99e6f09e54,9e3677a4-65a6-498e-6b7d-44cb01ca63cb,Google Data Analytics Professional Certificate,Google / Coursera,2026-03-17,,https://www.coursera.org/professional-certificates/google-data-analytics,2026-09-07 13:04:00
6f1d13b6-ded8-9f21-e3e9-6697e9815d67,8c14fb6a-3632-4f91-7345-06152fc08f33,Machine Learning Specialization,DeepLearning.AI / Coursera,2026-05-19,,https://www.coursera.org/specializations/machine-learning-introduction,2026-08-10 16:55:00
74c735da-223a-b0e0-52b3-959aaeabd69d,8c14fb6a-3632-4f91-7345-06152fc08f33,IBM Data Science Professional Certificate,IBM / Coursera,2025-12-19,,https://www.coursera.org/professional-certificates/ibm-data-science,2026-08-10 16:55:00
6aa9b930-134d-05f2-fa8e-b3d65e8c38f0,2e8d5dd5-5dcb-230c-89ae-e3d16c381956,Deep Learning Specialization,DeepLearning.AI / Coursera,2025-07-18,,https://www.coursera.org/specializations/deep-learning,2026-08-14 01:38:00
b0abc4d6-694f-d21b-b59b-ba2298bd88ea,24f98663-7154-5bee-9b12-2dd73bf97a61,HashiCorp Certified: Terraform Associate,HashiCorp,2024-10-02,2027-10-02,https://developer.hashicorp.com/certifications/infrastructure-automation,2026-09-18 01:38:00
7dca9462-1a26-62c5-ac94-0f0de7ba3bcf,54973e87-4b1f-bfed-d1f6-bd0080a855c3,HashiCorp Certified: Terraform Associate,HashiCorp,2026-01-24,2029-01-23,https://developer.hashicorp.com/certifications/infrastructure-automation,2026-09-05 00:43:00
f42e9a2a-c0d1-5199-7247-914b9cd28058,54973e87-4b1f-bfed-d1f6-bd0080a855c3,Google Cybersecurity Professional Certificate,Google / Coursera,2026-03-02,,https://www.coursera.org/professional-certificates/google-cybersecurity,2026-09-05 00:43:00
334a87ac-c47c-a444-382d-d820d8f8f311,3c23ef42-a1dc-3d78-9bfb-701ee79099f3,Certified Kubernetes Administrator (CKA),CNCF / Linux Foundation,2025-05-04,2028-05-03,https://training.linuxfoundation.org/certification/certified-kubernetes-administrator-cka/,2026-07-16 15:58:00
a82a7f6e-656d-23ff-d4e7-8669e8a13c98,ba70699e-f743-3e50-b5c1-09259824f15a,Certified Ethical Hacker (CEH),EC-Council,2024-03-20,2027-03-20,https://www.eccouncil.org/train-certify/certified-ethical-hacker-ceh/,2026-08-01 07:12:00
ccbfa613-d556-e8d2-8cac-e06fc752ce2a,ad308ff6-e566-a0dc-c065-9da74c7d3d7b,Meta Back-End Developer Professional Certificate,Meta / Coursera,2025-06-14,,https://www.coursera.org/professional-certificates/meta-back-end-developer,2026-08-15 00:37:00
4220c513-ee99-a8ad-42fd-2961205673ae,419afc6f-67ef-761c-8e39-da11d53b3315,Google Data Analytics Professional Certificate,Google / Coursera,2026-03-27,,https://www.coursera.org/professional-certificates/google-data-analytics,2026-07-06 20:26:00
caa35eb9-445b-2a42-ee10-83a5e9695be8,0e11fd06-1afc-5927-1e6c-b1d8759e603d,freeCodeCamp Responsive Web Design,freeCodeCamp,2026-02-14,,https://www.freecodecamp.org/learn/2022/responsive-web-design/,2026-08-05 22:49:00
d1b75383-f4f7-30a4-be48-459220769e78,14a763a3-456c-714d-c411-ff237321877a,Meta Back-End Developer Professional Certificate,Meta / Coursera,2026-04-23,,https://www.coursera.org/professional-certificates/meta-back-end-developer,2026-09-10 16:28:00
743f256f-5e2b-3745-ca01-97bfd56b3428,3efdd20d-6459-2325-29f4-45d32be1315b,Meta Back-End Developer Professional Certificate,Meta / Coursera,2025-08-09,,https://www.coursera.org/professional-certificates/meta-back-end-developer,2026-07-06 19:31:00
b39cdce4-1563-90f4-a193-2770202e70e9,5840d075-0383-ac1a-09ed-5991f7be6364,IBM Data Science Professional Certificate,IBM / Coursera,2025-08-16,,https://www.coursera.org/professional-certificates/ibm-data-science,2026-07-26 02:41:00
b522edeb-b894-5f39-8b67-786b2822593a,6633cf47-18a9-84c7-7aec-3d642170d56b,AWS Certified Cloud Practitioner,Amazon Web Services,2024-08-13,2027-08-13,https://aws.amazon.com/certification/certified-cloud-practitioner/,2026-09-13 09:09:00
98491039-2203-d2a7-9132-8cc40c83e7c5,f66bc3fd-da74-6282-66ac-c11baaefd891,Google Data Analytics Professional Certificate,Google / Coursera,2026-01-30,,https://www.coursera.org/professional-certificates/google-data-analytics,2026-08-05 08:37:00
96e9f4e6-62a3-e072-33b2-80c5f993c331,af4327e5-8a3e-f597-81cd-ac040cdb4673,PCEP – Certified Entry-Level Python Programmer,Python Institute,2026-03-12,,https://pythoninstitute.org/pcep,2026-08-20 09:37:00
9b543352-11c2-2f6c-3d3e-df8bcc26e4ef,24f5160b-039d-0bc6-bc7d-503a0c890483,PCEP – Certified Entry-Level Python Programmer,Python Institute,2024-05-07,,https://pythoninstitute.org/pcep,2026-07-10 10:56:00
805c8298-3d68-26d9-a815-082f3e3119d0,8943e036-a2e2-4dbf-50a7-668db570c31a,Tableau Desktop Specialist,Tableau / Salesforce,2025-11-11,,https://www.tableau.com/learn/certification,2026-09-09 08:56:00
7bfd0079-0337-8109-0c6b-0e27610fa2d5,af2fc64d-88a3-4ced-c927-8f1f482d3816,Meta Back-End Developer Professional Certificate,Meta / Coursera,2024-03-26,,https://www.coursera.org/professional-certificates/meta-back-end-developer,2026-09-05 00:59:00
85dee59e-ae59-0340-5fd0-81fa137650f7,af2fc64d-88a3-4ced-c927-8f1f482d3816,Machine Learning Specialization,DeepLearning.AI / Coursera,2025-12-04,,https://www.coursera.org/specializations/machine-learning-introduction,2026-09-05 00:59:00
c93c832b-9258-35fb-0547-20bcbaa47854,b1c69bdf-1005-6ff7-9fae-437c165ee9a0,Google Data Analytics Professional Certificate,Google / Coursera,2024-06-20,,https://www.coursera.org/professional-certificates/google-data-analytics,2026-07-29 11:27:00
fe316f19-e324-797e-b51b-899d0a2e4cc5,48567279-0c60-b3e1-d065-cf73cf5fbdae,Certified Kubernetes Administrator (CKA),CNCF / Linux Foundation,2025-11-27,2028-11-26,https://training.linuxfoundation.org/certification/certified-kubernetes-administrator-cka/,2026-08-18 01:46:00
9e259390-9238-d9ed-ec79-d21834720e68,3633213c-1be7-b5e1-c31d-b3885c456a18,Meta Front-End Developer Professional Certificate,Meta / Coursera,2025-06-19,,https://www.coursera.org/professional-certificates/meta-front-end-developer,2026-07-13 21:42:00
b907a2fa-a5d0-d82b-2816-74d6d8d6a5cf,c3ffea5c-0b24-b66e-af08-7bc1a3b95c79,Machine Learning Specialization,DeepLearning.AI / Coursera,2024-10-19,,https://www.coursera.org/specializations/machine-learning-introduction,2026-08-29 09:28:00
79a00295-aeef-fa00-a86a-9507a3bbd247,c3ffea5c-0b24-b66e-af08-7bc1a3b95c79,Elements of AI,University of Helsinki,2023-09-05,,https://www.elementsofai.com/,2026-08-29 09:28:00
ddabf693-afd6-d748-b41b-095fb0ade716,3d58dd7f-01bf-9d46-8cf7-c15a90c540a9,Meta Back-End Developer Professional Certificate,Meta / Coursera,2026-05-10,,https://www.coursera.org/professional-certificates/meta-back-end-developer,2026-08-04 10:31:00
12174198-35c9-4f87-3914-eb4258bbbcac,ed85a457-74de-9442-1f89-9c19b135a405,Google Cloud Digital Leader,Google Cloud,2025-08-14,2028-08-13,https://cloud.google.com/learn/certification/cloud-digital-leader,2026-07-09 11:42:00
a561a895-084a-a433-e7d7-9a83c8c93b75,ed85a457-74de-9442-1f89-9c19b135a405,CompTIA Security+,CompTIA,2025-01-03,2028-01-03,https://www.comptia.org/certifications/security,2026-07-09 11:42:00
9be8d48b-cbc3-ddda-a71b-5bb40f211e4e,4555f684-2ba0-d85e-1fce-e53b428977d7,Tableau Desktop Specialist,Tableau / Salesforce,2024-11-22,,https://www.tableau.com/learn/certification,2026-09-03 00:05:00
49f5dad2-7327-f14f-2eac-43a97d8ffb39,4555f684-2ba0-d85e-1fce-e53b428977d7,Google Cloud Digital Leader,Google Cloud,2024-08-12,2027-08-12,https://cloud.google.com/learn/certification/cloud-digital-leader,2026-09-03 00:05:00
b399e316-89f8-bdf4-b738-0e4404ef140e,65c7ec9c-e305-5f8c-5ea2-f62a72d51b2f,Meta Front-End Developer Professional Certificate,Meta / Coursera,2025-12-16,,https://www.coursera.org/professional-certificates/meta-front-end-developer,2026-07-26 17:23:00
667524b7-6e48-dd23-4808-2234012ec4db,8fb9d17e-9523-dacc-98f0-fc8eefe874ac,AWS Certified Solutions Architect – Associate,Amazon Web Services,2026-05-02,2029-05-01,https://aws.amazon.com/certification/certified-solutions-architect-associate/,2026-08-30 00:57:00
4eb1b511-1cbe-cba7-bfd2-65a0c87dbe3d,8fb9d17e-9523-dacc-98f0-fc8eefe874ac,Machine Learning Specialization,DeepLearning.AI / Coursera,2025-02-20,,https://www.coursera.org/specializations/machine-learning-introduction,2026-08-30 00:57:00
05db4f5e-aeab-3548-a695-bfa75f7d203a,c6f3e5e9-4383-9939-676d-b7ab856d4f1b,Certified Ethical Hacker (CEH),EC-Council,2026-03-21,2029-03-20,https://www.eccouncil.org/train-certify/certified-ethical-hacker-ceh/,2026-09-01 04:58:00
d72687fc-2f45-276c-dee0-3cefea0b798f,c6f3e5e9-4383-9939-676d-b7ab856d4f1b,IBM Data Science Professional Certificate,IBM / Coursera,2025-03-24,,https://www.coursera.org/professional-certificates/ibm-data-science,2026-09-01 04:58:00
25e6a859-ba88-0e20-9f95-3e0470775eb8,b8bb0b04-b146-0098-6462-829feaac1fa8,Cisco Certified Network Associate (CCNA),Cisco,2026-01-11,2029-01-10,https://www.cisco.com/site/us/en/learn/training-certifications/certifications/enterprise/ccna/index.html,2026-07-23 16:51:00
15ecd470-1bad-31a3-5efa-adf2e2d43d01,717ab632-7b3e-d907-0d85-858a4c9d7d7e,IBM Data Science Professional Certificate,IBM / Coursera,2023-09-18,,https://www.coursera.org/professional-certificates/ibm-data-science,2026-08-06 17:22:00
9ad651ff-534a-9e0a-ee97-a12471edef07,ba6ae294-f3c2-2800-c68f-d78af9034e48,Google Data Analytics Professional Certificate,Google / Coursera,2026-03-30,,https://www.coursera.org/professional-certificates/google-data-analytics,2026-08-12 22:16:00
c81c383f-be37-a068-8991-7ec148bb9907,ba6ae294-f3c2-2800-c68f-d78af9034e48,Meta Front-End Developer Professional Certificate,Meta / Coursera,2025-08-26,,https://www.coursera.org/professional-certificates/meta-front-end-developer,2026-08-12 22:16:00
a71bb8e5-4486-b131-5b2a-7529b724399b,e88ca71c-d193-73de-6822-345ecf1110a7,Microsoft Office Specialist: Excel Associate,Microsoft,2026-06-08,,https://learn.microsoft.com/en-us/credentials/,2026-08-12 05:50:00
6cca4e39-aa3a-b7f4-9a9b-b83d49ff396b,e88ca71c-d193-73de-6822-345ecf1110a7,Google Data Analytics Professional Certificate,Google / Coursera,2025-04-15,,https://www.coursera.org/professional-certificates/google-data-analytics,2026-08-12 05:50:00
58272c09-1a9b-7d13-f530-c3c744ca88ba,5513d90c-265b-4da4-4726-a4a6ad97326e,CompTIA Security+,CompTIA,2026-07-27,2029-07-26,https://www.comptia.org/certifications/security,2026-09-06 00:14:00
24a4de28-068b-c374-fae9-04d1434d4d95,64f8db80-76b0-db57-0180-b2950ac74e25,Docker Certified Associate,Docker / Mirantis,2025-08-29,,https://training.mirantis.com/,2026-07-06 07:53:00
b0d648a8-85ed-9153-a780-6a12c2c028e7,64f8db80-76b0-db57-0180-b2950ac74e25,HashiCorp Certified: Terraform Associate,HashiCorp,2025-04-01,2028-03-31,https://developer.hashicorp.com/certifications/infrastructure-automation,2026-07-06 07:53:00
181dfdef-929d-18cc-aa4d-9e94e2ec888f,a0caf93a-d26d-afe0-9bc4-800e0b50b952,Microsoft Certified: Azure Fundamentals (AZ-900),Microsoft,2024-05-21,,https://learn.microsoft.com/en-us/credentials/certifications/azure-fundamentals/,2026-08-07 02:40:00
17737920-a0ca-4094-a204-f88fdc440545,a0caf93a-d26d-afe0-9bc4-800e0b50b952,Google Data Analytics Professional Certificate,Google / Coursera,2024-05-08,,https://www.coursera.org/professional-certificates/google-data-analytics,2026-08-07 02:40:00
822f0203-8134-0d60-e855-930026d4fc49,33c2f920-2775-3c20-0e76-f7f68d023dc5,Elements of AI,University of Helsinki,2023-12-28,,https://www.elementsofai.com/,2026-07-15 20:50:00
fa858388-d3ee-1be5-91f6-0d34c3f41e27,9c66c8f3-714f-6f69-ec10-da09eeacb635,Microsoft Certified: Azure Fundamentals (AZ-900),Microsoft,2024-11-23,,https://learn.microsoft.com/en-us/credentials/certifications/azure-fundamentals/,2026-09-05 11:40:00
3aba3a6b-36e5-2085-fd9f-08e41434f520,0ab77654-0995-8702-8a8a-39e41135445b,AWS Certified Solutions Architect – Associate,Amazon Web Services,2024-10-05,2027-10-05,https://aws.amazon.com/certification/certified-solutions-architect-associate/,2026-09-01 09:41:00
31bc041c-c066-5203-36ff-9fdb2b2c1fce,0ab77654-0995-8702-8a8a-39e41135445b,Microsoft Certified: Azure Fundamentals (AZ-900),Microsoft,2025-05-30,,https://learn.microsoft.com/en-us/credentials/certifications/azure-fundamentals/,2026-09-01 09:41:00
2fff1e4c-b5f4-1c96-01d1-f65a0db9561f,6b788b1f-8dcb-c9b0-5d72-0bbad9108f13,Machine Learning Specialization,DeepLearning.AI / Coursera,2025-12-24,,https://www.coursera.org/specializations/machine-learning-introduction,2026-08-03 23:39:00
f375cec8-74c1-9cb5-da79-b761e8740b75,dccc696d-a34d-15c8-96cb-2b10368f644e,Google Cloud Digital Leader,Google Cloud,2025-02-20,2028-02-20,https://cloud.google.com/learn/certification/cloud-digital-leader,2026-07-29 17:03:00
49a0e2d1-87af-486f-fbf6-1edbb7be8fe5,e2b2441f-96ed-e0a0-353a-4270d5f1d491,Meta Front-End Developer Professional Certificate,Meta / Coursera,2024-05-29,,https://www.coursera.org/professional-certificates/meta-front-end-developer,2026-09-11 22:48:00
44ed03fb-f6a9-069f-9e23-7465b293478e,0b7fd9ef-0720-92f8-6bc5-67a367a78761,CompTIA Security+,CompTIA,2024-11-20,2027-11-20,https://www.comptia.org/certifications/security,2026-09-11 09:01:00
0194b61b-e61e-9377-339e-659484e62c1c,b7159ce4-cb4d-ba98-5a8c-ce738d24a6ee,IBM Data Science Professional Certificate,IBM / Coursera,2025-11-07,,https://www.coursera.org/professional-certificates/ibm-data-science,2026-07-30 09:11:00
182ba02d-8171-1111-efd0-ececb9dd41bc,b7159ce4-cb4d-ba98-5a8c-ce738d24a6ee,"Oracle Certified Associate, Java SE Programmer",Oracle,2026-06-07,,https://education.oracle.com/,2026-07-30 09:11:00
5a6e86ce-bcb5-55c8-354c-79d9d8eea231,6d18d80f-028f-7c97-f633-ae7abfdf7e0a,Google Data Analytics Professional Certificate,Google / Coursera,2024-12-22,,https://www.coursera.org/professional-certificates/google-data-analytics,2026-08-15 04:51:00
87ff4050-acd1-b59e-41ac-9e0064896979,36ce4d05-15e1-ace6-6c68-c8c29358b4a4,Google Cloud Digital Leader,Google Cloud,2025-06-14,2028-06-13,https://cloud.google.com/learn/certification/cloud-digital-leader,2026-08-11 00:14:00
f3acb680-7387-032c-7afd-4ff7ba09de15,6c8c1b8e-b9d7-b7b8-7928-8c17f39b1614,HashiCorp Certified: Terraform Associate,HashiCorp,2024-08-22,2027-08-22,https://developer.hashicorp.com/certifications/infrastructure-automation,2026-08-14 18:56:00
c2469096-7728-f24f-32fc-376432d47099,1a6224de-74d7-459e-68e2-a3d70ce95501,CompTIA Security+,CompTIA,2025-08-29,2028-08-28,https://www.comptia.org/certifications/security,2026-08-04 22:45:00
96ffbe18-fe51-11ba-fa87-3cb37001465b,36d68bdc-637e-a1b7-3106-cece802f9342,AWS Certified Cloud Practitioner,Amazon Web Services,2023-09-11,2026-09-10,https://aws.amazon.com/certification/certified-cloud-practitioner/,2026-09-12 08:34:00
8cbe2f90-4b13-8549-6e8d-e0640ae80ca7,b689eed6-8a85-e0cb-e3eb-16713b1bc192,Elements of AI,University of Helsinki,2025-03-31,,https://www.elementsofai.com/,2026-08-26 22:55:00
2f14c8df-4804-f403-882e-468c0c2a4696,b689eed6-8a85-e0cb-e3eb-16713b1bc192,Machine Learning Specialization,DeepLearning.AI / Coursera,2024-07-17,,https://www.coursera.org/specializations/machine-learning-introduction,2026-08-26 22:55:00
1df337c1-c404-cacb-d925-a30175a3400c,bcd928ab-8b79-13a3-4968-184bc301ddbe,AWS Certified Solutions Architect – Associate,Amazon Web Services,2023-09-24,2026-09-23,https://aws.amazon.com/certification/certified-solutions-architect-associate/,2026-08-25 20:04:00
01e16d37-50a6-23b5-0df4-035d6746dfd7,64af5c04-c762-03af-91ff-67f04e1fed5b,IBM Data Science Professional Certificate,IBM / Coursera,2025-09-02,,https://www.coursera.org/professional-certificates/ibm-data-science,2026-08-28 18:00:00
41a7dc8b-3dd6-ece6-8ee3-614defd4b61e,64af5c04-c762-03af-91ff-67f04e1fed5b,AWS Certified Cloud Practitioner,Amazon Web Services,2026-02-11,2029-02-10,https://aws.amazon.com/certification/certified-cloud-practitioner/,2026-08-28 18:00:00
35d40167-d205-0fb2-acb8-4593dcbca3b4,647185c1-0721-1892-9a8c-e0803c8f5ced,Google Data Analytics Professional Certificate,Google / Coursera,2024-01-21,,https://www.coursera.org/professional-certificates/google-data-analytics,2026-07-26 00:56:00
4d95d806-5405-41d5-4772-7d785071fbfc,f7b3d174-505a-d40f-6a55-c51724910905,Machine Learning Specialization,DeepLearning.AI / Coursera,2026-07-04,,https://www.coursera.org/specializations/machine-learning-introduction,2026-09-19 01:28:00
704a3c27-3457-ed9d-90c7-6de58902f182,4e0c7bc5-96ba-bc31-0cd4-e97fe29a9b61,Meta Front-End Developer Professional Certificate,Meta / Coursera,2026-05-20,,https://www.coursera.org/professional-certificates/meta-front-end-developer,2026-08-24 00:49:00
17c9c910-dbee-1a3c-0824-16cd96538a85,4e0c7bc5-96ba-bc31-0cd4-e97fe29a9b61,Google Cloud Digital Leader,Google Cloud,2026-06-04,2029-06-03,https://cloud.google.com/learn/certification/cloud-digital-leader,2026-08-24 00:49:00
5336fefe-8c6d-aad0-e6b9-63181a36629f,96c16597-e9cf-edcf-33aa-b655721bf3fa,HashiCorp Certified: Terraform Associate,HashiCorp,2025-07-12,2028-07-11,https://developer.hashicorp.com/certifications/infrastructure-automation,2026-08-12 07:53:00
4b78f3e6-f582-ef0a-2baa-85f7d957f828,96c16597-e9cf-edcf-33aa-b655721bf3fa,Google Data Analytics Professional Certificate,Google / Coursera,2026-04-12,,https://www.coursera.org/professional-certificates/google-data-analytics,2026-08-12 07:53:00
d5b6e291-d4ba-561e-6027-882862fb6097,6babb77f-a9f3-0866-c790-f0468f0d6e31,PCEP – Certified Entry-Level Python Programmer,Python Institute,2026-06-01,,https://pythoninstitute.org/pcep,2026-08-12 10:52:00
ca105724-f998-155d-bd82-198754d4911d,0fb1d2e3-6758-9036-5909-f5bf8c168b6d,AWS Certified Solutions Architect – Associate,Amazon Web Services,2024-11-09,2027-11-09,https://aws.amazon.com/certification/certified-solutions-architect-associate/,2026-08-18 09:44:00
32d49563-0499-b40d-c03b-ec9b8acad92b,039f0d7b-bb02-8077-161e-f72c2cc2f612,Meta Back-End Developer Professional Certificate,Meta / Coursera,2025-09-18,,https://www.coursera.org/professional-certificates/meta-back-end-developer,2026-09-01 03:09:00
450c32bc-0983-5e3e-dc50-982858856758,039f0d7b-bb02-8077-161e-f72c2cc2f612,Microsoft Certified: Azure Fundamentals (AZ-900),Microsoft,2025-11-11,,https://learn.microsoft.com/en-us/credentials/certifications/azure-fundamentals/,2026-09-01 03:09:00
666700c1-8089-6533-b6a6-f58cced53d0f,039f0d7b-bb02-8077-161e-f72c2cc2f612,Docker Certified Associate,Docker / Mirantis,2026-03-17,,https://training.mirantis.com/,2026-09-01 03:09:00
1fb2d0ae-403a-8f07-3df3-1222dc1fddec,54695e46-a922-b350-1fde-e13c8ca5982e,Microsoft Office Specialist: Excel Associate,Microsoft,2024-09-26,,https://learn.microsoft.com/en-us/credentials/,2026-08-14 22:26:00
cb3fe2e6-5304-3ea6-26d2-28d62fa817c5,3041aac8-71b9-8b71-004a-16490f688f28,Google Cybersecurity Professional Certificate,Google / Coursera,2025-10-07,,https://www.coursera.org/professional-certificates/google-cybersecurity,2026-09-17 19:14:00
444eb5a5-58f0-5f1e-12c8-71248b74a132,a0f99941-792e-be7e-9689-6d8892bd49e1,Google Data Analytics Professional Certificate,Google / Coursera,2024-01-01,,https://www.coursera.org/professional-certificates/google-data-analytics,2026-07-17 14:53:00
74f13122-6400-013e-bb25-9bba8e63f2e2,6e15aec5-062c-3a70-6fcd-121fc6d35ad6,Meta Back-End Developer Professional Certificate,Meta / Coursera,2024-10-25,,https://www.coursera.org/professional-certificates/meta-back-end-developer,2026-07-27 23:02:00
f1583d6c-843a-7dad-8a4e-a067da0c48ca,2d3e132d-ecb7-67e2-e4f9-6a3819ea8417,Meta Back-End Developer Professional Certificate,Meta / Coursera,2023-11-17,,https://www.coursera.org/professional-certificates/meta-back-end-developer,2026-08-21 07:21:00
5c88a96d-3937-b740-5069-c695571394f8,2d3e132d-ecb7-67e2-e4f9-6a3819ea8417,Certified Kubernetes Administrator (CKA),CNCF / Linux Foundation,2025-10-07,2028-10-06,https://training.linuxfoundation.org/certification/certified-kubernetes-administrator-cka/,2026-08-21 07:21:00
6f163156-69d3-195a-3bb8-e0a9ef5ee9d9,6e3fb24f-8be4-7b04-2f1d-b4f2e6b786e4,HashiCorp Certified: Terraform Associate,HashiCorp,2025-08-13,2028-08-12,https://developer.hashicorp.com/certifications/infrastructure-automation,2026-07-31 22:15:00
e0c53c53-901a-65a0-a9fe-8a115336b9db,6e3fb24f-8be4-7b04-2f1d-b4f2e6b786e4,Cisco Certified Network Associate (CCNA),Cisco,2026-03-31,2029-03-30,https://www.cisco.com/site/us/en/learn/training-certifications/certifications/enterprise/ccna/index.html,2026-07-31 22:15:00
85cfaf70-a09b-1356-f039-212b45a2197f,e1070bcb-7501-fc5f-038f-33846dcd134f,Certified Kubernetes Administrator (CKA),CNCF / Linux Foundation,2024-10-03,2027-10-03,https://training.linuxfoundation.org/certification/certified-kubernetes-administrator-cka/,2026-08-24 07:22:00
cb4e74eb-3d4b-bc33-b483-f26d42273d48,0cb87f6e-39ca-f8ae-8a80-c7dea8b8c44a,Docker Certified Associate,Docker / Mirantis,2026-04-29,,https://training.mirantis.com/,2026-08-06 01:00:00
e893f5a6-7b17-4ade-9fcb-b103e27b9bab,b4e8d9f6-d0d2-aa35-86e0-578d1022c205,Machine Learning Specialization,DeepLearning.AI / Coursera,2025-11-06,,https://www.coursera.org/specializations/machine-learning-introduction,2026-09-10 08:08:00
10066386-e713-f69f-86f9-3f1813e47548,9bffd143-58fa-f772-e8ee-eaa7fcf75510,Cisco Certified Network Associate (CCNA),Cisco,2024-09-04,2027-09-04,https://www.cisco.com/site/us/en/learn/training-certifications/certifications/enterprise/ccna/index.html,2026-07-20 00:14:00
a476c796-4d9c-ac99-9002-5176803588ff,d3d80330-c13c-e3f2-1001-fe20fa75eb93,Google Cloud Digital Leader,Google Cloud,2025-07-02,2028-07-01,https://cloud.google.com/learn/certification/cloud-digital-leader,2026-07-26 23:25:00
b23601a4-2fbb-30b6-13e2-868071fdcc8c,36b86459-1dbf-c085-4352-1116d72c9133,Meta Back-End Developer Professional Certificate,Meta / Coursera,2025-06-24,,https://www.coursera.org/professional-certificates/meta-back-end-developer,2026-07-05 06:06:00
76f0e670-f24c-8551-c57e-b7994eb5f91a,d07e7afd-cdcd-fcba-773f-581efe93bea7,HashiCorp Certified: Terraform Associate,HashiCorp,2024-11-19,2027-11-19,https://developer.hashicorp.com/certifications/infrastructure-automation,2026-07-04 10:02:00
fa5e4678-720e-a9fe-c6c0-912989c7e18d,be47ddf5-d304-cc30-1004-c283e7054b53,Google Data Analytics Professional Certificate,Google / Coursera,2024-06-08,,https://www.coursera.org/professional-certificates/google-data-analytics,2026-07-06 10:04:00
fb564c80-7d9a-9b27-3c74-35d6248ad8a3,908cd688-483e-e5ad-8095-22adc87d827a,PCEP – Certified Entry-Level Python Programmer,Python Institute,2026-02-10,,https://pythoninstitute.org/pcep,2026-08-17 15:57:00
0fe086d7-9567-c756-117d-275243a9c7e7,cda5f87e-3e05-d354-7e04-e2e3239e6cd9,Meta Back-End Developer Professional Certificate,Meta / Coursera,2024-04-22,,https://www.coursera.org/professional-certificates/meta-back-end-developer,2026-07-02 20:52:00
903409b9-4151-e690-c8a3-a3c1b7cea4b6,a566585d-b374-36f1-3bdf-1d1a1d7b4bf6,Machine Learning Specialization,DeepLearning.AI / Coursera,2025-12-25,,https://www.coursera.org/specializations/machine-learning-introduction,2026-07-28 05:36:00
b6487d88-fd84-a08b-8909-b5b44636bd9b,a349e802-3ca1-21c1-43f7-143d35490bed,IBM Data Science Professional Certificate,IBM / Coursera,2026-04-20,,https://www.coursera.org/professional-certificates/ibm-data-science,2026-07-23 18:43:00
a5cbb730-b049-453b-4966-f03a101e1e0d,a349e802-3ca1-21c1-43f7-143d35490bed,Google Data Analytics Professional Certificate,Google / Coursera,2026-03-01,,https://www.coursera.org/professional-certificates/google-data-analytics,2026-07-23 18:43:00
3940c76e-6228-0e58-c305-8604c465235a,c404609a-2457-946f-374d-698d9ba81679,"Oracle Certified Associate, Java SE Programmer",Oracle,2026-02-27,,https://education.oracle.com/,2026-07-22 13:52:00
c65801de-c5f7-3c98-8424-571e946ca5d5,577515e2-a542-6350-812a-ac97f3042272,Meta Back-End Developer Professional Certificate,Meta / Coursera,2024-11-05,,https://www.coursera.org/professional-certificates/meta-back-end-developer,2026-07-13 00:06:00
a53a8490-a250-16fa-2828-16be57900a89,b91a1b99-9a3d-ac93-5a68-2643abcba0fc,Google Cloud Digital Leader,Google Cloud,2024-04-22,2027-04-22,https://cloud.google.com/learn/certification/cloud-digital-leader,2026-09-11 05:00:00
f2f66dbd-260c-5ae1-770c-70a659f09021,6ce962ac-b4bd-720d-562d-04605391e655,PCEP – Certified Entry-Level Python Programmer,Python Institute,2026-04-14,,https://pythoninstitute.org/pcep,2026-09-09 06:01:00
ce6c7f3a-2e66-400b-41c0-13cee5be0c76,6ce962ac-b4bd-720d-562d-04605391e655,Machine Learning Specialization,DeepLearning.AI / Coursera,2025-07-10,,https://www.coursera.org/specializations/machine-learning-introduction,2026-09-09 06:01:00
ed187351-6e64-5eca-bd0c-8e90870f4bb5,ef361935-9830-66b6-b1df-6b3bb67d0fdf,CompTIA Security+,CompTIA,2024-05-30,2027-05-30,https://www.comptia.org/certifications/security,2026-07-22 23:44:00
58280de6-6bc2-5a18-9125-2ac1c7881f54,a351926c-deca-31a1-13dc-838b490657cd,Splunk Core Certified User,Splunk,2025-05-31,,https://www.splunk.com/en_us/training/certification-track/splunk-core-certified-user.html,2026-09-10 03:09:00
5102d44e-bd78-a117-ad80-4cba07cfea44,08901972-524f-5311-3b60-6e19574fc997,Machine Learning Specialization,DeepLearning.AI / Coursera,2024-04-05,,https://www.coursera.org/specializations/machine-learning-introduction,2026-07-02 18:52:00
2c26839e-9566-256d-4c12-f1b1622776ac,3a0d2e85-c927-1ff7-9d52-aeab5da3ff4f,Google Data Analytics Professional Certificate,Google / Coursera,2026-05-02,,https://www.coursera.org/professional-certificates/google-data-analytics,2026-09-14 22:39:00
23e4897d-0fb1-a2e2-c21f-4489c12e4cd6,3a0d2e85-c927-1ff7-9d52-aeab5da3ff4f,IBM Data Science Professional Certificate,IBM / Coursera,2026-04-06,,https://www.coursera.org/professional-certificates/ibm-data-science,2026-09-14 22:39:00
775f876f-fcd2-07bb-2d2c-835a6b4fe06c,c84fbe01-8098-b55f-eed3-ef49ad816591,Google Cloud Digital Leader,Google Cloud,2026-07-31,2029-07-30,https://cloud.google.com/learn/certification/cloud-digital-leader,2026-08-16 00:56:00
72b2abb0-7516-903f-bda4-9c700d5f6fb7,ec9d9007-8f4b-f3e0-fc70-058f71a4bd3f,Google Cloud Digital Leader,Google Cloud,2024-06-29,2027-06-29,https://cloud.google.com/learn/certification/cloud-digital-leader,2026-07-02 03:42:00
6f8c0512-e31b-e498-8d44-7bafbcd097e3,ec9d9007-8f4b-f3e0-fc70-058f71a4bd3f,Microsoft Certified: Power BI Data Analyst Associate (PL-300),Microsoft,2025-02-18,,https://learn.microsoft.com/en-us/credentials/certifications/data-analyst-associate/,2026-07-02 03:42:00
df66585d-30a5-dabd-e798-3b7ffeab7bcb,f3e0e0be-badd-ae5a-31bb-7065633b2c4f,Machine Learning Specialization,DeepLearning.AI / Coursera,2024-12-09,,https://www.coursera.org/specializations/machine-learning-introduction,2026-07-05 22:55:00
0f8d4865-85ab-3d3f-b752-79e783514597,2d91bbe8-f24f-1454-1c0e-9fb88e7df433,Certified Kubernetes Administrator (CKA),CNCF / Linux Foundation,2026-02-08,2029-02-07,https://training.linuxfoundation.org/certification/certified-kubernetes-administrator-cka/,2026-07-26 21:50:00
782bcc6b-e4d4-4b5d-c1d4-190d0207b795,2d91bbe8-f24f-1454-1c0e-9fb88e7df433,Machine Learning Specialization,DeepLearning.AI / Coursera,2025-04-16,,https://www.coursera.org/specializations/machine-learning-introduction,2026-07-26 21:50:00
016a2742-7fc3-6238-bb37-3f3de52d4994,7f5fe708-4f98-7950-9a88-48b8848ba4c8,IBM Data Science Professional Certificate,IBM / Coursera,2025-11-02,,https://www.coursera.org/professional-certificates/ibm-data-science,2026-08-29 22:20:00
07d643a8-90d8-b1e8-cb22-a5d861b8148d,002fa5fd-10cc-2cde-0f57-298ead9cefc3,AWS Certified Solutions Architect – Associate,Amazon Web Services,2026-05-21,2029-05-20,https://aws.amazon.com/certification/certified-solutions-architect-associate/,2026-08-28 06:20:00
ae3ca28f-f387-c5a3-1c35-47d81cd1544e,3ead2ea9-8630-c4c0-0984-d8793869b191,Google Cloud Digital Leader,Google Cloud,2025-05-15,2028-05-14,https://cloud.google.com/learn/certification/cloud-digital-leader,2026-08-30 16:20:00
010267b5-fbc1-1703-9eee-c6c084325abe,5ccb6cca-4cbb-356c-ff8f-fe1caaf19c2e,Certified Ethical Hacker (CEH),EC-Council,2024-10-03,2027-10-03,https://www.eccouncil.org/train-certify/certified-ethical-hacker-ceh/,2026-08-18 08:23:00
4393a299-149b-e362-8c69-07c551fd1b60,5ccb6cca-4cbb-356c-ff8f-fe1caaf19c2e,Google Cloud Digital Leader,Google Cloud,2024-09-04,2027-09-04,https://cloud.google.com/learn/certification/cloud-digital-leader,2026-08-18 08:23:00
719fcf8f-3991-23e8-d054-7f51141214d8,5ccb6cca-4cbb-356c-ff8f-fe1caaf19c2e,Certified Kubernetes Administrator (CKA),CNCF / Linux Foundation,2025-01-13,2028-01-13,https://training.linuxfoundation.org/certification/certified-kubernetes-administrator-cka/,2026-08-18 08:23:00
691b70e5-851c-a2c2-c347-53da954da9a0,8036ed1f-7b0e-e874-5dd1-d3d685e85f36,Machine Learning Specialization,DeepLearning.AI / Coursera,2025-12-18,,https://www.coursera.org/specializations/machine-learning-introduction,2026-07-23 05:56:00
c81d1041-d86a-bc0e-1760-f06b4368a070,4611bdb5-c2e6-05a9-67d1-81c0dbbce1f8,IBM Data Science Professional Certificate,IBM / Coursera,2026-06-27,,https://www.coursera.org/professional-certificates/ibm-data-science,2026-07-24 20:14:00
73b67ce4-af24-f5b5-ac56-14f5aecbf8a1,3f958199-7e03-673a-a410-26326a0661d0,Machine Learning Specialization,DeepLearning.AI / Coursera,2024-10-10,,https://www.coursera.org/specializations/machine-learning-introduction,2026-07-03 06:07:00
81d238d4-92aa-d82a-2962-e26fdddb0866,a3b7bc62-0e75-08f5-8298-c35c9821a98e,Cisco Certified Network Associate (CCNA),Cisco,2024-10-28,2027-10-28,https://www.cisco.com/site/us/en/learn/training-certifications/certifications/enterprise/ccna/index.html,2026-08-03 16:03:00
4d2ed25e-0539-9984-bed5-da54bee8206e,cd2026a6-cb29-cb0a-60fe-283fd69703ac,AWS Certified Cloud Practitioner,Amazon Web Services,2026-03-04,2029-03-03,https://aws.amazon.com/certification/certified-cloud-practitioner/,2026-09-07 20:49:00
eca22e1b-f093-38a7-6604-dd94203e9a96,a9fafafd-9852-4574-93b6-27bdceedd850,Google Cybersecurity Professional Certificate,Google / Coursera,2026-01-14,,https://www.coursera.org/professional-certificates/google-cybersecurity,2026-07-18 18:26:00
01184d77-bebf-141a-65da-8fb9e5a982bb,53aa367e-9c13-13e7-265d-517f2261fe73,Google Data Analytics Professional Certificate,Google / Coursera,2024-10-11,,https://www.coursera.org/professional-certificates/google-data-analytics,2026-09-05 05:12:00
228964c1-541a-dd4c-be4a-7644ea6d0f65,0cd328eb-ff46-91f5-9c25-aab2072a8eac,Microsoft Certified: Azure Fundamentals (AZ-900),Microsoft,2026-04-20,,https://learn.microsoft.com/en-us/credentials/certifications/azure-fundamentals/,2026-07-13 03:52:00
5b38be0c-59a5-e34e-e0d6-9b2e71cbf840,0cd328eb-ff46-91f5-9c25-aab2072a8eac,Google Cybersecurity Professional Certificate,Google / Coursera,2026-07-02,,https://www.coursera.org/professional-certificates/google-cybersecurity,2026-07-13 03:52:00
bea16203-23cf-9e19-b28e-ed72c22f83c0,8e4888d0-29f4-1995-a5e2-f3bcaa4a963d,Docker Certified Associate,Docker / Mirantis,2025-09-27,,https://training.mirantis.com/,2026-09-03 01:00:00
aad32542-949c-1544-6d1d-357641ba91ac,8e4888d0-29f4-1995-a5e2-f3bcaa4a963d,Certified Kubernetes Administrator (CKA),CNCF / Linux Foundation,2024-05-27,2027-05-27,https://training.linuxfoundation.org/certification/certified-kubernetes-administrator-cka/,2026-09-03 01:00:00
05261980-8e70-354e-f736-3de324f9a7fa,cb29fcaf-e807-f48e-5831-5d571e95f6b2,AWS Certified Cloud Practitioner,Amazon Web Services,2026-04-09,2029-04-08,https://aws.amazon.com/certification/certified-cloud-practitioner/,2026-08-20 23:39:00
2e0848f5-3087-4cd8-f76d-f2ee11477d63,cb29fcaf-e807-f48e-5831-5d571e95f6b2,Meta Back-End Developer Professional Certificate,Meta / Coursera,2025-09-15,,https://www.coursera.org/professional-certificates/meta-back-end-developer,2026-08-20 23:39:00
e68055bc-53bb-1e98-725e-a7da9a2cde52,8c73b05d-eba3-a2cc-c4b8-c0d38127b089,AWS Certified Cloud Practitioner,Amazon Web Services,2025-12-08,2028-12-07,https://aws.amazon.com/certification/certified-cloud-practitioner/,2026-09-08 01:50:00
d8574bf1-a194-9467-38c0-bfa449b8ffdd,8c73b05d-eba3-a2cc-c4b8-c0d38127b089,Certified Kubernetes Administrator (CKA),CNCF / Linux Foundation,2026-07-23,2029-07-22,https://training.linuxfoundation.org/certification/certified-kubernetes-administrator-cka/,2026-09-08 01:50:00
6de79a42-f317-2fa3-3f69-1596a04de6c8,8c73b05d-eba3-a2cc-c4b8-c0d38127b089,AWS Certified Solutions Architect – Associate,Amazon Web Services,2025-06-10,2028-06-09,https://aws.amazon.com/certification/certified-solutions-architect-associate/,2026-09-08 01:50:00
b36afbed-f0ec-15c0-25c6-52e4d88bf06c,441d18c8-5ff4-9b5e-3538-88af3c67dc30,Deep Learning Specialization,DeepLearning.AI / Coursera,2025-01-21,,https://www.coursera.org/specializations/deep-learning,2026-08-05 15:30:00
802fdabf-b3e0-007a-bf57-0a6a8bafbb91,469ccfc4-0a71-2161-245b-51ecbc6c53a4,Machine Learning Specialization,DeepLearning.AI / Coursera,2023-11-14,,https://www.coursera.org/specializations/machine-learning-introduction,2026-08-15 02:58:00
4204e7e7-a6db-8d68-3d57-f3297bef7c56,469ccfc4-0a71-2161-245b-51ecbc6c53a4,Google Cybersecurity Professional Certificate,Google / Coursera,2025-06-02,,https://www.coursera.org/professional-certificates/google-cybersecurity,2026-08-15 02:58:00
2e59ed1a-fd79-4e3f-d67b-43ddbbfaf6ef,64edd9ef-bae8-c9ca-cf3f-37c064e78aee,Meta Front-End Developer Professional Certificate,Meta / Coursera,2026-02-23,,https://www.coursera.org/professional-certificates/meta-front-end-developer,2026-07-06 19:56:00
8fb905dc-ebfc-98ca-c024-57b76c6ff5cb,b76eecd6-7048-2570-81f6-e4545853c6bd,Microsoft Certified: Power BI Data Analyst Associate (PL-300),Microsoft,2025-10-01,,https://learn.microsoft.com/en-us/credentials/certifications/data-analyst-associate/,2026-09-14 07:29:00
6772e1b9-7aef-b18a-3e58-3c1aeda4b359,b76eecd6-7048-2570-81f6-e4545853c6bd,Machine Learning Specialization,DeepLearning.AI / Coursera,2026-02-04,,https://www.coursera.org/specializations/machine-learning-introduction,2026-09-14 07:29:00
cd5882bf-5e30-b3a2-a503-4cfefbb3ac66,dc514259-d0ab-54d1-08af-449682787f5d,freeCodeCamp Responsive Web Design,freeCodeCamp,2024-08-10,,https://www.freecodecamp.org/learn/2022/responsive-web-design/,2026-07-05 11:24:00
c63368a7-784e-ad20-32ea-ee5322bd1894,e5366f41-9f84-c11e-285a-597a1c932461,Meta Back-End Developer Professional Certificate,Meta / Coursera,2026-01-11,,https://www.coursera.org/professional-certificates/meta-back-end-developer,2026-08-02 21:20:00
f8cf51a2-bbda-90dd-a397-402d854aa345,c189bb11-bd70-aaba-1d1b-1786c1480886,Certified Kubernetes Administrator (CKA),CNCF / Linux Foundation,2023-10-15,2026-10-14,https://training.linuxfoundation.org/certification/certified-kubernetes-administrator-cka/,2026-07-28 00:56:00
e599fb11-5c34-963a-5110-04d849792cdd,1d414531-d18c-8a55-4fc7-ab3d22ffed1a,HashiCorp Certified: Terraform Associate,HashiCorp,2026-06-07,2029-06-06,https://developer.hashicorp.com/certifications/infrastructure-automation,2026-08-04 03:28:00
a2125e65-1753-063d-89a8-f7c6620a9535,1bc6b04a-2d13-3fcd-63e7-15e9f9969358,AWS Certified Solutions Architect – Associate,Amazon Web Services,2025-03-15,2028-03-14,https://aws.amazon.com/certification/certified-solutions-architect-associate/,2026-07-19 08:13:00
a869d1c8-fe37-67f2-eb11-59dd4bba56b0,1bc6b04a-2d13-3fcd-63e7-15e9f9969358,Splunk Core Certified User,Splunk,2025-07-05,,https://www.splunk.com/en_us/training/certification-track/splunk-core-certified-user.html,2026-07-19 08:13:00
10c3ad56-d5a5-c6a1-5737-f534050a6db1,bffb09f3-8c83-b976-0e65-24f2bc6351f5,Certified Kubernetes Administrator (CKA),CNCF / Linux Foundation,2024-03-14,2027-03-14,https://training.linuxfoundation.org/certification/certified-kubernetes-administrator-cka/,2026-09-10 16:44:00
7001c034-79d8-c500-6af3-02189f851cd7,9d846f4c-a6cd-9bc0-868e-3db5cadc45d7,Elements of AI,University of Helsinki,2026-05-10,,https://www.elementsofai.com/,2026-07-01 17:25:00
4bbdb00b-1749-3965-ac6e-a1c941cb00ef,568827ba-2c52-e5da-84f3-96c4101f8f7f,HashiCorp Certified: Terraform Associate,HashiCorp,2026-03-11,2029-03-10,https://developer.hashicorp.com/certifications/infrastructure-automation,2026-08-25 23:25:00
82974510-84c1-5700-4dcb-53537f2822a1,568827ba-2c52-e5da-84f3-96c4101f8f7f,Meta Front-End Developer Professional Certificate,Meta / Coursera,2025-09-06,,https://www.coursera.org/professional-certificates/meta-front-end-developer,2026-08-25 23:25:00
11de75dc-7571-c4df-e1f5-237cdf4e1fff,568827ba-2c52-e5da-84f3-96c4101f8f7f,Docker Certified Associate,Docker / Mirantis,2025-10-21,,https://training.mirantis.com/,2026-08-25 23:25:00
c48e5662-98ec-e52e-f4a8-7e82602ba496,100a94fc-463a-e6a7-f4bb-aa0d1353d6d8,Meta Front-End Developer Professional Certificate,Meta / Coursera,2026-04-03,,https://www.coursera.org/professional-certificates/meta-front-end-developer,2026-07-06 07:19:00
b1a24372-61cf-6895-b618-ed4e1c6e2630,100a94fc-463a-e6a7-f4bb-aa0d1353d6d8,Machine Learning Specialization,DeepLearning.AI / Coursera,2026-06-13,,https://www.coursera.org/specializations/machine-learning-introduction,2026-07-06 07:19:00
1d505da4-66a2-bca8-1697-c1ca89640572,b2aef95f-988f-edfe-ec09-13b0161f07c4,Meta Back-End Developer Professional Certificate,Meta / Coursera,2024-06-05,,https://www.coursera.org/professional-certificates/meta-back-end-developer,2026-08-29 18:22:00
63201303-54a6-e5c4-5256-c967c2cb8c4e,a13fd87d-538a-8661-fa80-38335f40b267,Cisco Certified Network Associate (CCNA),Cisco,2024-06-06,2027-06-06,https://www.cisco.com/site/us/en/learn/training-certifications/certifications/enterprise/ccna/index.html,2026-08-10 14:36:00
335c4aa4-a26a-fa4c-82a8-ddab1507c837,a13fd87d-538a-8661-fa80-38335f40b267,AWS Certified Solutions Architect – Associate,Amazon Web Services,2025-09-07,2028-09-06,https://aws.amazon.com/certification/certified-solutions-architect-associate/,2026-08-10 14:36:00
b487ba62-e4e5-41ba-3676-80db79a39c10,79526066-c3b1-ca1e-5821-d1e8575e14fd,PCEP – Certified Entry-Level Python Programmer,Python Institute,2025-05-10,,https://pythoninstitute.org/pcep,2026-08-28 18:30:00
cb9a0f22-4350-d071-6e31-7e50652c10e3,79526066-c3b1-ca1e-5821-d1e8575e14fd,Machine Learning Specialization,DeepLearning.AI / Coursera,2025-08-16,,https://www.coursera.org/specializations/machine-learning-introduction,2026-08-28 18:30:00
ccab4af4-33e6-62a1-dfc3-c46a72cb0684,79526066-c3b1-ca1e-5821-d1e8575e14fd,IBM Data Science Professional Certificate,IBM / Coursera,2024-09-01,,https://www.coursera.org/professional-certificates/ibm-data-science,2026-08-28 18:30:00
f72ffc03-a545-9aaa-670f-c300a2af7889,7cb4f6b2-15b2-60f5-37ef-452359318ac3,Google Data Analytics Professional Certificate,Google / Coursera,2026-06-25,,https://www.coursera.org/professional-certificates/google-data-analytics,2026-07-11 14:15:00
5112b624-6b91-8cc7-32ad-acead629cb50,7cb4f6b2-15b2-60f5-37ef-452359318ac3,Meta Back-End Developer Professional Certificate,Meta / Coursera,2026-06-25,,https://www.coursera.org/professional-certificates/meta-back-end-developer,2026-07-11 14:15:00
5795a696-73d6-0178-9c19-0ce0562ef8b3,c505b177-0839-6a1d-a6e5-c1c0731624c9,AWS Certified Cloud Practitioner,Amazon Web Services,2026-06-30,2029-06-29,https://aws.amazon.com/certification/certified-cloud-practitioner/,2026-08-22 19:25:00
e8b186fb-aa45-7669-44d3-6affb8bc616e,99b52425-1cc3-64fc-cd58-b20cc3f12466,Google Data Analytics Professional Certificate,Google / Coursera,2025-02-10,,https://www.coursera.org/professional-certificates/google-data-analytics,2026-08-06 02:51:00
4314e6b1-d483-7d03-a03e-84edacb43f98,99b52425-1cc3-64fc-cd58-b20cc3f12466,Microsoft Certified: Power BI Data Analyst Associate (PL-300),Microsoft,2023-11-04,,https://learn.microsoft.com/en-us/credentials/certifications/data-analyst-associate/,2026-08-06 02:51:00
f4d62001-acf6-5fd9-5e90-193ecd009218,4edadb0f-38b6-6747-3e3e-8beb37ad5a8f,Machine Learning Specialization,DeepLearning.AI / Coursera,2024-09-16,,https://www.coursera.org/specializations/machine-learning-introduction,2026-08-21 12:29:00
32a04e0b-eeb0-c26d-78c9-27eb86365a47,950acc97-2ccc-efbf-bac3-70f126395fdc,Certified Kubernetes Administrator (CKA),CNCF / Linux Foundation,2026-05-07,2029-05-06,https://training.linuxfoundation.org/certification/certified-kubernetes-administrator-cka/,2026-08-20 05:21:00
60f37515-1b9a-5513-12fe-7092ebf7bf29,950acc97-2ccc-efbf-bac3-70f126395fdc,IBM Data Science Professional Certificate,IBM / Coursera,2026-02-13,,https://www.coursera.org/professional-certificates/ibm-data-science,2026-08-20 05:21:00
c70f1d7e-cda1-b2c2-3d30-c5d1dfede7fa,12284b51-4d04-d2a0-fd0b-6f78843e473e,Tableau Desktop Specialist,Tableau / Salesforce,2025-10-23,,https://www.tableau.com/learn/certification,2026-07-10 04:55:00
22a00389-bd9e-2267-1adb-0906516145bd,12284b51-4d04-d2a0-fd0b-6f78843e473e,Google Cloud Digital Leader,Google Cloud,2024-07-08,2027-07-08,https://cloud.google.com/learn/certification/cloud-digital-leader,2026-07-10 04:55:00
f5d93eb9-5c58-4f4c-a3e1-30f1b41ee9d4,8ac94503-71c1-a6ae-6ef5-05527e805067,Meta Back-End Developer Professional Certificate,Meta / Coursera,2023-12-18,,https://www.coursera.org/professional-certificates/meta-back-end-developer,2026-07-18 12:34:00
d3253a08-7ed1-720a-b605-b8cd052123c1,a8d56410-929e-4b74-323f-c076149a1a55,Certified Kubernetes Administrator (CKA),CNCF / Linux Foundation,2025-02-10,2028-02-10,https://training.linuxfoundation.org/certification/certified-kubernetes-administrator-cka/,2026-08-19 10:13:00
53b22e23-68f5-841f-2084-560571414652,a8d56410-929e-4b74-323f-c076149a1a55,Docker Certified Associate,Docker / Mirantis,2026-04-08,,https://training.mirantis.com/,2026-08-19 10:13:00
8bde0560-d766-af24-b360-a4e676ab080b,13909ad7-5d72-1653-85c0-5fc876b258e5,Meta Back-End Developer Professional Certificate,Meta / Coursera,2025-06-27,,https://www.coursera.org/professional-certificates/meta-back-end-developer,2026-07-06 23:36:00
82385e41-00b7-91b3-e203-c9fc2b6c4558,e5b68000-c4a2-53db-f23a-9cc8834fbe25,AWS Certified Cloud Practitioner,Amazon Web Services,2025-09-22,2028-09-21,https://aws.amazon.com/certification/certified-cloud-practitioner/,2026-09-17 11:20:00
733f7207-ce70-b18d-ed4f-76763e49e975,2cef9736-22c6-97a7-03bb-308d7068cc3f,IBM Data Science Professional Certificate,IBM / Coursera,2026-04-11,,https://www.coursera.org/professional-certificates/ibm-data-science,2026-08-11 13:12:00
44ce783e-b2f9-e994-191a-56129de21da2,92e4974d-4d9b-cb98-e061-09c7599c0539,Certified Kubernetes Administrator (CKA),CNCF / Linux Foundation,2024-06-11,2027-06-11,https://training.linuxfoundation.org/certification/certified-kubernetes-administrator-cka/,2026-09-16 14:52:00
0fd03344-0301-f089-9b49-c22bbae052a7,ca89db20-e039-06c0-adcb-b2ed71037967,Machine Learning Specialization,DeepLearning.AI / Coursera,2025-08-27,,https://www.coursera.org/specializations/machine-learning-introduction,2026-09-18 14:53:00
c6e8d9b1-c713-7fcf-b9eb-f7bc7c2978c9,ca89db20-e039-06c0-adcb-b2ed71037967,Docker Certified Associate,Docker / Mirantis,2026-05-12,,https://training.mirantis.com/,2026-09-18 14:53:00
3fa9b579-ac52-e8b8-4054-d35887473cd2,8f36a21b-276b-5987-f506-89600ca24ea7,CompTIA Security+,CompTIA,2026-01-08,2029-01-07,https://www.comptia.org/certifications/security,2026-09-10 01:04:00
87952b71-98f3-4eb2-33f1-8a71044ad6d7,ffe50b49-541e-0e09-2a22-d1a25dfc7e7e,AWS Certified Solutions Architect – Associate,Amazon Web Services,2026-01-04,2029-01-03,https://aws.amazon.com/certification/certified-solutions-architect-associate/,2026-07-28 05:47:00
467378ad-6d99-649d-c6de-fbfda1af9150,ffe50b49-541e-0e09-2a22-d1a25dfc7e7e,Meta Front-End Developer Professional Certificate,Meta / Coursera,2026-04-26,,https://www.coursera.org/professional-certificates/meta-front-end-developer,2026-07-28 05:47:00
303dba79-b07f-f0ed-780b-caa43774315b,2b46283f-4831-bbf0-da5a-43a8bd7fc0e8,Microsoft Certified: Azure Fundamentals (AZ-900),Microsoft,2024-09-25,,https://learn.microsoft.com/en-us/credentials/certifications/azure-fundamentals/,2026-08-02 06:10:00
4f3aea93-4fd1-d77f-1f5c-7fd72134bd15,aa2dd8fd-8702-01ad-1dab-6efcc8d22bcf,HashiCorp Certified: Terraform Associate,HashiCorp,2026-04-12,2029-04-11,https://developer.hashicorp.com/certifications/infrastructure-automation,2026-07-18 05:02:00
e7c1e349-5810-ff73-3a0b-917b4f2b5bd1,212867f4-6682-80ad-4ed4-afad3328c282,Microsoft Certified: Azure Fundamentals (AZ-900),Microsoft,2024-10-01,,https://learn.microsoft.com/en-us/credentials/certifications/azure-fundamentals/,2026-09-16 21:44:00
5ee26b2e-0a8c-3d0f-30e5-c72ee8831cb0,b8400bfd-1e75-2357-48d5-6625d91a2a7a,Meta Back-End Developer Professional Certificate,Meta / Coursera,2026-06-21,,https://www.coursera.org/professional-certificates/meta-back-end-developer,2026-08-11 08:07:00
63de137d-bdeb-14b8-a953-43844845a248,b4fe26b9-167e-2742-16b2-5ba4b3a3df2e,Certified Kubernetes Administrator (CKA),CNCF / Linux Foundation,2025-09-02,2028-09-01,https://training.linuxfoundation.org/certification/certified-kubernetes-administrator-cka/,2026-07-03 08:08:00
5473cdab-da63-7bb1-3736-e2ff26504927,43c43124-75f2-f3b0-1a07-68ffdce684a9,Meta Front-End Developer Professional Certificate,Meta / Coursera,2026-06-05,,https://www.coursera.org/professional-certificates/meta-front-end-developer,2026-08-06 23:53:00
cf08d507-3bce-2044-82f6-05bb5ac8ad9d,51c4a77a-7fb8-64d4-2f0e-8c36e8b3d708,Meta Back-End Developer Professional Certificate,Meta / Coursera,2026-06-28,,https://www.coursera.org/professional-certificates/meta-back-end-developer,2026-08-30 08:24:00
705ac6a1-fb69-c761-af7f-3282e434f08b,1d25034b-eced-70ef-4386-af948e5cfe17,Google Data Analytics Professional Certificate,Google / Coursera,2026-03-30,,https://www.coursera.org/professional-certificates/google-data-analytics,2026-07-26 14:19:00
69329d1b-c4df-4de1-1aed-597bf5f01492,b7603cf8-5ab0-78e2-c5e4-95786c6460cb,"Oracle Certified Associate, Java SE Programmer",Oracle,2025-04-10,,https://education.oracle.com/,2026-09-19 14:52:00
82d37ebc-98b6-1cab-34df-ba106f69022f,efe02fe8-a68b-c6f4-d2c2-e2e66a33ac3c,PCEP – Certified Entry-Level Python Programmer,Python Institute,2026-05-19,,https://pythoninstitute.org/pcep,2026-07-06 00:46:00
227f7019-2187-5313-8945-17757d60bca5,36e957eb-4635-05b7-917a-36dfdab0f21b,Meta Front-End Developer Professional Certificate,Meta / Coursera,2023-11-10,,https://www.coursera.org/professional-certificates/meta-front-end-developer,2026-08-24 03:14:00
7ec8294f-2dfe-9259-768a-8b97003085b8,36e957eb-4635-05b7-917a-36dfdab0f21b,Docker Certified Associate,Docker / Mirantis,2025-11-16,,https://training.mirantis.com/,2026-08-24 03:14:00
7b40ef52-9094-08bb-f6fc-c722665df901,dea88165-7d35-6646-a551-2f06e7166ed8,Splunk Core Certified User,Splunk,2025-12-09,,https://www.splunk.com/en_us/training/certification-track/splunk-core-certified-user.html,2026-08-19 04:40:00
f78e6566-9918-9802-8eee-a6643d4af7fc,a2565197-0e43-782d-e9c2-35de2bc6a211,AWS Certified Solutions Architect – Associate,Amazon Web Services,2026-01-09,2029-01-08,https://aws.amazon.com/certification/certified-solutions-architect-associate/,2026-07-29 00:34:00
3217558b-b7c1-4730-c2b6-1cb495d2cb84,c8229978-9fd9-3157-7cd9-2ec96bb97dc4,Machine Learning Specialization,DeepLearning.AI / Coursera,2025-08-17,,https://www.coursera.org/specializations/machine-learning-introduction,2026-07-03 08:37:00
557b6fa6-f451-2d86-f366-d6c6ffe29921,975e008a-246d-be21-6b64-3209df39b810,Google Cybersecurity Professional Certificate,Google / Coursera,2023-09-02,,https://www.coursera.org/professional-certificates/google-cybersecurity,2026-07-15 21:37:00
9f193513-63d3-b9cb-4c5c-6b4699adc74f,065e2fc7-2263-f7b6-2a0b-afd2bc1fdbe8,Machine Learning Specialization,DeepLearning.AI / Coursera,2026-03-16,,https://www.coursera.org/specializations/machine-learning-introduction,2026-08-06 06:25:00
feb094b1-9df0-9f55-1971-c59e89c0551e,065e2fc7-2263-f7b6-2a0b-afd2bc1fdbe8,Google Cloud Digital Leader,Google Cloud,2026-04-04,2029-04-03,https://cloud.google.com/learn/certification/cloud-digital-leader,2026-08-06 06:25:00
828e9fd6-196d-b547-1996-0e4cc3e382fa,c288dd98-8bf0-b1bd-91f4-6d0b83ea5294,AWS Certified Cloud Practitioner,Amazon Web Services,2025-09-02,2028-09-01,https://aws.amazon.com/certification/certified-cloud-practitioner/,2026-08-14 06:55:00
537a93f1-7fdb-1ebe-ac4e-f787b855b46b,30cc3906-504c-f1a6-7589-204a5b978d06,Docker Certified Associate,Docker / Mirantis,2025-01-20,,https://training.mirantis.com/,2026-07-18 00:19:00
9f78ce02-655c-3e48-3b7b-9b1172b34254,3120f87a-43c8-fbbe-c7eb-9135ccb7f14b,AWS Certified Solutions Architect – Associate,Amazon Web Services,2024-03-12,2027-03-12,https://aws.amazon.com/certification/certified-solutions-architect-associate/,2026-08-24 12:36:00
754ff933-4af7-028f-14ab-d99be8b1e119,3120f87a-43c8-fbbe-c7eb-9135ccb7f14b,Certified Ethical Hacker (CEH),EC-Council,2026-01-26,2029-01-25,https://www.eccouncil.org/train-certify/certified-ethical-hacker-ceh/,2026-08-24 12:36:00
899ab706-3fe6-19b8-25e0-4faae7746ed4,32233289-ddf1-bdd6-375e-32a4e93bb949,Microsoft Certified: Power BI Data Analyst Associate (PL-300),Microsoft,2024-10-14,,https://learn.microsoft.com/en-us/credentials/certifications/data-analyst-associate/,2026-07-24 11:26:00
69baebaf-1a4e-f805-1331-8a5d0763104a,32233289-ddf1-bdd6-375e-32a4e93bb949,PCEP – Certified Entry-Level Python Programmer,Python Institute,2023-09-08,,https://pythoninstitute.org/pcep,2026-07-24 11:26:00
04175636-ce1c-0e45-4fdf-d7bd78f35ca0,92015e20-7598-a06c-de71-9ff1521f9eda,freeCodeCamp Responsive Web Design,freeCodeCamp,2024-02-10,,https://www.freecodecamp.org/learn/2022/responsive-web-design/,2026-09-11 07:54:00
29c77899-ba51-0b0b-bf3b-70767d2b9564,ab218cb8-1440-33e3-1cf5-b7c4deaf382d,AWS Certified Cloud Practitioner,Amazon Web Services,2025-09-13,2028-09-12,https://aws.amazon.com/certification/certified-cloud-practitioner/,2026-08-03 08:41:00
072c0e63-48e5-deb2-d39c-1a3b75607d74,04b8cb24-4196-e894-0157-a7ff087cb9e5,PCEP – Certified Entry-Level Python Programmer,Python Institute,2025-02-13,,https://pythoninstitute.org/pcep,2026-07-24 09:38:00
77bcef85-8924-d7ee-8f6f-f9cb031598b4,c1689a9d-c772-6123-4850-b466275dbc1e,Google Cloud Digital Leader,Google Cloud,2025-10-31,2028-10-30,https://cloud.google.com/learn/certification/cloud-digital-leader,2026-07-25 15:02:00
5018b260-2c76-9f37-89de-8581ef44447b,4890381d-a186-587e-23ff-b1b8bb7d09ed,Meta Front-End Developer Professional Certificate,Meta / Coursera,2024-01-20,,https://www.coursera.org/professional-certificates/meta-front-end-developer,2026-07-18 21:33:00
72bf4189-6916-d7c3-03a0-3656eebfd215,112e7033-06d4-3a47-a94f-77a6b47b3765,Certified Ethical Hacker (CEH),EC-Council,2024-10-14,2027-10-14,https://www.eccouncil.org/train-certify/certified-ethical-hacker-ceh/,2026-09-17 23:32:00
d7a7a584-9339-0b0b-4559-1388c5955233,112e7033-06d4-3a47-a94f-77a6b47b3765,Machine Learning Specialization,DeepLearning.AI / Coursera,2024-09-29,,https://www.coursera.org/specializations/machine-learning-introduction,2026-09-17 23:32:00
478a301d-530e-7d6d-0902-0822554622fb,3ae64a83-dcb3-065f-40f0-8efc95a10eb8,PCEP – Certified Entry-Level Python Programmer,Python Institute,2026-04-06,,https://pythoninstitute.org/pcep,2026-07-26 21:53:00
f8e26f90-cfd7-fc46-4c9d-5d7933c1d7b9,4c3907e1-1e1c-2e18-adf5-95276c58dd00,Google Cloud Digital Leader,Google Cloud,2025-06-05,2028-06-04,https://cloud.google.com/learn/certification/cloud-digital-leader,2026-07-30 00:55:00
ffe367b9-3d18-8e2f-30c9-052bd223c812,8464b0c8-59f2-619b-68c6-ed60255e3d96,Meta Back-End Developer Professional Certificate,Meta / Coursera,2026-08-02,,https://www.coursera.org/professional-certificates/meta-back-end-developer,2026-07-23 04:36:00
6e8c970c-bcda-1b76-d09f-f7f76d2bbe4a,646d71f2-12bb-707b-92c1-ac0a89323679,Tableau Desktop Specialist,Tableau / Salesforce,2025-11-07,,https://www.tableau.com/learn/certification,2026-07-16 10:40:00
49520089-bb28-6d31-ed40-caa17a1ac46c,6bb6512b-5d26-a18a-a2b4-f82029a616f6,AWS Certified Solutions Architect – Associate,Amazon Web Services,2025-05-17,2028-05-16,https://aws.amazon.com/certification/certified-solutions-architect-associate/,2026-08-12 16:24:00
dc29f621-7ed4-6d2f-08b6-e130d663be5c,f8f7afb8-d479-20d8-21c2-b541884bb27c,HashiCorp Certified: Terraform Associate,HashiCorp,2024-05-04,2027-05-04,https://developer.hashicorp.com/certifications/infrastructure-automation,2026-08-07 18:55:00
4f6457d0-b19d-a983-c4ec-235c90687eea,6d4030a1-b402-2fff-c149-e97dcdf31b09,Google Cloud Digital Leader,Google Cloud,2024-06-13,2027-06-13,https://cloud.google.com/learn/certification/cloud-digital-leader,2026-08-01 21:55:00
15559371-1d5d-a980-ecf0-79c80cde0564,544a497b-143b-29d6-39a8-30a640f15f96,IBM Data Science Professional Certificate,IBM / Coursera,2023-10-17,,https://www.coursera.org/professional-certificates/ibm-data-science,2026-08-22 19:56:00
e8157564-6e05-2b84-2624-7f083db2ae89,ec3b0b07-9b14-c172-fa40-539169ef75d6,Meta Back-End Developer Professional Certificate,Meta / Coursera,2023-11-09,,https://www.coursera.org/professional-certificates/meta-back-end-developer,2026-08-23 14:49:00
e0a8526b-6be5-5199-8afa-691167399940,a67cc706-37e6-3e4b-1788-98644c20bd08,Google Data Analytics Professional Certificate,Google / Coursera,2024-09-06,,https://www.coursera.org/professional-certificates/google-data-analytics,2026-07-10 11:54:00
269351bd-a3c6-b7aa-df72-21a580488fd5,a67cc706-37e6-3e4b-1788-98644c20bd08,Microsoft Certified: Azure Fundamentals (AZ-900),Microsoft,2024-11-20,,https://learn.microsoft.com/en-us/credentials/certifications/azure-fundamentals/,2026-07-10 11:54:00
4a0baff4-ad23-0e68-1320-f96a37dd0a1a,b1f85d3a-b5a0-437d-6866-ac4c0fb60584,Machine Learning Specialization,DeepLearning.AI / Coursera,2025-08-23,,https://www.coursera.org/specializations/machine-learning-introduction,2026-08-31 00:16:00
eca24bef-6385-7ff0-dccb-1b24f6723820,e7527d66-995c-e760-a6d7-00e4aa93f6c3,Deep Learning Specialization,DeepLearning.AI / Coursera,2025-07-20,,https://www.coursera.org/specializations/deep-learning,2026-07-27 07:38:00
ab1b7c31-1c71-b006-acb4-146d44e6a514,e0658de0-323e-8530-bf55-9938a7d0de53,HashiCorp Certified: Terraform Associate,HashiCorp,2024-06-04,2027-06-04,https://developer.hashicorp.com/certifications/infrastructure-automation,2026-09-08 12:21:00
13c0547c-9adc-2ad2-da7b-7dfc008d9148,e0658de0-323e-8530-bf55-9938a7d0de53,Certified Kubernetes Administrator (CKA),CNCF / Linux Foundation,2025-06-12,2028-06-11,https://training.linuxfoundation.org/certification/certified-kubernetes-administrator-cka/,2026-09-08 12:21:00
08c73827-a58a-a9a1-4b14-b52575ae37e5,37cf9326-13d9-b498-f75a-44725fde5a2e,Meta Back-End Developer Professional Certificate,Meta / Coursera,2025-10-24,,https://www.coursera.org/professional-certificates/meta-back-end-developer,2026-08-12 18:57:00
ab930623-452d-0f4f-22bf-53756e7cc25e,411f7aec-ffd6-ddc1-8520-ac961b630580,"Oracle Certified Associate, Java SE Programmer",Oracle,2025-03-22,,https://education.oracle.com/,2026-08-15 18:17:00
e798351f-ded8-52b3-573c-4a0d2600c354,7ec090d2-bb2b-f0ff-5aed-745db4ebfe29,Splunk Core Certified User,Splunk,2026-03-26,,https://www.splunk.com/en_us/training/certification-track/splunk-core-certified-user.html,2026-07-06 05:42:00
74e68386-bf09-2318-339d-a4fcbc546868,08e12506-f6a1-7db5-52c8-a7ea85776ed7,Google Cloud Digital Leader,Google Cloud,2024-02-18,2027-02-17,https://cloud.google.com/learn/certification/cloud-digital-leader,2026-09-18 10:03:00
47ad7cac-ed08-f9c7-e6d0-89fa8c1dfb29,c13fdbb9-eccf-94fb-b55f-4916815631a6,PCEP – Certified Entry-Level Python Programmer,Python Institute,2025-08-18,,https://pythoninstitute.org/pcep,2026-07-25 12:19:00
1af010ae-b49c-f889-7ac8-993994082d69,50c67d8e-2f04-a035-50fd-ff0762f01872,Tableau Desktop Specialist,Tableau / Salesforce,2026-05-28,,https://www.tableau.com/learn/certification,2026-09-19 02:45:00
41bf9c8a-1487-af9e-3092-4b06a52501d1,d2eb5070-c768-eed5-c646-4b802c887ee5,HashiCorp Certified: Terraform Associate,HashiCorp,2026-07-07,2029-07-06,https://developer.hashicorp.com/certifications/infrastructure-automation,2026-07-11 09:50:00
c6e565d6-3d3b-c850-aaf4-88b18547a7ba,d2eb5070-c768-eed5-c646-4b802c887ee5,IBM Data Science Professional Certificate,IBM / Coursera,2023-10-27,,https://www.coursera.org/professional-certificates/ibm-data-science,2026-07-11 09:50:00
2e702d07-97f7-9dd9-4be6-1ef4d08b3832,031b20eb-961b-6e21-4df4-d5c56059d9a6,Certified Kubernetes Administrator (CKA),CNCF / Linux Foundation,2026-01-07,2029-01-06,https://training.linuxfoundation.org/certification/certified-kubernetes-administrator-cka/,2026-08-09 09:09:00
f051a62e-4ff5-203a-2010-b9e37cd58ee6,031b20eb-961b-6e21-4df4-d5c56059d9a6,freeCodeCamp Responsive Web Design,freeCodeCamp,2026-04-04,,https://www.freecodecamp.org/learn/2022/responsive-web-design/,2026-08-09 09:09:00
ef4d2b39-06a6-7eb1-2c2a-81ec2bd37180,23de2db2-6e74-4ceb-15e4-2185fdc0f034,IBM Data Science Professional Certificate,IBM / Coursera,2025-06-19,,https://www.coursera.org/professional-certificates/ibm-data-science,2026-08-02 13:23:00
c1ed7bd0-8e91-9af6-fd0d-6e64f832df12,b61e8304-7c0a-4ce4-fefa-51a598554018,Machine Learning Specialization,DeepLearning.AI / Coursera,2025-03-03,,https://www.coursera.org/specializations/machine-learning-introduction,2026-09-12 13:17:00
5268a423-5756-1c5f-b771-584aa2a8d276,6e3b246a-2ed9-df4a-1e39-8042071a7f72,Machine Learning Specialization,DeepLearning.AI / Coursera,2023-09-07,,https://www.coursera.org/specializations/machine-learning-introduction,2026-09-11 14:09:00
fac78a97-fa3b-ea35-5393-927be0f001b8,6e3b246a-2ed9-df4a-1e39-8042071a7f72,Google Data Analytics Professional Certificate,Google / Coursera,2025-09-04,,https://www.coursera.org/professional-certificates/google-data-analytics,2026-09-11 14:09:00
e59b8b87-6141-eeac-8b00-d096dae738bf,6e3b246a-2ed9-df4a-1e39-8042071a7f72,Cisco Certified Network Associate (CCNA),Cisco,2024-03-18,2027-03-18,https://www.cisco.com/site/us/en/learn/training-certifications/certifications/enterprise/ccna/index.html,2026-09-11 14:09:00
2488fae6-e4ea-bc60-04e9-154ab4da9ebf,830c4930-0ffd-b519-b084-26f155069b38,Machine Learning Specialization,DeepLearning.AI / Coursera,2026-04-06,,https://www.coursera.org/specializations/machine-learning-introduction,2026-07-23 19:35:00
61f38adf-151f-b56a-ce18-6dd380a51afc,104e84db-ad03-350f-ba8f-806579b3a56a,Tableau Desktop Specialist,Tableau / Salesforce,2026-01-17,,https://www.tableau.com/learn/certification,2026-07-05 12:13:00
e3a5f594-628e-a20f-bd7c-225d8ecead4f,104e84db-ad03-350f-ba8f-806579b3a56a,PCEP – Certified Entry-Level Python Programmer,Python Institute,2023-10-08,,https://pythoninstitute.org/pcep,2026-07-05 12:13:00
0b13b09f-1b81-50a7-d75c-8925fa5e9978,dcbab823-e4a4-fcb7-7438-462268f2e370,Google Data Analytics Professional Certificate,Google / Coursera,2026-03-21,,https://www.coursera.org/professional-certificates/google-data-analytics,2026-08-19 08:24:00
f3754b30-d44b-2996-bac8-212fbf494d5d,dcbab823-e4a4-fcb7-7438-462268f2e370,PCEP – Certified Entry-Level Python Programmer,Python Institute,2026-05-23,,https://pythoninstitute.org/pcep,2026-08-19 08:24:00
b4af4e5c-1ea1-af32-73e6-db5b9d40f828,3232bd63-77d4-0834-eaf1-44d4d9606ac9,HashiCorp Certified: Terraform Associate,HashiCorp,2023-11-12,2026-11-11,https://developer.hashicorp.com/certifications/infrastructure-automation,2026-07-09 01:10:00
e8940750-c63b-a24b-46cf-25da4476cabf,3232bd63-77d4-0834-eaf1-44d4d9606ac9,Certified Kubernetes Administrator (CKA),CNCF / Linux Foundation,2025-12-30,2028-12-29,https://training.linuxfoundation.org/certification/certified-kubernetes-administrator-cka/,2026-07-09 01:10:00
19a54cb1-4c50-ea07-d723-e22642a22c4f,7a00190b-ee2e-f229-a14e-b68a8213f5c1,Google Data Analytics Professional Certificate,Google / Coursera,2024-07-17,,https://www.coursera.org/professional-certificates/google-data-analytics,2026-09-17 08:21:00
220949fc-bd5d-5bbd-2238-41a7b9be6fe1,60cfec28-5aae-f5f9-5351-56750a33336c,IBM Data Science Professional Certificate,IBM / Coursera,2026-05-24,,https://www.coursera.org/professional-certificates/ibm-data-science,2026-09-06 09:47:00
e55671a3-e4e8-57cb-306a-d874acb700dd,09aca36c-4d19-e017-4885-20202d9bed82,Docker Certified Associate,Docker / Mirantis,2024-12-01,,https://training.mirantis.com/,2026-09-03 18:01:00
8a6d162c-481d-2d89-ea98-f08c4f95a6e7,9f6a66cd-8e7c-a21e-90f2-ed4f1e1c04e9,Machine Learning Specialization,DeepLearning.AI / Coursera,2024-12-10,,https://www.coursera.org/specializations/machine-learning-introduction,2026-09-01 20:26:00
74e847aa-2deb-1fc3-f645-2c5a3f9ed78f,3e1ec012-970b-1766-2d64-eb515b5153d9,Machine Learning Specialization,DeepLearning.AI / Coursera,2026-05-27,,https://www.coursera.org/specializations/machine-learning-introduction,2026-07-08 06:26:00
fa0545b8-0cce-675f-1fbd-0e2153348fd3,3e1ec012-970b-1766-2d64-eb515b5153d9,Certified Kubernetes Administrator (CKA),CNCF / Linux Foundation,2025-12-20,2028-12-19,https://training.linuxfoundation.org/certification/certified-kubernetes-administrator-cka/,2026-07-08 06:26:00
4092036e-5920-3927-d80b-67ffd1cb56e6,170f587e-77a3-e487-233b-c8ddca3e36df,HashiCorp Certified: Terraform Associate,HashiCorp,2026-06-09,2029-06-08,https://developer.hashicorp.com/certifications/infrastructure-automation,2026-09-16 16:57:00
f97712d3-3d6b-df16-35f1-e5d701db17af,035e3e47-352d-b909-8f23-60ac11a1e977,IBM Data Science Professional Certificate,IBM / Coursera,2025-02-27,,https://www.coursera.org/professional-certificates/ibm-data-science,2026-09-19 14:24:00
f8762f27-2351-1876-cf4e-7423dccd96fc,986629d0-e5b5-8bb6-473f-3af1989a3986,Meta Back-End Developer Professional Certificate,Meta / Coursera,2024-04-23,,https://www.coursera.org/professional-certificates/meta-back-end-developer,2026-08-21 18:37:00
e6c8603d-cca3-aa8f-59eb-63952ba5a343,986629d0-e5b5-8bb6-473f-3af1989a3986,Certified Ethical Hacker (CEH),EC-Council,2026-01-23,2029-01-22,https://www.eccouncil.org/train-certify/certified-ethical-hacker-ceh/,2026-08-21 18:37:00
b3b61cda-33f7-915d-dae6-d9ff9482885d,c22a8823-00f5-f9f0-d3c8-4b9965735909,Machine Learning Specialization,DeepLearning.AI / Coursera,2025-12-20,,https://www.coursera.org/specializations/machine-learning-introduction,2026-08-29 23:02:00
5d9bed9b-b8d2-8e31-4398-25daad26a996,8798ca57-8812-0b15-346f-89431ff0acaf,Google Cybersecurity Professional Certificate,Google / Coursera,2026-03-11,,https://www.coursera.org/professional-certificates/google-cybersecurity,2026-07-04 13:35:00
b89b8e20-a079-ccd2-36c2-ab50789efd2d,843b573c-09e3-ba66-e8bd-485b9189e694,Microsoft Office Specialist: Excel Associate,Microsoft,2024-08-03,,https://learn.microsoft.com/en-us/credentials/,2026-08-17 00:14:00
884acf3f-52aa-ed20-aef6-8d836f0012ef,96a156c9-9412-dbb5-7a29-43b7eb2d57f3,Google Data Analytics Professional Certificate,Google / Coursera,2023-09-16,,https://www.coursera.org/professional-certificates/google-data-analytics,2026-07-05 01:49:00
b1576591-9e2a-4ce5-244f-8903d074cb2d,dbedeba0-e4b4-c1ac-2859-3b8acc64a20b,Certified Kubernetes Administrator (CKA),CNCF / Linux Foundation,2024-06-10,2027-06-10,https://training.linuxfoundation.org/certification/certified-kubernetes-administrator-cka/,2026-07-15 23:20:00
8b6313cb-f18b-481b-464b-0506033f3775,dbedeba0-e4b4-c1ac-2859-3b8acc64a20b,Tableau Desktop Specialist,Tableau / Salesforce,2026-06-09,,https://www.tableau.com/learn/certification,2026-07-15 23:20:00
dc67d8fd-f20f-dd79-eb27-c2697b1fa5db,0dc256c4-96bf-0c36-71a8-0268fd42fb96,IBM Data Science Professional Certificate,IBM / Coursera,2026-03-05,,https://www.coursera.org/professional-certificates/ibm-data-science,2026-07-21 10:04:00
ff561e28-cb70-bdef-b358-284d3068c3be,0c518110-afbd-ddc8-c6f2-fa995b16715d,Machine Learning Specialization,DeepLearning.AI / Coursera,2026-02-24,,https://www.coursera.org/specializations/machine-learning-introduction,2026-08-19 09:49:00
83e93eda-a28f-a82b-5c8a-53c03020bd0f,0c518110-afbd-ddc8-c6f2-fa995b16715d,IBM Data Science Professional Certificate,IBM / Coursera,2025-06-20,,https://www.coursera.org/professional-certificates/ibm-data-science,2026-08-19 09:49:00
2cbcdbe7-365e-8c4a-86a4-ebba6d5b4e31,7ab83c85-104a-b039-59a2-5bb7083eeec9,IBM Data Science Professional Certificate,IBM / Coursera,2025-12-28,,https://www.coursera.org/professional-certificates/ibm-data-science,2026-07-17 02:23:00
a6b76cf4-c592-ccbb-af6f-4f4b0e5bbcec,18291d43-e54c-66a2-0921-42f34f454d4b,Machine Learning Specialization,DeepLearning.AI / Coursera,2025-12-17,,https://www.coursera.org/specializations/machine-learning-introduction,2026-09-09 18:37:00
8158f8f0-c30e-4328-dc8e-4093b6a9cc1d,ddfae893-8523-743e-7eb8-9f5e29f3f41f,AWS Certified Cloud Practitioner,Amazon Web Services,2025-06-21,2028-06-20,https://aws.amazon.com/certification/certified-cloud-practitioner/,2026-08-17 22:40:00
6821a4cc-9621-ad99-84d1-5f68808345de,3ada3964-34dd-fde2-4579-cd9fb726050b,Microsoft Office Specialist: Excel Associate,Microsoft,2026-04-24,,https://learn.microsoft.com/en-us/credentials/,2026-09-19 04:10:00
3c25bfa7-9937-633c-4068-5422c3a1e4fb,a1cb623a-a719-fdd4-a1dc-d46b727a714e,Google Cloud Digital Leader,Google Cloud,2025-04-29,2028-04-28,https://cloud.google.com/learn/certification/cloud-digital-leader,2026-07-22 17:58:00
17cb0365-aba6-b42e-d0c4-4f4a3a71438d,d7e04425-d1f7-2fab-d1d6-c17475d89033,Cisco Certified Network Associate (CCNA),Cisco,2026-03-24,2029-03-23,https://www.cisco.com/site/us/en/learn/training-certifications/certifications/enterprise/ccna/index.html,2026-07-31 02:50:00
c028c66f-7e69-84f5-bf63-633573b5e754,5cdcb1e5-480f-6a1e-cdb4-685016c86f81,Machine Learning Specialization,DeepLearning.AI / Coursera,2024-09-23,,https://www.coursera.org/specializations/machine-learning-introduction,2026-07-14 13:36:00
5a8c39a3-02ec-b410-f147-98a567d57b9d,9503c444-04ab-af2d-4c09-968385c2bf77,Microsoft Office Specialist: Excel Associate,Microsoft,2026-04-12,,https://learn.microsoft.com/en-us/credentials/,2026-08-16 20:14:00
304a1bd3-1511-7798-f3aa-72c761f9f1c4,9503c444-04ab-af2d-4c09-968385c2bf77,Machine Learning Specialization,DeepLearning.AI / Coursera,2023-10-25,,https://www.coursera.org/specializations/machine-learning-introduction,2026-08-16 20:14:00
de35068a-787d-a755-7c0b-2e4e57d84df3,cab08965-1147-7e95-8b20-a5ba53d3e017,Microsoft Certified: Azure Fundamentals (AZ-900),Microsoft,2025-10-10,,https://learn.microsoft.com/en-us/credentials/certifications/azure-fundamentals/,2026-08-16 13:20:00
1080404b-c3af-954a-7b1e-79fa3651a130,74625230-206c-ca7a-70ff-4543d9ea9865,PCEP – Certified Entry-Level Python Programmer,Python Institute,2024-01-29,,https://pythoninstitute.org/pcep,2026-08-28 04:22:00
6cfeb2d8-5bba-0ac8-51f2-2f9b7293d5c7,74625230-206c-ca7a-70ff-4543d9ea9865,Microsoft Office Specialist: Excel Associate,Microsoft,2026-06-21,,https://learn.microsoft.com/en-us/credentials/,2026-08-28 04:22:00
bb372ba7-b3d4-3106-8fac-47fe84023632,d4259535-fd7c-a98c-c31f-acf44cb368d8,AWS Certified Solutions Architect – Associate,Amazon Web Services,2025-08-31,2028-08-30,https://aws.amazon.com/certification/certified-solutions-architect-associate/,2026-08-31 21:08:00
37aa9927-4755-064b-4d40-be64fa1cce80,31adad51-2bde-56bc-eb3c-f82307068f71,Microsoft Certified: Power BI Data Analyst Associate (PL-300),Microsoft,2026-04-17,,https://learn.microsoft.com/en-us/credentials/certifications/data-analyst-associate/,2026-09-16 19:16:00
94450956-b76f-720e-1117-31f027bbf2dd,31adad51-2bde-56bc-eb3c-f82307068f71,Microsoft Office Specialist: Excel Associate,Microsoft,2026-03-19,,https://learn.microsoft.com/en-us/credentials/,2026-09-16 19:16:00
fdcdf83c-5c8d-8a05-961b-db30d668e72c,06500a4a-6c6d-4738-25a2-5f8b1af1fe5e,Microsoft Office Specialist: Excel Associate,Microsoft,2025-05-14,,https://learn.microsoft.com/en-us/credentials/,2026-08-18 17:05:00
988e440d-61fd-cbff-3abc-d5c9a8ddc3ce,717f8c48-08c0-c9bf-f4d5-5086362dda12,Docker Certified Associate,Docker / Mirantis,2025-09-24,,https://training.mirantis.com/,2026-08-01 08:38:00
a71062ef-4205-56ea-cf4a-5b83856b43bd,717f8c48-08c0-c9bf-f4d5-5086362dda12,IBM Data Science Professional Certificate,IBM / Coursera,2024-05-21,,https://www.coursera.org/professional-certificates/ibm-data-science,2026-08-01 08:38:00
7c1961cb-cfe6-dc62-78a3-4db5390ea5f0,2db780eb-95e0-e931-d969-22f8348abd8d,Microsoft Office Specialist: Excel Associate,Microsoft,2026-01-27,,https://learn.microsoft.com/en-us/credentials/,2026-07-20 09:15:00
13389f48-9ebf-4cc1-ccc3-070fab0eb741,2db780eb-95e0-e931-d969-22f8348abd8d,Elements of AI,University of Helsinki,2025-09-02,,https://www.elementsofai.com/,2026-07-20 09:15:00
50d2c85d-c454-7f0a-edec-b446decde9f2,9ad6f2bd-b775-65c6-4c3f-0171793b73f9,Meta Back-End Developer Professional Certificate,Meta / Coursera,2025-07-02,,https://www.coursera.org/professional-certificates/meta-back-end-developer,2026-07-09 12:59:00
4204c766-36e8-69f2-f96b-a2ca01f570a5,da7314dd-8b6a-d427-4de3-501df9de2503,Docker Certified Associate,Docker / Mirantis,2025-08-07,,https://training.mirantis.com/,2026-07-24 05:44:00
27e5c6fc-d236-af1b-dce8-03375adba0ff,f64615ea-4de2-a7c2-7500-29ce9a4a5ef1,Certified Ethical Hacker (CEH),EC-Council,2024-10-17,2027-10-17,https://www.eccouncil.org/train-certify/certified-ethical-hacker-ceh/,2026-07-17 10:09:00
e758fa7c-2666-5f8e-4018-dc669f9cea8b,f64615ea-4de2-a7c2-7500-29ce9a4a5ef1,PCEP – Certified Entry-Level Python Programmer,Python Institute,2026-07-04,,https://pythoninstitute.org/pcep,2026-07-17 10:09:00
633385a2-1404-ba93-ef46-8728280dbad6,f64615ea-4de2-a7c2-7500-29ce9a4a5ef1,Meta Front-End Developer Professional Certificate,Meta / Coursera,2026-07-10,,https://www.coursera.org/professional-certificates/meta-front-end-developer,2026-07-17 10:09:00
1f9ac6d5-e53b-bcba-9352-c7e059dad485,b0a2c296-aa03-6bb1-0a31-2daed0fbeb30,Machine Learning Specialization,DeepLearning.AI / Coursera,2025-04-05,,https://www.coursera.org/specializations/machine-learning-introduction,2026-09-07 21:51:00
e5cb296a-3b95-2b25-fe4d-5833bf0df357,b0a2c296-aa03-6bb1-0a31-2daed0fbeb30,CompTIA Security+,CompTIA,2025-09-29,2028-09-28,https://www.comptia.org/certifications/security,2026-09-07 21:51:00
613bb308-7a1c-ff0a-1d1e-4663b78e7d1a,1300f276-49e8-5e14-bf96-7a5f3061636e,IBM Data Science Professional Certificate,IBM / Coursera,2024-08-30,,https://www.coursera.org/professional-certificates/ibm-data-science,2026-08-15 21:13:00
a5802820-a133-a47f-082a-2ed02c5ebdbb,65488718-844c-0a58-0add-3b8935b5aaf6,Tableau Desktop Specialist,Tableau / Salesforce,2024-06-29,,https://www.tableau.com/learn/certification,2026-07-20 01:55:00
6f635781-8cb0-5a8e-1611-1cdaa677bc72,ed62c073-9f23-528f-56e6-b795a06b7ace,Google Cloud Digital Leader,Google Cloud,2024-10-02,2027-10-02,https://cloud.google.com/learn/certification/cloud-digital-leader,2026-08-13 03:50:00
8fd90152-e35e-45f4-35e6-cfd01e0bfeeb,72a55173-f392-a33b-6ad4-a0af26284c75,Meta Back-End Developer Professional Certificate,Meta / Coursera,2026-01-22,,https://www.coursera.org/professional-certificates/meta-back-end-developer,2026-07-30 05:22:00
e764783f-b66a-d4f6-e737-93969da59f32,f2064cc5-03ff-a562-0d22-92aa6b9b7d37,AWS Certified Cloud Practitioner,Amazon Web Services,2025-11-12,2028-11-11,https://aws.amazon.com/certification/certified-cloud-practitioner/,2026-07-20 20:49:00
1c5ea350-6885-8d9a-bbd1-1f789eda5dc4,63bbbfde-9074-4d61-a43b-e0eac8f30f59,IBM Data Science Professional Certificate,IBM / Coursera,2024-01-11,,https://www.coursera.org/professional-certificates/ibm-data-science,2026-08-18 10:05:00
00911403-06b6-ed95-89e8-bb168f1baf21,052429d5-68ad-d28f-c662-3189819a2cdd,CompTIA Security+,CompTIA,2025-04-18,2028-04-17,https://www.comptia.org/certifications/security,2026-09-14 12:36:00
a06f8d46-a41c-ab0a-dce8-7a61432cc0c2,a0fa8700-16bc-b8ad-612d-f975a314e3b2,Meta Front-End Developer Professional Certificate,Meta / Coursera,2024-09-16,,https://www.coursera.org/professional-certificates/meta-front-end-developer,2026-08-20 12:33:00
e31548e5-a34c-c3b1-64b7-6e29aed7eceb,4b89780b-2992-59e5-f90c-e5ec3ddc34db,Cisco Certified Network Associate (CCNA),Cisco,2025-06-18,2028-06-17,https://www.cisco.com/site/us/en/learn/training-certifications/certifications/enterprise/ccna/index.html,2026-08-03 23:15:00
6fda898b-07ea-d921-be03-c32170ff8513,fde5fa2a-0cbf-1be1-754c-c3c80560b162,Certified Kubernetes Administrator (CKA),CNCF / Linux Foundation,2025-02-04,2028-02-04,https://training.linuxfoundation.org/certification/certified-kubernetes-administrator-cka/,2026-07-04 17:37:00
884f2a51-b3f2-86e8-9019-643ea3547caf,fde5fa2a-0cbf-1be1-754c-c3c80560b162,HashiCorp Certified: Terraform Associate,HashiCorp,2025-01-09,2028-01-09,https://developer.hashicorp.com/certifications/infrastructure-automation,2026-07-04 17:37:00
ac82f988-fda8-f899-794f-753f5cb4664b,c475ec4a-a4c2-e13e-5c6f-d31077b7b77e,Cisco Certified Network Associate (CCNA),Cisco,2025-05-08,2028-05-07,https://www.cisco.com/site/us/en/learn/training-certifications/certifications/enterprise/ccna/index.html,2026-09-04 04:59:00
c4d2ed8b-a9ff-dc65-6c9b-dbbf19ca135f,c475ec4a-a4c2-e13e-5c6f-d31077b7b77e,Microsoft Certified: Power BI Data Analyst Associate (PL-300),Microsoft,2025-06-24,,https://learn.microsoft.com/en-us/credentials/certifications/data-analyst-associate/,2026-09-04 04:59:00
7bf909fb-1854-2b04-a0d1-f73e6ad9402d,ac6ee543-baaf-26f2-71b2-0809a544ea28,Cisco Certified Network Associate (CCNA),Cisco,2025-10-02,2028-10-01,https://www.cisco.com/site/us/en/learn/training-certifications/certifications/enterprise/ccna/index.html,2026-07-29 05:45:00
82bf7f84-0ebb-aa9b-0178-5d1850f23cf3,6ef89571-c214-6af2-ebf2-0745bd2d4d97,PCEP – Certified Entry-Level Python Programmer,Python Institute,2026-03-22,,https://pythoninstitute.org/pcep,2026-07-13 06:48:00
fa6871d8-929a-eb5e-1449-326e7b097bae,c695242c-4fbd-8269-f24b-1449965f7e1c,Certified Kubernetes Administrator (CKA),CNCF / Linux Foundation,2026-01-03,2029-01-02,https://training.linuxfoundation.org/certification/certified-kubernetes-administrator-cka/,2026-07-17 16:18:00
760e8efb-4469-56b1-b028-4c3d9a832ac7,73043dcd-466d-17c2-f77a-328e71d57fe8,PCEP – Certified Entry-Level Python Programmer,Python Institute,2025-03-31,,https://pythoninstitute.org/pcep,2026-07-17 10:55:00
6c629bfd-af12-faac-be92-be1c1e8bc8a0,ac57795c-643f-9974-9763-c70c32c1d545,PCEP – Certified Entry-Level Python Programmer,Python Institute,2024-08-31,,https://pythoninstitute.org/pcep,2026-09-02 23:02:00
217587a0-9c85-ef9d-791b-4cd217cd4524,ac57795c-643f-9974-9763-c70c32c1d545,Meta Front-End Developer Professional Certificate,Meta / Coursera,2024-07-18,,https://www.coursera.org/professional-certificates/meta-front-end-developer,2026-09-02 23:02:00
9d456725-8a29-23cd-af56-f10d0450ca2f,b04321bf-98d1-6339-731e-6ffa491b2151,Certified Ethical Hacker (CEH),EC-Council,2025-06-27,2028-06-26,https://www.eccouncil.org/train-certify/certified-ethical-hacker-ceh/,2026-09-17 22:09:00
9f01bc3d-f1d2-2c92-8fbb-6124e0f04dc1,b04321bf-98d1-6339-731e-6ffa491b2151,Machine Learning Specialization,DeepLearning.AI / Coursera,2026-04-10,,https://www.coursera.org/specializations/machine-learning-introduction,2026-09-17 22:09:00
e0825a84-f974-dd75-2dbb-0e1c66ff1b1b,473c705b-5e07-041b-ab53-eeb8ec21fbe9,Deep Learning Specialization,DeepLearning.AI / Coursera,2026-07-11,,https://www.coursera.org/specializations/deep-learning,2026-07-10 07:53:00
128ef04a-c6be-266e-0b56-5e34077c218a,80d033b0-b174-867d-788c-a21b93aef678,Docker Certified Associate,Docker / Mirantis,2024-06-11,,https://training.mirantis.com/,2026-08-06 21:28:00
39a1faab-af23-3a23-fdde-a433565d7b00,80d033b0-b174-867d-788c-a21b93aef678,Meta Front-End Developer Professional Certificate,Meta / Coursera,2026-04-17,,https://www.coursera.org/professional-certificates/meta-front-end-developer,2026-08-06 21:28:00
302e433b-c5c2-848f-57e3-eaa72b19b787,80d033b0-b174-867d-788c-a21b93aef678,"Oracle Certified Associate, Java SE Programmer",Oracle,2024-07-21,,https://education.oracle.com/,2026-08-06 21:28:00
8bcab766-1e08-2d51-76b4-790ba48bd22b,cedd7bbf-2afe-d05e-1166-967e1bb7b8d5,Google Cybersecurity Professional Certificate,Google / Coursera,2026-04-22,,https://www.coursera.org/professional-certificates/google-cybersecurity,2026-08-03 16:59:00
3ace2f81-1c88-9352-8d1b-2021ff352052,0e583ddf-59d4-0e0a-572b-805ddef75b63,HashiCorp Certified: Terraform Associate,HashiCorp,2026-04-21,2029-04-20,https://developer.hashicorp.com/certifications/infrastructure-automation,2026-08-12 19:14:00
bcea2881-3d22-1c65-6c11-df26bcecf492,185dd3a7-818a-aed7-7ea9-daeddd5ab7c1,Machine Learning Specialization,DeepLearning.AI / Coursera,2026-01-25,,https://www.coursera.org/specializations/machine-learning-introduction,2026-08-24 15:26:00
155cbced-0cd7-4a77-ab2d-ce1010c278fc,c3fabafc-9afd-7c09-72c8-1f4282df565e,Machine Learning Specialization,DeepLearning.AI / Coursera,2024-05-21,,https://www.coursera.org/specializations/machine-learning-introduction,2026-09-03 04:15:00
a6558b77-58b4-b0e0-938f-045097d488a9,c3fabafc-9afd-7c09-72c8-1f4282df565e,Meta Front-End Developer Professional Certificate,Meta / Coursera,2024-01-02,,https://www.coursera.org/professional-certificates/meta-front-end-developer,2026-09-03 04:15:00
4403ef59-dead-287e-25f8-a2fdfb81fa12,e100f7a4-e1e1-abc5-f9df-ac59eb725e6c,Meta Back-End Developer Professional Certificate,Meta / Coursera,2026-05-03,,https://www.coursera.org/professional-certificates/meta-back-end-developer,2026-07-27 20:17:00
c7b21418-53b6-1365-8b2d-ef22aac0fa7a,af70e76f-842a-27ed-ffec-ffcf5cea44f7,AWS Certified Cloud Practitioner,Amazon Web Services,2026-06-23,2029-06-22,https://aws.amazon.com/certification/certified-cloud-practitioner/,2026-07-21 18:56:00
d7b3ac72-7c72-f667-36bf-d6dd92017559,790e4319-aa90-734f-fdae-f4828a89d994,HashiCorp Certified: Terraform Associate,HashiCorp,2025-04-16,2028-04-15,https://developer.hashicorp.com/certifications/infrastructure-automation,2026-07-25 00:28:00
dee76774-07fd-bc91-3af3-5f56d357ab54,b88c27d5-d864-4af2-900e-f85fd7607253,Microsoft Certified: Azure Fundamentals (AZ-900),Microsoft,2026-04-04,,https://learn.microsoft.com/en-us/credentials/certifications/azure-fundamentals/,2026-08-29 05:34:00
9d7f8eba-2fae-adc1-fd29-13951096048b,b88c27d5-d864-4af2-900e-f85fd7607253,Docker Certified Associate,Docker / Mirantis,2026-06-10,,https://training.mirantis.com/,2026-08-29 05:34:00
02feb88c-9ea7-4882-8c60-e6effc49fdfb,369c5fd0-a890-f5ed-c26e-c83e8d0d8a5e,Machine Learning Specialization,DeepLearning.AI / Coursera,2024-06-22,,https://www.coursera.org/specializations/machine-learning-introduction,2026-09-15 14:35:00
7e948f41-ba65-ea59-57b4-e8c5326272a7,408f4513-1561-3bba-9255-a5d03a198036,Meta Back-End Developer Professional Certificate,Meta / Coursera,2025-07-17,,https://www.coursera.org/professional-certificates/meta-back-end-developer,2026-08-01 12:29:00
f12d983f-97b5-6726-261e-e32dd38bd2f5,6d9de24c-a450-4ad7-ccbd-6fac38bc94b4,IBM Data Science Professional Certificate,IBM / Coursera,2025-05-09,,https://www.coursera.org/professional-certificates/ibm-data-science,2026-08-19 23:45:00
bddeabbc-9924-e751-958c-58c45068be9e,61064a59-be69-a54e-78e9-9c94f3541a60,Machine Learning Specialization,DeepLearning.AI / Coursera,2026-07-09,,https://www.coursera.org/specializations/machine-learning-introduction,2026-09-02 19:13:00
770a4bb4-4734-d014-c245-31e8951b9617,d60fff15-9fdc-416b-71fa-7e3cba316d9a,CompTIA Security+,CompTIA,2026-03-26,2029-03-25,https://www.comptia.org/certifications/security,2026-09-09 08:38:00
934232a8-162a-82fd-a9c8-f04630566b93,c17a2469-da2c-5591-9ded-25d04856edb1,AWS Certified Cloud Practitioner,Amazon Web Services,2026-04-08,2029-04-07,https://aws.amazon.com/certification/certified-cloud-practitioner/,2026-07-20 20:57:00
09a15397-3607-3c74-f80a-62e77874fa71,c17a2469-da2c-5591-9ded-25d04856edb1,PCEP – Certified Entry-Level Python Programmer,Python Institute,2024-11-15,,https://pythoninstitute.org/pcep,2026-07-20 20:57:00
ce1897b9-aafd-6614-c980-7ee691598d76,c17a2469-da2c-5591-9ded-25d04856edb1,Meta Back-End Developer Professional Certificate,Meta / Coursera,2025-06-04,,https://www.coursera.org/professional-certificates/meta-back-end-developer,2026-07-20 20:57:00
2aa0cf52-1060-6dd2-20a2-e981859d550d,cc823019-3514-52f7-f47d-da435e2275d0,IBM Data Science Professional Certificate,IBM / Coursera,2026-07-02,,https://www.coursera.org/professional-certificates/ibm-data-science,2026-08-19 11:30:00
6d88d80b-ebb3-7f8e-6ff4-9682dbf433bf,c955f6ca-a855-2fb5-ebd4-1ebfdaf01db5,Tableau Desktop Specialist,Tableau / Salesforce,2024-10-05,,https://www.tableau.com/learn/certification,2026-09-09 08:01:00
67e87b47-a38d-6ec4-2d9e-5dcde47f5450,7cdf64bf-da7d-ab6c-d9ea-263266bfce69,AWS Certified Cloud Practitioner,Amazon Web Services,2025-03-01,2028-02-29,https://aws.amazon.com/certification/certified-cloud-practitioner/,2026-09-09 21:06:00
1c64a42f-faf8-a693-5187-81ca0a834af2,7cdf64bf-da7d-ab6c-d9ea-263266bfce69,Certified Kubernetes Administrator (CKA),CNCF / Linux Foundation,2025-09-15,2028-09-14,https://training.linuxfoundation.org/certification/certified-kubernetes-administrator-cka/,2026-09-09 21:06:00
48891a37-a10e-af92-cfbe-f62ce1ac58b7,9c1d6ac2-c968-9a81-1b66-67f3ab1a8996,"Oracle Certified Associate, Java SE Programmer",Oracle,2026-04-06,,https://education.oracle.com/,2026-09-11 07:49:00
6330d096-0cce-b30a-0118-805994ea23a7,70723aac-cf84-da8d-7286-a0eb2ed075d8,Meta Front-End Developer Professional Certificate,Meta / Coursera,2026-06-02,,https://www.coursera.org/professional-certificates/meta-front-end-developer,2026-07-16 00:11:00
06a73b64-7046-62e3-78cc-32d285a512b2,4f3e0811-0e60-826f-425d-d41823136435,Meta Back-End Developer Professional Certificate,Meta / Coursera,2026-01-28,,https://www.coursera.org/professional-certificates/meta-back-end-developer,2026-08-06 22:35:00
883eed64-5335-ce85-687c-131e02bb0153,5b09b183-7ba5-c6fa-8c4b-b0fd645e2dc1,Google Data Analytics Professional Certificate,Google / Coursera,2025-07-28,,https://www.coursera.org/professional-certificates/google-data-analytics,2026-07-15 00:43:00
19c31820-212b-0bd1-36e4-2afe58bc59ee,6a165272-d171-cd73-3604-745d24d0be94,Certified Kubernetes Administrator (CKA),CNCF / Linux Foundation,2026-04-29,2029-04-28,https://training.linuxfoundation.org/certification/certified-kubernetes-administrator-cka/,2026-09-12 17:33:00
b1bca157-182b-6475-9920-1da457a3acc3,ac635ee8-2f50-a2c6-c3b0-4f87f8511368,Google Data Analytics Professional Certificate,Google / Coursera,2025-04-16,,https://www.coursera.org/professional-certificates/google-data-analytics,2026-07-09 22:07:00
f2407d3d-24a7-c707-9977-c241c2d01f07,5ef97050-3e88-2544-3d8b-25a39e9cc902,Machine Learning Specialization,DeepLearning.AI / Coursera,2024-07-20,,https://www.coursera.org/specializations/machine-learning-introduction,2026-08-17 16:14:00
ae7b70dd-65eb-136c-dfe3-0cf210057a73,9e79dc92-999b-1582-ecf9-5197caa60756,CompTIA Security+,CompTIA,2023-10-26,2026-10-25,https://www.comptia.org/certifications/security,2026-08-03 16:05:00
3566b74b-622f-8ca2-7d9e-be36246aa6c6,6267f88f-0f58-b13b-236b-252900950281,PCEP – Certified Entry-Level Python Programmer,Python Institute,2025-12-10,,https://pythoninstitute.org/pcep,2026-07-30 04:54:00
677e90c0-4b4c-e787-c65f-ac150d8a002a,6267f88f-0f58-b13b-236b-252900950281,Machine Learning Specialization,DeepLearning.AI / Coursera,2025-01-11,,https://www.coursera.org/specializations/machine-learning-introduction,2026-07-30 04:54:00
382c1022-3850-9aaa-8f3e-78ff347b58af,70066fb6-22d6-4287-9df8-ad1ea3f089d2,Meta Front-End Developer Professional Certificate,Meta / Coursera,2024-01-10,,https://www.coursera.org/professional-certificates/meta-front-end-developer,2026-08-04 22:20:00
da155000-950f-3bc9-7cec-6b66454d8b8f,70066fb6-22d6-4287-9df8-ad1ea3f089d2,Meta Back-End Developer Professional Certificate,Meta / Coursera,2024-12-02,,https://www.coursera.org/professional-certificates/meta-back-end-developer,2026-08-04 22:20:00
3994232a-2842-7492-a5fd-5b4cef0633c5,3bff7bbe-6a45-3a57-a776-a6adfbc7f9c6,Certified Kubernetes Administrator (CKA),CNCF / Linux Foundation,2024-11-14,2027-11-14,https://training.linuxfoundation.org/certification/certified-kubernetes-administrator-cka/,2026-08-26 06:58:00
de8f56de-4644-1fc8-8771-5991a90ff64b,bd37161a-896a-940a-2a9e-46d26c984654,PCEP – Certified Entry-Level Python Programmer,Python Institute,2026-07-27,,https://pythoninstitute.org/pcep,2026-07-06 21:58:00
186c4a42-6db7-2325-7787-fb1286000f9a,5ea568d7-97ec-5eae-c03c-85848346ae53,Meta Back-End Developer Professional Certificate,Meta / Coursera,2026-06-05,,https://www.coursera.org/professional-certificates/meta-back-end-developer,2026-07-10 05:40:00
ba65bb0c-495d-18b2-55cf-e875210857ae,5ea568d7-97ec-5eae-c03c-85848346ae53,Machine Learning Specialization,DeepLearning.AI / Coursera,2026-03-02,,https://www.coursera.org/specializations/machine-learning-introduction,2026-07-10 05:40:00
9f141b08-c8e0-4fe6-9b1e-838b72cee845,eff4b838-0678-3c1f-c3f6-6c8ad51b6448,Cisco Certified Network Associate (CCNA),Cisco,2025-05-24,2028-05-23,https://www.cisco.com/site/us/en/learn/training-certifications/certifications/enterprise/ccna/index.html,2026-07-30 07:30:00
c03d2c8c-3489-374d-0e7b-65f12020eb1a,3e58153f-c601-6cda-0929-8c03d785404b,CompTIA Security+,CompTIA,2024-07-24,2027-07-24,https://www.comptia.org/certifications/security,2026-09-07 11:36:00
fe879840-0473-b2ed-cae2-a4d646667e5b,2d766c2e-30a6-4d56-e647-08889805e82c,IBM Data Science Professional Certificate,IBM / Coursera,2025-08-16,,https://www.coursera.org/professional-certificates/ibm-data-science,2026-07-03 10:20:00
18c51b38-bfd8-f962-3221-6cc009ba6169,2d766c2e-30a6-4d56-e647-08889805e82c,Machine Learning Specialization,DeepLearning.AI / Coursera,2025-07-11,,https://www.coursera.org/specializations/machine-learning-introduction,2026-07-03 10:20:00
f44040c1-7060-ea69-9e30-8df5a5c6a0d0,49e5bfac-257a-dfff-3e45-a5cb94e764ee,Certified Kubernetes Administrator (CKA),CNCF / Linux Foundation,2024-12-08,2027-12-08,https://training.linuxfoundation.org/certification/certified-kubernetes-administrator-cka/,2026-08-15 20:32:00
339de893-e4f9-b913-62fa-f36f0dd770db,abc49620-5e33-92bc-b444-b59390ee61f8,Microsoft Certified: Azure Fundamentals (AZ-900),Microsoft,2025-10-16,,https://learn.microsoft.com/en-us/credentials/certifications/azure-fundamentals/,2026-09-19 15:48:00
4205dfe0-a641-c314-2e9e-d46e7ae544bc,dd426731-a33c-4fb3-af73-4dc30dc00b8a,Meta Front-End Developer Professional Certificate,Meta / Coursera,2024-11-19,,https://www.coursera.org/professional-certificates/meta-front-end-developer,2026-08-25 20:42:00
6e76f2b6-b373-eea8-685b-a0ec16629c92,dd426731-a33c-4fb3-af73-4dc30dc00b8a,Meta Back-End Developer Professional Certificate,Meta / Coursera,2026-02-20,,https://www.coursera.org/professional-certificates/meta-back-end-developer,2026-08-25 20:42:00
ad496266-9c4b-995d-bc8c-6e9e3457d38d,0667f060-6193-f4ed-5451-3c208e114663,AWS Certified Cloud Practitioner,Amazon Web Services,2025-09-26,2028-09-25,https://aws.amazon.com/certification/certified-cloud-practitioner/,2026-07-29 23:14:00
435e1530-3dd7-994a-554f-c545e1659081,428c8a1e-0466-caf1-89ea-424d3da17f86,Google Cloud Digital Leader,Google Cloud,2025-08-24,2028-08-23,https://cloud.google.com/learn/certification/cloud-digital-leader,2026-07-25 00:24:00
fe271d83-cfda-5aeb-0ce3-560afee19e86,3e038a4c-8067-4faa-3e92-42bcb071ee58,Google Cloud Digital Leader,Google Cloud,2026-02-01,2029-01-31,https://cloud.google.com/learn/certification/cloud-digital-leader,2026-08-30 05:09:00
0a0b2e2d-1360-2749-d465-6583f3d568c5,8f67f433-8fcd-560a-c561-0cb628292437,Cisco Certified Network Associate (CCNA),Cisco,2025-04-28,2028-04-27,https://www.cisco.com/site/us/en/learn/training-certifications/certifications/enterprise/ccna/index.html,2026-07-07 01:06:00
2340be05-cdd3-5142-e648-4664a1e6601d,40678e41-abf9-d9c0-2f46-3d90949d25c0,Google Data Analytics Professional Certificate,Google / Coursera,2025-07-04,,https://www.coursera.org/professional-certificates/google-data-analytics,2026-09-05 09:05:00
a3638455-37be-7af3-f9cc-e2cbcd830212,0c2d3746-7f66-27c6-9465-9a59ce759691,Certified Kubernetes Administrator (CKA),CNCF / Linux Foundation,2025-10-02,2028-10-01,https://training.linuxfoundation.org/certification/certified-kubernetes-administrator-cka/,2026-07-25 03:47:00
ed70ee10-cfeb-ca4a-49ce-df4c2acf45c2,53d41a87-d7e4-06b0-258e-9ea5006b4920,Google Data Analytics Professional Certificate,Google / Coursera,2025-06-16,,https://www.coursera.org/professional-certificates/google-data-analytics,2026-07-18 11:08:00
467a5f08-f4f5-75a3-a03c-a1ba627b6143,151f8fa3-9ef5-0ca8-43f9-ca193df22fd5,Docker Certified Associate,Docker / Mirantis,2026-03-24,,https://training.mirantis.com/,2026-08-10 09:26:00
a89b469c-2e95-dbc9-846f-36d7507fde52,30fed8eb-f927-67f8-bcc2-e953db25a897,Google Data Analytics Professional Certificate,Google / Coursera,2025-12-29,,https://www.coursera.org/professional-certificates/google-data-analytics,2026-08-25 19:50:00
37ad2a66-eea9-4b7b-e70f-e01d11ec357b,a96e0eae-605f-4d65-ce1b-57ab865876d3,Microsoft Certified: Azure Fundamentals (AZ-900),Microsoft,2025-09-07,,https://learn.microsoft.com/en-us/credentials/certifications/azure-fundamentals/,2026-09-03 04:50:00
0074c6d1-03c2-573f-fd98-f5af2b5a0202,08665668-7c06-6025-07ab-ca8e7f4d7a27,Certified Kubernetes Administrator (CKA),CNCF / Linux Foundation,2024-09-13,2027-09-13,https://training.linuxfoundation.org/certification/certified-kubernetes-administrator-cka/,2026-09-10 21:26:00
5033dd30-95a3-684a-5a4c-e58e5b8b5a3b,08665668-7c06-6025-07ab-ca8e7f4d7a27,Meta Back-End Developer Professional Certificate,Meta / Coursera,2026-04-16,,https://www.coursera.org/professional-certificates/meta-back-end-developer,2026-09-10 21:26:00
ef42c114-ab4e-67ac-bc26-43d22528d8b2,80d5e9ac-e2d6-07c4-0a91-31aba4534036,PCEP – Certified Entry-Level Python Programmer,Python Institute,2025-05-17,,https://pythoninstitute.org/pcep,2026-07-04 00:35:00
348db7b5-f212-5e10-da79-b596d127661f,451a5c7c-8822-56e6-456e-6bc7f7038064,IBM Data Science Professional Certificate,IBM / Coursera,2026-07-12,,https://www.coursera.org/professional-certificates/ibm-data-science,2026-07-23 11:35:00
ca9aa77a-da4a-502e-36e4-84ca3b8296dc,fe1ad706-43dc-3d5f-1a3e-b61da28e89f1,PCEP – Certified Entry-Level Python Programmer,Python Institute,2026-07-11,,https://pythoninstitute.org/pcep,2026-07-02 22:12:00
d1967fec-e1c9-4ce1-07b5-0725d252b64a,bc2dce23-e028-b9b9-ef7e-3493468cef28,Microsoft Certified: Power BI Data Analyst Associate (PL-300),Microsoft,2026-05-15,,https://learn.microsoft.com/en-us/credentials/certifications/data-analyst-associate/,2026-09-17 07:02:00
b4ac30ad-f39d-a9e9-6709-dce90de6780c,15bd8825-b516-0d6e-c4ab-e454da30856b,Certified Kubernetes Administrator (CKA),CNCF / Linux Foundation,2023-11-23,2026-11-22,https://training.linuxfoundation.org/certification/certified-kubernetes-administrator-cka/,2026-09-03 18:41:00
14c90d68-70af-8bf2-3cc6-3317a143e732,1a0eaf9c-5e28-c34d-440d-7c86856bf326,PCEP – Certified Entry-Level Python Programmer,Python Institute,2026-07-04,,https://pythoninstitute.org/pcep,2026-09-02 16:21:00
7d49c952-02d0-c238-1fab-7a91296b7897,1a0eaf9c-5e28-c34d-440d-7c86856bf326,Google Data Analytics Professional Certificate,Google / Coursera,2025-12-10,,https://www.coursera.org/professional-certificates/google-data-analytics,2026-09-02 16:21:00
41ee9189-3de0-0e51-6e4f-610ec2c78fd1,a7204f46-4ad3-51d9-9c8f-eb7d5409c18d,PCEP – Certified Entry-Level Python Programmer,Python Institute,2025-10-11,,https://pythoninstitute.org/pcep,2026-09-02 05:58:00
1a31bc41-b308-4600-b558-e7574bb60fb3,740a78c7-bd0e-6247-30c3-57f45b12d9cd,AWS Certified Solutions Architect – Associate,Amazon Web Services,2026-05-05,2029-05-04,https://aws.amazon.com/certification/certified-solutions-architect-associate/,2026-07-14 10:55:00
886f7a62-1e0a-2857-16a9-a35dd450e986,740a78c7-bd0e-6247-30c3-57f45b12d9cd,Certified Kubernetes Administrator (CKA),CNCF / Linux Foundation,2025-10-08,2028-10-07,https://training.linuxfoundation.org/certification/certified-kubernetes-administrator-cka/,2026-07-14 10:55:00
5c75805f-d4c2-7e2f-b567-8a632cf34ddf,25ecde93-e321-4dc9-d114-506294d44cd0,IBM Data Science Professional Certificate,IBM / Coursera,2024-11-17,,https://www.coursera.org/professional-certificates/ibm-data-science,2026-09-07 23:58:00
e31da1bf-cfe4-e0fe-dc45-d39d1b87b8b5,25ecde93-e321-4dc9-d114-506294d44cd0,PCEP – Certified Entry-Level Python Programmer,Python Institute,2024-12-09,,https://pythoninstitute.org/pcep,2026-09-07 23:58:00
38c8c6f5-b9e5-606a-e667-6724056eb1cf,25ecde93-e321-4dc9-d114-506294d44cd0,Google Cloud Digital Leader,Google Cloud,2025-04-19,2028-04-18,https://cloud.google.com/learn/certification/cloud-digital-leader,2026-09-07 23:58:00
453ef984-8f8a-6df3-6823-7c05a9d2ac61,bd596309-d949-e8fd-4bba-4ff39b44690d,Google Cloud Digital Leader,Google Cloud,2024-04-18,2027-04-18,https://cloud.google.com/learn/certification/cloud-digital-leader,2026-07-26 01:22:00
1e8ba49e-830c-041c-4a90-8439efca36db,3fe0911b-4b27-e713-0a80-a994bac20597,HashiCorp Certified: Terraform Associate,HashiCorp,2024-08-08,2027-08-08,https://developer.hashicorp.com/certifications/infrastructure-automation,2026-08-25 17:39:00
b50194df-7a4b-a499-08a7-25b87281f877,3fe0911b-4b27-e713-0a80-a994bac20597,IBM Data Science Professional Certificate,IBM / Coursera,2025-04-20,,https://www.coursera.org/professional-certificates/ibm-data-science,2026-08-25 17:39:00
fbfeb283-1063-01f0-0b9d-f57b79f1bd46,3fe0911b-4b27-e713-0a80-a994bac20597,CompTIA Security+,CompTIA,2026-03-16,2029-03-15,https://www.comptia.org/certifications/security,2026-08-25 17:39:00
56ba2dc4-fdb5-52dd-21eb-25e1e52f7c9f,c61a36a1-bdcb-7b4c-192e-1d8dc34093e8,PCEP – Certified Entry-Level Python Programmer,Python Institute,2024-10-05,,https://pythoninstitute.org/pcep,2026-09-10 18:58:00
083dd1ee-3779-b8bd-04d9-280b4649be2e,2c44ae11-c8f5-7b42-53b8-5c804176165a,AWS Certified Solutions Architect – Associate,Amazon Web Services,2025-07-23,2028-07-22,https://aws.amazon.com/certification/certified-solutions-architect-associate/,2026-09-02 00:17:00
2333c204-6383-49a4-dba9-2c65a8983213,b9f81741-95dc-6990-845b-987d02ba6b26,Cisco Certified Network Associate (CCNA),Cisco,2026-02-28,2029-02-27,https://www.cisco.com/site/us/en/learn/training-certifications/certifications/enterprise/ccna/index.html,2026-08-27 16:30:00
2d8ee928-0029-b57f-ef24-f87a3565c2b2,378f8e71-e3da-013e-9280-be6b469bbfb0,Docker Certified Associate,Docker / Mirantis,2026-02-11,,https://training.mirantis.com/,2026-07-06 10:05:00
1391784f-a22a-37d8-21d6-b1bcb322c7c2,378f8e71-e3da-013e-9280-be6b469bbfb0,Meta Back-End Developer Professional Certificate,Meta / Coursera,2025-11-24,,https://www.coursera.org/professional-certificates/meta-back-end-developer,2026-07-06 10:05:00
e26f5610-07ff-09e7-feef-827eed2b8ea2,6d64add5-721d-3c56-1df6-a481b5ef4f22,Google Cybersecurity Professional Certificate,Google / Coursera,2025-10-14,,https://www.coursera.org/professional-certificates/google-cybersecurity,2026-07-16 06:53:00
50a08617-0948-acb9-d643-0b47c1cf9729,6d64add5-721d-3c56-1df6-a481b5ef4f22,IBM Data Science Professional Certificate,IBM / Coursera,2026-03-30,,https://www.coursera.org/professional-certificates/ibm-data-science,2026-07-16 06:53:00
8a316bc0-7ac2-2c21-da10-b651d7a670ec,c2f3246c-3971-d4f6-1754-6a43b13dd0ac,Cisco Certified Network Associate (CCNA),Cisco,2025-11-28,2028-11-27,https://www.cisco.com/site/us/en/learn/training-certifications/certifications/enterprise/ccna/index.html,2026-07-11 16:49:00
72f7e0d0-4564-cf8d-9204-ae8f44829ebf,c2f3246c-3971-d4f6-1754-6a43b13dd0ac,HashiCorp Certified: Terraform Associate,HashiCorp,2025-11-23,2028-11-22,https://developer.hashicorp.com/certifications/infrastructure-automation,2026-07-11 16:49:00
8cfb67c3-fe1a-cde6-f975-80906fc91fe8,c2f3246c-3971-d4f6-1754-6a43b13dd0ac,Deep Learning Specialization,DeepLearning.AI / Coursera,2026-05-01,,https://www.coursera.org/specializations/deep-learning,2026-07-11 16:49:00
7ac65c4d-c6aa-cc5a-190c-9e45542bcdba,e2e4249e-ec00-afe0-4002-0c294fdb206d,PCEP – Certified Entry-Level Python Programmer,Python Institute,2025-09-20,,https://pythoninstitute.org/pcep,2026-08-26 01:06:00
ea62bd42-7af0-7a71-c8ac-46880485f7f9,30851d94-97a3-811e-6552-9eef27c0e131,Meta Front-End Developer Professional Certificate,Meta / Coursera,2025-11-27,,https://www.coursera.org/professional-certificates/meta-front-end-developer,2026-09-17 08:00:00
4b40ff0b-cc0c-11b4-eb1b-ec11e015665d,30851d94-97a3-811e-6552-9eef27c0e131,IBM Data Science Professional Certificate,IBM / Coursera,2025-12-09,,https://www.coursera.org/professional-certificates/ibm-data-science,2026-09-17 08:00:00
bfa3e57c-9213-632d-f1ed-0e5579e4f279,46100588-a931-26c0-818e-8ce2311a095f,Google Cybersecurity Professional Certificate,Google / Coursera,2025-08-12,,https://www.coursera.org/professional-certificates/google-cybersecurity,2026-07-02 22:50:00
c2e4de42-ed05-9bdf-c13d-ea77002fc0f2,d4f030d5-77fa-16ec-745e-983963a06611,"Oracle Certified Associate, Java SE Programmer",Oracle,2025-12-23,,https://education.oracle.com/,2026-07-18 00:01:00
9ce140d4-e1f8-20f4-9d41-c223fb5acc1d,7695d707-9b45-5bf6-1b11-95d65ae4f95e,Docker Certified Associate,Docker / Mirantis,2024-02-04,,https://training.mirantis.com/,2026-08-23 02:31:00
3998e791-17ab-a6d5-247d-018447185d41,4fe73e06-b0ba-c8cf-e94e-1c5624901add,Google Cloud Digital Leader,Google Cloud,2023-11-30,2026-11-29,https://cloud.google.com/learn/certification/cloud-digital-leader,2026-08-13 06:33:00
4ab72af6-a9a0-32be-b439-64d59aab1290,695f87a8-0ea8-f989-3ec0-3a65e68ea5e9,Microsoft Office Specialist: Excel Associate,Microsoft,2026-07-03,,https://learn.microsoft.com/en-us/credentials/,2026-07-14 08:13:00
504de780-fd0e-c40e-76ee-dd61c0ae284a,e6f873ed-9a2c-6609-0c16-9a11547cd07e,Certified Ethical Hacker (CEH),EC-Council,2024-08-29,2027-08-29,https://www.eccouncil.org/train-certify/certified-ethical-hacker-ceh/,2026-08-26 10:05:00
1f55cd4e-d08f-7652-b194-ff30d1b8e2e8,46b9e986-fe75-fee9-125c-0714ef9ae4d3,Google Cybersecurity Professional Certificate,Google / Coursera,2025-01-01,,https://www.coursera.org/professional-certificates/google-cybersecurity,2026-08-02 14:47:00
2c9f1762-a25c-d70b-111c-13738fad30bb,fbcfc820-caa7-8e0a-d01b-9966a0bc732c,Tableau Desktop Specialist,Tableau / Salesforce,2025-02-08,,https://www.tableau.com/learn/certification,2026-07-04 07:03:00
f30c8218-e1d1-0b18-2557-b0f1e338b6fa,fbcfc820-caa7-8e0a-d01b-9966a0bc732c,Google Data Analytics Professional Certificate,Google / Coursera,2024-12-25,,https://www.coursera.org/professional-certificates/google-data-analytics,2026-07-04 07:03:00
5c8d82e3-b279-3542-1ab4-ee35ed7ee3c1,d7e4fc20-8169-e122-5194-e96fdf2198dd,HashiCorp Certified: Terraform Associate,HashiCorp,2026-03-14,2029-03-13,https://developer.hashicorp.com/certifications/infrastructure-automation,2026-07-12 17:33:00
de9859bc-513a-a7c7-cb45-dfaac29797a2,d7e4fc20-8169-e122-5194-e96fdf2198dd,Microsoft Certified: Azure Fundamentals (AZ-900),Microsoft,2025-12-26,,https://learn.microsoft.com/en-us/credentials/certifications/azure-fundamentals/,2026-07-12 17:33:00
20b1348a-202f-dc7c-74d5-a4ffe542dfa8,0d898ffd-fada-4ec9-64ce-43a727439aaa,Certified Kubernetes Administrator (CKA),CNCF / Linux Foundation,2026-06-04,2029-06-03,https://training.linuxfoundation.org/certification/certified-kubernetes-administrator-cka/,2026-07-15 09:51:00
cb31c967-ccd7-9638-79d7-98433b31216d,bd21451b-3d10-7aec-3bd7-5821ea29b357,freeCodeCamp Responsive Web Design,freeCodeCamp,2025-09-14,,https://www.freecodecamp.org/learn/2022/responsive-web-design/,2026-08-07 05:28:00
4dc080d2-c85e-f3d0-18b5-774b67efb63f,bdcdad0c-e4b4-3f0b-43a0-9d13b14f2757,Meta Front-End Developer Professional Certificate,Meta / Coursera,2026-04-08,,https://www.coursera.org/professional-certificates/meta-front-end-developer,2026-08-10 04:15:00
2b616f84-7261-ffa1-76e1-8757f4c47c78,bdcdad0c-e4b4-3f0b-43a0-9d13b14f2757,Google Cloud Digital Leader,Google Cloud,2025-05-19,2028-05-18,https://cloud.google.com/learn/certification/cloud-digital-leader,2026-08-10 04:15:00
c7ddb934-f131-a779-4c5f-f60e19d4deb5,5871e002-4b27-1912-ea4a-05880ba621b3,Splunk Core Certified User,Splunk,2025-08-06,,https://www.splunk.com/en_us/training/certification-track/splunk-core-certified-user.html,2026-07-14 02:08:00
2620c3eb-4761-d2cc-b6ed-ee7adf572667,297c9399-15f0-7421-4595-d35ab76977e2,HashiCorp Certified: Terraform Associate,HashiCorp,2026-04-11,2029-04-10,https://developer.hashicorp.com/certifications/infrastructure-automation,2026-08-05 06:12:00
3d0307bb-68a8-1781-54c4-5b3a7389a70d,55182ca1-abc4-63cc-0160-4926ee233a0e,Tableau Desktop Specialist,Tableau / Salesforce,2026-04-08,,https://www.tableau.com/learn/certification,2026-07-10 07:06:00
9e09a69f-324a-4c43-cd7a-3e32039af5d2,8aa3322a-4faf-9e6d-c848-f814999568f8,Google Cloud Digital Leader,Google Cloud,2025-08-19,2028-08-18,https://cloud.google.com/learn/certification/cloud-digital-leader,2026-09-01 20:36:00
c32ee760-6fb5-6be4-dda6-3ecd241b2d97,34dade11-dfee-a8d6-b2fa-05ea4ebcb0dc,AWS Certified Solutions Architect – Associate,Amazon Web Services,2026-01-18,2029-01-17,https://aws.amazon.com/certification/certified-solutions-architect-associate/,2026-08-17 11:50:00
5b3d65d8-d372-02a8-fb37-0d4cb3d55c15,34dade11-dfee-a8d6-b2fa-05ea4ebcb0dc,Google Data Analytics Professional Certificate,Google / Coursera,2025-06-13,,https://www.coursera.org/professional-certificates/google-data-analytics,2026-08-17 11:50:00
79964cf0-43fd-dfc0-a8fc-0700c38c389c,20650fb1-1ebd-9675-45f0-7a92fe41fbf3,Meta Back-End Developer Professional Certificate,Meta / Coursera,2024-10-19,,https://www.coursera.org/professional-certificates/meta-back-end-developer,2026-08-04 22:19:00
c0b1f073-9496-6127-6738-b5952805e39b,bcf5e895-5033-3f8d-2558-54bcb99bc414,AWS Certified Solutions Architect – Associate,Amazon Web Services,2025-08-01,2028-07-31,https://aws.amazon.com/certification/certified-solutions-architect-associate/,2026-09-06 10:31:00
14214a14-8342-c492-ed8d-c4dfc27ccff0,0b9cf292-c79b-4a8d-f6c1-86b84aae1a80,Meta Back-End Developer Professional Certificate,Meta / Coursera,2025-11-03,,https://www.coursera.org/professional-certificates/meta-back-end-developer,2026-09-19 09:37:00
ef70feb5-bb07-87b1-a5ce-f2bd666c6fb9,78d94fca-e06a-9528-4337-33de7de723e3,IBM Data Science Professional Certificate,IBM / Coursera,2025-12-31,,https://www.coursera.org/professional-certificates/ibm-data-science,2026-07-16 12:34:00
5b5808cc-080a-f4ce-bec9-a76a97d0d1bf,25d6d4d0-c9aa-e5ab-bd8c-aa15d970eb12,IBM Data Science Professional Certificate,IBM / Coursera,2025-12-03,,https://www.coursera.org/professional-certificates/ibm-data-science,2026-09-06 17:19:00
16827f77-d7f1-ccdd-4397-421c11b9b0b8,a01036cb-2db3-e113-670e-cc21777d1194,"Oracle Certified Associate, Java SE Programmer",Oracle,2025-11-28,,https://education.oracle.com/,2026-07-11 02:54:00
d6a3e7cc-f362-18c4-abb4-2e808dbe87aa,eccfba18-8373-3a4c-2a7e-2f3f647052d2,Google Data Analytics Professional Certificate,Google / Coursera,2026-06-05,,https://www.coursera.org/professional-certificates/google-data-analytics,2026-09-03 12:58:00
204163eb-527e-ef95-4744-5eb9246ede57,345fd904-ddf0-701f-4128-5ceacf7be8ab,Meta Back-End Developer Professional Certificate,Meta / Coursera,2023-09-12,,https://www.coursera.org/professional-certificates/meta-back-end-developer,2026-07-30 18:23:00
576d96e4-d9f1-649f-62f5-e92bcdc0e489,e5965b31-21ee-f9d5-f55b-c74bee84fe62,Docker Certified Associate,Docker / Mirantis,2025-07-03,,https://training.mirantis.com/,2026-07-03 06:50:00
b4fbee5a-2d23-9a1c-bd18-f545f9e7515c,c65074ce-3271-e138-d982-d4b3930997c2,Microsoft Certified: Azure Fundamentals (AZ-900),Microsoft,2025-12-13,,https://learn.microsoft.com/en-us/credentials/certifications/azure-fundamentals/,2026-09-20 01:51:00
72773a95-3f59-5fbe-92ab-307ac6d25af9,470529ee-670e-c27c-d924-e3f7ceb06df8,Deep Learning Specialization,DeepLearning.AI / Coursera,2024-10-09,,https://www.coursera.org/specializations/deep-learning,2026-08-21 05:30:00
cc895eed-0a63-531d-761d-2cd808d6a5e3,470529ee-670e-c27c-d924-e3f7ceb06df8,PCEP – Certified Entry-Level Python Programmer,Python Institute,2026-07-15,,https://pythoninstitute.org/pcep,2026-08-21 05:30:00
dfb3ea3c-efe3-f616-2ab0-07d769c13820,ad28c4b8-6cf8-8735-6ef5-c63923297dc6,Machine Learning Specialization,DeepLearning.AI / Coursera,2026-02-24,,https://www.coursera.org/specializations/machine-learning-introduction,2026-08-10 19:12:00
d4cfd3c3-fbfd-2a0d-6594-15012e9d9c33,e0ab1192-6219-e494-e13d-0fa919c762f6,freeCodeCamp Responsive Web Design,freeCodeCamp,2025-04-12,,https://www.freecodecamp.org/learn/2022/responsive-web-design/,2026-07-04 21:54:00
70c778fe-5e4e-c293-f203-f1bec3cadfa4,61a13650-78d5-f864-68c2-4832bbb84463,Microsoft Certified: Azure Fundamentals (AZ-900),Microsoft,2024-01-27,,https://learn.microsoft.com/en-us/credentials/certifications/azure-fundamentals/,2026-08-28 20:40:00
e253b113-efb6-2618-c169-5e7c3bbbf78c,f780709f-b9c7-29b3-463b-0303b9503c00,Docker Certified Associate,Docker / Mirantis,2026-03-20,,https://training.mirantis.com/,2026-07-16 10:20:00
0fa16b0c-115f-a404-792d-9455e2f2fc76,defd09e9-0ff7-6d58-8c69-dab5be28528f,Google Cybersecurity Professional Certificate,Google / Coursera,2025-07-06,,https://www.coursera.org/professional-certificates/google-cybersecurity,2026-08-22 16:43:00
a7b0ae70-8d31-6090-2d9e-8941d805851c,bb31c1ff-3744-231f-1f6a-0d03e93a782c,Certified Kubernetes Administrator (CKA),CNCF / Linux Foundation,2026-07-05,2029-07-04,https://training.linuxfoundation.org/certification/certified-kubernetes-administrator-cka/,2026-07-26 01:34:00
92388a86-85d9-5627-ae76-b76833a36d5a,bb31c1ff-3744-231f-1f6a-0d03e93a782c,Machine Learning Specialization,DeepLearning.AI / Coursera,2025-01-06,,https://www.coursera.org/specializations/machine-learning-introduction,2026-07-26 01:34:00
95ccc42f-91b9-14c1-c0e5-8873d38a96ec,f3b6d812-51a0-8e10-3fde-e274f69160e7,PCEP – Certified Entry-Level Python Programmer,Python Institute,2026-04-14,,https://pythoninstitute.org/pcep,2026-08-06 05:03:00
81805092-1c2a-95c9-f0dc-1c26eac5323c,bd367712-a72b-11d3-66df-44d95a895dac,Splunk Core Certified User,Splunk,2024-06-27,,https://www.splunk.com/en_us/training/certification-track/splunk-core-certified-user.html,2026-07-30 00:00:00
4a4755fe-0095-8bc9-e3ac-6e950b7b6c5c,f5be52eb-c016-831d-9ca1-4ba7b15f69a9,AWS Certified Cloud Practitioner,Amazon Web Services,2024-01-01,2026-12-31,https://aws.amazon.com/certification/certified-cloud-practitioner/,2026-07-12 00:14:00
766d4cbb-0aad-3813-ab3d-089775fb29ff,03f448d7-32cb-cb29-0e0e-b9d2d32777d5,Certified Kubernetes Administrator (CKA),CNCF / Linux Foundation,2026-04-28,2029-04-27,https://training.linuxfoundation.org/certification/certified-kubernetes-administrator-cka/,2026-09-04 10:26:00
7bbf75e6-2412-d2a5-2119-e4b049ae3921,c78d63c7-d3ec-4082-3e01-71625603a3aa,Google Data Analytics Professional Certificate,Google / Coursera,2024-10-17,,https://www.coursera.org/professional-certificates/google-data-analytics,2026-08-26 20:13:00
820e1a99-962b-b9e9-4387-8d310bdfbb31,29efdaaf-203f-77c3-f77e-20fd2383de7e,Docker Certified Associate,Docker / Mirantis,2023-11-18,,https://training.mirantis.com/,2026-08-15 02:24:00
c6173499-9f9d-8dc9-f76a-f7a303dca56d,2d187527-b6f5-2e95-1a64-8ef6944c4209,Microsoft Certified: Power BI Data Analyst Associate (PL-300),Microsoft,2025-01-27,,https://learn.microsoft.com/en-us/credentials/certifications/data-analyst-associate/,2026-09-17 14:14:00
3359c001-3516-690d-81f3-45e1774bc534,1cd5a292-d782-add5-de71-0880e994a7c0,Google Cybersecurity Professional Certificate,Google / Coursera,2025-10-14,,https://www.coursera.org/professional-certificates/google-cybersecurity,2026-08-27 13:13:00
048659f1-3dcc-9e34-74dc-5ee96ea980d4,f5246931-be38-4bbc-8bb9-82b64e7517d5,IBM Data Science Professional Certificate,IBM / Coursera,2024-11-20,,https://www.coursera.org/professional-certificates/ibm-data-science,2026-07-30 22:08:00
510905ab-b1dc-384f-d601-bfa2e58deb52,f5246931-be38-4bbc-8bb9-82b64e7517d5,Tableau Desktop Specialist,Tableau / Salesforce,2025-07-20,,https://www.tableau.com/learn/certification,2026-07-30 22:08:00
0ca52136-347e-ad7c-57e2-c35f37d8f065,ea9a053c-b863-9400-d5e4-ab21e210af7c,Meta Back-End Developer Professional Certificate,Meta / Coursera,2025-03-16,,https://www.coursera.org/professional-certificates/meta-back-end-developer,2026-07-19 03:27:00
4aeb0c83-ac61-d009-d283-fedf5ad42830,78113eee-3834-ce90-84ef-72824615f4e1,HashiCorp Certified: Terraform Associate,HashiCorp,2024-03-07,2027-03-07,https://developer.hashicorp.com/certifications/infrastructure-automation,2026-08-01 19:25:00
bd16c718-ad86-cda1-f1e5-25a0da31e0ad,42de2cc4-2611-f405-eff9-d72ed66fbd0f,Meta Back-End Developer Professional Certificate,Meta / Coursera,2026-07-13,,https://www.coursera.org/professional-certificates/meta-back-end-developer,2026-08-07 19:30:00
37c5b5c8-1539-4f64-0a0d-a25b0fae9f74,42de2cc4-2611-f405-eff9-d72ed66fbd0f,Docker Certified Associate,Docker / Mirantis,2025-11-19,,https://training.mirantis.com/,2026-08-07 19:30:00
15a49fec-0153-5305-f1eb-4fc734c5db6f,929586af-5ea2-b428-1eb5-5ec50edadf12,freeCodeCamp Responsive Web Design,freeCodeCamp,2026-06-03,,https://www.freecodecamp.org/learn/2022/responsive-web-design/,2026-07-16 17:51:00
f06d0059-828f-4ea3-82a6-b96b4f4302df,929586af-5ea2-b428-1eb5-5ec50edadf12,Docker Certified Associate,Docker / Mirantis,2024-02-14,,https://training.mirantis.com/,2026-07-16 17:51:00
fb3805c8-946a-a898-e6fe-4d688f0a58d1,17a8f3b6-47d7-1772-1755-06c300ae3499,AWS Certified Solutions Architect – Associate,Amazon Web Services,2026-06-08,2029-06-07,https://aws.amazon.com/certification/certified-solutions-architect-associate/,2026-07-08 12:44:00
05f858dc-fa32-6646-14e1-f5b0b0b92f4b,51e61a70-d789-a7f2-638a-00ba9f2eb96c,Google Cybersecurity Professional Certificate,Google / Coursera,2025-09-29,,https://www.coursera.org/professional-certificates/google-cybersecurity,2026-08-09 17:41:00
1b2f0bcf-0308-6e17-1be7-276fceb5f828,51e61a70-d789-a7f2-638a-00ba9f2eb96c,Microsoft Certified: Azure Fundamentals (AZ-900),Microsoft,2026-05-17,,https://learn.microsoft.com/en-us/credentials/certifications/azure-fundamentals/,2026-08-09 17:41:00
6ccf38b7-fc89-4ff0-dc00-a73ba5342e0a,047bb0e4-1761-0094-c6b6-527c1ea055d9,Google Cybersecurity Professional Certificate,Google / Coursera,2026-06-20,,https://www.coursera.org/professional-certificates/google-cybersecurity,2026-09-11 18:58:00
b3ed90d7-455d-93fc-ec39-81bf384cc893,57d47068-ebae-d942-0053-b7d3c497c8d9,Machine Learning Specialization,DeepLearning.AI / Coursera,2025-11-11,,https://www.coursera.org/specializations/machine-learning-introduction,2026-08-23 01:38:00
19b9c73f-aa1e-8b7a-0c27-93638ea506d0,2a0366b8-d9bc-80d8-38ee-4e45ede3f7f8,CompTIA Security+,CompTIA,2024-12-23,2027-12-23,https://www.comptia.org/certifications/security,2026-08-18 12:26:00
fdfc9890-499f-309f-bb7c-909f767df57f,50689972-28fe-ad12-8246-3decd7f98c5e,Certified Kubernetes Administrator (CKA),CNCF / Linux Foundation,2026-01-14,2029-01-13,https://training.linuxfoundation.org/certification/certified-kubernetes-administrator-cka/,2026-09-09 15:20:00
5108cdc3-a0fa-c529-7272-23a3bb406502,2ed0ff36-4283-f3b0-5af1-9bb6ad3678e7,Docker Certified Associate,Docker / Mirantis,2025-05-20,,https://training.mirantis.com/,2026-08-08 15:26:00
b8202b75-4fbf-9a87-5001-0db3812483c5,cb8939cb-8e67-005f-c18a-3764186a63d0,Microsoft Certified: Azure Fundamentals (AZ-900),Microsoft,2024-04-13,,https://learn.microsoft.com/en-us/credentials/certifications/azure-fundamentals/,2026-07-10 12:40:00
364ccc02-dfbc-57c2-8487-ca8b6d6645a7,4a612785-20bf-e156-91e5-8f33378e7194,AWS Certified Solutions Architect – Associate,Amazon Web Services,2026-02-04,2029-02-03,https://aws.amazon.com/certification/certified-solutions-architect-associate/,2026-07-14 12:37:00
b357a7cb-1cf2-9705-3e0b-92ecf0fd059b,f762c69c-6e53-9d3f-60bb-b51f8f57f757,Tableau Desktop Specialist,Tableau / Salesforce,2026-05-10,,https://www.tableau.com/learn/certification,2026-08-27 08:18:00
1bbd2b25-653e-19a9-a94c-629262b0b44f,dea1bf06-0b7f-2c3f-25da-f81dc5a80b97,Microsoft Certified: Power BI Data Analyst Associate (PL-300),Microsoft,2025-03-18,,https://learn.microsoft.com/en-us/credentials/certifications/data-analyst-associate/,2026-08-23 11:36:00
5bdd0873-df2a-bce0-124a-5807b46b99fa,46e2f22d-c0d6-b8e4-c195-02ab26787754,HashiCorp Certified: Terraform Associate,HashiCorp,2025-06-16,2028-06-15,https://developer.hashicorp.com/certifications/infrastructure-automation,2026-08-29 19:02:00
2b3a21b9-47a6-0c29-dc41-7b8f17497c6a,46e2f22d-c0d6-b8e4-c195-02ab26787754,Deep Learning Specialization,DeepLearning.AI / Coursera,2026-07-23,,https://www.coursera.org/specializations/deep-learning,2026-08-29 19:02:00
4a8237fd-5276-34cd-a1d7-d62a2190e60a,75e01895-0287-da86-1bef-a9a6ed4eaf5f,Meta Front-End Developer Professional Certificate,Meta / Coursera,2026-03-28,,https://www.coursera.org/professional-certificates/meta-front-end-developer,2026-08-13 06:25:00
7b8af0d9-583a-c421-96cc-61c335a1ee01,ea4edc72-9441-38a2-5699-fe359ed26bb5,AWS Certified Cloud Practitioner,Amazon Web Services,2025-12-18,2028-12-17,https://aws.amazon.com/certification/certified-cloud-practitioner/,2026-08-26 16:13:00
a9bb996e-eaa8-1e15-d387-34bbc268d032,cd08df23-b338-b2d1-4b35-5af1436ff6db,AWS Certified Solutions Architect – Associate,Amazon Web Services,2025-04-24,2028-04-23,https://aws.amazon.com/certification/certified-solutions-architect-associate/,2026-08-14 03:15:00
b9c334c1-4184-0fa0-bb27-7439182e092a,285f71bf-c20a-b7d6-269a-08e402d6fd4c,AWS Certified Solutions Architect – Associate,Amazon Web Services,2026-04-17,2029-04-16,https://aws.amazon.com/certification/certified-solutions-architect-associate/,2026-09-06 04:21:00
db737959-2f80-5517-77bc-6a66d4506a9e,ae7fcf2c-35c3-011a-3a8e-6c1f7634f4fd,PCEP – Certified Entry-Level Python Programmer,Python Institute,2025-01-11,,https://pythoninstitute.org/pcep,2026-09-01 03:52:00
4fcd367d-b438-848b-527f-4aa78e921cad,9b5e8b49-921c-de3a-4aca-07bc88ad8860,AWS Certified Solutions Architect – Associate,Amazon Web Services,2025-01-29,2028-01-29,https://aws.amazon.com/certification/certified-solutions-architect-associate/,2026-07-03 09:50:00
1bf33ba9-db55-6ee6-7e52-d9e3715119df,9b5e8b49-921c-de3a-4aca-07bc88ad8860,Google Cloud Digital Leader,Google Cloud,2026-03-18,2029-03-17,https://cloud.google.com/learn/certification/cloud-digital-leader,2026-07-03 09:50:00
8aea5e8e-b8ef-3499-f932-cb8afdeb40ad,9ae7fa44-d7a5-0afd-7645-794e91485acf,HashiCorp Certified: Terraform Associate,HashiCorp,2026-03-26,2029-03-25,https://developer.hashicorp.com/certifications/infrastructure-automation,2026-08-10 09:55:00
186d13b8-c0df-384c-dc4d-a13e16ff5642,422b011a-e479-8284-b148-1b9fc81f6da4,Google Cloud Digital Leader,Google Cloud,2026-08-02,2029-08-01,https://cloud.google.com/learn/certification/cloud-digital-leader,2026-07-19 09:07:00
0891089e-e3ab-4774-b8b5-45a162be999d,422b011a-e479-8284-b148-1b9fc81f6da4,Cisco Certified Network Associate (CCNA),Cisco,2025-06-04,2028-06-03,https://www.cisco.com/site/us/en/learn/training-certifications/certifications/enterprise/ccna/index.html,2026-07-19 09:07:00
610b2153-b61b-31ac-5962-88937f3f9800,be054971-d2fb-7099-6916-6d8959734e48,PCEP – Certified Entry-Level Python Programmer,Python Institute,2023-11-28,,https://pythoninstitute.org/pcep,2026-09-04 01:22:00
3f979655-27cb-74f3-5678-89386daad3cd,575d2a92-febb-35b3-9c5e-f74d75bac792,AWS Certified Cloud Practitioner,Amazon Web Services,2024-07-08,2027-07-08,https://aws.amazon.com/certification/certified-cloud-practitioner/,2026-08-10 23:54:00
7b873c09-1c49-26a2-7ca7-bd5069ec78fa,575d2a92-febb-35b3-9c5e-f74d75bac792,PCEP – Certified Entry-Level Python Programmer,Python Institute,2026-04-06,,https://pythoninstitute.org/pcep,2026-08-10 23:54:00
e973c5ea-f658-f7f9-f363-df11b3d55ed3,83be146d-f57f-38a3-07c0-2abc0d457f05,Google Data Analytics Professional Certificate,Google / Coursera,2025-04-20,,https://www.coursera.org/professional-certificates/google-data-analytics,2026-08-22 18:40:00
8774bbaa-8ad8-c21e-9f09-d092bab1b78a,5e22a654-0cf1-f241-1157-989927e3692a,PCEP – Certified Entry-Level Python Programmer,Python Institute,2025-12-04,,https://pythoninstitute.org/pcep,2026-07-19 15:34:00
7628b8d9-3c0a-4e06-e883-dd62f70f5eaf,1b4b706b-b158-0933-1b87-53de379069f0,Certified Kubernetes Administrator (CKA),CNCF / Linux Foundation,2024-10-03,2027-10-03,https://training.linuxfoundation.org/certification/certified-kubernetes-administrator-cka/,2026-07-21 18:10:00
53d153f5-3b73-1faa-78f7-363be05b3133,1b4b706b-b158-0933-1b87-53de379069f0,freeCodeCamp Responsive Web Design,freeCodeCamp,2025-05-01,,https://www.freecodecamp.org/learn/2022/responsive-web-design/,2026-07-21 18:10:00
88ff5209-88a3-8510-5a3a-d32003fcb8c3,14f966cf-c746-7b42-c448-087431544d52,IBM Data Science Professional Certificate,IBM / Coursera,2024-05-01,,https://www.coursera.org/professional-certificates/ibm-data-science,2026-07-29 07:19:00
73c1eacb-29a4-6838-d8ad-fba88344b4fe,14f966cf-c746-7b42-c448-087431544d52,Google Data Analytics Professional Certificate,Google / Coursera,2025-09-08,,https://www.coursera.org/professional-certificates/google-data-analytics,2026-07-29 07:19:00
0e22d987-80ea-6723-ee24-a6c4f54483c0,653221de-e8b6-babd-6291-09fa46cb0561,Tableau Desktop Specialist,Tableau / Salesforce,2024-06-11,,https://www.tableau.com/learn/certification,2026-07-04 11:40:00
8e84174d-9fcf-b0fb-6793-f0594b13c408,f6eaa1fa-2b36-1f57-58c1-b4a9aff94713,PCEP – Certified Entry-Level Python Programmer,Python Institute,2026-07-05,,https://pythoninstitute.org/pcep,2026-08-04 18:45:00
7dcf75aa-1a38-202c-3619-53d8a90bb8e1,e91ef0b7-74a8-8b1d-d205-1756163bb4e6,freeCodeCamp Responsive Web Design,freeCodeCamp,2024-07-19,,https://www.freecodecamp.org/learn/2022/responsive-web-design/,2026-09-09 10:46:00
a9649d0c-8d6e-71b3-3c97-32a94af4ad18,1164a0ea-2ed2-3711-649d-de5c40111e7f,Google Cloud Digital Leader,Google Cloud,2026-05-09,2029-05-08,https://cloud.google.com/learn/certification/cloud-digital-leader,2026-08-18 05:49:00
15a30646-8509-fbc5-d7ad-1c80ad1b2d7b,c18695f1-104f-5f3c-2306-695a84f706e4,Machine Learning Specialization,DeepLearning.AI / Coursera,2025-02-14,,https://www.coursera.org/specializations/machine-learning-introduction,2026-08-02 10:39:00
281c45fa-6c7f-9222-9513-312caf722c54,94f06560-a08c-63ad-f66d-47812ec23e6b,Microsoft Office Specialist: Excel Associate,Microsoft,2025-03-25,,https://learn.microsoft.com/en-us/credentials/,2026-09-10 13:26:00
19085c83-126e-1e03-f0b9-e096a7804042,e8334896-0985-b6b5-3ab2-936aae266a8f,Meta Back-End Developer Professional Certificate,Meta / Coursera,2024-06-23,,https://www.coursera.org/professional-certificates/meta-back-end-developer,2026-07-19 13:03:00
6f7b337d-0b86-fb80-36dc-a92879dae495,f7084e13-8aaa-1a6c-3b5d-2ab569b9206a,Cisco Certified Network Associate (CCNA),Cisco,2026-02-18,2029-02-17,https://www.cisco.com/site/us/en/learn/training-certifications/certifications/enterprise/ccna/index.html,2026-09-16 17:57:00
91160f29-08e5-c2b8-1b93-3f13c39efb7c,400b92bf-942b-8d7c-6d81-8c69657b3f39,Machine Learning Specialization,DeepLearning.AI / Coursera,2025-12-25,,https://www.coursera.org/specializations/machine-learning-introduction,2026-09-12 16:05:00
4331b46a-e726-d781-0b21-77c52664b423,03a9d574-a3cf-7d60-db8c-00be29615367,Machine Learning Specialization,DeepLearning.AI / Coursera,2024-05-20,,https://www.coursera.org/specializations/machine-learning-introduction,2026-07-27 03:37:00
85568c41-28e1-96c2-0518-e8d3a4e374ee,03a9d574-a3cf-7d60-db8c-00be29615367,Meta Back-End Developer Professional Certificate,Meta / Coursera,2026-03-21,,https://www.coursera.org/professional-certificates/meta-back-end-developer,2026-07-27 03:37:00
a9250b22-de68-10f6-33fd-98e466e474a9,cbc757cc-8a58-88f1-7b84-76c6e1685839,PCEP – Certified Entry-Level Python Programmer,Python Institute,2026-01-08,,https://pythoninstitute.org/pcep,2026-09-20 07:05:00
c8c8f86c-dd9e-6b7c-2430-c5f2c4d49378,cbc757cc-8a58-88f1-7b84-76c6e1685839,Google Data Analytics Professional Certificate,Google / Coursera,2024-06-22,,https://www.coursera.org/professional-certificates/google-data-analytics,2026-09-20 07:05:00
510b8639-8259-bddd-2399-592de1651aa3,d324a41f-61de-136e-c700-631c3288a23d,Certified Ethical Hacker (CEH),EC-Council,2025-04-15,2028-04-14,https://www.eccouncil.org/train-certify/certified-ethical-hacker-ceh/,2026-09-16 10:52:00
c3266cf4-83da-be3c-3b42-59266fde4bb8,d324a41f-61de-136e-c700-631c3288a23d,PCEP – Certified Entry-Level Python Programmer,Python Institute,2026-01-14,,https://pythoninstitute.org/pcep,2026-09-16 10:52:00
5d4c4fad-202d-8df6-b783-14eae7deb5c8,bb8f37d8-e743-10c9-94c1-459af47f9a49,Docker Certified Associate,Docker / Mirantis,2023-10-18,,https://training.mirantis.com/,2026-09-11 15:02:00
64d4abbb-83cd-4f01-c416-2a8a7e0930c7,bb8f37d8-e743-10c9-94c1-459af47f9a49,Meta Front-End Developer Professional Certificate,Meta / Coursera,2024-05-07,,https://www.coursera.org/professional-certificates/meta-front-end-developer,2026-09-11 15:02:00
69712b62-adbc-7f3a-8feb-7e3c4a76916d,63194285-b266-d890-c0b9-d6bdb7a99f91,Google Data Analytics Professional Certificate,Google / Coursera,2024-02-20,,https://www.coursera.org/professional-certificates/google-data-analytics,2026-09-17 17:58:00
8519deda-c491-8c7d-e779-8eb07c4be2e8,79f39b1c-147d-70c7-1ef8-0a61e5e2f304,Meta Back-End Developer Professional Certificate,Meta / Coursera,2026-02-17,,https://www.coursera.org/professional-certificates/meta-back-end-developer,2026-08-12 17:35:00
326d3f16-1847-3491-bc05-91b0164bff9d,79f39b1c-147d-70c7-1ef8-0a61e5e2f304,Microsoft Office Specialist: Excel Associate,Microsoft,2024-12-24,,https://learn.microsoft.com/en-us/credentials/,2026-08-12 17:35:00
a12266c5-5ec6-de6d-1612-3ff1c7de7420,93fd5f0f-8417-c076-2894-c5577aa2ec37,Certified Kubernetes Administrator (CKA),CNCF / Linux Foundation,2024-10-02,2027-10-02,https://training.linuxfoundation.org/certification/certified-kubernetes-administrator-cka/,2026-09-19 10:40:00
9fabb919-82dd-2808-0939-45457f57bcd6,8df2f97c-7b47-45bb-4b6c-66fcd1657f53,Microsoft Office Specialist: Excel Associate,Microsoft,2023-10-28,,https://learn.microsoft.com/en-us/credentials/,2026-07-27 01:05:00
d8de5605-2e60-7795-d752-7cb74bc556d8,0fc4ea95-b671-66af-49cf-ec9aae95cfd9,Deep Learning Specialization,DeepLearning.AI / Coursera,2025-09-18,,https://www.coursera.org/specializations/deep-learning,2026-08-09 04:37:00
06dc975f-a1e0-047a-8d7f-119cbbbb7d4b,0fc4ea95-b671-66af-49cf-ec9aae95cfd9,HashiCorp Certified: Terraform Associate,HashiCorp,2026-02-04,2029-02-03,https://developer.hashicorp.com/certifications/infrastructure-automation,2026-08-09 04:37:00
d8681902-253a-70de-58e0-82b8d3f1d917,0fc4ea95-b671-66af-49cf-ec9aae95cfd9,Splunk Core Certified User,Splunk,2026-05-04,,https://www.splunk.com/en_us/training/certification-track/splunk-core-certified-user.html,2026-08-09 04:37:00
4f47845f-4de0-d9fa-385c-77b12327ab77,15b83267-4c47-268d-d4da-254dce757aa0,PCEP – Certified Entry-Level Python Programmer,Python Institute,2024-03-16,,https://pythoninstitute.org/pcep,2026-07-11 17:37:00
54b1cd82-6a2e-673e-8509-1e8c4d7259bf,15b83267-4c47-268d-d4da-254dce757aa0,Tableau Desktop Specialist,Tableau / Salesforce,2025-03-16,,https://www.tableau.com/learn/certification,2026-07-11 17:37:00
2e87c34d-48a2-4832-d7a4-645558f8e520,5619b187-8759-ff43-8ed9-4de78ba6b32e,Microsoft Certified: Azure Fundamentals (AZ-900),Microsoft,2026-02-27,,https://learn.microsoft.com/en-us/credentials/certifications/azure-fundamentals/,2026-08-05 07:10:00
0cfa1162-d189-1f6d-e0c0-952e87af111d,84a1464e-cb72-fdce-125c-d10278bf910f,Google Cloud Digital Leader,Google Cloud,2026-03-02,2029-03-01,https://cloud.google.com/learn/certification/cloud-digital-leader,2026-09-01 02:18:00
85b7c69a-b12c-eb57-0718-8a0146637928,84a1464e-cb72-fdce-125c-d10278bf910f,Microsoft Certified: Azure Fundamentals (AZ-900),Microsoft,2025-09-07,,https://learn.microsoft.com/en-us/credentials/certifications/azure-fundamentals/,2026-09-01 02:18:00
b322aa46-3de2-4860-4963-45f27acf4713,f7265f5e-1881-47bc-a651-3c2550fb5a48,Google Cloud Digital Leader,Google Cloud,2025-11-14,2028-11-13,https://cloud.google.com/learn/certification/cloud-digital-leader,2026-08-20 04:24:00
dc858fac-8a2c-cf5d-ae79-b617007d9e46,6daeedbb-8c23-1999-f555-f01327d714a9,Tableau Desktop Specialist,Tableau / Salesforce,2025-05-20,,https://www.tableau.com/learn/certification,2026-07-30 13:32:00
5c7abeec-7aca-2d1f-cd92-f5718439c90c,f3d39594-a327-dde1-074c-d1c411413c9c,IBM Data Science Professional Certificate,IBM / Coursera,2024-12-24,,https://www.coursera.org/professional-certificates/ibm-data-science,2026-09-09 07:06:00
082748de-fac9-494e-c0f0-021a8abade48,90ee662c-30df-1cfa-f901-6b49113f3139,Docker Certified Associate,Docker / Mirantis,2024-02-12,,https://training.mirantis.com/,2026-07-23 16:22:00
31ebb08b-a240-17cb-8e01-634f66572fe5,66b64dd9-34e7-58d1-3063-16ce8a0ca547,Google Data Analytics Professional Certificate,Google / Coursera,2024-04-24,,https://www.coursera.org/professional-certificates/google-data-analytics,2026-07-25 17:26:00
0d25eaf0-124e-abc6-5b8c-d15a2a421283,66b64dd9-34e7-58d1-3063-16ce8a0ca547,Machine Learning Specialization,DeepLearning.AI / Coursera,2025-03-31,,https://www.coursera.org/specializations/machine-learning-introduction,2026-07-25 17:26:00
92160eda-7f7b-98ef-e973-f9ef2a750819,66b64dd9-34e7-58d1-3063-16ce8a0ca547,CompTIA Security+,CompTIA,2025-12-25,2028-12-24,https://www.comptia.org/certifications/security,2026-07-25 17:26:00
7c567377-130c-c3e6-6cbf-ba931eadda50,3df6719e-cf0a-31d3-5a5b-0aebcbfcb855,Google Data Analytics Professional Certificate,Google / Coursera,2025-08-25,,https://www.coursera.org/professional-certificates/google-data-analytics,2026-07-23 10:56:00
421bbbad-feae-029b-9f16-40d32cd8bac2,674fa5bf-7539-fadd-9297-2120975198ab,Meta Back-End Developer Professional Certificate,Meta / Coursera,2025-07-31,,https://www.coursera.org/professional-certificates/meta-back-end-developer,2026-09-11 19:41:00
22fa4ad6-cfc6-9713-7679-5f02e0e394f8,8575abe9-7a1a-c61f-8f41-5e5571b807e8,Docker Certified Associate,Docker / Mirantis,2024-11-30,,https://training.mirantis.com/,2026-08-24 03:27:00
ab580aca-60ca-8969-ca90-1da3d6000015,d5f6482d-9ef9-1adf-7a11-b6bc11a77cac,AWS Certified Solutions Architect – Associate,Amazon Web Services,2026-03-30,2029-03-29,https://aws.amazon.com/certification/certified-solutions-architect-associate/,2026-08-10 07:27:00
eed6cdf9-3631-c0f7-a61a-bc9ff30037d7,d5f6482d-9ef9-1adf-7a11-b6bc11a77cac,Docker Certified Associate,Docker / Mirantis,2026-05-30,,https://training.mirantis.com/,2026-08-10 07:27:00
b9ddd92d-fa40-4552-c00e-aa189f4066f3,3729fde1-2502-32d8-b3d3-b5f367b3e76e,PCEP – Certified Entry-Level Python Programmer,Python Institute,2025-11-13,,https://pythoninstitute.org/pcep,2026-08-09 18:26:00
c1ecfd72-ea84-97e2-f1b0-68326fbc8891,1beb6d2f-c558-ed56-6a22-7b88867098c0,Meta Front-End Developer Professional Certificate,Meta / Coursera,2025-12-30,,https://www.coursera.org/professional-certificates/meta-front-end-developer,2026-09-01 08:16:00
f7032dcb-f318-66dd-8f04-b0b012f70746,f52a46b0-279a-fe69-8007-d4c89c5a37ad,Cisco Certified Network Associate (CCNA),Cisco,2024-07-21,2027-07-21,https://www.cisco.com/site/us/en/learn/training-certifications/certifications/enterprise/ccna/index.html,2026-08-10 07:54:00
309f5c99-4678-aa7d-0bd5-8575cb76dd77,aa94ff62-bae8-6e95-c1f7-c8e0b9ea7b38,Docker Certified Associate,Docker / Mirantis,2026-02-05,,https://training.mirantis.com/,2026-08-24 01:29:00
14174a6b-94ff-8080-1585-e96f07ba152e,dc6d4086-6f0c-53be-d1df-ffccc6db08d4,Google Cloud Digital Leader,Google Cloud,2026-07-11,2029-07-10,https://cloud.google.com/learn/certification/cloud-digital-leader,2026-08-22 15:28:00
865ed983-b048-3fd3-fd14-62cb12bf131c,c82e1b21-6545-079c-35c5-65ff8adbb2e6,Meta Front-End Developer Professional Certificate,Meta / Coursera,2025-12-03,,https://www.coursera.org/professional-certificates/meta-front-end-developer,2026-07-24 01:57:00
2ce55e3a-2912-cdf9-7319-9c121155d405,c82e1b21-6545-079c-35c5-65ff8adbb2e6,PCEP – Certified Entry-Level Python Programmer,Python Institute,2024-03-18,,https://pythoninstitute.org/pcep,2026-07-24 01:57:00
1281d428-14f7-40df-c26f-4f5e8e51118e,20278c33-c0e6-ee58-6a10-edd82cfc2a3e,AWS Certified Solutions Architect – Associate,Amazon Web Services,2025-08-18,2028-08-17,https://aws.amazon.com/certification/certified-solutions-architect-associate/,2026-08-19 14:47:00
743aa797-9e9f-3458-ca4c-3eae54cf6d71,b95d4e2a-d857-ac85-01de-5a02cf799d91,Docker Certified Associate,Docker / Mirantis,2025-09-05,,https://training.mirantis.com/,2026-08-30 12:08:00
a810b06d-aeab-88c1-8ba3-986072164ef1,a70e0823-79c5-5617-6de8-7868cf84af51,Google Data Analytics Professional Certificate,Google / Coursera,2026-05-10,,https://www.coursera.org/professional-certificates/google-data-analytics,2026-08-01 21:03:00
327a7d5d-ba8b-1ea4-3c9e-078b164cc410,a70e0823-79c5-5617-6de8-7868cf84af51,HashiCorp Certified: Terraform Associate,HashiCorp,2026-02-14,2029-02-13,https://developer.hashicorp.com/certifications/infrastructure-automation,2026-08-01 21:03:00
3de31256-d06f-3190-f740-7ba60fb695fd,e52b050e-6704-031a-80c1-ee2f0cdabfee,Google Data Analytics Professional Certificate,Google / Coursera,2024-10-15,,https://www.coursera.org/professional-certificates/google-data-analytics,2026-08-29 23:37:00
69376c71-dd87-6b89-62a0-2d5aeaa54fc8,6440f011-c084-3567-52bc-cd2779a8bd76,Meta Front-End Developer Professional Certificate,Meta / Coursera,2024-11-08,,https://www.coursera.org/professional-certificates/meta-front-end-developer,2026-08-12 00:01:00
dc05efca-4913-4c58-f34d-4a8f7cc11d99,631fb1b7-c2a9-ca6b-39fd-64d1226f25ef,Tableau Desktop Specialist,Tableau / Salesforce,2026-06-19,,https://www.tableau.com/learn/certification,2026-07-12 02:08:00
2dbd7849-68fb-7fd9-87f8-f380865fc18a,631fb1b7-c2a9-ca6b-39fd-64d1226f25ef,Microsoft Office Specialist: Excel Associate,Microsoft,2026-05-01,,https://learn.microsoft.com/en-us/credentials/,2026-07-12 02:08:00
6d9d89da-b0fe-052f-5410-ecb425f69fcc,1cf1a11f-9ee3-5347-f651-1a92c80f414b,Google Data Analytics Professional Certificate,Google / Coursera,2026-07-15,,https://www.coursera.org/professional-certificates/google-data-analytics,2026-09-19 02:32:00
9144261d-698d-434d-ef33-2bbadf2e6eec,1cf1a11f-9ee3-5347-f651-1a92c80f414b,PCEP – Certified Entry-Level Python Programmer,Python Institute,2026-07-30,,https://pythoninstitute.org/pcep,2026-09-19 02:32:00
fe809562-9cc2-77c1-06c3-6953779aa6e5,1cf1a11f-9ee3-5347-f651-1a92c80f414b,Microsoft Office Specialist: Excel Associate,Microsoft,2024-03-17,,https://learn.microsoft.com/en-us/credentials/,2026-09-19 02:32:00
7ded0b44-dc3f-a57b-1665-3210823c0a51,32ad5ff6-183f-f94a-1beb-e6fa7ee11efd,Google Cloud Digital Leader,Google Cloud,2026-04-06,2029-04-05,https://cloud.google.com/learn/certification/cloud-digital-leader,2026-07-12 00:02:00
8a51bb56-e319-8706-b599-7b759e48a7c0,f01348d3-d02a-e7b6-c477-6baa2f945bea,Tableau Desktop Specialist,Tableau / Salesforce,2025-02-01,,https://www.tableau.com/learn/certification,2026-09-03 09:09:00
a36f1ba3-70d6-fb02-7876-5ce8b30dc41f,f01348d3-d02a-e7b6-c477-6baa2f945bea,IBM Data Science Professional Certificate,IBM / Coursera,2026-05-12,,https://www.coursera.org/professional-certificates/ibm-data-science,2026-09-03 09:09:00
d9e24db9-c820-8fa0-8965-a6e6e1d0d99e,f01348d3-d02a-e7b6-c477-6baa2f945bea,Microsoft Office Specialist: Excel Associate,Microsoft,2025-07-02,,https://learn.microsoft.com/en-us/credentials/,2026-09-03 09:09:00
cbeb59e0-18cd-4a7f-6e3a-4a7d2fdf3179,6e604680-52ce-c6fa-9946-cf391752bdb6,Cisco Certified Network Associate (CCNA),Cisco,2025-09-09,2028-09-08,https://www.cisco.com/site/us/en/learn/training-certifications/certifications/enterprise/ccna/index.html,2026-08-22 13:12:00
339eb16e-581e-48b9-5eb4-df0dc6a5b35c,06208705-b929-a3ad-c192-5a586733ffbc,Tableau Desktop Specialist,Tableau / Salesforce,2025-05-24,,https://www.tableau.com/learn/certification,2026-09-18 05:47:00
ad2a8a52-1c20-53ef-d57e-eadc7be2ddcf,14c16067-219b-5e07-5fe8-9d9d99babc73,IBM Data Science Professional Certificate,IBM / Coursera,2025-06-21,,https://www.coursera.org/professional-certificates/ibm-data-science,2026-07-10 10:55:00
61aace4b-467b-4867-a3c3-e1c56b4484c9,599f7d64-edfe-8180-9e8d-818a818d3a61,HashiCorp Certified: Terraform Associate,HashiCorp,2025-12-25,2028-12-24,https://developer.hashicorp.com/certifications/infrastructure-automation,2026-09-14 14:19:00
4de37700-711f-0982-2569-745959e4a48e,92b2b62e-81f7-0fa5-41c6-fb870ac29b63,Microsoft Certified: Azure Fundamentals (AZ-900),Microsoft,2025-02-19,,https://learn.microsoft.com/en-us/credentials/certifications/azure-fundamentals/,2026-07-17 00:13:00
095dde4c-dae5-b056-aa80-66b81d6c12a0,9c078df3-6873-aa6a-ec7a-5e5801ffcf9a,Google Data Analytics Professional Certificate,Google / Coursera,2026-06-29,,https://www.coursera.org/professional-certificates/google-data-analytics,2026-09-08 01:56:00
14d25e62-6a97-fb8a-6e74-7845632911c1,eac2b4db-b276-b10b-61c3-435f5b7be40e,PCEP – Certified Entry-Level Python Programmer,Python Institute,2025-10-17,,https://pythoninstitute.org/pcep,2026-07-16 14:28:00
98493c61-9300-b934-e290-c2c1dbb7970e,b11eed58-a882-d522-9eb5-9cb947389bea,Google Cloud Digital Leader,Google Cloud,2025-10-08,2028-10-07,https://cloud.google.com/learn/certification/cloud-digital-leader,2026-07-17 13:07:00
b9157a28-d84d-29d9-927a-ff37cf469ebb,af8676e8-3faf-900d-ffc8-9908e95390d5,IBM Data Science Professional Certificate,IBM / Coursera,2026-02-01,,https://www.coursera.org/professional-certificates/ibm-data-science,2026-07-20 22:29:00
95950521-a218-6593-92e7-2ed8ae3bccd8,fc75d305-ab1b-cda3-ddf5-a0be2c1860ee,Google Data Analytics Professional Certificate,Google / Coursera,2024-05-24,,https://www.coursera.org/professional-certificates/google-data-analytics,2026-08-14 23:45:00
5365a155-f6c0-7911-fde8-a8e4c212e9c8,2926e0cb-9d24-596c-b1d3-1cda4334f909,Machine Learning Specialization,DeepLearning.AI / Coursera,2026-04-28,,https://www.coursera.org/specializations/machine-learning-introduction,2026-07-21 04:53:00
10e1f0e8-de1c-dabd-2bd1-0d8e084b67c6,2926e0cb-9d24-596c-b1d3-1cda4334f909,Tableau Desktop Specialist,Tableau / Salesforce,2026-03-27,,https://www.tableau.com/learn/certification,2026-07-21 04:53:00
57af5649-e443-9a2d-1c86-1a8244920c94,2926e0cb-9d24-596c-b1d3-1cda4334f909,Google Data Analytics Professional Certificate,Google / Coursera,2025-03-27,,https://www.coursera.org/professional-certificates/google-data-analytics,2026-07-21 04:53:00
09bf8698-ef80-32e5-bc14-7c99809b8500,abe7844d-1dc7-e28b-fbbb-bb6f7270536c,freeCodeCamp Responsive Web Design,freeCodeCamp,2026-06-20,,https://www.freecodecamp.org/learn/2022/responsive-web-design/,2026-09-13 13:48:00
21662167-e456-b09a-9718-3f239a26c9dd,97529fbe-8cdd-e319-10b6-80d955647043,Docker Certified Associate,Docker / Mirantis,2024-10-17,,https://training.mirantis.com/,2026-08-03 15:08:00
0cd11ba8-1671-7a7f-0c44-3ed97921dd97,97529fbe-8cdd-e319-10b6-80d955647043,PCEP – Certified Entry-Level Python Programmer,Python Institute,2025-11-29,,https://pythoninstitute.org/pcep,2026-08-03 15:08:00
a5970cc2-38c7-efe3-39d9-932f81ecd845,8a23efa9-ce1d-4f5f-32df-fba6f1b79e97,Google Data Analytics Professional Certificate,Google / Coursera,2025-08-10,,https://www.coursera.org/professional-certificates/google-data-analytics,2026-08-25 09:56:00
592aadce-a76a-6003-db36-a1e4b8689c7a,ff8e44a8-9aa5-4b98-964d-cae2a7682f03,Google Cybersecurity Professional Certificate,Google / Coursera,2025-11-17,,https://www.coursera.org/professional-certificates/google-cybersecurity,2026-08-22 22:33:00
0e5404ac-8248-d6db-40b7-0461d9378a9c,7e8db810-ef5a-514f-beb9-13819a223fc5,IBM Data Science Professional Certificate,IBM / Coursera,2024-11-12,,https://www.coursera.org/professional-certificates/ibm-data-science,2026-09-11 03:52:00
ad23b7ad-0fbd-63b1-7e93-c1070ac363a9,739a66aa-0861-f10c-0a90-d7b6b19dc692,PCEP – Certified Entry-Level Python Programmer,Python Institute,2026-06-17,,https://pythoninstitute.org/pcep,2026-08-27 19:49:00
1f6486b7-599f-3870-7aaf-a2d7b5b9a3c7,ab5c5efa-3c54-c48b-7321-17f1183c21e2,AWS Certified Solutions Architect – Associate,Amazon Web Services,2026-03-12,2029-03-11,https://aws.amazon.com/certification/certified-solutions-architect-associate/,2026-08-06 10:27:00
a78455a1-cf7f-7834-c254-0f9437a89804,ab5c5efa-3c54-c48b-7321-17f1183c21e2,Google Cloud Digital Leader,Google Cloud,2024-11-05,2027-11-05,https://cloud.google.com/learn/certification/cloud-digital-leader,2026-08-06 10:27:00
dac9796b-4b31-62e2-d0c5-e548b168c62d,fa29b23a-931d-a1ab-7dfa-07c7c31a9b9a,Meta Front-End Developer Professional Certificate,Meta / Coursera,2026-04-29,,https://www.coursera.org/professional-certificates/meta-front-end-developer,2026-08-26 04:03:00
767c2484-9ec6-167a-febd-a69cbfb165fc,fa29b23a-931d-a1ab-7dfa-07c7c31a9b9a,Docker Certified Associate,Docker / Mirantis,2026-05-24,,https://training.mirantis.com/,2026-08-26 04:03:00
b4001e33-970e-a3b9-7f73-c928188110c3,fa29b23a-931d-a1ab-7dfa-07c7c31a9b9a,Certified Kubernetes Administrator (CKA),CNCF / Linux Foundation,2024-08-13,2027-08-13,https://training.linuxfoundation.org/certification/certified-kubernetes-administrator-cka/,2026-08-26 04:03:00
6d3d13f8-5186-ac18-4ce3-4bc11480014f,f4fac7c2-64a8-dc0a-76ee-5453367020ee,PCEP – Certified Entry-Level Python Programmer,Python Institute,2024-09-02,,https://pythoninstitute.org/pcep,2026-08-16 11:34:00
f2b13b91-d074-68ab-7a62-0fff37677ef5,1945352b-03b8-2205-196e-f3acbd115d4c,Meta Back-End Developer Professional Certificate,Meta / Coursera,2024-02-15,,https://www.coursera.org/professional-certificates/meta-back-end-developer,2026-09-07 18:20:00
d999c42d-984c-2f45-77ff-5987b9bd5776,ca4e9349-a57f-241c-5538-73ffe697db32,HashiCorp Certified: Terraform Associate,HashiCorp,2025-03-31,2028-03-30,https://developer.hashicorp.com/certifications/infrastructure-automation,2026-09-14 22:05:00
aeca45b7-7f2b-b961-50e4-76271c4c9a17,ca4e9349-a57f-241c-5538-73ffe697db32,Google Cloud Digital Leader,Google Cloud,2025-07-27,2028-07-26,https://cloud.google.com/learn/certification/cloud-digital-leader,2026-09-14 22:05:00
5b6c6226-e668-ebbe-05bc-81f73ebb4a77,09cd48ae-e0ab-7fd1-16cb-41a94d7524ce,IBM Data Science Professional Certificate,IBM / Coursera,2024-09-21,,https://www.coursera.org/professional-certificates/ibm-data-science,2026-09-06 06:06:00
d2ac1381-6e24-52bf-16d1-49fc42b0d48b,5854a95b-ad51-cb9b-2278-9836f26fb7e4,freeCodeCamp Responsive Web Design,freeCodeCamp,2026-06-24,,https://www.freecodecamp.org/learn/2022/responsive-web-design/,2026-09-16 08:39:00
cb501ae4-a548-84b3-9750-593813923c72,f15fc2d3-78e3-b8d1-aa20-3b983d8d8527,PCEP – Certified Entry-Level Python Programmer,Python Institute,2025-09-23,,https://pythoninstitute.org/pcep,2026-08-18 13:55:00
79adc2b1-4f48-78d5-5669-b3257f5d6304,bac58340-b4eb-40f8-e51a-d166e3695631,Meta Front-End Developer Professional Certificate,Meta / Coursera,2024-11-10,,https://www.coursera.org/professional-certificates/meta-front-end-developer,2026-07-15 15:34:00
602518c1-4667-4601-1670-6cd49e7ab198,55f347fe-c7e3-9c9d-af9e-545311526a3d,Microsoft Certified: Azure Fundamentals (AZ-900),Microsoft,2024-07-28,,https://learn.microsoft.com/en-us/credentials/certifications/azure-fundamentals/,2026-09-02 07:38:00
e3b08771-911c-ea34-58c4-98d549473cc6,55f347fe-c7e3-9c9d-af9e-545311526a3d,AWS Certified Solutions Architect – Associate,Amazon Web Services,2025-07-18,2028-07-17,https://aws.amazon.com/certification/certified-solutions-architect-associate/,2026-09-02 07:38:00
952be0ce-b86f-6339-d15a-89762f65bf6f,d11a363a-ddc2-abd4-a435-537291dbb599,Microsoft Certified: Azure Fundamentals (AZ-900),Microsoft,2025-11-03,,https://learn.microsoft.com/en-us/credentials/certifications/azure-fundamentals/,2026-07-15 13:48:00
bbeda155-7b5e-b7d7-0239-19f776a4276b,d11a363a-ddc2-abd4-a435-537291dbb599,Tableau Desktop Specialist,Tableau / Salesforce,2024-10-21,,https://www.tableau.com/learn/certification,2026-07-15 13:48:00
1a4d5262-5e36-d445-f2ff-914ff3ef40a2,9b0f1dbc-7688-450e-4224-5d270e2af293,Google Data Analytics Professional Certificate,Google / Coursera,2023-09-18,,https://www.coursera.org/professional-certificates/google-data-analytics,2026-07-13 16:40:00
9f2fa39e-58b0-0226-bdf8-4576e34e2592,9b0f1dbc-7688-450e-4224-5d270e2af293,IBM Data Science Professional Certificate,IBM / Coursera,2024-06-06,,https://www.coursera.org/professional-certificates/ibm-data-science,2026-07-13 16:40:00
ffd0e47b-39c2-3020-e5b6-0b5522c0465f,9cc7d2b3-07f8-eec2-bb8f-932e947f9cc6,Google Cloud Digital Leader,Google Cloud,2025-06-12,2028-06-11,https://cloud.google.com/learn/certification/cloud-digital-leader,2026-09-12 18:42:00
91fdf921-7cac-6a72-b695-7e4b3b59e7eb,1cc1fe57-798c-ea42-4c4a-1114420f8f6e,Docker Certified Associate,Docker / Mirantis,2026-07-01,,https://training.mirantis.com/,2026-07-14 14:01:00
a9d0c750-587d-cf14-bade-b12c3821cf15,cc46547b-fe93-f74b-0147-4dbe0b29427f,Docker Certified Associate,Docker / Mirantis,2024-03-07,,https://training.mirantis.com/,2026-08-26 21:55:00
ec293e19-e31e-86f1-e3e3-50cdd03864e1,96ba903c-a376-056b-7e18-b1c56e825e7f,Machine Learning Specialization,DeepLearning.AI / Coursera,2026-02-22,,https://www.coursera.org/specializations/machine-learning-introduction,2026-09-03 02:39:00
0891e999-a5e7-860e-e35c-34f1f3a5124b,9a8f9fbe-4f4f-52f4-790b-6ad78056af4c,Splunk Core Certified User,Splunk,2026-08-01,,https://www.splunk.com/en_us/training/certification-track/splunk-core-certified-user.html,2026-09-03 00:03:00
20c460af-a8c7-c93c-09c5-24abe5fd6b7e,561e8e38-408e-70a1-f506-3526caa97a90,Machine Learning Specialization,DeepLearning.AI / Coursera,2025-12-18,,https://www.coursera.org/specializations/machine-learning-introduction,2026-08-13 05:19:00
2fb3190c-2f71-c0ef-f5c1-c2ba1bbcae16,0ef6f14b-3212-183e-20af-8eaf529fb082,AWS Certified Cloud Practitioner,Amazon Web Services,2024-11-13,2027-11-13,https://aws.amazon.com/certification/certified-cloud-practitioner/,2026-08-26 16:35:00
eda16834-ee1e-ecdb-6b5d-0bc52ec3e7cd,7f0007ab-91b8-eece-fba8-97ca7a016c64,AWS Certified Solutions Architect – Associate,Amazon Web Services,2026-06-27,2029-06-26,https://aws.amazon.com/certification/certified-solutions-architect-associate/,2026-08-06 10:11:00
471ebfdd-10ec-08f5-3a66-a5fe0f75e2bd,be144031-5807-db69-2b7a-4f0c7aa976fe,IBM Data Science Professional Certificate,IBM / Coursera,2026-06-20,,https://www.coursera.org/professional-certificates/ibm-data-science,2026-08-15 21:21:00
892db67b-d84c-2249-fde7-4129872a6d32,be144031-5807-db69-2b7a-4f0c7aa976fe,Certified Kubernetes Administrator (CKA),CNCF / Linux Foundation,2025-12-04,2028-12-03,https://training.linuxfoundation.org/certification/certified-kubernetes-administrator-cka/,2026-08-15 21:21:00
d453fb78-02b6-ac2c-954c-8a008be23d2a,1bba84c4-fda9-f6b3-a412-705c087297d2,Meta Front-End Developer Professional Certificate,Meta / Coursera,2024-09-07,,https://www.coursera.org/professional-certificates/meta-front-end-developer,2026-08-17 14:37:00
6057d4a9-0b4d-e3b2-3358-47684306a8cc,1bba84c4-fda9-f6b3-a412-705c087297d2,Google Data Analytics Professional Certificate,Google / Coursera,2024-07-31,,https://www.coursera.org/professional-certificates/google-data-analytics,2026-08-17 14:37:00
5ba76dac-0eed-d396-9477-8d07bb42aa3b,1bba84c4-fda9-f6b3-a412-705c087297d2,PCEP – Certified Entry-Level Python Programmer,Python Institute,2025-11-06,,https://pythoninstitute.org/pcep,2026-08-17 14:37:00
5b451ffd-200e-d397-1225-a20a892b896a,5f908fc4-1738-2cb4-ae46-42bffebc44bf,Meta Back-End Developer Professional Certificate,Meta / Coursera,2025-08-03,,https://www.coursera.org/professional-certificates/meta-back-end-developer,2026-08-25 02:34:00
45b01c89-29e5-1aed-d825-7dc6ad3654bf,dbea108f-927e-b16c-aa0a-a4a64be9658a,Meta Back-End Developer Professional Certificate,Meta / Coursera,2024-02-27,,https://www.coursera.org/professional-certificates/meta-back-end-developer,2026-07-17 07:26:00
3a377d2f-c2c5-4359-ebf8-3e4396da1569,478ceeba-6773-f05b-e288-101494c985b1,Google Data Analytics Professional Certificate,Google / Coursera,2024-01-15,,https://www.coursera.org/professional-certificates/google-data-analytics,2026-09-08 03:46:00
eb6adbec-4d26-ce97-bc94-6331b20e5c89,18f3cfe1-2dac-a531-1b8f-5ee921ee7087,IBM Data Science Professional Certificate,IBM / Coursera,2026-04-20,,https://www.coursera.org/professional-certificates/ibm-data-science,2026-08-11 15:39:00
42cb8bc1-f56f-fef4-9057-e5b17bafc781,18f3cfe1-2dac-a531-1b8f-5ee921ee7087,Microsoft Certified: Azure Fundamentals (AZ-900),Microsoft,2026-05-22,,https://learn.microsoft.com/en-us/credentials/certifications/azure-fundamentals/,2026-08-11 15:39:00
a9e3aaac-cd1e-b2e0-aa18-c72cd3578432,19963a65-ca4c-dbe6-dbbf-0a3664185645,Tableau Desktop Specialist,Tableau / Salesforce,2024-04-15,,https://www.tableau.com/learn/certification,2026-08-03 08:35:00
0e2b980e-da28-eaf1-8896-3f0c038713c0,b1771709-a151-4dc1-d495-4ad20b106591,Google Data Analytics Professional Certificate,Google / Coursera,2025-06-27,,https://www.coursera.org/professional-certificates/google-data-analytics,2026-09-16 01:15:00
7bad3d05-6691-2053-be53-55ce48c2f707,ab0d473b-9601-aa99-f639-822a063779b1,Machine Learning Specialization,DeepLearning.AI / Coursera,2024-08-14,,https://www.coursera.org/specializations/machine-learning-introduction,2026-08-31 23:29:00
c8db6a97-156f-d45a-f6e7-ea37a5148b30,3980cc11-1f54-52ad-fc9d-9e7f6b922d24,Machine Learning Specialization,DeepLearning.AI / Coursera,2023-11-24,,https://www.coursera.org/specializations/machine-learning-introduction,2026-08-07 13:09:00
d3e7fb7f-fe46-0e08-d631-d7dccc35931f,f7d381ba-3575-a7bf-dccf-798bfd0487ae,HashiCorp Certified: Terraform Associate,HashiCorp,2025-12-30,2028-12-29,https://developer.hashicorp.com/certifications/infrastructure-automation,2026-07-02 11:37:00
59e2ba2d-63d8-73e8-7729-9c96418426f8,820aef54-c032-15f8-cc70-2c61e951dfe3,IBM Data Science Professional Certificate,IBM / Coursera,2026-05-11,,https://www.coursera.org/professional-certificates/ibm-data-science,2026-07-01 23:41:00
9c9934dd-c815-d384-fbbe-2ba927f4612c,74bec226-afdd-f4f9-d7fd-a59d94910d9e,Google Data Analytics Professional Certificate,Google / Coursera,2024-03-31,,https://www.coursera.org/professional-certificates/google-data-analytics,2026-07-09 23:01:00
4e34926f-8f27-0152-9cb2-f83135f2f684,74bec226-afdd-f4f9-d7fd-a59d94910d9e,Meta Back-End Developer Professional Certificate,Meta / Coursera,2024-04-12,,https://www.coursera.org/professional-certificates/meta-back-end-developer,2026-07-09 23:01:00
24272cb4-33af-7d58-2ff6-79bd051285d9,cbdbd80a-d45a-1aa3-9b19-2467409517a8,PCEP – Certified Entry-Level Python Programmer,Python Institute,2025-05-16,,https://pythoninstitute.org/pcep,2026-07-27 18:52:00
f88f6b3e-478e-89c2-f51d-dc2562a633b7,cbdbd80a-d45a-1aa3-9b19-2467409517a8,Google Cybersecurity Professional Certificate,Google / Coursera,2026-01-30,,https://www.coursera.org/professional-certificates/google-cybersecurity,2026-07-27 18:52:00
8b31a125-157b-5247-2b85-66ea2ea4cfc9,3a436449-329e-12f6-e7af-7048793840c3,Machine Learning Specialization,DeepLearning.AI / Coursera,2025-12-07,,https://www.coursera.org/specializations/machine-learning-introduction,2026-07-06 17:38:00
e965f69e-74b0-0f8b-2cd3-df54e43327a7,b562984b-a321-7a30-20d3-49022f3bebb3,Google Cloud Digital Leader,Google Cloud,2025-01-12,2028-01-12,https://cloud.google.com/learn/certification/cloud-digital-leader,2026-09-03 13:31:00
b3664252-f0c5-1bb6-925d-0017438e4b5a,b562984b-a321-7a30-20d3-49022f3bebb3,AWS Certified Cloud Practitioner,Amazon Web Services,2026-07-24,2029-07-23,https://aws.amazon.com/certification/certified-cloud-practitioner/,2026-09-03 13:31:00
f1a638fb-3cfa-9411-3a0e-7f4242c51e68,90a1393d-0b80-f6c3-97fb-f6d44f67075f,AWS Certified Solutions Architect – Associate,Amazon Web Services,2024-12-16,2027-12-16,https://aws.amazon.com/certification/certified-solutions-architect-associate/,2026-07-08 13:58:00
97dfe077-f888-84f5-cae6-7572311e121e,6628503c-4803-12c2-bd5d-0706fe6f0971,Machine Learning Specialization,DeepLearning.AI / Coursera,2024-03-01,,https://www.coursera.org/specializations/machine-learning-introduction,2026-07-23 13:34:00
989fedb1-fe03-4c8a-feee-8a029f8ed6fc,9afbcf7f-aa8a-3796-5c36-ea274dbb5e83,"Oracle Certified Associate, Java SE Programmer",Oracle,2026-02-23,,https://education.oracle.com/,2026-08-18 10:36:00
ee3fde24-f2de-e6ce-4641-b8b7d5bf6e69,1c7428d5-3555-e29b-28ed-69bb6bf162a3,PCEP – Certified Entry-Level Python Programmer,Python Institute,2026-01-15,,https://pythoninstitute.org/pcep,2026-07-30 04:47:00
94f5299d-9c96-9685-eda9-e436672d6915,56466dc4-9503-1476-d47a-d84736fb9032,AWS Certified Cloud Practitioner,Amazon Web Services,2026-04-13,2029-04-12,https://aws.amazon.com/certification/certified-cloud-practitioner/,2026-08-28 06:03:00
af64eca4-5736-3033-dac2-8bca6f3e907f,c98a4507-cac6-ec5e-eac4-13c23b31fa0a,Machine Learning Specialization,DeepLearning.AI / Coursera,2026-04-27,,https://www.coursera.org/specializations/machine-learning-introduction,2026-07-16 03:41:00
5e662ab8-ece3-2115-993e-b2452afbf7d3,c98a4507-cac6-ec5e-eac4-13c23b31fa0a,Tableau Desktop Specialist,Tableau / Salesforce,2025-01-21,,https://www.tableau.com/learn/certification,2026-07-16 03:41:00
73c85f3f-dbca-bf6c-75db-e1f7be5e97b0,9566002d-45f2-357e-799e-703bc93f6cb5,Microsoft Certified: Azure Fundamentals (AZ-900),Microsoft,2023-09-15,,https://learn.microsoft.com/en-us/credentials/certifications/azure-fundamentals/,2026-07-19 11:21:00
d7c5577f-ac27-2795-9a16-a099ff8ed7e2,9566002d-45f2-357e-799e-703bc93f6cb5,IBM Data Science Professional Certificate,IBM / Coursera,2024-01-21,,https://www.coursera.org/professional-certificates/ibm-data-science,2026-07-19 11:21:00
28c2f966-5da9-a665-fa57-d4e32aa75c5b,be69686e-925a-238f-a69f-6826f3b7d0d6,Deep Learning Specialization,DeepLearning.AI / Coursera,2025-12-12,,https://www.coursera.org/specializations/deep-learning,2026-08-10 20:53:00
fb749110-9f61-26f9-e0d1-961b099ff98d,b0c92be2-b825-5c0d-bf95-5034417e82a5,freeCodeCamp Responsive Web Design,freeCodeCamp,2025-07-21,,https://www.freecodecamp.org/learn/2022/responsive-web-design/,2026-09-11 05:48:00
4ffc5188-5199-b865-2067-2a73d0b76caf,4d402305-6108-33ba-29ba-cb2beb13614b,IBM Data Science Professional Certificate,IBM / Coursera,2024-11-14,,https://www.coursera.org/professional-certificates/ibm-data-science,2026-07-30 11:06:00
7ac86897-417b-df08-6bc4-5f9397cf631d,751ddb00-ca55-d7e2-7cb5-56ebff5a9a38,Machine Learning Specialization,DeepLearning.AI / Coursera,2026-07-24,,https://www.coursera.org/specializations/machine-learning-introduction,2026-08-20 18:39:00
184161d6-da1d-bada-1e78-dd2c5c46ef83,751ddb00-ca55-d7e2-7cb5-56ebff5a9a38,Splunk Core Certified User,Splunk,2024-10-25,,https://www.splunk.com/en_us/training/certification-track/splunk-core-certified-user.html,2026-08-20 18:39:00
d6dbd118-feb8-fd81-8128-b55894dcd56b,44976404-968c-d53e-3c59-b17442f59ffe,Splunk Core Certified User,Splunk,2026-04-11,,https://www.splunk.com/en_us/training/certification-track/splunk-core-certified-user.html,2026-07-15 11:29:00
cfad2a59-6e3d-12bf-f6c4-37fa4aa07dcb,9eacd28f-3f0e-e16e-5fba-7dba63a54259,Docker Certified Associate,Docker / Mirantis,2025-09-02,,https://training.mirantis.com/,2026-08-18 18:33:00
14538122-320b-63e4-c42c-31d04abf94ba,45445809-79d4-8883-8178-95019ccc07cc,Google Data Analytics Professional Certificate,Google / Coursera,2025-02-04,,https://www.coursera.org/professional-certificates/google-data-analytics,2026-07-15 20:05:00
b72d1daf-5bb0-0358-19fa-c542788bebc7,da5f548c-2adf-b0a3-086b-5e9528d0db7f,Google Cloud Digital Leader,Google Cloud,2025-10-19,2028-10-18,https://cloud.google.com/learn/certification/cloud-digital-leader,2026-09-19 00:40:00
a8010d79-1d98-d331-08d2-0bf9a17eaaa8,ff2dea40-a3b2-052a-6949-2d5e6395db4b,CompTIA Security+,CompTIA,2025-09-22,2028-09-21,https://www.comptia.org/certifications/security,2026-08-05 17:19:00
19bc9151-036c-75ed-3896-60736219e7bd,4c32e437-b247-6dfe-d6a9-242d73f7843a,PCEP – Certified Entry-Level Python Programmer,Python Institute,2025-10-18,,https://pythoninstitute.org/pcep,2026-08-30 01:36:00
2cba5832-6ba2-1f52-0bd1-1ee1754ad640,a22d464a-9e14-4e67-d526-182ed2c149ae,Machine Learning Specialization,DeepLearning.AI / Coursera,2025-12-20,,https://www.coursera.org/specializations/machine-learning-introduction,2026-07-25 23:28:00
41b2dea1-7a35-0b89-b19f-401ee05a3dfb,a22d464a-9e14-4e67-d526-182ed2c149ae,Google Data Analytics Professional Certificate,Google / Coursera,2025-10-02,,https://www.coursera.org/professional-certificates/google-data-analytics,2026-07-25 23:28:00
126ebbf1-38b5-bfea-3214-a9d6f23d67bd,00dbdff5-0786-6779-6071-593d27c70d4a,PCEP – Certified Entry-Level Python Programmer,Python Institute,2025-09-02,,https://pythoninstitute.org/pcep,2026-07-24 08:11:00
cd25f355-7d98-e7d9-7b27-9196ea9b1e78,cee52b98-f182-08e4-9492-316ced0ddc36,Meta Back-End Developer Professional Certificate,Meta / Coursera,2026-02-02,,https://www.coursera.org/professional-certificates/meta-back-end-developer,2026-08-15 20:13:00
1ca68005-b6b0-b526-6e26-6d64c77eabc7,75a2be4c-568b-c9b6-d020-87862a251441,Deep Learning Specialization,DeepLearning.AI / Coursera,2025-01-20,,https://www.coursera.org/specializations/deep-learning,2026-08-16 13:26:00
a537589e-5d4b-e439-4a53-77c62c2456ed,a55d500a-524a-a07e-12a3-051546834977,Machine Learning Specialization,DeepLearning.AI / Coursera,2024-03-30,,https://www.coursera.org/specializations/machine-learning-introduction,2026-08-05 22:17:00
baacb30a-04dd-04d9-ff0f-e8eba5f46dde,b169025f-8785-7aa3-9eeb-ee95e477d2d2,Microsoft Office Specialist: Excel Associate,Microsoft,2025-04-12,,https://learn.microsoft.com/en-us/credentials/,2026-07-07 10:06:00
74370e23-14c8-3869-65fb-0d685c8fe154,43bbe15e-a519-bfbc-85cf-44551b4c4b38,Google Data Analytics Professional Certificate,Google / Coursera,2024-05-04,,https://www.coursera.org/professional-certificates/google-data-analytics,2026-08-25 23:36:00
21a48429-3f8d-4c78-8a49-6929b5ed7021,43bbe15e-a519-bfbc-85cf-44551b4c4b38,CompTIA Security+,CompTIA,2023-09-03,2026-09-02,https://www.comptia.org/certifications/security,2026-08-25 23:36:00
f9533608-aa03-7594-f1c9-4dec8744dda7,0fa51f4d-c082-20dc-6ae6-bc08dfa52f82,IBM Data Science Professional Certificate,IBM / Coursera,2024-11-09,,https://www.coursera.org/professional-certificates/ibm-data-science,2026-07-28 15:16:00
b46005b4-29d7-f52e-f3e1-1c7f73e4bc04,da0e3b24-db69-dff9-5a6a-94d694f76fe5,Splunk Core Certified User,Splunk,2026-07-07,,https://www.splunk.com/en_us/training/certification-track/splunk-core-certified-user.html,2026-08-29 20:38:00
5737b7cf-a1c3-de7d-8db4-e46c74644032,b24ef65c-d8b6-0780-7349-b6c7d2daf465,Tableau Desktop Specialist,Tableau / Salesforce,2025-01-16,,https://www.tableau.com/learn/certification,2026-08-30 07:45:00
439260ae-bb84-7ef8-f403-da646c7840aa,b24ef65c-d8b6-0780-7349-b6c7d2daf465,Machine Learning Specialization,DeepLearning.AI / Coursera,2025-05-01,,https://www.coursera.org/specializations/machine-learning-introduction,2026-08-30 07:45:00
a3fb5a41-8e9b-9ee9-812e-5aa54f44ee99,2b07af81-2ced-0e8d-91e5-244fdd22c3c9,CompTIA Security+,CompTIA,2026-04-15,2029-04-14,https://www.comptia.org/certifications/security,2026-08-26 07:48:00
84562f31-b5fe-17e8-6e47-b0ccb2e6a68d,c1e4f376-6e9f-efd8-228b-5d6d3f225e2f,HashiCorp Certified: Terraform Associate,HashiCorp,2026-01-18,2029-01-17,https://developer.hashicorp.com/certifications/infrastructure-automation,2026-08-28 17:43:00
2fdf5107-e419-fadf-4236-98d0d640be5f,b8785aca-b97f-475f-aea2-af75b74da1dd,Microsoft Office Specialist: Excel Associate,Microsoft,2025-12-30,,https://learn.microsoft.com/en-us/credentials/,2026-07-05 03:34:00
f96a53d3-07a5-ba91-37be-42bf291e05e5,a1df2ef4-cc80-ce69-345d-2525d85347ea,Certified Ethical Hacker (CEH),EC-Council,2025-10-12,2028-10-11,https://www.eccouncil.org/train-certify/certified-ethical-hacker-ceh/,2026-07-27 06:46:00
7dd5bcab-1e43-7c17-31ea-4df1f466a3bf,5628ff67-5998-fa01-2eee-d71d5c9332fb,Meta Back-End Developer Professional Certificate,Meta / Coursera,2025-09-04,,https://www.coursera.org/professional-certificates/meta-back-end-developer,2026-07-15 06:10:00
50f6dc39-bc7e-b10c-d710-97b8f41b7644,5628ff67-5998-fa01-2eee-d71d5c9332fb,Tableau Desktop Specialist,Tableau / Salesforce,2023-12-11,,https://www.tableau.com/learn/certification,2026-07-15 06:10:00
743cd86c-1830-5fe3-3721-272ad26b01dd,5239ec41-9717-8a45-3e4e-f36b097ac90e,IBM Data Science Professional Certificate,IBM / Coursera,2024-10-14,,https://www.coursera.org/professional-certificates/ibm-data-science,2026-08-19 01:03:00
888c0da5-df44-25ee-07a7-e661ad7707b5,cab78498-4d83-1d0b-97fa-78375e8ea0dc,AWS Certified Solutions Architect – Associate,Amazon Web Services,2024-08-01,2027-08-01,https://aws.amazon.com/certification/certified-solutions-architect-associate/,2026-07-09 00:41:00
c3df1708-0f62-abc2-7702-41227bbe649e,1db124fc-00f1-c8aa-34ae-17f4510e8c10,Tableau Desktop Specialist,Tableau / Salesforce,2026-01-15,,https://www.tableau.com/learn/certification,2026-08-16 07:33:00
d70480ba-ef26-5472-5e5c-1e319531e895,1db124fc-00f1-c8aa-34ae-17f4510e8c10,Meta Back-End Developer Professional Certificate,Meta / Coursera,2025-10-20,,https://www.coursera.org/professional-certificates/meta-back-end-developer,2026-08-16 07:33:00
9d070656-bd4c-f882-05e9-e421ab256b1a,d3dfdba3-20aa-fd02-cc14-46303c6f2393,PCEP – Certified Entry-Level Python Programmer,Python Institute,2025-07-06,,https://pythoninstitute.org/pcep,2026-09-12 06:49:00
f2aef2ad-e2d3-6030-c5ff-8e5c92fc01b8,d3dfdba3-20aa-fd02-cc14-46303c6f2393,Cisco Certified Network Associate (CCNA),Cisco,2025-01-05,2028-01-05,https://www.cisco.com/site/us/en/learn/training-certifications/certifications/enterprise/ccna/index.html,2026-09-12 06:49:00
4235f45c-6866-47af-9293-5e4703d6a4f1,d3dfdba3-20aa-fd02-cc14-46303c6f2393,Google Data Analytics Professional Certificate,Google / Coursera,2025-07-09,,https://www.coursera.org/professional-certificates/google-data-analytics,2026-09-12 06:49:00
fc1c8d79-a3ed-a512-0756-dd17e1969021,d0be003b-8b66-6080-32cb-0fed023cc1d6,HashiCorp Certified: Terraform Associate,HashiCorp,2026-07-05,2029-07-04,https://developer.hashicorp.com/certifications/infrastructure-automation,2026-09-18 06:36:00
4708402e-9a14-a682-14be-1a26841397c3,635750a7-229c-01c7-cf11-d09f24d4c071,Microsoft Certified: Azure Fundamentals (AZ-900),Microsoft,2024-12-09,,https://learn.microsoft.com/en-us/credentials/certifications/azure-fundamentals/,2026-08-03 22:24:00
9d4f15f3-acc9-bacd-f06f-86e73289b51b,7caf8c3e-47e0-5629-3786-3b72c85f4c86,Meta Front-End Developer Professional Certificate,Meta / Coursera,2024-10-01,,https://www.coursera.org/professional-certificates/meta-front-end-developer,2026-08-01 12:35:00
a086622a-2cd1-336a-46d4-1ba2800be13c,1b1544fd-7274-367b-9e47-2a148148ad81,IBM Data Science Professional Certificate,IBM / Coursera,2026-05-05,,https://www.coursera.org/professional-certificates/ibm-data-science,2026-07-18 11:35:00
eda49c1b-554b-0571-e920-e1a8b18e8f8e,5d65ea80-07a3-b2b0-ca2b-b7bbb60225a2,Google Data Analytics Professional Certificate,Google / Coursera,2026-05-13,,https://www.coursera.org/professional-certificates/google-data-analytics,2026-09-03 01:22:00
454dcf4b-df29-b1b5-ed6b-7207752f33a1,5d65ea80-07a3-b2b0-ca2b-b7bbb60225a2,IBM Data Science Professional Certificate,IBM / Coursera,2026-04-29,,https://www.coursera.org/professional-certificates/ibm-data-science,2026-09-03 01:22:00
4d4686b3-04e6-77f4-f68a-d0d1c45c635a,780e4c74-6483-0b25-22d9-43282877ab62,Microsoft Certified: Power BI Data Analyst Associate (PL-300),Microsoft,2026-05-09,,https://learn.microsoft.com/en-us/credentials/certifications/data-analyst-associate/,2026-08-21 05:41:00
f4fb736e-787a-06dc-4e8b-ff7a4b95863e,923fc6e1-023f-ebee-2857-3e0ba92f6f23,Microsoft Certified: Azure Fundamentals (AZ-900),Microsoft,2025-02-22,,https://learn.microsoft.com/en-us/credentials/certifications/azure-fundamentals/,2026-09-12 03:42:00
b52544aa-4740-5e49-6f23-a1f085a11aef,bf902b96-efef-8d5e-2395-d93617e7091f,Meta Front-End Developer Professional Certificate,Meta / Coursera,2024-10-26,,https://www.coursera.org/professional-certificates/meta-front-end-developer,2026-07-06 05:49:00
1d03369a-57ca-73a7-2852-4f9566f77864,1ace5ee8-ec30-f1cc-a2d2-b1bf83a2370c,PCEP – Certified Entry-Level Python Programmer,Python Institute,2025-08-22,,https://pythoninstitute.org/pcep,2026-07-02 21:15:00
d7246af9-4617-304d-9446-d8eb36c47cef,1ace5ee8-ec30-f1cc-a2d2-b1bf83a2370c,Microsoft Certified: Power BI Data Analyst Associate (PL-300),Microsoft,2023-10-23,,https://learn.microsoft.com/en-us/credentials/certifications/data-analyst-associate/,2026-07-02 21:15:00
7af28233-d04c-c422-3272-9fe113102604,172187a0-e762-9485-09fa-ccc3c40dd29f,Machine Learning Specialization,DeepLearning.AI / Coursera,2025-07-26,,https://www.coursera.org/specializations/machine-learning-introduction,2026-07-12 07:22:00
b755418d-9737-1850-02c1-e17fdc7134c3,172187a0-e762-9485-09fa-ccc3c40dd29f,Microsoft Certified: Power BI Data Analyst Associate (PL-300),Microsoft,2024-01-15,,https://learn.microsoft.com/en-us/credentials/certifications/data-analyst-associate/,2026-07-12 07:22:00
03f9e86d-801b-9e21-cd93-e1f1dc6370d5,52ec3846-03c5-f83a-74ce-9bd1ff4ee271,Google Data Analytics Professional Certificate,Google / Coursera,2026-04-27,,https://www.coursera.org/professional-certificates/google-data-analytics,2026-08-21 21:31:00
618a4a76-b2ac-67d7-9947-5f4df65b26fa,52ec3846-03c5-f83a-74ce-9bd1ff4ee271,Certified Kubernetes Administrator (CKA),CNCF / Linux Foundation,2026-01-22,2029-01-21,https://training.linuxfoundation.org/certification/certified-kubernetes-administrator-cka/,2026-08-21 21:31:00
e919777b-27bc-a0f5-01c6-2e7e673eed62,512c793b-e91a-db73-cc3d-cbc9a03b2734,Elements of AI,University of Helsinki,2025-12-08,,https://www.elementsofai.com/,2026-07-04 07:58:00
f204505b-8971-2c18-082c-f7eacd2de745,6624c041-f75a-fd65-4e60-02b9a8a20411,IBM Data Science Professional Certificate,IBM / Coursera,2025-07-13,,https://www.coursera.org/professional-certificates/ibm-data-science,2026-07-10 20:42:00
bac2b8f2-524f-dc31-87cf-becd90b5dc63,92de4f52-bdc4-64a1-067b-64ddacb4e1dd,Meta Back-End Developer Professional Certificate,Meta / Coursera,2025-01-29,,https://www.coursera.org/professional-certificates/meta-back-end-developer,2026-08-10 10:42:00
89745371-98ce-dda6-f33b-79c6aedff9b0,e11d6fbc-5af6-88da-3a14-5701065d910f,Certified Kubernetes Administrator (CKA),CNCF / Linux Foundation,2025-02-13,2028-02-13,https://training.linuxfoundation.org/certification/certified-kubernetes-administrator-cka/,2026-07-02 02:05:00
45d6af3a-8507-b63f-5e40-e637072f0b24,f36f77be-0d50-fc9c-820b-f3df6c53e787,Machine Learning Specialization,DeepLearning.AI / Coursera,2026-03-25,,https://www.coursera.org/specializations/machine-learning-introduction,2026-07-01 15:15:00
c5312f3f-a7b8-0554-f6c6-13c2de983c47,f36f77be-0d50-fc9c-820b-f3df6c53e787,IBM Data Science Professional Certificate,IBM / Coursera,2025-10-30,,https://www.coursera.org/professional-certificates/ibm-data-science,2026-07-01 15:15:00
49cb1cf5-685c-93a3-d5ae-1ca873fec6bd,a85674a8-2dc9-966b-73f1-2414852aa58a,Microsoft Certified: Azure Fundamentals (AZ-900),Microsoft,2026-07-23,,https://learn.microsoft.com/en-us/credentials/certifications/azure-fundamentals/,2026-08-01 12:48:00
b571270d-9015-2bbe-cfca-c02d79cef42f,8cbc4b2c-f704-4d32-dfb5-680da3184a71,IBM Data Science Professional Certificate,IBM / Coursera,2024-02-14,,https://www.coursera.org/professional-certificates/ibm-data-science,2026-07-09 11:07:00
6fec8065-4c50-daec-3224-1a22096be058,c0e79d36-1515-25cf-edc7-6d4c8b0e472b,AWS Certified Cloud Practitioner,Amazon Web Services,2025-06-10,2028-06-09,https://aws.amazon.com/certification/certified-cloud-practitioner/,2026-08-11 09:52:00
d567a38e-f86e-0b1c-a640-f9f4792e10bc,45b06f9e-e87d-35d3-2dd4-5f55efdf9734,Meta Back-End Developer Professional Certificate,Meta / Coursera,2026-02-26,,https://www.coursera.org/professional-certificates/meta-back-end-developer,2026-08-10 05:36:00
3b81f608-2e9c-0ce2-91ba-c9d4e4cee78d,bf9c9648-acc9-ab90-42a4-cb3fd72ad408,Google Cloud Digital Leader,Google Cloud,2026-02-05,2029-02-04,https://cloud.google.com/learn/certification/cloud-digital-leader,2026-09-04 07:35:00
f7ed6a05-8b06-1c23-48fe-bdac9bc2b1e3,d58827ba-f012-d639-fbfb-cdda1cc954b5,Google Data Analytics Professional Certificate,Google / Coursera,2025-01-08,,https://www.coursera.org/professional-certificates/google-data-analytics,2026-07-08 22:34:00
a85fc5f8-0037-ec89-b5bf-d98c7a7b2e30,99ded07d-9ea1-56d1-65eb-6b8c8e919872,Microsoft Certified: Power BI Data Analyst Associate (PL-300),Microsoft,2024-01-15,,https://learn.microsoft.com/en-us/credentials/certifications/data-analyst-associate/,2026-08-30 18:44:00
1bd79348-db2e-8574-f7e4-0f59e3402fe1,85c52315-bd86-5097-1428-c60a8d6cfbc0,PCEP – Certified Entry-Level Python Programmer,Python Institute,2026-06-26,,https://pythoninstitute.org/pcep,2026-09-15 05:47:00
8e4395e5-18b9-c03d-c82f-430cbb6d56f9,85c52315-bd86-5097-1428-c60a8d6cfbc0,IBM Data Science Professional Certificate,IBM / Coursera,2023-09-23,,https://www.coursera.org/professional-certificates/ibm-data-science,2026-09-15 05:47:00
50a117dd-3b19-9be5-d703-38bbce29a3e0,58faeb77-8c9f-380f-6bcd-121786e3f39d,Meta Front-End Developer Professional Certificate,Meta / Coursera,2026-05-20,,https://www.coursera.org/professional-certificates/meta-front-end-developer,2026-08-02 10:42:00
34031657-e3fd-b92a-a309-99df9e041f21,58faeb77-8c9f-380f-6bcd-121786e3f39d,PCEP – Certified Entry-Level Python Programmer,Python Institute,2025-10-07,,https://pythoninstitute.org/pcep,2026-08-02 10:42:00
13afb1f3-b228-bda8-2398-5f7e11cd2a80,7ff05bd2-d72d-fbaf-e018-9b9ea18c096b,HashiCorp Certified: Terraform Associate,HashiCorp,2024-06-19,2027-06-19,https://developer.hashicorp.com/certifications/infrastructure-automation,2026-09-16 23:35:00
35d3b7f4-77fe-ae60-d4f5-343f0e8dcff0,031a3e0e-e2f3-70f6-757d-9dcfac522df6,AWS Certified Solutions Architect – Associate,Amazon Web Services,2025-09-25,2028-09-24,https://aws.amazon.com/certification/certified-solutions-architect-associate/,2026-08-09 18:22:00
33fd1525-8b2b-3077-cc69-5c9425542cc9,ede9ef04-d528-b75c-4c3d-2fc809dca762,CompTIA Security+,CompTIA,2026-03-01,2029-02-28,https://www.comptia.org/certifications/security,2026-08-16 02:31:00
4993aa30-3da0-8dc0-3784-658fa37b942f,89353118-7556-2fe6-f77a-e8d2c1fb2c4a,AWS Certified Solutions Architect – Associate,Amazon Web Services,2026-01-17,2029-01-16,https://aws.amazon.com/certification/certified-solutions-architect-associate/,2026-08-07 05:32:00
557aee6a-3fd3-2146-ac23-c5034b753bd0,6b457f25-cc4b-92a0-1b99-ea57eb6b7197,PCEP – Certified Entry-Level Python Programmer,Python Institute,2024-03-20,,https://pythoninstitute.org/pcep,2026-07-13 04:47:00
1c1ec172-b9d5-3e77-09ad-864e387916d3,65b919f0-eada-65fb-5e88-39c2da92deeb,Microsoft Certified: Azure Fundamentals (AZ-900),Microsoft,2024-11-17,,https://learn.microsoft.com/en-us/credentials/certifications/azure-fundamentals/,2026-08-17 08:06:00
f6876018-aab6-e10f-4ed8-37a675eaeac9,773f7632-815a-f8f5-9964-3d8767c72548,Tableau Desktop Specialist,Tableau / Salesforce,2025-05-13,,https://www.tableau.com/learn/certification,2026-07-04 08:00:00
97c813bf-6338-7c74-b4e8-b80c0253d569,47aae457-9326-6462-9926-f6d55852bc37,IBM Data Science Professional Certificate,IBM / Coursera,2023-12-25,,https://www.coursera.org/professional-certificates/ibm-data-science,2026-08-11 04:42:00
6f3ea64b-36f8-9e46-77f4-aaed2c1d6e91,77186137-b3b7-3084-3086-52d94c32e8f3,AWS Certified Cloud Practitioner,Amazon Web Services,2025-12-05,2028-12-04,https://aws.amazon.com/certification/certified-cloud-practitioner/,2026-09-15 15:54:00
d135d3d6-4b8c-afd3-ee0f-9f6f0d58baf9,95b64d84-0fc2-09f6-414d-515041755b44,IBM Data Science Professional Certificate,IBM / Coursera,2024-05-29,,https://www.coursera.org/professional-certificates/ibm-data-science,2026-09-10 14:51:00
f0606152-94a0-5aae-de8c-170643958c9a,1326157b-04bb-c58d-ad3c-dcb452b1ae62,Meta Back-End Developer Professional Certificate,Meta / Coursera,2023-11-13,,https://www.coursera.org/professional-certificates/meta-back-end-developer,2026-07-01 23:12:00
5e426629-4305-e45d-b9f4-5043b5fab308,1326157b-04bb-c58d-ad3c-dcb452b1ae62,Microsoft Office Specialist: Excel Associate,Microsoft,2026-03-26,,https://learn.microsoft.com/en-us/credentials/,2026-07-01 23:12:00
dfb4f9db-3b62-0a7f-1045-bb9f1065039f,6ba49031-8a56-8647-1942-ff008080285d,Tableau Desktop Specialist,Tableau / Salesforce,2025-09-26,,https://www.tableau.com/learn/certification,2026-07-16 22:34:00
43707be9-37e5-be72-f572-cc28b628ec29,27559840-7893-e77c-84f3-b35aa296a3e0,HashiCorp Certified: Terraform Associate,HashiCorp,2023-10-25,2026-10-24,https://developer.hashicorp.com/certifications/infrastructure-automation,2026-08-17 09:22:00
4d3c814a-bfae-1982-108a-da6be733a63c,8541b011-712b-9867-609d-3263e0b33ab2,AWS Certified Cloud Practitioner,Amazon Web Services,2026-03-14,2029-03-13,https://aws.amazon.com/certification/certified-cloud-practitioner/,2026-07-13 13:55:00
da9a3b93-08db-5324-8d2f-ea29621c3eb8,3cdbdae3-b31c-7f58-a34b-119c96b6b02d,Certified Kubernetes Administrator (CKA),CNCF / Linux Foundation,2026-06-25,2029-06-24,https://training.linuxfoundation.org/certification/certified-kubernetes-administrator-cka/,2026-07-19 17:57:00
629a422a-9961-4d7c-633b-e11b0e4028b2,ef711659-6bf9-ba83-5ffc-e64ea4bc9d00,HashiCorp Certified: Terraform Associate,HashiCorp,2024-07-19,2027-07-19,https://developer.hashicorp.com/certifications/infrastructure-automation,2026-08-12 17:56:00
47ab1725-ec6a-49cc-0f37-75e921d5c551,4d7be7bc-717f-9406-f099-e2c5a462f861,Microsoft Certified: Power BI Data Analyst Associate (PL-300),Microsoft,2024-08-13,,https://learn.microsoft.com/en-us/credentials/certifications/data-analyst-associate/,2026-07-31 15:46:00
5cf21e2a-9ad1-349f-f5e6-44dc2a5c6c4f,4d7be7bc-717f-9406-f099-e2c5a462f861,Splunk Core Certified User,Splunk,2025-06-09,,https://www.splunk.com/en_us/training/certification-track/splunk-core-certified-user.html,2026-07-31 15:46:00
9a5eeaed-9fb3-eb97-ed84-4efdedbd6e70,36c2b99c-b5c4-9a7d-6684-23eac21ac539,Machine Learning Specialization,DeepLearning.AI / Coursera,2025-11-29,,https://www.coursera.org/specializations/machine-learning-introduction,2026-09-14 00:02:00
2aa2b8e8-679e-bf9a-e314-c048ee03d5c4,36c2b99c-b5c4-9a7d-6684-23eac21ac539,Certified Kubernetes Administrator (CKA),CNCF / Linux Foundation,2023-11-13,2026-11-12,https://training.linuxfoundation.org/certification/certified-kubernetes-administrator-cka/,2026-09-14 00:02:00
424d4bde-407a-90e4-0f87-9cdbf450e7ae,dd905800-d3e2-fca6-e1fe-8042afc9968d,Machine Learning Specialization,DeepLearning.AI / Coursera,2025-02-22,,https://www.coursera.org/specializations/machine-learning-introduction,2026-07-08 07:39:00
07ee93ad-829a-f7b6-651c-4931ca2b63b2,f2bbe446-1cd9-c4e9-8de4-932b870b10ad,IBM Data Science Professional Certificate,IBM / Coursera,2025-11-06,,https://www.coursera.org/professional-certificates/ibm-data-science,2026-07-27 09:36:00
a1f8b3ca-5270-ae67-86dc-8f289115157d,2c87b924-bd89-c512-a262-94c7528b0bf0,PCEP – Certified Entry-Level Python Programmer,Python Institute,2025-11-13,,https://pythoninstitute.org/pcep,2026-07-09 20:38:00
cae1ce6e-dfb9-b84d-8091-81f7d6365c57,2c87b924-bd89-c512-a262-94c7528b0bf0,Google Data Analytics Professional Certificate,Google / Coursera,2023-10-07,,https://www.coursera.org/professional-certificates/google-data-analytics,2026-07-09 20:38:00
939d6421-d717-7676-49ae-1000cec4be6f,70edb0a7-8274-0a36-f3c7-d0749daf004a,Docker Certified Associate,Docker / Mirantis,2025-07-12,,https://training.mirantis.com/,2026-09-13 18:27:00
8811d8d3-9c02-e0e7-dcce-047266557b3f,d36a55e7-2c28-8fd2-c64d-8b62a0a4fcd3,Deep Learning Specialization,DeepLearning.AI / Coursera,2024-11-28,,https://www.coursera.org/specializations/deep-learning,2026-09-05 20:14:00
2f06c067-ee95-6016-8d2e-68915b818b02,d36a55e7-2c28-8fd2-c64d-8b62a0a4fcd3,Machine Learning Specialization,DeepLearning.AI / Coursera,2024-02-14,,https://www.coursera.org/specializations/machine-learning-introduction,2026-09-05 20:14:00
2984b0a0-f0de-1456-576d-6285b1f0d6be,3110f74a-95c1-4714-8447-d46eda3c6588,Machine Learning Specialization,DeepLearning.AI / Coursera,2025-09-15,,https://www.coursera.org/specializations/machine-learning-introduction,2026-09-10 13:02:00
84e9652b-62c0-0f99-3dd3-a606568ed8de,c2497592-c4e7-089f-5577-687409613f0a,IBM Data Science Professional Certificate,IBM / Coursera,2025-03-12,,https://www.coursera.org/professional-certificates/ibm-data-science,2026-07-07 03:31:00
eefa67f1-97a8-9bda-6ac0-052cd3f52c22,70299425-14e1-2e3d-63ab-e23fdc88cf47,Microsoft Certified: Azure Fundamentals (AZ-900),Microsoft,2025-03-18,,https://learn.microsoft.com/en-us/credentials/certifications/azure-fundamentals/,2026-07-16 18:19:00
ec789374-2f65-8af2-440c-648f1329ac7a,f4ea7f00-9f9c-b189-22ee-8ebb7fa88bfb,Google Cloud Digital Leader,Google Cloud,2023-10-28,2026-10-27,https://cloud.google.com/learn/certification/cloud-digital-leader,2026-07-05 20:48:00
8d90e61e-cc93-b3a3-1df1-2b3fbb38df1c,8d4b0ac3-5e75-784d-5b55-8e40cc4f73e2,HashiCorp Certified: Terraform Associate,HashiCorp,2026-03-19,2029-03-18,https://developer.hashicorp.com/certifications/infrastructure-automation,2026-09-18 13:46:00
1e2a102a-d774-3778-807e-a948309994a3,8d4b0ac3-5e75-784d-5b55-8e40cc4f73e2,Meta Back-End Developer Professional Certificate,Meta / Coursera,2025-09-30,,https://www.coursera.org/professional-certificates/meta-back-end-developer,2026-09-18 13:46:00
d41883b8-0883-a70d-4f10-88bac45556be,f46f33f6-0a9e-83e0-0dec-40bb09fded3a,Certified Kubernetes Administrator (CKA),CNCF / Linux Foundation,2025-02-08,2028-02-08,https://training.linuxfoundation.org/certification/certified-kubernetes-administrator-cka/,2026-09-19 21:11:00
ba66aaa3-aff0-e968-f1ce-900f0fd7e13b,4303a0c9-8f6d-a72b-8d1c-9d6e3146cdcc,Tableau Desktop Specialist,Tableau / Salesforce,2026-04-13,,https://www.tableau.com/learn/certification,2026-07-31 21:38:00
b4c75ac2-37cc-5a98-d3b5-d7af59d6971c,0e7a8a8c-455d-f117-4778-49ed2ccac70b,Docker Certified Associate,Docker / Mirantis,2025-06-10,,https://training.mirantis.com/,2026-07-25 20:26:00
72d453e4-eafd-9dd6-da7a-7fe5c1d0da2a,9fb52ca5-f23d-ac8b-d319-f68825e817ce,Cisco Certified Network Associate (CCNA),Cisco,2025-11-03,2028-11-02,https://www.cisco.com/site/us/en/learn/training-certifications/certifications/enterprise/ccna/index.html,2026-09-19 07:51:00
6a27dcaa-19d3-d014-d37f-305935dce3a2,d6da32ed-23fc-0b9a-6bc2-fdab2d24c42c,Docker Certified Associate,Docker / Mirantis,2025-12-09,,https://training.mirantis.com/,2026-07-23 06:32:00
8e422296-611b-f93c-e79b-ff3053ea1f0c,d6da32ed-23fc-0b9a-6bc2-fdab2d24c42c,Meta Front-End Developer Professional Certificate,Meta / Coursera,2024-12-07,,https://www.coursera.org/professional-certificates/meta-front-end-developer,2026-07-23 06:32:00
a9d4bf15-da2b-c670-e763-6f9dc11a04f8,94558a67-7cae-4ef0-4aa5-9c85ca5d7540,Certified Kubernetes Administrator (CKA),CNCF / Linux Foundation,2025-03-10,2028-03-09,https://training.linuxfoundation.org/certification/certified-kubernetes-administrator-cka/,2026-07-22 03:58:00
edb11571-8b8a-5a95-2bdc-cd44449d4d06,a7a23c21-7102-adad-a976-c24cde4f573c,Machine Learning Specialization,DeepLearning.AI / Coursera,2023-11-04,,https://www.coursera.org/specializations/machine-learning-introduction,2026-07-05 07:05:00
18c17f9b-fd22-d7ca-9917-4f54c6aa1f2c,184d82f6-5280-3524-2771-1d2de9f03d51,HashiCorp Certified: Terraform Associate,HashiCorp,2026-02-28,2029-02-27,https://developer.hashicorp.com/certifications/infrastructure-automation,2026-07-09 14:02:00
20933648-f7e4-0c34-2412-ef9a252ee0f8,184d82f6-5280-3524-2771-1d2de9f03d51,Microsoft Certified: Azure Fundamentals (AZ-900),Microsoft,2026-03-06,,https://learn.microsoft.com/en-us/credentials/certifications/azure-fundamentals/,2026-07-09 14:02:00
8085aa28-f16a-fd57-3dca-23bf0194d744,57f7e868-05ce-a1c8-f28e-25d2db4bfaed,Microsoft Certified: Azure Fundamentals (AZ-900),Microsoft,2026-02-06,,https://learn.microsoft.com/en-us/credentials/certifications/azure-fundamentals/,2026-08-24 11:40:00
d3d83e66-4034-4079-e5d7-67af3c120649,e6b47108-f1c2-3270-047e-bb0315269299,PCEP – Certified Entry-Level Python Programmer,Python Institute,2026-01-10,,https://pythoninstitute.org/pcep,2026-07-23 04:38:00
21df919b-d777-cb7e-3950-fecf66f3ec80,efc1f0f8-2a4e-6dbc-a16d-1c05929cfb3e,Microsoft Certified: Azure Fundamentals (AZ-900),Microsoft,2025-05-01,,https://learn.microsoft.com/en-us/credentials/certifications/azure-fundamentals/,2026-07-18 23:07:00
64af5225-67fc-65fd-72c4-25cc33fa56bb,91f4c046-addb-c1a4-d0b3-426a6db34afa,Deep Learning Specialization,DeepLearning.AI / Coursera,2026-06-24,,https://www.coursera.org/specializations/deep-learning,2026-07-25 01:44:00
5d14be9e-e98b-721d-cec8-fd4d03a6be25,369f7f7a-7ac2-5357-2563-bf4b76122116,Certified Kubernetes Administrator (CKA),CNCF / Linux Foundation,2026-04-06,2029-04-05,https://training.linuxfoundation.org/certification/certified-kubernetes-administrator-cka/,2026-08-27 03:34:00
bace7e8f-89ab-c545-95b7-ee4a3a1cb34c,369f7f7a-7ac2-5357-2563-bf4b76122116,PCEP – Certified Entry-Level Python Programmer,Python Institute,2025-11-21,,https://pythoninstitute.org/pcep,2026-08-27 03:34:00
c3afe007-3b89-186b-a558-de0dd96c49e7,658b15de-b0af-1a12-6155-c263f5913e7f,freeCodeCamp Responsive Web Design,freeCodeCamp,2023-12-08,,https://www.freecodecamp.org/learn/2022/responsive-web-design/,2026-07-29 17:21:00
a3578e2b-f47b-36a3-7bc3-4d062a4454fe,9b5e7ad6-b726-900f-25b7-2afb36696b91,Google Data Analytics Professional Certificate,Google / Coursera,2025-11-18,,https://www.coursera.org/professional-certificates/google-data-analytics,2026-09-11 15:16:00
48522043-75d6-fccb-f2e0-30a8229f690b,9b5e7ad6-b726-900f-25b7-2afb36696b91,Microsoft Office Specialist: Excel Associate,Microsoft,2023-11-26,,https://learn.microsoft.com/en-us/credentials/,2026-09-11 15:16:00
bee081db-c066-2cf3-0ba1-6b09050971f0,526257c4-f3b8-380b-0812-03f41671d55c,IBM Data Science Professional Certificate,IBM / Coursera,2026-04-17,,https://www.coursera.org/professional-certificates/ibm-data-science,2026-08-04 22:26:00
cd6ac783-9188-24b4-3805-e7dfbc0534e7,526257c4-f3b8-380b-0812-03f41671d55c,Tableau Desktop Specialist,Tableau / Salesforce,2025-01-03,,https://www.tableau.com/learn/certification,2026-08-04 22:26:00
7740c247-fe79-8ea8-88de-b216c6a2abd7,0bfe609b-a005-7a63-c6e6-c77d45979e46,Google Cloud Digital Leader,Google Cloud,2026-06-11,2029-06-10,https://cloud.google.com/learn/certification/cloud-digital-leader,2026-09-04 22:23:00
60868d3e-2dff-eeab-40da-1a1e4d123d71,be31f09c-6b92-9667-9e19-1064bf5448ce,CompTIA Security+,CompTIA,2025-12-08,2028-12-07,https://www.comptia.org/certifications/security,2026-08-10 08:51:00
c97f119f-f33f-9797-6900-4563ebbcfa63,f2af7447-7120-4759-2602-4d74ee13f69e,Meta Back-End Developer Professional Certificate,Meta / Coursera,2024-02-27,,https://www.coursera.org/professional-certificates/meta-back-end-developer,2026-07-18 00:12:00
a7380eea-af91-2bb3-351d-4bfbca56b86c,f2af7447-7120-4759-2602-4d74ee13f69e,Certified Kubernetes Administrator (CKA),CNCF / Linux Foundation,2024-01-05,2027-01-04,https://training.linuxfoundation.org/certification/certified-kubernetes-administrator-cka/,2026-07-18 00:12:00
73dd3f55-e024-6aee-2891-7a951c73b353,80447450-24c4-13c6-b97c-668631c90d3f,HashiCorp Certified: Terraform Associate,HashiCorp,2026-03-04,2029-03-03,https://developer.hashicorp.com/certifications/infrastructure-automation,2026-08-17 15:28:00
0d4b8b4e-ea76-c7e8-9c40-d0c6cc6d0692,7e14130d-756a-9508-eac4-85041c937ec8,Google Data Analytics Professional Certificate,Google / Coursera,2026-04-12,,https://www.coursera.org/professional-certificates/google-data-analytics,2026-08-30 18:33:00
d0bd50a9-0033-b901-2802-33df5f2a1fc0,c2dda23b-e568-46dd-a6e3-28811c783812,Microsoft Certified: Azure Fundamentals (AZ-900),Microsoft,2024-04-17,,https://learn.microsoft.com/en-us/credentials/certifications/azure-fundamentals/,2026-08-10 19:01:00
8eceb8bf-5b6c-35c6-86c8-e2a0378f96b6,362bc16d-e273-b361-6684-d00c6c1721ba,Meta Back-End Developer Professional Certificate,Meta / Coursera,2024-09-15,,https://www.coursera.org/professional-certificates/meta-back-end-developer,2026-07-07 16:45:00
8de12e10-8226-aaf4-e53a-59631e5a60c5,822d92dc-2aca-679b-aed6-e6fe40632e57,Microsoft Office Specialist: Excel Associate,Microsoft,2024-04-25,,https://learn.microsoft.com/en-us/credentials/,2026-07-09 02:36:00
d69f8a52-04f5-079e-a1e4-827740f158dc,822d92dc-2aca-679b-aed6-e6fe40632e57,Google Data Analytics Professional Certificate,Google / Coursera,2026-04-25,,https://www.coursera.org/professional-certificates/google-data-analytics,2026-07-09 02:36:00
e1b79c55-556a-5ad2-1abb-c9435e4b51f7,822d92dc-2aca-679b-aed6-e6fe40632e57,Tableau Desktop Specialist,Tableau / Salesforce,2025-04-07,,https://www.tableau.com/learn/certification,2026-07-09 02:36:00
136375a3-98e0-79ca-e9b5-20aa0a8c0d5d,eba25744-dc54-9563-92f9-7a434fd4b396,freeCodeCamp Responsive Web Design,freeCodeCamp,2024-06-09,,https://www.freecodecamp.org/learn/2022/responsive-web-design/,2026-08-02 18:41:00
277e2f46-3a14-c3da-3c03-d8f1095dd869,551af3e2-fec5-2464-d009-e1a83a9d0806,Google Cybersecurity Professional Certificate,Google / Coursera,2023-10-19,,https://www.coursera.org/professional-certificates/google-cybersecurity,2026-09-14 01:54:00
28e4035b-dc24-6dc9-a1d6-50ef392f5b7c,0d102dc1-a266-43b2-ca3f-c969146bdb60,Docker Certified Associate,Docker / Mirantis,2023-12-15,,https://training.mirantis.com/,2026-07-14 07:44:00
b5ad7309-72a1-f870-5a0e-d76234572829,bf702099-b172-e653-81c9-5893989d202a,Meta Front-End Developer Professional Certificate,Meta / Coursera,2024-11-06,,https://www.coursera.org/professional-certificates/meta-front-end-developer,2026-08-23 06:32:00
051187c0-91b1-8733-2a53-6a711d5044ec,a37ffe11-3d8d-eaae-4986-0cc48757efe2,PCEP – Certified Entry-Level Python Programmer,Python Institute,2025-09-28,,https://pythoninstitute.org/pcep,2026-09-06 00:51:00
c1b66ce9-8f40-213c-3caf-6d0df578ab23,e5349513-7b9f-9acf-77a8-9c95f16c8f20,AWS Certified Solutions Architect – Associate,Amazon Web Services,2025-12-20,2028-12-19,https://aws.amazon.com/certification/certified-solutions-architect-associate/,2026-07-27 00:49:00
27278c36-a6b3-2a50-5cac-3366b5e1a079,ccb2298e-7909-a3c4-6d4e-85752ae7d469,AWS Certified Cloud Practitioner,Amazon Web Services,2025-06-10,2028-06-09,https://aws.amazon.com/certification/certified-cloud-practitioner/,2026-07-29 02:50:00
3b2dc3ec-0633-d710-471f-1f98a70bc1d0,ccb2298e-7909-a3c4-6d4e-85752ae7d469,Docker Certified Associate,Docker / Mirantis,2026-04-28,,https://training.mirantis.com/,2026-07-29 02:50:00
160c4554-4dda-907c-1749-27ad8d6b4828,f9c9039e-efe2-549c-406a-d26ec238e8c2,Docker Certified Associate,Docker / Mirantis,2026-03-26,,https://training.mirantis.com/,2026-08-02 23:36:00
e0945c67-2526-45ec-fd10-5c810843c4b7,09ace1f1-65d6-b258-0b4a-9e8ec1eb1043,Meta Front-End Developer Professional Certificate,Meta / Coursera,2025-10-18,,https://www.coursera.org/professional-certificates/meta-front-end-developer,2026-09-19 10:31:00
22724570-4eaa-0434-0eb5-7dcb46810d7d,a41f589d-b52d-64a8-ac13-f4c73fef7a7f,Google Data Analytics Professional Certificate,Google / Coursera,2025-06-13,,https://www.coursera.org/professional-certificates/google-data-analytics,2026-09-17 02:42:00
7142c26e-cb95-cd3b-bb3c-905016fcd6b6,3c02ed1b-95e8-ec3b-56ff-90c2d98cdd62,Machine Learning Specialization,DeepLearning.AI / Coursera,2024-09-29,,https://www.coursera.org/specializations/machine-learning-introduction,2026-08-09 15:12:00
23f13c9f-eb13-c714-e777-dd90e068cb4e,410ae6b4-32b3-d8da-d5c3-a4500453b2c6,Meta Back-End Developer Professional Certificate,Meta / Coursera,2026-04-25,,https://www.coursera.org/professional-certificates/meta-back-end-developer,2026-07-14 00:38:00
5886c3be-1144-eb27-5040-4926d4fb3b15,855022b4-4012-db9b-4099-37cfb860f2cb,Meta Front-End Developer Professional Certificate,Meta / Coursera,2023-11-12,,https://www.coursera.org/professional-certificates/meta-front-end-developer,2026-07-22 22:57:00
2c13ae2f-5fc6-a947-a382-0b8836644d34,855022b4-4012-db9b-4099-37cfb860f2cb,Microsoft Certified: Azure Fundamentals (AZ-900),Microsoft,2025-03-06,,https://learn.microsoft.com/en-us/credentials/certifications/azure-fundamentals/,2026-07-22 22:57:00
34f0ff66-f0dd-3c3a-8fb3-02764b4a2824,68fc8bfc-0ed9-24be-9f79-adef7892e05d,IBM Data Science Professional Certificate,IBM / Coursera,2025-05-22,,https://www.coursera.org/professional-certificates/ibm-data-science,2026-08-18 12:00:00
78ab35d1-63d4-66c0-3af6-a4483950038c,68fc8bfc-0ed9-24be-9f79-adef7892e05d,Meta Back-End Developer Professional Certificate,Meta / Coursera,2025-01-26,,https://www.coursera.org/professional-certificates/meta-back-end-developer,2026-08-18 12:00:00
227af487-6813-f5ae-65c2-302c54cf2eb7,029f1aeb-18b1-0106-ba25-64e9a949d3be,PCEP – Certified Entry-Level Python Programmer,Python Institute,2025-06-29,,https://pythoninstitute.org/pcep,2026-07-14 09:18:00
78056c92-f982-aa8f-2e4d-346fc01d7705,b7a614fa-0601-ca13-e96e-f9e8a25751e5,Meta Back-End Developer Professional Certificate,Meta / Coursera,2026-05-19,,https://www.coursera.org/professional-certificates/meta-back-end-developer,2026-07-04 22:41:00
70b658a2-db3c-eb56-50fc-e257512371f8,be9bc594-ff48-832b-be02-a1372bac2948,Meta Back-End Developer Professional Certificate,Meta / Coursera,2024-07-13,,https://www.coursera.org/professional-certificates/meta-back-end-developer,2026-09-14 04:25:00
38857c7f-7109-34a9-4e84-05fae2ab9443,c2151ebc-ddb9-dbdb-3074-dd95bfe055b3,Microsoft Office Specialist: Excel Associate,Microsoft,2025-11-13,,https://learn.microsoft.com/en-us/credentials/,2026-07-24 06:13:00
e9ae9441-1a0d-91b6-620d-892900430549,583acb74-0ae6-cfb2-c750-3a1a97b1d4a0,Google Data Analytics Professional Certificate,Google / Coursera,2026-06-25,,https://www.coursera.org/professional-certificates/google-data-analytics,2026-07-26 19:30:00
69e94585-f695-872a-c7dd-3a4b108cace9,583acb74-0ae6-cfb2-c750-3a1a97b1d4a0,Certified Kubernetes Administrator (CKA),CNCF / Linux Foundation,2026-06-04,2029-06-03,https://training.linuxfoundation.org/certification/certified-kubernetes-administrator-cka/,2026-07-26 19:30:00
79723e50-9227-0b04-6790-bfe84e2326bf,583acb74-0ae6-cfb2-c750-3a1a97b1d4a0,Machine Learning Specialization,DeepLearning.AI / Coursera,2026-03-27,,https://www.coursera.org/specializations/machine-learning-introduction,2026-07-26 19:30:00
933ed738-63a5-9cd7-06a8-e5c6c46651d4,28d7c54e-cff0-bd79-baae-4d5096649c52,Meta Front-End Developer Professional Certificate,Meta / Coursera,2024-12-28,,https://www.coursera.org/professional-certificates/meta-front-end-developer,2026-09-06 09:42:00
7b27f94c-0099-11ca-ac9e-809501385aa6,28d7c54e-cff0-bd79-baae-4d5096649c52,Google Data Analytics Professional Certificate,Google / Coursera,2025-12-04,,https://www.coursera.org/professional-certificates/google-data-analytics,2026-09-06 09:42:00
3ab40420-f971-4c72-f7e3-6bfce7995fbe,3c20d58a-389b-020e-1ff8-1e4d52117bc0,Google Data Analytics Professional Certificate,Google / Coursera,2024-06-28,,https://www.coursera.org/professional-certificates/google-data-analytics,2026-08-29 21:18:00
4009ad97-0c72-c85d-e8b3-e5cc39eacd04,8fb47399-7248-7887-e1f4-919671540bfb,Microsoft Certified: Azure Fundamentals (AZ-900),Microsoft,2026-04-03,,https://learn.microsoft.com/en-us/credentials/certifications/azure-fundamentals/,2026-08-01 19:33:00
af0ef683-acd8-442c-2483-d59876de38ed,8fb47399-7248-7887-e1f4-919671540bfb,Meta Back-End Developer Professional Certificate,Meta / Coursera,2025-10-05,,https://www.coursera.org/professional-certificates/meta-back-end-developer,2026-08-01 19:33:00
c65fa3c8-151f-fb51-7eb2-0efb2acbfc51,568b95c5-ac13-3f93-ad67-fb69d3a1b9d3,PCEP – Certified Entry-Level Python Programmer,Python Institute,2026-01-10,,https://pythoninstitute.org/pcep,2026-07-22 12:54:00
8878dc35-27c0-6c74-a848-db6aa639e0ac,dd3d1108-c757-1c55-509c-c09850e6a826,PCEP – Certified Entry-Level Python Programmer,Python Institute,2026-04-06,,https://pythoninstitute.org/pcep,2026-08-02 17:16:00
3bb74145-3041-df05-27a9-b78feca618e7,dd3d1108-c757-1c55-509c-c09850e6a826,Meta Back-End Developer Professional Certificate,Meta / Coursera,2024-06-17,,https://www.coursera.org/professional-certificates/meta-back-end-developer,2026-08-02 17:16:00
32ab4b83-66cb-9040-f16e-8ecdd8d71563,b9999eb0-bcae-bb87-49c3-3677b528fc82,IBM Data Science Professional Certificate,IBM / Coursera,2025-03-20,,https://www.coursera.org/professional-certificates/ibm-data-science,2026-07-29 15:56:00
7c03d505-cbec-bb31-1b93-f400ad69f8fd,1b330c8d-f828-8d9a-b8fa-09de49201f65,IBM Data Science Professional Certificate,IBM / Coursera,2025-12-04,,https://www.coursera.org/professional-certificates/ibm-data-science,2026-07-22 12:55:00
ab99bb85-3e02-c046-f6a8-e2d6884988a3,1b330c8d-f828-8d9a-b8fa-09de49201f65,Google Cloud Digital Leader,Google Cloud,2026-07-26,2029-07-25,https://cloud.google.com/learn/certification/cloud-digital-leader,2026-07-22 12:55:00
c9481096-472e-55d6-f1b0-f5f362a1e1c2,46b5673c-2ec9-ae1e-c320-292cc6ff8190,IBM Data Science Professional Certificate,IBM / Coursera,2025-12-28,,https://www.coursera.org/professional-certificates/ibm-data-science,2026-08-28 12:55:00
e67fd29f-7518-efca-a842-cbad541d9dab,d7b7e911-0b9d-84ca-e53c-27e112c7fc29,Deep Learning Specialization,DeepLearning.AI / Coursera,2025-04-21,,https://www.coursera.org/specializations/deep-learning,2026-09-20 05:51:00
a18133be-633a-5742-e126-67cea2876999,da72994f-4261-d8e8-43d3-f0c5275e0556,PCEP – Certified Entry-Level Python Programmer,Python Institute,2025-05-02,,https://pythoninstitute.org/pcep,2026-07-31 18:27:00
4a4ef4a0-3045-10c6-5a43-161f6b0737a0,4d9f1c22-5cf2-4443-7782-26abb6322fe2,AWS Certified Solutions Architect – Associate,Amazon Web Services,2025-07-24,2028-07-23,https://aws.amazon.com/certification/certified-solutions-architect-associate/,2026-08-26 20:42:00
172462fa-5033-a705-8a22-eb7b28397b5e,4d9f1c22-5cf2-4443-7782-26abb6322fe2,Microsoft Certified: Power BI Data Analyst Associate (PL-300),Microsoft,2025-06-11,,https://learn.microsoft.com/en-us/credentials/certifications/data-analyst-associate/,2026-08-26 20:42:00
b132df23-6220-69a0-8a6c-3ce619989025,103c898a-7076-612f-8955-51e8584613e1,Tableau Desktop Specialist,Tableau / Salesforce,2024-11-23,,https://www.tableau.com/learn/certification,2026-08-27 03:29:00
034a233d-597e-a6e3-45ac-a65ffe28b5f4,8be81a79-a699-34c1-4567-586a369ef7b9,HashiCorp Certified: Terraform Associate,HashiCorp,2024-09-02,2027-09-02,https://developer.hashicorp.com/certifications/infrastructure-automation,2026-08-25 21:35:00
05f542fd-2112-9d3d-2bbc-4c1fced88ff1,caa300f5-6beb-8e4d-f163-2c2bc1bb0119,Microsoft Office Specialist: Excel Associate,Microsoft,2025-12-22,,https://learn.microsoft.com/en-us/credentials/,2026-07-30 07:13:00
cbf7ea7c-f353-e9a1-8ee6-46dfd47126dc,caa300f5-6beb-8e4d-f163-2c2bc1bb0119,Meta Back-End Developer Professional Certificate,Meta / Coursera,2025-09-07,,https://www.coursera.org/professional-certificates/meta-back-end-developer,2026-07-30 07:13:00
e21bbc59-704f-6a34-c44c-0715b1d1334c,caa300f5-6beb-8e4d-f163-2c2bc1bb0119,Machine Learning Specialization,DeepLearning.AI / Coursera,2025-03-17,,https://www.coursera.org/specializations/machine-learning-introduction,2026-07-30 07:13:00
0d6b6692-47de-a882-005d-8d4e97be66e4,83155de9-682e-ae3b-0741-443cd31bdc3c,IBM Data Science Professional Certificate,IBM / Coursera,2025-07-24,,https://www.coursera.org/professional-certificates/ibm-data-science,2026-07-26 17:27:00
794e56ca-6087-e4da-87a5-1da01b593a88,83155de9-682e-ae3b-0741-443cd31bdc3c,AWS Certified Solutions Architect – Associate,Amazon Web Services,2025-06-06,2028-06-05,https://aws.amazon.com/certification/certified-solutions-architect-associate/,2026-07-26 17:27:00
a0958449-0bbf-1c06-620c-2199baefdaed,1142f626-b7cd-4bf8-bc5b-c101525ff699,PCEP – Certified Entry-Level Python Programmer,Python Institute,2025-05-02,,https://pythoninstitute.org/pcep,2026-08-04 16:35:00
5a8bf890-31c3-e89d-6baf-7a0c177831d1,078b416c-907d-36d0-6ed7-56d08936df1f,Google Data Analytics Professional Certificate,Google / Coursera,2026-04-21,,https://www.coursera.org/professional-certificates/google-data-analytics,2026-08-22 20:14:00
a9e429b6-297e-49fa-f254-0f53589c060d,f67bff87-26b6-c0c5-e2a6-e2396985ce2b,AWS Certified Solutions Architect – Associate,Amazon Web Services,2025-07-22,2028-07-21,https://aws.amazon.com/certification/certified-solutions-architect-associate/,2026-09-15 21:22:00
550a822f-7f01-e23e-136f-b230f7a2514a,5ef0f388-551d-e0bb-d4d5-5887eb5a9d41,Meta Back-End Developer Professional Certificate,Meta / Coursera,2026-05-30,,https://www.coursera.org/professional-certificates/meta-back-end-developer,2026-09-13 15:10:00
47ce8581-e04f-b13b-05d3-99b5e808606c,9b15b281-0f9e-5745-1939-b0478b0d21e5,Google Cybersecurity Professional Certificate,Google / Coursera,2026-04-19,,https://www.coursera.org/professional-certificates/google-cybersecurity,2026-08-05 22:58:00
6d9f0bc7-d923-9eb2-3cd0-8e59be3932a5,af17cd2c-836b-bac9-af20-9a7047e24b32,Google Data Analytics Professional Certificate,Google / Coursera,2024-07-10,,https://www.coursera.org/professional-certificates/google-data-analytics,2026-07-29 05:06:00
c0a9f182-afe7-96e5-585b-cb5645f185e1,ddf4a90e-92b6-3664-c4b8-f7bb6f6d5b53,CompTIA Security+,CompTIA,2024-07-21,2027-07-21,https://www.comptia.org/certifications/security,2026-07-07 01:38:00
5cf834d4-94f4-80b0-3b45-4b2c38e09b88,37eb346e-42c8-cbdc-ad9f-108a38d62c79,Meta Back-End Developer Professional Certificate,Meta / Coursera,2026-02-06,,https://www.coursera.org/professional-certificates/meta-back-end-developer,2026-09-07 05:03:00
60e3894d-c14f-f0e1-dee4-a2a63da7d298,374f0c94-f6ff-3a57-4927-e0005bffc57c,AWS Certified Solutions Architect – Associate,Amazon Web Services,2024-11-15,2027-11-15,https://aws.amazon.com/certification/certified-solutions-architect-associate/,2026-09-10 05:06:00
98c10e11-c8f6-baa4-c5fc-2587f79a2c69,374f0c94-f6ff-3a57-4927-e0005bffc57c,PCEP – Certified Entry-Level Python Programmer,Python Institute,2024-07-22,,https://pythoninstitute.org/pcep,2026-09-10 05:06:00
51e164b9-f56d-b22c-53a1-152e3d4d5bc7,71cda3d9-1366-801d-8624-3eaa2651dfd9,Tableau Desktop Specialist,Tableau / Salesforce,2026-07-08,,https://www.tableau.com/learn/certification,2026-07-24 08:43:00
37a079d2-ad9c-043e-a3cc-f5fe8569136d,71cda3d9-1366-801d-8624-3eaa2651dfd9,Microsoft Certified: Power BI Data Analyst Associate (PL-300),Microsoft,2026-03-26,,https://learn.microsoft.com/en-us/credentials/certifications/data-analyst-associate/,2026-07-24 08:43:00
53eec600-cb72-ac9a-baea-3fa3fb2186e7,71cda3d9-1366-801d-8624-3eaa2651dfd9,Cisco Certified Network Associate (CCNA),Cisco,2023-12-24,2026-12-23,https://www.cisco.com/site/us/en/learn/training-certifications/certifications/enterprise/ccna/index.html,2026-07-24 08:43:00
e01a708d-be43-ce11-7f19-ba2d2b3016bd,39426815-8f41-3d76-9067-0b70cff444a4,Tableau Desktop Specialist,Tableau / Salesforce,2025-12-17,,https://www.tableau.com/learn/certification,2026-08-11 17:31:00
f1356b23-81cb-f283-99f9-63c7397b8a89,6fbcfaf3-aa59-0617-de10-e9b57af6579b,PCEP – Certified Entry-Level Python Programmer,Python Institute,2024-04-24,,https://pythoninstitute.org/pcep,2026-07-08 11:49:00
c09ab15b-1e5c-6a5c-0f76-636770d1dca7,45d5b7cc-ca06-e7dc-0380-ef895dda3689,Tableau Desktop Specialist,Tableau / Salesforce,2025-06-06,,https://www.tableau.com/learn/certification,2026-09-15 05:19:00
eb969a40-d562-ed90-cdd3-1bc178a6786d,85238f9a-6d89-97fd-3233-5416c5b2bf69,Microsoft Certified: Power BI Data Analyst Associate (PL-300),Microsoft,2026-04-23,,https://learn.microsoft.com/en-us/credentials/certifications/data-analyst-associate/,2026-09-11 01:02:00
9ccfbab4-2b07-0319-7f5f-ffcfc5e2b218,37834ad7-b2e6-375a-a3a4-ef261a64c7ed,AWS Certified Cloud Practitioner,Amazon Web Services,2026-03-02,2029-03-01,https://aws.amazon.com/certification/certified-cloud-practitioner/,2026-09-02 08:46:00
ae1f7661-b2ab-8249-1a49-57f9d108af2a,70bbab96-86cb-a315-df1e-341c71d839b2,Microsoft Certified: Power BI Data Analyst Associate (PL-300),Microsoft,2025-11-22,,https://learn.microsoft.com/en-us/credentials/certifications/data-analyst-associate/,2026-07-22 23:04:00
6a440c9e-1283-e8e1-4c06-16a13eb30d93,70bbab96-86cb-a315-df1e-341c71d839b2,IBM Data Science Professional Certificate,IBM / Coursera,2026-07-26,,https://www.coursera.org/professional-certificates/ibm-data-science,2026-07-22 23:04:00
824d7cb7-f27e-d6bf-1633-ec9b0dedee23,a0af5fa7-803c-b80b-b530-50517a19da34,Docker Certified Associate,Docker / Mirantis,2026-03-14,,https://training.mirantis.com/,2026-09-14 08:05:00
ded2163b-c13f-b251-affb-5713fe14f655,52b656b2-541a-85a6-8e00-2cdb7b2e2ff8,PCEP – Certified Entry-Level Python Programmer,Python Institute,2025-11-04,,https://pythoninstitute.org/pcep,2026-07-04 20:27:00
3fcaecc3-944a-d68f-938d-b67bbeba0914,3917c48f-b6c6-d051-13d4-5b0c0808fc14,Docker Certified Associate,Docker / Mirantis,2024-10-27,,https://training.mirantis.com/,2026-08-12 19:24:00
4cacb974-0849-078b-3888-6e12970ce0ff,4ab346d7-1345-61d0-2b32-76ffc34fb56f,IBM Data Science Professional Certificate,IBM / Coursera,2026-04-10,,https://www.coursera.org/professional-certificates/ibm-data-science,2026-07-28 03:52:00
9a47e958-8f98-16f1-2421-a33d8782845c,28caeb39-978e-dea8-fba2-d8d7578130e5,Google Cybersecurity Professional Certificate,Google / Coursera,2026-02-16,,https://www.coursera.org/professional-certificates/google-cybersecurity,2026-07-20 11:13:00
bbf3fd57-ab47-ae79-7b00-8c7af88c6578,bbe95914-816e-3359-4cc1-9610cbfdae3f,Google Data Analytics Professional Certificate,Google / Coursera,2026-05-12,,https://www.coursera.org/professional-certificates/google-data-analytics,2026-07-18 15:49:00
c75220f2-e9b7-9e47-e174-b63fac8f3eac,84abfaaa-c7eb-4d92-d08e-2101ab1df688,PCEP – Certified Entry-Level Python Programmer,Python Institute,2024-07-20,,https://pythoninstitute.org/pcep,2026-09-08 01:15:00
98ef6c54-d07e-c045-bdb5-52e10129c640,433443e6-ff0f-c235-2bc9-9077bc70ab4a,Certified Kubernetes Administrator (CKA),CNCF / Linux Foundation,2026-02-04,2029-02-03,https://training.linuxfoundation.org/certification/certified-kubernetes-administrator-cka/,2026-07-15 09:11:00
afa15edb-b600-a86a-9e2b-1b6281707df9,1bc112a4-9daf-fe47-49fa-afdf6f112d28,HashiCorp Certified: Terraform Associate,HashiCorp,2025-04-05,2028-04-04,https://developer.hashicorp.com/certifications/infrastructure-automation,2026-08-14 04:10:00
db437b1c-8c7e-24b6-7cc1-de3d2c00f9f6,1bc112a4-9daf-fe47-49fa-afdf6f112d28,Docker Certified Associate,Docker / Mirantis,2025-06-05,,https://training.mirantis.com/,2026-08-14 04:10:00
a86daf73-cd6b-da8b-8ef7-300c6d062b10,37139a73-6bc7-fce6-eac1-eb52abcd8ce2,Docker Certified Associate,Docker / Mirantis,2024-11-28,,https://training.mirantis.com/,2026-07-25 06:53:00
90965d56-f736-4eef-ac1f-d137bff58ba0,802768b5-51bd-abb0-d258-219d1cc01545,HashiCorp Certified: Terraform Associate,HashiCorp,2025-12-21,2028-12-20,https://developer.hashicorp.com/certifications/infrastructure-automation,2026-07-09 10:10:00
ace94816-4eb1-5d85-d3e7-dd21e3afa7d6,802768b5-51bd-abb0-d258-219d1cc01545,Certified Ethical Hacker (CEH),EC-Council,2025-12-30,2028-12-29,https://www.eccouncil.org/train-certify/certified-ethical-hacker-ceh/,2026-07-09 10:10:00
49fa3b9d-dc17-c5ed-a136-69db03098e8e,2efa8ea3-d91e-6e67-0a29-24b3a4a8fe93,Tableau Desktop Specialist,Tableau / Salesforce,2026-05-13,,https://www.tableau.com/learn/certification,2026-08-19 02:35:00
2ff36251-7ac6-91e1-2e61-762cc8e5de08,abb9065d-b3eb-9fcc-7c5f-59323cbca62c,Certified Kubernetes Administrator (CKA),CNCF / Linux Foundation,2025-12-28,2028-12-27,https://training.linuxfoundation.org/certification/certified-kubernetes-administrator-cka/,2026-07-23 07:57:00
e0f2e617-fcf1-3e51-2235-526f1e47aacf,abb9065d-b3eb-9fcc-7c5f-59323cbca62c,Certified Ethical Hacker (CEH),EC-Council,2025-11-08,2028-11-07,https://www.eccouncil.org/train-certify/certified-ethical-hacker-ceh/,2026-07-23 07:57:00
75a94252-1d43-7626-9881-de3927f1ae26,db6b411d-de36-2f19-fa0f-4d0475f1e322,PCEP – Certified Entry-Level Python Programmer,Python Institute,2026-02-05,,https://pythoninstitute.org/pcep,2026-08-20 18:15:00
b824db7a-d75b-c966-0a11-6aeef2281dbd,6802a4bb-db70-143a-92a3-aad3f7f12b03,Microsoft Certified: Power BI Data Analyst Associate (PL-300),Microsoft,2025-08-01,,https://learn.microsoft.com/en-us/credentials/certifications/data-analyst-associate/,2026-07-11 11:24:00
b75bd961-bdde-56e1-4d8a-985ecfe56e38,6802a4bb-db70-143a-92a3-aad3f7f12b03,IBM Data Science Professional Certificate,IBM / Coursera,2024-10-05,,https://www.coursera.org/professional-certificates/ibm-data-science,2026-07-11 11:24:00
8c2943b5-61e4-76fc-48d1-bda9b80ad83f,61738125-3037-56d7-4e84-96329ee76889,Meta Back-End Developer Professional Certificate,Meta / Coursera,2025-09-28,,https://www.coursera.org/professional-certificates/meta-back-end-developer,2026-09-03 00:48:00
4c70a22c-d5ff-0d13-6834-8973bbd00cd1,61738125-3037-56d7-4e84-96329ee76889,IBM Data Science Professional Certificate,IBM / Coursera,2026-01-05,,https://www.coursera.org/professional-certificates/ibm-data-science,2026-09-03 00:48:00
b19a7f0f-cfc7-4327-f97c-a3ad8efa3fdc,65429789-e4de-46a0-ff06-e5741a80d4a2,Google Cybersecurity Professional Certificate,Google / Coursera,2025-01-11,,https://www.coursera.org/professional-certificates/google-cybersecurity,2026-09-14 11:53:00
a81ee340-37ee-7803-d7d9-d2d6fa36826a,39dbb3bd-d20c-aba2-c7c8-04cceca0d8f2,Certified Kubernetes Administrator (CKA),CNCF / Linux Foundation,2026-04-26,2029-04-25,https://training.linuxfoundation.org/certification/certified-kubernetes-administrator-cka/,2026-08-08 00:58:00
de981a0e-f7db-ae6e-cc31-a4f556df39e7,39dbb3bd-d20c-aba2-c7c8-04cceca0d8f2,CompTIA Security+,CompTIA,2025-09-11,2028-09-10,https://www.comptia.org/certifications/security,2026-08-08 00:58:00
467a657e-7ccd-b14e-6c2c-6cca8e889d8a,3c7cb5e6-ef41-ff84-1421-2205b0d88f65,PCEP – Certified Entry-Level Python Programmer,Python Institute,2025-08-13,,https://pythoninstitute.org/pcep,2026-07-03 16:16:00
bb0b17e9-a2ba-614e-ddb8-0299c2c5f923,3c7cb5e6-ef41-ff84-1421-2205b0d88f65,Meta Back-End Developer Professional Certificate,Meta / Coursera,2025-07-30,,https://www.coursera.org/professional-certificates/meta-back-end-developer,2026-07-03 16:16:00
5d648e95-0cee-7ca3-a84f-6448f9f54a86,8150f5ed-399c-cecd-563d-7618d3bac12e,Elements of AI,University of Helsinki,2025-08-06,,https://www.elementsofai.com/,2026-08-11 04:18:00
50b3f001-90f0-14db-4990-1901cf59d11d,fa3aae47-e891-24da-6d4f-9aa7f947e4f4,Google Data Analytics Professional Certificate,Google / Coursera,2026-04-19,,https://www.coursera.org/professional-certificates/google-data-analytics,2026-08-31 04:43:00
32dc0401-59fc-edce-65f6-7230cefdcba8,1e636d98-36f7-f8a4-0f95-c67de147f93e,Microsoft Office Specialist: Excel Associate,Microsoft,2025-10-01,,https://learn.microsoft.com/en-us/credentials/,2026-07-22 11:06:00
9c2fab34-a467-00df-99dc-7e7f975a3737,8048a5e8-1ce8-28c1-76e3-7be2e746516d,Google Data Analytics Professional Certificate,Google / Coursera,2025-08-12,,https://www.coursera.org/professional-certificates/google-data-analytics,2026-08-18 22:50:00
0d5d1016-584c-d121-5750-7980a88147c6,8048a5e8-1ce8-28c1-76e3-7be2e746516d,Docker Certified Associate,Docker / Mirantis,2026-05-26,,https://training.mirantis.com/,2026-08-18 22:50:00
d8da3c90-a7d3-9c99-96b9-517978155589,8048a5e8-1ce8-28c1-76e3-7be2e746516d,AWS Certified Solutions Architect – Associate,Amazon Web Services,2026-01-08,2029-01-07,https://aws.amazon.com/certification/certified-solutions-architect-associate/,2026-08-18 22:50:00
4e090665-b2da-2d02-e39c-63e78e4025ca,680149a7-482e-7021-4400-6151cf2b47d4,AWS Certified Solutions Architect – Associate,Amazon Web Services,2024-12-07,2027-12-07,https://aws.amazon.com/certification/certified-solutions-architect-associate/,2026-08-11 08:27:00
235da888-5d0e-7576-43c1-3087aed10961,74457c9f-ea20-1344-b2b2-2ac111d7d2fd,AWS Certified Solutions Architect – Associate,Amazon Web Services,2026-01-26,2029-01-25,https://aws.amazon.com/certification/certified-solutions-architect-associate/,2026-07-29 11:51:00
b3c5a072-4e53-5f89-ea63-a2f40e8cfb4d,798e251c-500d-6114-6c76-367ffdab9957,PCEP – Certified Entry-Level Python Programmer,Python Institute,2026-07-19,,https://pythoninstitute.org/pcep,2026-09-15 13:17:00
282280f6-0f36-534b-551b-f8d46d8c9448,cdd5a696-41f0-3ccf-2b02-9f5b1d6309b1,Certified Kubernetes Administrator (CKA),CNCF / Linux Foundation,2026-04-10,2029-04-09,https://training.linuxfoundation.org/certification/certified-kubernetes-administrator-cka/,2026-07-12 03:12:00
4f909d9f-ef65-2af0-ba69-9eb4bccb037b,cdd5a696-41f0-3ccf-2b02-9f5b1d6309b1,AWS Certified Solutions Architect – Associate,Amazon Web Services,2026-04-25,2029-04-24,https://aws.amazon.com/certification/certified-solutions-architect-associate/,2026-07-12 03:12:00
a7e59978-2067-2239-146c-1cf588a76f2e,91b365a4-9e84-f799-04d2-190b9220509f,IBM Data Science Professional Certificate,IBM / Coursera,2025-03-08,,https://www.coursera.org/professional-certificates/ibm-data-science,2026-08-20 05:46:00
15994386-26e2-6deb-7b2e-602680620282,102c0efd-99a0-56a3-6dfe-af1fdb75e3ec,IBM Data Science Professional Certificate,IBM / Coursera,2025-09-06,,https://www.coursera.org/professional-certificates/ibm-data-science,2026-07-18 20:59:00
2443bd5d-562f-019e-0e28-e62c710f2909,102c0efd-99a0-56a3-6dfe-af1fdb75e3ec,Microsoft Certified: Power BI Data Analyst Associate (PL-300),Microsoft,2026-02-20,,https://learn.microsoft.com/en-us/credentials/certifications/data-analyst-associate/,2026-07-18 20:59:00
56cb9751-d00d-ed5e-2ac2-4f6a24ed0811,30723123-c3b6-b5ad-2df3-40b80fa1038b,Google Cloud Digital Leader,Google Cloud,2024-03-13,2027-03-13,https://cloud.google.com/learn/certification/cloud-digital-leader,2026-08-30 05:24:00
9145ae05-9428-b9c9-c180-8592dd312471,30723123-c3b6-b5ad-2df3-40b80fa1038b,Certified Ethical Hacker (CEH),EC-Council,2024-11-05,2027-11-05,https://www.eccouncil.org/train-certify/certified-ethical-hacker-ceh/,2026-08-30 05:24:00
43a508c1-0ca3-5671-13fb-b9385ce239cf,5c4a635c-76b8-f2b3-4497-48f2f8751971,"Oracle Certified Associate, Java SE Programmer",Oracle,2024-09-12,,https://education.oracle.com/,2026-08-28 13:04:00
07b86614-daae-34e4-22c9-e1aaa1667db5,5c4a635c-76b8-f2b3-4497-48f2f8751971,Meta Back-End Developer Professional Certificate,Meta / Coursera,2024-11-14,,https://www.coursera.org/professional-certificates/meta-back-end-developer,2026-08-28 13:04:00
30cab107-075b-788a-6db0-9905e9005c27,05e4db3b-c1ad-33ee-6683-932b1f58260b,IBM Data Science Professional Certificate,IBM / Coursera,2026-01-12,,https://www.coursera.org/professional-certificates/ibm-data-science,2026-09-04 21:26:00
0068a64f-3a34-4b86-f390-252a282663fb,05916d36-bdc5-9782-f377-59b5ec0c569b,Microsoft Office Specialist: Excel Associate,Microsoft,2025-08-06,,https://learn.microsoft.com/en-us/credentials/,2026-07-28 04:38:00
fc435f1e-004e-c5d4-d1b4-83e30924235b,2529d046-50cd-3a2e-95ec-5c1ed751f618,Certified Kubernetes Administrator (CKA),CNCF / Linux Foundation,2023-10-21,2026-10-20,https://training.linuxfoundation.org/certification/certified-kubernetes-administrator-cka/,2026-07-18 02:58:00
fae4e3f6-1364-93df-e2c5-7016028ed3f0,2529d046-50cd-3a2e-95ec-5c1ed751f618,CompTIA Security+,CompTIA,2026-02-12,2029-02-11,https://www.comptia.org/certifications/security,2026-07-18 02:58:00
e022bee4-759d-837f-b0d4-536e013792ed,444270fe-6e73-c9af-09d3-dadd70afff2b,Certified Ethical Hacker (CEH),EC-Council,2023-12-02,2026-12-01,https://www.eccouncil.org/train-certify/certified-ethical-hacker-ceh/,2026-09-14 06:43:00
4b697dd0-71fa-fd73-6c6b-69e5fc20fce8,8712f8a8-8b34-d900-f274-c2fa069b85ce,AWS Certified Solutions Architect – Associate,Amazon Web Services,2026-03-14,2029-03-13,https://aws.amazon.com/certification/certified-solutions-architect-associate/,2026-07-26 18:55:00
9df2dae8-97a1-1d4c-f9c5-2f89a4722aa9,910d7601-4bba-127a-f699-cfdcf5fe1095,PCEP – Certified Entry-Level Python Programmer,Python Institute,2024-05-05,,https://pythoninstitute.org/pcep,2026-07-18 08:08:00
0212b392-e7ee-96d9-db4b-b6e04fa08916,dec72be0-f78b-1dc1-d084-c7345a78b27e,Tableau Desktop Specialist,Tableau / Salesforce,2025-12-02,,https://www.tableau.com/learn/certification,2026-07-04 18:52:00
836ebdb7-250b-8512-79a3-28b86dbd4d4a,c7d41d08-7b0c-c491-1e8b-892d699fcff9,Machine Learning Specialization,DeepLearning.AI / Coursera,2024-09-04,,https://www.coursera.org/specializations/machine-learning-introduction,2026-09-14 05:52:00
5e31ff65-df41-e3d1-5105-6e3e2a87c3cc,c52cd851-8191-58fa-a79e-8637670bfa0d,Meta Back-End Developer Professional Certificate,Meta / Coursera,2024-05-12,,https://www.coursera.org/professional-certificates/meta-back-end-developer,2026-09-09 17:04:00
0bfa23d4-329c-d1ec-661f-fff68c2cc1ae,36ba777d-1eb8-2632-a9e3-1a6460b0cec0,Meta Back-End Developer Professional Certificate,Meta / Coursera,2025-01-28,,https://www.coursera.org/professional-certificates/meta-back-end-developer,2026-07-19 23:37:00
8e8c139b-2a37-124b-0fc5-5a8e8b1bd57a,36ba777d-1eb8-2632-a9e3-1a6460b0cec0,Microsoft Office Specialist: Excel Associate,Microsoft,2025-10-27,,https://learn.microsoft.com/en-us/credentials/,2026-07-19 23:37:00
12cf0448-0209-8c4c-213c-4dc9ea68b62a,4d073ecd-9f32-abf9-0d02-cb3c9e1c029f,AWS Certified Solutions Architect – Associate,Amazon Web Services,2024-03-08,2027-03-08,https://aws.amazon.com/certification/certified-solutions-architect-associate/,2026-09-02 15:29:00
a7f3bc9a-aaef-69ec-e6fe-bd5c5c6d74fe,2e56984a-0fa8-3438-2420-b239791f81e1,Microsoft Certified: Azure Fundamentals (AZ-900),Microsoft,2024-04-10,,https://learn.microsoft.com/en-us/credentials/certifications/azure-fundamentals/,2026-08-06 08:55:00
f6b8b9e1-3708-ebfb-4c97-4b51ff43b3ad,f463074b-5d1e-f498-1291-91986989de38,Google Cloud Digital Leader,Google Cloud,2024-05-23,2027-05-23,https://cloud.google.com/learn/certification/cloud-digital-leader,2026-08-01 23:34:00
3700121e-039f-ccde-3f6d-31195de663b6,81bc9878-f94f-fea6-4fe0-06eec7f102cc,Google Cloud Digital Leader,Google Cloud,2025-09-01,2028-08-31,https://cloud.google.com/learn/certification/cloud-digital-leader,2026-08-30 15:58:00
cf90760d-6938-176e-02e8-a534c263e239,b2fb8e3f-b522-812f-bba4-34a6cca0fc22,Meta Front-End Developer Professional Certificate,Meta / Coursera,2026-07-26,,https://www.coursera.org/professional-certificates/meta-front-end-developer,2026-07-19 21:25:00
a4a401ea-973a-b62b-6a63-0ce421fbf9f7,b6ed5254-fcc8-c079-b5ea-ee9ad922c670,AWS Certified Solutions Architect – Associate,Amazon Web Services,2026-05-27,2029-05-26,https://aws.amazon.com/certification/certified-solutions-architect-associate/,2026-07-02 14:24:00
67ddf82b-8032-33ee-f4c2-1f01d82038ba,b6ed5254-fcc8-c079-b5ea-ee9ad922c670,Meta Back-End Developer Professional Certificate,Meta / Coursera,2026-01-21,,https://www.coursera.org/professional-certificates/meta-back-end-developer,2026-07-02 14:24:00
a73f4eb2-42b5-d320-5596-067184db3a2d,a69e6e6b-4f78-b4e6-0c59-d8724369ef4b,Meta Back-End Developer Professional Certificate,Meta / Coursera,2026-02-04,,https://www.coursera.org/professional-certificates/meta-back-end-developer,2026-09-15 03:41:00
5d681e8c-0209-6089-0d59-fc85671dd311,f252f5eb-4ee1-db75-8e07-e9009d32c00d,AWS Certified Solutions Architect – Associate,Amazon Web Services,2026-07-19,2029-07-18,https://aws.amazon.com/certification/certified-solutions-architect-associate/,2026-07-20 05:06:00
37b978bb-e786-687e-3a0c-5ebd242be876,f252f5eb-4ee1-db75-8e07-e9009d32c00d,Cisco Certified Network Associate (CCNA),Cisco,2024-06-15,2027-06-15,https://www.cisco.com/site/us/en/learn/training-certifications/certifications/enterprise/ccna/index.html,2026-07-20 05:06:00
85ec51d9-2a82-dc9b-79b3-3116a5b54193,5d401ab4-0247-21f3-1dbc-28a953f15057,Meta Front-End Developer Professional Certificate,Meta / Coursera,2026-03-16,,https://www.coursera.org/professional-certificates/meta-front-end-developer,2026-09-03 14:51:00
7ade631a-a5fa-1478-642e-2814475842aa,ee365d25-6abb-cb08-1622-f08a8d39d1ca,AWS Certified Solutions Architect – Associate,Amazon Web Services,2025-06-12,2028-06-11,https://aws.amazon.com/certification/certified-solutions-architect-associate/,2026-08-09 01:43:00
4c7c9378-b966-37e0-42a6-640abe3ea058,ee365d25-6abb-cb08-1622-f08a8d39d1ca,Google Data Analytics Professional Certificate,Google / Coursera,2025-10-19,,https://www.coursera.org/professional-certificates/google-data-analytics,2026-08-09 01:43:00
ec5d6270-c354-56a3-5070-e61d00cad1f9,02d490ef-464b-38da-e0a8-c88c2cbe33ab,Google Data Analytics Professional Certificate,Google / Coursera,2025-01-01,,https://www.coursera.org/professional-certificates/google-data-analytics,2026-09-20 01:30:00
8a1b88f2-b1c4-9d75-1658-ffc85472cd76,02d490ef-464b-38da-e0a8-c88c2cbe33ab,Tableau Desktop Specialist,Tableau / Salesforce,2025-10-30,,https://www.tableau.com/learn/certification,2026-09-20 01:30:00
1f3bbb9e-3d63-d707-efb8-fbe9051c4dfb,813dd1e7-925b-f7ac-2ea6-0c57d2c82775,freeCodeCamp Responsive Web Design,freeCodeCamp,2025-06-22,,https://www.freecodecamp.org/learn/2022/responsive-web-design/,2026-09-16 18:03:00
d6d78450-78aa-1e7c-09d7-dc180a1906a2,813dd1e7-925b-f7ac-2ea6-0c57d2c82775,Docker Certified Associate,Docker / Mirantis,2023-11-25,,https://training.mirantis.com/,2026-09-16 18:03:00
ae998ada-30f4-971e-f180-444e3e737840,07d4c2e5-2ded-3132-dec1-7200563c4f56,Meta Front-End Developer Professional Certificate,Meta / Coursera,2025-10-19,,https://www.coursera.org/professional-certificates/meta-front-end-developer,2026-08-04 05:29:00
09ffba7d-399a-67bd-c21f-c7adb36b467e,8ef175f9-f81f-3861-4161-99774b773415,Certified Kubernetes Administrator (CKA),CNCF / Linux Foundation,2024-09-10,2027-09-10,https://training.linuxfoundation.org/certification/certified-kubernetes-administrator-cka/,2026-09-10 16:57:00
421275f6-f26f-de53-be6d-8323723ad6e4,a60c3a6b-adc0-9f63-dd9f-bae9a279dc1d,AWS Certified Cloud Practitioner,Amazon Web Services,2024-05-11,2027-05-11,https://aws.amazon.com/certification/certified-cloud-practitioner/,2026-07-19 02:34:00
f8d5bf55-ab33-143a-fefd-88dc19700965,e26d0d05-30d7-a1f1-c32f-1b6ac7b80ad4,Machine Learning Specialization,DeepLearning.AI / Coursera,2026-06-08,,https://www.coursera.org/specializations/machine-learning-introduction,2026-07-11 14:53:00
265dafa2-4de8-2bdd-b4fe-d7bf60811564,b06e9c75-4fe6-8926-7d1f-84504425a16a,Google Data Analytics Professional Certificate,Google / Coursera,2025-11-26,,https://www.coursera.org/professional-certificates/google-data-analytics,2026-08-13 23:23:00
a5599b26-54ac-eb6a-5453-233d9a33afd7,44fe2160-2e10-0d99-beac-5f781198b13a,IBM Data Science Professional Certificate,IBM / Coursera,2024-07-11,,https://www.coursera.org/professional-certificates/ibm-data-science,2026-08-18 07:24:00
0e6082cc-5035-502a-0132-f78db1b3aec2,223c499d-5bd0-2d1d-1d3c-c5b1a63d290c,Google Cloud Digital Leader,Google Cloud,2025-07-26,2028-07-25,https://cloud.google.com/learn/certification/cloud-digital-leader,2026-09-14 06:51:00
ce8745ed-19ea-2d89-0843-ef24d972b558,65d8a880-cf0d-69dd-3721-6a9d29ff91aa,Google Data Analytics Professional Certificate,Google / Coursera,2025-07-24,,https://www.coursera.org/professional-certificates/google-data-analytics,2026-08-04 01:12:00
35ffe19b-ee22-a499-7eb2-31a470aea81b,65d8a880-cf0d-69dd-3721-6a9d29ff91aa,Docker Certified Associate,Docker / Mirantis,2025-10-06,,https://training.mirantis.com/,2026-08-04 01:12:00
c6482762-b866-a8d5-8adf-23be3d054fb7,65d8a880-cf0d-69dd-3721-6a9d29ff91aa,Microsoft Office Specialist: Excel Associate,Microsoft,2026-04-21,,https://learn.microsoft.com/en-us/credentials/,2026-08-04 01:12:00
d468083d-55a8-685a-a7f7-4a6fcadd8c59,c14bbcf0-1e16-9e66-11dc-04789c8192f8,Google Cybersecurity Professional Certificate,Google / Coursera,2024-09-16,,https://www.coursera.org/professional-certificates/google-cybersecurity,2026-07-04 22:15:00
c2b45e24-337f-223f-6ced-2e2fcce41b89,c14bbcf0-1e16-9e66-11dc-04789c8192f8,CompTIA Security+,CompTIA,2025-09-10,2028-09-09,https://www.comptia.org/certifications/security,2026-07-04 22:15:00
df2deb41-8a24-a3d3-0f2c-4922269fc6e8,a5f72469-eb8d-04c6-413d-c4daeb52e04c,Tableau Desktop Specialist,Tableau / Salesforce,2026-01-21,,https://www.tableau.com/learn/certification,2026-09-09 17:30:00
04371685-fa6a-86ea-e19f-69ffee5648af,1e97446f-d021-f4b4-d77c-2e6369c1880b,AWS Certified Solutions Architect – Associate,Amazon Web Services,2025-01-04,2028-01-04,https://aws.amazon.com/certification/certified-solutions-architect-associate/,2026-09-15 04:49:00
c07f81c8-6607-0e69-4b2a-b7d4529572f7,1e97446f-d021-f4b4-d77c-2e6369c1880b,Docker Certified Associate,Docker / Mirantis,2025-06-10,,https://training.mirantis.com/,2026-09-15 04:49:00
ca6e8f98-11d2-bb15-ec2e-a1f0da7dbf36,d138fd53-8fc6-5f53-e676-f8c367557a26,Meta Back-End Developer Professional Certificate,Meta / Coursera,2024-05-23,,https://www.coursera.org/professional-certificates/meta-back-end-developer,2026-07-08 21:46:00
60bdf4aa-d4ef-b9c0-d503-da6ba9decd7a,6fcb1d3e-6b32-7836-9eea-bd14f07d2a42,Meta Back-End Developer Professional Certificate,Meta / Coursera,2023-09-23,,https://www.coursera.org/professional-certificates/meta-back-end-developer,2026-07-20 03:49:00
09e8a8d4-3d2f-1825-a00c-1c52195deb7e,37d2d49d-cb6d-7a49-5bf8-3d14ca92ca7f,Microsoft Certified: Azure Fundamentals (AZ-900),Microsoft,2023-10-28,,https://learn.microsoft.com/en-us/credentials/certifications/azure-fundamentals/,2026-08-17 06:51:00
399cb177-c3c6-5c12-bbed-bdaeea91cac6,a6151069-4f11-ad91-55e8-4b8da3ab21e9,Microsoft Certified: Power BI Data Analyst Associate (PL-300),Microsoft,2025-03-20,,https://learn.microsoft.com/en-us/credentials/certifications/data-analyst-associate/,2026-08-12 18:33:00
86f82870-ad5d-afa8-de9e-a310427f8554,da9b775e-3942-89a4-67c5-59d78df2e094,Certified Kubernetes Administrator (CKA),CNCF / Linux Foundation,2025-03-08,2028-03-07,https://training.linuxfoundation.org/certification/certified-kubernetes-administrator-cka/,2026-08-08 17:41:00
5ef8fd20-c7c8-d85e-5cd7-07a8d6fb7e8b,1fe5b9dc-bdd4-11b9-7a84-4730a2a54440,"Oracle Certified Associate, Java SE Programmer",Oracle,2026-01-16,,https://education.oracle.com/,2026-09-03 09:00:00
014d3eb0-7ff1-d6ae-47a2-7785dd0ed2b1,30a6e719-00e8-8c28-2d8c-ea67cc1d3d1e,Machine Learning Specialization,DeepLearning.AI / Coursera,2026-02-14,,https://www.coursera.org/specializations/machine-learning-introduction,2026-09-15 09:26:00
ca0a7022-43e7-9145-897d-d16d54bcd43c,6bec5da9-80ff-22ff-ef93-85a0bd8e7ff4,Splunk Core Certified User,Splunk,2025-10-08,,https://www.splunk.com/en_us/training/certification-track/splunk-core-certified-user.html,2026-07-03 07:23:00
d34711ab-09c6-21b5-3090-4a21c9236279,26b1ce41-97b5-a825-b0bb-c545d31cdfcd,Deep Learning Specialization,DeepLearning.AI / Coursera,2026-05-04,,https://www.coursera.org/specializations/deep-learning,2026-08-11 22:21:00
aed18cce-d9fe-7f87-36ce-53735c900e97,070a9f69-5519-cb60-e988-b67cbfea0e0d,Deep Learning Specialization,DeepLearning.AI / Coursera,2025-02-13,,https://www.coursera.org/specializations/deep-learning,2026-07-16 03:32:00
144d3923-0378-8278-60ec-156c6df80e01,74b77654-85c3-0849-dfbb-8b3330cc2132,Docker Certified Associate,Docker / Mirantis,2026-05-07,,https://training.mirantis.com/,2026-08-29 10:53:00
55c12384-fd8c-dffc-363f-d0de2284eaf8,40de6050-8545-e25f-fbee-b3da1054c0fa,freeCodeCamp Responsive Web Design,freeCodeCamp,2025-08-20,,https://www.freecodecamp.org/learn/2022/responsive-web-design/,2026-07-29 17:25:00
80c6d2ac-0ff3-8288-8ab0-a89ef706ff84,40de6050-8545-e25f-fbee-b3da1054c0fa,Microsoft Certified: Azure Fundamentals (AZ-900),Microsoft,2026-03-11,,https://learn.microsoft.com/en-us/credentials/certifications/azure-fundamentals/,2026-07-29 17:25:00
26cc3ef1-5054-bd1d-7c12-2cd65c88d4a4,b8687130-1060-bc08-76de-14b3e8f2cfdc,Splunk Core Certified User,Splunk,2025-08-24,,https://www.splunk.com/en_us/training/certification-track/splunk-core-certified-user.html,2026-09-08 18:35:00
cc6abdf4-bc67-67f4-faf9-4d77c5e5fee5,b0416534-8f69-2297-3903-dd9374e7c186,Microsoft Certified: Azure Fundamentals (AZ-900),Microsoft,2026-07-06,,https://learn.microsoft.com/en-us/credentials/certifications/azure-fundamentals/,2026-08-20 00:25:00
2c282776-0c6d-6f4f-5f8f-5741dfe10323,b0416534-8f69-2297-3903-dd9374e7c186,IBM Data Science Professional Certificate,IBM / Coursera,2026-07-11,,https://www.coursera.org/professional-certificates/ibm-data-science,2026-08-20 00:25:00
f4910f51-b9dc-d950-ac0b-c48c4df0e216,b0416534-8f69-2297-3903-dd9374e7c186,HashiCorp Certified: Terraform Associate,HashiCorp,2025-01-11,2028-01-11,https://developer.hashicorp.com/certifications/infrastructure-automation,2026-08-20 00:25:00
4fd81f5b-99b2-93fa-7062-7cc114bbe540,47acf6ca-2623-595f-6bbc-cf7f019ba6e9,PCEP – Certified Entry-Level Python Programmer,Python Institute,2025-08-04,,https://pythoninstitute.org/pcep,2026-08-08 23:22:00
3cd0e059-74b7-ccae-8a73-b7b72e78ad2b,e35703df-a99a-f0c0-e29f-f0ec7a72b869,Docker Certified Associate,Docker / Mirantis,2025-12-29,,https://training.mirantis.com/,2026-08-01 03:15:00
4ca8a3e6-c8bf-ebae-ccce-0149ef010439,e35703df-a99a-f0c0-e29f-f0ec7a72b869,"Oracle Certified Associate, Java SE Programmer",Oracle,2026-02-17,,https://education.oracle.com/,2026-08-01 03:15:00
a521ca15-085f-e17e-9524-f297f7daf8e7,1d41e209-5ee6-80f2-5583-53ee6801810e,freeCodeCamp Responsive Web Design,freeCodeCamp,2025-07-08,,https://www.freecodecamp.org/learn/2022/responsive-web-design/,2026-08-04 11:17:00
8335f9f6-d9b8-07ab-da47-7a8c823a694b,1d41e209-5ee6-80f2-5583-53ee6801810e,CompTIA Security+,CompTIA,2025-12-15,2028-12-14,https://www.comptia.org/certifications/security,2026-08-04 11:17:00
74749c96-64fc-73b4-c8c6-ed89a236c720,10cfd553-b128-bbe0-be05-73674a39bfda,freeCodeCamp Responsive Web Design,freeCodeCamp,2025-03-08,,https://www.freecodecamp.org/learn/2022/responsive-web-design/,2026-07-11 05:58:00
a7507559-29f2-3ad0-c2be-86319a957302,6f6a407b-d5d5-89c9-87d3-696cd119ea92,IBM Data Science Professional Certificate,IBM / Coursera,2025-07-13,,https://www.coursera.org/professional-certificates/ibm-data-science,2026-07-25 14:18:00
a71b0bc8-cb23-0a1d-b053-aab13dda203e,6f6a407b-d5d5-89c9-87d3-696cd119ea92,"Oracle Certified Associate, Java SE Programmer",Oracle,2023-10-08,,https://education.oracle.com/,2026-07-25 14:18:00
c4e03096-9401-7910-4016-5ae8f1496a38,6f6a407b-d5d5-89c9-87d3-696cd119ea92,Machine Learning Specialization,DeepLearning.AI / Coursera,2025-09-02,,https://www.coursera.org/specializations/machine-learning-introduction,2026-07-25 14:18:00
0ad0ba5b-d00d-e8ad-e269-d5d51929e75e,8c470825-5e73-e0e8-b942-6f38e597327d,IBM Data Science Professional Certificate,IBM / Coursera,2024-12-08,,https://www.coursera.org/professional-certificates/ibm-data-science,2026-07-13 00:40:00
0a678a4b-f83e-f663-f50f-9203d278efa3,4008ed48-ff91-9532-eb98-75bf154e8572,AWS Certified Cloud Practitioner,Amazon Web Services,2024-07-06,2027-07-06,https://aws.amazon.com/certification/certified-cloud-practitioner/,2026-08-27 12:50:00
115a5163-c39b-f24c-1fb1-6436c6ea7ab2,d75a1cf9-e9dc-2796-8664-d8b101ec6ce5,Certified Kubernetes Administrator (CKA),CNCF / Linux Foundation,2026-06-02,2029-06-01,https://training.linuxfoundation.org/certification/certified-kubernetes-administrator-cka/,2026-09-13 09:41:00
04649169-6d2f-6b73-5e31-0a63bfdda6fd,7df5cf3e-ffc0-993c-465d-70bd2ac12e94,"Oracle Certified Associate, Java SE Programmer",Oracle,2024-03-01,,https://education.oracle.com/,2026-07-03 19:02:00
64033dd8-c0f2-295e-507b-ae184e899513,7df5cf3e-ffc0-993c-465d-70bd2ac12e94,Google Data Analytics Professional Certificate,Google / Coursera,2024-09-07,,https://www.coursera.org/professional-certificates/google-data-analytics,2026-07-03 19:02:00
ff8d85cd-2de1-c075-1883-84517ec4f401,d08e4662-cec3-8f87-b3f4-16fb0839d93c,PCEP – Certified Entry-Level Python Programmer,Python Institute,2026-01-06,,https://pythoninstitute.org/pcep,2026-07-03 23:44:00
57432502-d6cb-53c6-2007-62a730da7f81,a4977828-caa5-ea2d-eed2-c2f6a6026ce3,Splunk Core Certified User,Splunk,2024-11-04,,https://www.splunk.com/en_us/training/certification-track/splunk-core-certified-user.html,2026-09-01 03:13:00
35f6d5cf-0d39-cd7d-b090-b76eddec0a49,a4977828-caa5-ea2d-eed2-c2f6a6026ce3,Microsoft Certified: Azure Fundamentals (AZ-900),Microsoft,2024-01-01,,https://learn.microsoft.com/en-us/credentials/certifications/azure-fundamentals/,2026-09-01 03:13:00
1736f29b-6842-73a3-d062-10458dd6858f,5f82066f-bc2f-1fcf-768e-87659fa58d63,Certified Kubernetes Administrator (CKA),CNCF / Linux Foundation,2025-11-27,2028-11-26,https://training.linuxfoundation.org/certification/certified-kubernetes-administrator-cka/,2026-08-21 12:02:00
96468333-bce9-fbcc-7651-c1320ab0bec2,ff780d91-1642-6272-8c61-347e9920d429,AWS Certified Cloud Practitioner,Amazon Web Services,2025-06-28,2028-06-27,https://aws.amazon.com/certification/certified-cloud-practitioner/,2026-07-14 03:37:00
c6bb91d0-5f6e-c628-f914-35d571fea3c4,6fbce321-056f-7744-31b5-056d3315f13d,CompTIA Security+,CompTIA,2026-04-29,2029-04-28,https://www.comptia.org/certifications/security,2026-08-21 03:42:00
1ffdef2a-8915-beb9-b20c-6fbc4c7ae422,8b193ab1-5276-28c3-3332-c2f3d28e5bea,Microsoft Certified: Power BI Data Analyst Associate (PL-300),Microsoft,2025-12-09,,https://learn.microsoft.com/en-us/credentials/certifications/data-analyst-associate/,2026-09-02 12:30:00
d6105b5f-24d5-3cc5-1794-07854ac72e87,a02ff4c4-7e83-d297-bb96-56fad07887c5,Google Data Analytics Professional Certificate,Google / Coursera,2025-07-30,,https://www.coursera.org/professional-certificates/google-data-analytics,2026-08-26 18:11:00
66c0bc63-c4ee-997b-64cc-d821893da5c7,a02ff4c4-7e83-d297-bb96-56fad07887c5,Microsoft Certified: Power BI Data Analyst Associate (PL-300),Microsoft,2026-05-14,,https://learn.microsoft.com/en-us/credentials/certifications/data-analyst-associate/,2026-08-26 18:11:00
4ae753d8-2814-328a-28e4-37ff79541632,a02ff4c4-7e83-d297-bb96-56fad07887c5,Google Cybersecurity Professional Certificate,Google / Coursera,2025-10-14,,https://www.coursera.org/professional-certificates/google-cybersecurity,2026-08-26 18:11:00
e6d1f7ae-a85d-c1c5-bdee-91d18cf42a07,c7c888d0-aa72-7ff4-a22d-bae570646a10,Machine Learning Specialization,DeepLearning.AI / Coursera,2026-07-01,,https://www.coursera.org/specializations/machine-learning-introduction,2026-09-13 20:19:00
143d706f-2a5d-659c-369c-e781409690eb,7d2598f3-3e67-782e-8480-e20e57a0901d,Google Data Analytics Professional Certificate,Google / Coursera,2024-07-24,,https://www.coursera.org/professional-certificates/google-data-analytics,2026-08-16 13:48:00
58acaca9-c937-7347-085d-f6f8cbf737fc,2094c346-e996-7a70-8599-c92fb7d571d6,Meta Front-End Developer Professional Certificate,Meta / Coursera,2024-12-12,,https://www.coursera.org/professional-certificates/meta-front-end-developer,2026-07-29 19:12:00
7d478848-64da-3c4b-3793-fe41ce78765e,5e2425ce-bd84-839b-a836-bccf07f935a8,Machine Learning Specialization,DeepLearning.AI / Coursera,2026-07-05,,https://www.coursera.org/specializations/machine-learning-introduction,2026-07-15 18:55:00
f5f2be08-952a-0c5b-53bb-f7eb85618a07,5e2425ce-bd84-839b-a836-bccf07f935a8,Certified Kubernetes Administrator (CKA),CNCF / Linux Foundation,2025-12-06,2028-12-05,https://training.linuxfoundation.org/certification/certified-kubernetes-administrator-cka/,2026-07-15 18:55:00
907bd8ad-9e36-e601-0167-95c6f8f62426,bb57675f-42c8-35b8-8f50-1976d7786513,Google Data Analytics Professional Certificate,Google / Coursera,2024-08-13,,https://www.coursera.org/professional-certificates/google-data-analytics,2026-07-06 22:08:00
a8d43492-6b85-1237-faba-1e803fae367b,bb8e047b-6e80-d2fe-34ab-a529a4a31dbe,freeCodeCamp Responsive Web Design,freeCodeCamp,2025-01-28,,https://www.freecodecamp.org/learn/2022/responsive-web-design/,2026-08-05 04:40:00
6a42df5c-f52f-16dd-6045-6749d87d5bf6,079b0366-b84e-7b9e-895e-722cc101b320,Certified Kubernetes Administrator (CKA),CNCF / Linux Foundation,2025-08-14,2028-08-13,https://training.linuxfoundation.org/certification/certified-kubernetes-administrator-cka/,2026-09-12 22:49:00
5d54f156-e35a-e4af-5080-150c8aa9271a,3723d015-3117-c089-c9c3-9719d2ad1255,Meta Back-End Developer Professional Certificate,Meta / Coursera,2026-07-20,,https://www.coursera.org/professional-certificates/meta-back-end-developer,2026-09-18 08:19:00
32f3453f-7b6f-6620-63e1-1dbadb4b017b,3723d015-3117-c089-c9c3-9719d2ad1255,Microsoft Office Specialist: Excel Associate,Microsoft,2024-08-06,,https://learn.microsoft.com/en-us/credentials/,2026-09-18 08:19:00
c39a4602-3398-3e80-e779-ed7725f0220a,5ee19e02-3ea7-0fe2-bede-6bb17c8b9118,Meta Front-End Developer Professional Certificate,Meta / Coursera,2024-09-13,,https://www.coursera.org/professional-certificates/meta-front-end-developer,2026-08-26 04:53:00
3065c9d5-6902-d1a0-b6b4-ad01e9434a18,8aa31ad9-ef9b-280b-e2d6-d1ad771d4475,Certified Kubernetes Administrator (CKA),CNCF / Linux Foundation,2026-03-22,2029-03-21,https://training.linuxfoundation.org/certification/certified-kubernetes-administrator-cka/,2026-07-05 06:44:00
c63ddaeb-3008-361e-7fcd-8ce4ff7ee7dd,8aa31ad9-ef9b-280b-e2d6-d1ad771d4475,Google Cloud Digital Leader,Google Cloud,2025-06-25,2028-06-24,https://cloud.google.com/learn/certification/cloud-digital-leader,2026-07-05 06:44:00
9f85cc63-277c-f26b-e1f2-f2c3b4f97ea4,62ccf2a1-0594-b46c-0ae1-420b6989a274,"Oracle Certified Associate, Java SE Programmer",Oracle,2025-07-03,,https://education.oracle.com/,2026-07-31 14:02:00
916ef047-fadf-ab01-5c84-4e03611eb84c,910f65d0-19da-2695-5b2e-fe4acf0ee0d4,Microsoft Office Specialist: Excel Associate,Microsoft,2026-01-08,,https://learn.microsoft.com/en-us/credentials/,2026-09-19 10:43:00
d82ca6fc-884a-5db7-0073-3333ca6fef53,22086674-ad35-4178-caa4-cc861b133946,Google Data Analytics Professional Certificate,Google / Coursera,2026-06-27,,https://www.coursera.org/professional-certificates/google-data-analytics,2026-08-06 09:05:00
28b04929-6ffe-dd8d-167e-64ecb461465b,9e48dfdf-b280-f38a-5671-6d3e76e821bf,Meta Front-End Developer Professional Certificate,Meta / Coursera,2025-12-13,,https://www.coursera.org/professional-certificates/meta-front-end-developer,2026-07-03 23:01:00
227437a4-1b3d-2b81-ba3a-78c1eecc9905,19cfe93c-36a9-5526-2452-344172974d9a,Meta Back-End Developer Professional Certificate,Meta / Coursera,2026-07-02,,https://www.coursera.org/professional-certificates/meta-back-end-developer,2026-09-04 05:47:00
2969d518-b831-bfb1-2ebd-fa9cb6e396b0,7209690e-7f2e-b0dd-0948-22312026d6f7,IBM Data Science Professional Certificate,IBM / Coursera,2024-06-09,,https://www.coursera.org/professional-certificates/ibm-data-science,2026-09-18 16:47:00
fde28cd8-f733-be74-d9ea-f78ffb92065b,d7222257-f4bb-23d2-16ee-85cee4209a4a,Certified Ethical Hacker (CEH),EC-Council,2026-05-08,2029-05-07,https://www.eccouncil.org/train-certify/certified-ethical-hacker-ceh/,2026-08-26 13:10:00
ee0d5b2a-40cf-a71f-1a66-d0a1a9e072d8,d7222257-f4bb-23d2-16ee-85cee4209a4a,Microsoft Certified: Power BI Data Analyst Associate (PL-300),Microsoft,2026-04-23,,https://learn.microsoft.com/en-us/credentials/certifications/data-analyst-associate/,2026-08-26 13:10:00
17bbfc3a-bd4b-534f-402b-1b8a5328b19b,fbc0ad41-a77f-f807-a4eb-3d1abce4371c,Machine Learning Specialization,DeepLearning.AI / Coursera,2024-05-12,,https://www.coursera.org/specializations/machine-learning-introduction,2026-08-21 20:14:00
5747da7a-7c5f-a2f7-058f-b7f3b250efb0,509b03f0-6fa7-d8bc-aae5-7bac37be8333,Microsoft Certified: Azure Fundamentals (AZ-900),Microsoft,2024-04-30,,https://learn.microsoft.com/en-us/credentials/certifications/azure-fundamentals/,2026-08-15 23:29:00
e21d357f-1df9-a3cf-3455-0d3a8ea1a5f9,509b03f0-6fa7-d8bc-aae5-7bac37be8333,Certified Kubernetes Administrator (CKA),CNCF / Linux Foundation,2023-09-11,2026-09-10,https://training.linuxfoundation.org/certification/certified-kubernetes-administrator-cka/,2026-08-15 23:29:00
f0cc090a-669d-f45d-34d3-72651692e707,faca3962-ee05-bace-7e9a-e83e74140e23,Certified Kubernetes Administrator (CKA),CNCF / Linux Foundation,2024-12-15,2027-12-15,https://training.linuxfoundation.org/certification/certified-kubernetes-administrator-cka/,2026-09-04 03:07:00
1a9e09ff-7fc5-f9e8-1e78-b8262a9d9d96,3f44c201-3acf-2672-cc15-640badffbc67,IBM Data Science Professional Certificate,IBM / Coursera,2025-08-06,,https://www.coursera.org/professional-certificates/ibm-data-science,2026-08-21 16:58:00
38ea7794-b423-d2fb-3910-ee0b9c1a9dd3,3f44c201-3acf-2672-cc15-640badffbc67,AWS Certified Solutions Architect – Associate,Amazon Web Services,2025-05-28,2028-05-27,https://aws.amazon.com/certification/certified-solutions-architect-associate/,2026-08-21 16:58:00
6b22585c-4830-96ca-bfd8-4aab110c505c,9101a4e3-c920-dc84-0bb0-295f55b96a16,Meta Back-End Developer Professional Certificate,Meta / Coursera,2026-01-02,,https://www.coursera.org/professional-certificates/meta-back-end-developer,2026-07-27 00:33:00
74b90fa9-c8ef-b654-91d5-fe4f86a144d6,9101a4e3-c920-dc84-0bb0-295f55b96a16,AWS Certified Cloud Practitioner,Amazon Web Services,2023-10-15,2026-10-14,https://aws.amazon.com/certification/certified-cloud-practitioner/,2026-07-27 00:33:00
168515eb-08e2-d0b6-3d5d-6adbedad1344,5ebd03f7-fe82-6455-46b4-7e64925657b2,PCEP – Certified Entry-Level Python Programmer,Python Institute,2025-12-02,,https://pythoninstitute.org/pcep,2026-07-05 13:56:00
73dd30a7-5068-3869-5513-c1220308fe79,433e95b2-c385-e02d-aa2d-dd0065c89d49,Meta Front-End Developer Professional Certificate,Meta / Coursera,2024-02-06,,https://www.coursera.org/professional-certificates/meta-front-end-developer,2026-09-13 13:23:00
2f4049f3-a53b-3c6e-337a-be8d554c9358,473667b2-b7cc-a6ac-6f67-09a94394e6f9,Meta Back-End Developer Professional Certificate,Meta / Coursera,2025-03-17,,https://www.coursera.org/professional-certificates/meta-back-end-developer,2026-09-15 16:32:00
b3193ada-35d3-367b-9f66-cac856ba6f7d,0a3d7242-7055-c40c-982c-76c052cc8677,Microsoft Certified: Power BI Data Analyst Associate (PL-300),Microsoft,2024-01-21,,https://learn.microsoft.com/en-us/credentials/certifications/data-analyst-associate/,2026-07-08 03:15:00
f021320c-4d3f-95e6-735b-c337360f9576,3971bed7-0f53-1333-c2c0-66e1cc2c30da,AWS Certified Cloud Practitioner,Amazon Web Services,2024-11-10,2027-11-10,https://aws.amazon.com/certification/certified-cloud-practitioner/,2026-08-21 18:33:00
97e57f0d-a21c-f612-ba5d-93e960d91ed8,21aaf73c-0241-f2bd-dbfc-f99dab080c86,Machine Learning Specialization,DeepLearning.AI / Coursera,2025-07-03,,https://www.coursera.org/specializations/machine-learning-introduction,2026-07-19 01:52:00
43ce49bd-76b9-e76c-ec97-e143d2070147,21aaf73c-0241-f2bd-dbfc-f99dab080c86,Cisco Certified Network Associate (CCNA),Cisco,2025-03-20,2028-03-19,https://www.cisco.com/site/us/en/learn/training-certifications/certifications/enterprise/ccna/index.html,2026-07-19 01:52:00
2db88a68-0e53-443d-0bce-6e1f8b74e158,21aaf73c-0241-f2bd-dbfc-f99dab080c86,Docker Certified Associate,Docker / Mirantis,2025-03-10,,https://training.mirantis.com/,2026-07-19 01:52:00
b210fc37-3156-904d-197b-0d5cede0b920,956d7c86-c83f-64a6-64e5-97c160ad4a36,Meta Back-End Developer Professional Certificate,Meta / Coursera,2025-05-30,,https://www.coursera.org/professional-certificates/meta-back-end-developer,2026-07-26 23:03:00
20fa6e8d-4f50-a35b-405d-172977d1d23b,956d7c86-c83f-64a6-64e5-97c160ad4a36,Google Data Analytics Professional Certificate,Google / Coursera,2024-10-11,,https://www.coursera.org/professional-certificates/google-data-analytics,2026-07-26 23:03:00
c59dc8c1-1f15-86c8-4de9-e712d277f48e,e6634e03-d6e6-dbd7-8d1b-7471e9a3ddf8,CompTIA Security+,CompTIA,2026-05-25,2029-05-24,https://www.comptia.org/certifications/security,2026-07-30 20:00:00
a2c485d9-e4cb-0e7a-2f1d-fc30fcc191cd,7d1e4b96-cf7e-1891-f177-5360341fa521,Meta Back-End Developer Professional Certificate,Meta / Coursera,2025-12-15,,https://www.coursera.org/professional-certificates/meta-back-end-developer,2026-08-03 05:08:00
257202d0-49e4-b6d5-3f1d-34239aad88bd,e2515ab0-ca33-05e1-e679-1e41a958b0c9,PCEP – Certified Entry-Level Python Programmer,Python Institute,2024-10-27,,https://pythoninstitute.org/pcep,2026-07-16 08:47:00
28de555f-315e-a818-d074-63a1089ee6d7,e2515ab0-ca33-05e1-e679-1e41a958b0c9,Microsoft Certified: Power BI Data Analyst Associate (PL-300),Microsoft,2025-12-27,,https://learn.microsoft.com/en-us/credentials/certifications/data-analyst-associate/,2026-07-16 08:47:00
88f820a5-760c-351a-2e81-79a509147f59,6e392885-77ed-d66b-550c-c590c537aa80,Microsoft Certified: Power BI Data Analyst Associate (PL-300),Microsoft,2025-03-16,,https://learn.microsoft.com/en-us/credentials/certifications/data-analyst-associate/,2026-09-17 22:25:00
fe893177-2e74-282b-db51-62eb7a4ae95c,d7553fe6-13dc-2370-70eb-b3494b680019,Docker Certified Associate,Docker / Mirantis,2025-09-07,,https://training.mirantis.com/,2026-08-23 04:38:00
b925f75a-b2db-946e-281d-89c049170431,74f99ff0-eaec-ea60-be3f-9b5224f7c361,AWS Certified Cloud Practitioner,Amazon Web Services,2026-06-07,2029-06-06,https://aws.amazon.com/certification/certified-cloud-practitioner/,2026-08-07 04:20:00
42bb2e74-f820-4855-c229-71d22e1b3555,136867c0-0857-0338-e63d-60f238d17471,AWS Certified Cloud Practitioner,Amazon Web Services,2025-10-21,2028-10-20,https://aws.amazon.com/certification/certified-cloud-practitioner/,2026-09-05 19:57:00
0140d503-2bfc-9689-4c7d-2333906d6e41,a25263a6-9fe3-9785-b1bb-9d82a734ba66,Microsoft Certified: Azure Fundamentals (AZ-900),Microsoft,2025-01-03,,https://learn.microsoft.com/en-us/credentials/certifications/azure-fundamentals/,2026-08-16 15:42:00
eb363090-e540-ef4b-41b3-d636b87afb80,86478f09-9686-a7f2-39ea-8faee674ba23,PCEP – Certified Entry-Level Python Programmer,Python Institute,2026-05-10,,https://pythoninstitute.org/pcep,2026-08-26 11:56:00
f91ee5f0-0347-fbff-ea16-5f338efb236e,948f6a0c-60f6-d8a7-38ba-d2e52de1ab43,Machine Learning Specialization,DeepLearning.AI / Coursera,2025-07-19,,https://www.coursera.org/specializations/machine-learning-introduction,2026-09-03 23:09:00
2cb8c0b3-f7fc-281c-eb82-a548fda9f694,948f6a0c-60f6-d8a7-38ba-d2e52de1ab43,Certified Ethical Hacker (CEH),EC-Council,2026-01-07,2029-01-06,https://www.eccouncil.org/train-certify/certified-ethical-hacker-ceh/,2026-09-03 23:09:00
c11c9b91-ffac-7d77-1e44-76c1dfbab982,5b90c5eb-40e8-cc4b-7ed2-5fdaec222f5d,"Oracle Certified Associate, Java SE Programmer",Oracle,2026-07-15,,https://education.oracle.com/,2026-07-30 03:33:00
9d102e0f-cf12-c7e0-7598-ba1da8510504,5b90c5eb-40e8-cc4b-7ed2-5fdaec222f5d,HashiCorp Certified: Terraform Associate,HashiCorp,2024-06-13,2027-06-13,https://developer.hashicorp.com/certifications/infrastructure-automation,2026-07-30 03:33:00
eee9a8a2-285f-f140-f340-2734e0a3824f,59243b83-1a4d-f54a-d9c6-8db8e1fea3e9,PCEP – Certified Entry-Level Python Programmer,Python Institute,2026-07-18,,https://pythoninstitute.org/pcep,2026-09-17 01:27:00
705b83de-878e-40ee-1bfc-120c6567342e,7a9d665d-b1af-78b9-3ad7-093ec1308eb3,AWS Certified Solutions Architect – Associate,Amazon Web Services,2025-03-22,2028-03-21,https://aws.amazon.com/certification/certified-solutions-architect-associate/,2026-08-05 16:59:00
319f9cd0-f0f4-6b4c-dea4-61e6bf61bd4f,d86664a7-8a1a-69a5-0e18-140784ab7154,freeCodeCamp Responsive Web Design,freeCodeCamp,2024-09-13,,https://www.freecodecamp.org/learn/2022/responsive-web-design/,2026-07-28 06:02:00
68a1d029-9ee2-7c96-3568-b2abc0a3aa42,d86664a7-8a1a-69a5-0e18-140784ab7154,Meta Back-End Developer Professional Certificate,Meta / Coursera,2026-04-01,,https://www.coursera.org/professional-certificates/meta-back-end-developer,2026-07-28 06:02:00
7067c4ff-504c-cc5f-5186-e20222b4268a,12d3d7b5-ccaf-ac61-c7fd-3206bb632492,Microsoft Office Specialist: Excel Associate,Microsoft,2026-05-23,,https://learn.microsoft.com/en-us/credentials/,2026-07-10 10:31:00
ee3c2994-20f5-e6e7-4da1-d58993e60e94,353d9119-bdf2-dca5-f499-97801df09ba4,Meta Back-End Developer Professional Certificate,Meta / Coursera,2026-03-03,,https://www.coursera.org/professional-certificates/meta-back-end-developer,2026-07-27 19:59:00
0977970e-fae0-8a2c-b02a-ad83636fa3c9,de738a54-8e88-38a0-71df-bfa157cd5fe1,AWS Certified Cloud Practitioner,Amazon Web Services,2024-06-26,2027-06-26,https://aws.amazon.com/certification/certified-cloud-practitioner/,2026-09-10 03:45:00
68fec1bf-f202-17ae-c9a1-e0a28f837e9f,42f947ee-39ab-ef09-5ba3-94c007acb5c9,Microsoft Certified: Power BI Data Analyst Associate (PL-300),Microsoft,2024-04-01,,https://learn.microsoft.com/en-us/credentials/certifications/data-analyst-associate/,2026-09-14 11:24:00
ba77d93c-882d-d105-1157-921ffcb49b9e,701df70f-804d-5ccd-f6b4-499cfcb77c7e,IBM Data Science Professional Certificate,IBM / Coursera,2026-08-02,,https://www.coursera.org/professional-certificates/ibm-data-science,2026-08-23 19:15:00
b01c47da-40f8-44db-aa9d-1a0eec579e08,0caab9c5-5431-f820-e2db-36217fd6e3ed,Certified Kubernetes Administrator (CKA),CNCF / Linux Foundation,2026-02-21,2029-02-20,https://training.linuxfoundation.org/certification/certified-kubernetes-administrator-cka/,2026-07-30 07:49:00
3304a2b1-f562-1571-9b91-c4f0582a7ba8,9c6e86d3-b899-0e19-5d5d-0966be8969ce,IBM Data Science Professional Certificate,IBM / Coursera,2025-06-30,,https://www.coursera.org/professional-certificates/ibm-data-science,2026-08-05 19:57:00
38ee169f-1e4c-bd2f-cf7d-540afc053e84,0fe18bb5-7344-10d9-aea9-47aabecaacef,"Oracle Certified Associate, Java SE Programmer",Oracle,2024-07-04,,https://education.oracle.com/,2026-08-31 15:03:00
dbe1bd6f-f04e-0de2-2db5-5603e19e9837,ee28468d-6546-14ea-19e1-03138521ddef,CompTIA Security+,CompTIA,2025-09-29,2028-09-28,https://www.comptia.org/certifications/security,2026-07-28 04:44:00
8da8a90c-f885-4563-07be-b4b98e8b8245,88bd3ef3-7936-bab6-77f0-ea75d75c6ab2,CompTIA Security+,CompTIA,2025-09-24,2028-09-23,https://www.comptia.org/certifications/security,2026-07-23 12:13:00
f7bb9681-6026-ac7c-c19b-4197080485ea,f69b74da-74c7-1613-fc2a-1ed0805f3194,AWS Certified Cloud Practitioner,Amazon Web Services,2026-01-19,2029-01-18,https://aws.amazon.com/certification/certified-cloud-practitioner/,2026-07-26 19:07:00
e56014ff-130b-a1f1-c484-b68872f390e5,965bd634-7208-b8ad-92e1-a90d4e7726ea,Google Cybersecurity Professional Certificate,Google / Coursera,2025-01-04,,https://www.coursera.org/professional-certificates/google-cybersecurity,2026-09-03 09:24:00
3904fa76-e4f5-404c-58ae-f0816e7c7610,10fca2e5-4ed2-6647-15ac-3d20c60221d4,CompTIA Security+,CompTIA,2025-12-31,2028-12-30,https://www.comptia.org/certifications/security,2026-08-30 02:31:00
e325791d-4398-592b-fdd2-671a17cb78f8,10fca2e5-4ed2-6647-15ac-3d20c60221d4,Machine Learning Specialization,DeepLearning.AI / Coursera,2025-09-27,,https://www.coursera.org/specializations/machine-learning-introduction,2026-08-30 02:31:00
01bc2a87-cddf-2949-fa44-4e4a044c54fb,0177bc7b-5297-3667-215c-f8424e78d6f4,Tableau Desktop Specialist,Tableau / Salesforce,2023-12-12,,https://www.tableau.com/learn/certification,2026-09-11 16:15:00
89baf6a8-ee73-ab47-f502-c8e1ded1fa51,0177bc7b-5297-3667-215c-f8424e78d6f4,Google Cloud Digital Leader,Google Cloud,2025-04-06,2028-04-05,https://cloud.google.com/learn/certification/cloud-digital-leader,2026-09-11 16:15:00
11d14712-b331-b909-c9b3-fcd3989ca727,341a87b8-90d3-f684-b3f8-f51f650f78b6,Docker Certified Associate,Docker / Mirantis,2025-09-19,,https://training.mirantis.com/,2026-09-02 10:50:00
86e77540-d2bd-1e37-f08b-9b71c42796af,341a87b8-90d3-f684-b3f8-f51f650f78b6,Meta Back-End Developer Professional Certificate,Meta / Coursera,2025-07-10,,https://www.coursera.org/professional-certificates/meta-back-end-developer,2026-09-02 10:50:00
0e3b7ba5-3fc1-b9b4-d94e-e0a25a33ed6c,7a73f922-f125-d08c-c994-89cfc5b358a2,Certified Kubernetes Administrator (CKA),CNCF / Linux Foundation,2024-09-25,2027-09-25,https://training.linuxfoundation.org/certification/certified-kubernetes-administrator-cka/,2026-07-12 14:10:00
45ac2a92-eddc-1e0c-789f-13e321500766,4b4dc934-6d4e-d546-d59d-90901fe52619,Tableau Desktop Specialist,Tableau / Salesforce,2026-05-19,,https://www.tableau.com/learn/certification,2026-08-06 04:32:00
0a818a00-5a1a-203b-e9d8-7de944b09bf7,4b4dc934-6d4e-d546-d59d-90901fe52619,Cisco Certified Network Associate (CCNA),Cisco,2025-03-06,2028-03-05,https://www.cisco.com/site/us/en/learn/training-certifications/certifications/enterprise/ccna/index.html,2026-08-06 04:32:00
8dd7141c-8e3b-f2ad-3d80-f1e30e827451,0ed403e4-a750-744e-85fb-dde609f13e9e,Cisco Certified Network Associate (CCNA),Cisco,2026-01-02,2029-01-01,https://www.cisco.com/site/us/en/learn/training-certifications/certifications/enterprise/ccna/index.html,2026-08-22 03:40:00
51aa25a3-922a-af0b-2204-85dc356c2387,b30e72dd-7f95-c346-6fa3-f6fba290861e,Microsoft Certified: Azure Fundamentals (AZ-900),Microsoft,2025-04-10,,https://learn.microsoft.com/en-us/credentials/certifications/azure-fundamentals/,2026-09-07 18:48:00
8edab2a1-a4df-d62a-2928-7277cf141833,b30e72dd-7f95-c346-6fa3-f6fba290861e,AWS Certified Cloud Practitioner,Amazon Web Services,2026-03-30,2029-03-29,https://aws.amazon.com/certification/certified-cloud-practitioner/,2026-09-07 18:48:00
b8b4e2f5-fad0-708d-b29d-20d127e8f955,616e1557-da6d-a849-ab69-b36235e691fa,AWS Certified Cloud Practitioner,Amazon Web Services,2024-09-15,2027-09-15,https://aws.amazon.com/certification/certified-cloud-practitioner/,2026-07-06 03:43:00
e2cc084f-a9a8-36b1-efd9-cb9388583cf1,616e1557-da6d-a849-ab69-b36235e691fa,Meta Back-End Developer Professional Certificate,Meta / Coursera,2025-05-16,,https://www.coursera.org/professional-certificates/meta-back-end-developer,2026-07-06 03:43:00
07f0c513-9100-e4ee-d900-2a602325530a,4d801248-b202-f6ca-75f6-1bd4eea69483,Splunk Core Certified User,Splunk,2024-05-03,,https://www.splunk.com/en_us/training/certification-track/splunk-core-certified-user.html,2026-09-03 23:09:00
9e9710e6-0c34-debc-46b2-900cd1bb7bde,aba5a2da-09de-eb17-285e-d2acef8536c0,IBM Data Science Professional Certificate,IBM / Coursera,2026-04-05,,https://www.coursera.org/professional-certificates/ibm-data-science,2026-08-15 16:25:00
254fc8e6-19e4-27cb-8e69-780ff12ff843,aba5a2da-09de-eb17-285e-d2acef8536c0,Microsoft Office Specialist: Excel Associate,Microsoft,2024-11-06,,https://learn.microsoft.com/en-us/credentials/,2026-08-15 16:25:00
8a6f90d6-a908-94d8-e531-1f634b88825f,00d4c5e3-a35f-0882-55c3-80b097dbdaf3,Google Cybersecurity Professional Certificate,Google / Coursera,2023-12-29,,https://www.coursera.org/professional-certificates/google-cybersecurity,2026-09-06 19:41:00
e694700c-7437-2fae-d174-a55c5b573bd0,dee1e675-ad8e-594d-8ef6-d0294fe77b7d,AWS Certified Solutions Architect – Associate,Amazon Web Services,2023-11-29,2026-11-28,https://aws.amazon.com/certification/certified-solutions-architect-associate/,2026-08-20 14:57:00
d3b06996-ac02-2a90-c3f5-6ce68340dcb5,dee1e675-ad8e-594d-8ef6-d0294fe77b7d,Machine Learning Specialization,DeepLearning.AI / Coursera,2025-01-26,,https://www.coursera.org/specializations/machine-learning-introduction,2026-08-20 14:57:00
915e759f-8a6b-9244-cc46-ec6185bbb1f0,6f5ab155-2774-5006-5b32-285cf4932a4c,Machine Learning Specialization,DeepLearning.AI / Coursera,2024-04-10,,https://www.coursera.org/specializations/machine-learning-introduction,2026-07-29 06:58:00
fa6f63d3-ad3d-61c9-7683-bcd8feccc890,6f5ab155-2774-5006-5b32-285cf4932a4c,Google Cybersecurity Professional Certificate,Google / Coursera,2025-06-09,,https://www.coursera.org/professional-certificates/google-cybersecurity,2026-07-29 06:58:00
564e0409-3037-612e-6838-4ac7d0dde769,accc3ec8-73af-8768-78e8-c4c8acdb784f,Machine Learning Specialization,DeepLearning.AI / Coursera,2025-09-19,,https://www.coursera.org/specializations/machine-learning-introduction,2026-07-01 20:38:00
1cb676fe-2b65-d17f-eeb0-fb09e2d6b690,accc3ec8-73af-8768-78e8-c4c8acdb784f,PCEP – Certified Entry-Level Python Programmer,Python Institute,2024-12-18,,https://pythoninstitute.org/pcep,2026-07-01 20:38:00
bc1f1573-c4ba-fc8d-bd4e-ba2c9b4db9e2,89f1347f-6860-3eb8-487b-eeb12cd16c8d,Microsoft Certified: Power BI Data Analyst Associate (PL-300),Microsoft,2025-02-13,,https://learn.microsoft.com/en-us/credentials/certifications/data-analyst-associate/,2026-08-25 22:22:00
598bfc89-a022-0a1f-c135-fe2ffb056b16,89f1347f-6860-3eb8-487b-eeb12cd16c8d,Machine Learning Specialization,DeepLearning.AI / Coursera,2024-04-23,,https://www.coursera.org/specializations/machine-learning-introduction,2026-08-25 22:22:00
329675a9-b440-5c49-8680-53912c63fb1f,2a0ed895-196d-ea4f-3341-d63d9db8e235,Deep Learning Specialization,DeepLearning.AI / Coursera,2024-08-05,,https://www.coursera.org/specializations/deep-learning,2026-07-31 20:55:00
45904cb2-787c-28b3-9bee-6ff6a6eb106e,2a0ed895-196d-ea4f-3341-d63d9db8e235,Google Data Analytics Professional Certificate,Google / Coursera,2025-06-26,,https://www.coursera.org/professional-certificates/google-data-analytics,2026-07-31 20:55:00
295d16b6-7d28-f8ea-6ee0-5eff74876db3,4c2b7928-62b9-92f8-6a80-82acb2614f72,Certified Kubernetes Administrator (CKA),CNCF / Linux Foundation,2024-02-04,2027-02-03,https://training.linuxfoundation.org/certification/certified-kubernetes-administrator-cka/,2026-07-18 02:02:00
8f6d1e33-9b78-6e48-7dea-3e041b3c54ef,521f542d-0e55-da85-8b02-1a1f8f853a84,Certified Kubernetes Administrator (CKA),CNCF / Linux Foundation,2025-10-07,2028-10-06,https://training.linuxfoundation.org/certification/certified-kubernetes-administrator-cka/,2026-09-12 23:40:00
bd28b9b9-2c16-322e-58d1-284c7b8d7e08,521f542d-0e55-da85-8b02-1a1f8f853a84,Machine Learning Specialization,DeepLearning.AI / Coursera,2026-04-02,,https://www.coursera.org/specializations/machine-learning-introduction,2026-09-12 23:40:00
79cde4c1-2450-ad97-0c16-05735479e4b5,df5887c3-6123-ef4d-b6ca-5591acea201d,"Oracle Certified Associate, Java SE Programmer",Oracle,2026-01-15,,https://education.oracle.com/,2026-08-18 11:12:00
6442d6b2-2503-0b1a-d37f-3ecde801600e,b4a86dcd-4d96-2d4c-26a5-8153051a46a0,Meta Front-End Developer Professional Certificate,Meta / Coursera,2026-02-19,,https://www.coursera.org/professional-certificates/meta-front-end-developer,2026-07-31 21:03:00
4d1575ac-e038-758c-a544-7b31ed4c85ae,b4a86dcd-4d96-2d4c-26a5-8153051a46a0,IBM Data Science Professional Certificate,IBM / Coursera,2026-01-23,,https://www.coursera.org/professional-certificates/ibm-data-science,2026-07-31 21:03:00
bd221975-35da-7500-cb21-caebe22e366d,b647343c-9063-9656-3869-569f0c8bc8b4,Certified Kubernetes Administrator (CKA),CNCF / Linux Foundation,2026-07-09,2029-07-08,https://training.linuxfoundation.org/certification/certified-kubernetes-administrator-cka/,2026-09-11 22:03:00
91f0426f-d5e8-53c8-a8c1-1d26ad6a0a00,facc146e-1d67-e730-643e-e1df035e1034,AWS Certified Solutions Architect – Associate,Amazon Web Services,2026-02-05,2029-02-04,https://aws.amazon.com/certification/certified-solutions-architect-associate/,2026-09-02 00:08:00
e25cae17-4271-5a2c-36ce-5d92d832c50f,5fa98703-1569-5351-a218-698004af188e,Google Data Analytics Professional Certificate,Google / Coursera,2024-10-13,,https://www.coursera.org/professional-certificates/google-data-analytics,2026-09-06 14:25:00
ba66314a-72b2-0d65-59c0-cd46862949b3,5fa98703-1569-5351-a218-698004af188e,Tableau Desktop Specialist,Tableau / Salesforce,2025-11-01,,https://www.tableau.com/learn/certification,2026-09-06 14:25:00
1bda0089-c5fb-d29f-94fe-b603962877c8,2b2143ec-8f3b-411a-d12a-60cee219fa89,AWS Certified Cloud Practitioner,Amazon Web Services,2024-06-21,2027-06-21,https://aws.amazon.com/certification/certified-cloud-practitioner/,2026-08-13 13:34:00
b88d1570-6fb5-7920-41a7-8c74d31c4c20,0059fd0f-9fc0-11ca-0f2a-d46dd0b5f891,Meta Back-End Developer Professional Certificate,Meta / Coursera,2025-04-21,,https://www.coursera.org/professional-certificates/meta-back-end-developer,2026-07-25 14:48:00
91dd9a92-9f33-4baf-4e3a-0742e7c3798e,aad2e815-8619-ba95-d92d-fe22553ff929,IBM Data Science Professional Certificate,IBM / Coursera,2025-11-20,,https://www.coursera.org/professional-certificates/ibm-data-science,2026-09-07 09:47:00
4197208a-85d1-d66d-5e5c-2abb10e5fa93,0cb7acbf-eb94-4047-7bed-f56700110831,Certified Kubernetes Administrator (CKA),CNCF / Linux Foundation,2026-03-05,2029-03-04,https://training.linuxfoundation.org/certification/certified-kubernetes-administrator-cka/,2026-07-18 05:31:00
2d39a43c-27a9-a989-bcdd-2ef5cf372a39,0cb7acbf-eb94-4047-7bed-f56700110831,HashiCorp Certified: Terraform Associate,HashiCorp,2025-05-15,2028-05-14,https://developer.hashicorp.com/certifications/infrastructure-automation,2026-07-18 05:31:00
1db9fa88-5688-22d3-4adb-1a6ee1a7d199,0a642ec9-4180-f074-ebc2-32e31426b497,Cisco Certified Network Associate (CCNA),Cisco,2024-05-04,2027-05-04,https://www.cisco.com/site/us/en/learn/training-certifications/certifications/enterprise/ccna/index.html,2026-07-23 22:01:00
f24c14a8-81b3-5c59-898b-676fb8f7d33d,0a642ec9-4180-f074-ebc2-32e31426b497,Meta Back-End Developer Professional Certificate,Meta / Coursera,2025-11-07,,https://www.coursera.org/professional-certificates/meta-back-end-developer,2026-07-23 22:01:00
b8a07e58-dc38-fb62-a076-3ad98774ddf3,b45f363f-f039-c740-83f6-32a3a0185981,Meta Back-End Developer Professional Certificate,Meta / Coursera,2026-04-21,,https://www.coursera.org/professional-certificates/meta-back-end-developer,2026-08-28 13:44:00
2c5a913d-1f9f-4454-c802-40c6b2535f77,21de3d36-297f-3eae-5d9b-49ce838d7685,Machine Learning Specialization,DeepLearning.AI / Coursera,2026-04-17,,https://www.coursera.org/specializations/machine-learning-introduction,2026-09-12 17:08:00
cdc4481f-792b-f0a7-1498-fc5318579845,21de3d36-297f-3eae-5d9b-49ce838d7685,IBM Data Science Professional Certificate,IBM / Coursera,2026-07-27,,https://www.coursera.org/professional-certificates/ibm-data-science,2026-09-12 17:08:00
597fe01f-3c8b-39fb-bc0f-bab0e4bd70b8,21de3d36-297f-3eae-5d9b-49ce838d7685,Meta Back-End Developer Professional Certificate,Meta / Coursera,2026-04-21,,https://www.coursera.org/professional-certificates/meta-back-end-developer,2026-09-12 17:08:00
933ef0ad-de40-0869-fb0d-1c9be2c88d48,1ca5fdcb-3a8d-5fcd-c38b-3a39d4854bbf,Certified Ethical Hacker (CEH),EC-Council,2026-03-05,2029-03-04,https://www.eccouncil.org/train-certify/certified-ethical-hacker-ceh/,2026-07-24 06:53:00
7ee78166-e045-f979-5bfd-fac5d20759fe,aff7a6b0-8d90-1faf-91d9-780ef5b7d742,Meta Front-End Developer Professional Certificate,Meta / Coursera,2024-11-03,,https://www.coursera.org/professional-certificates/meta-front-end-developer,2026-08-24 11:36:00
311a7efd-2229-499d-eec7-19f37a4465c5,914df7be-6d44-5bf8-18c5-0d9fe6df798b,AWS Certified Cloud Practitioner,Amazon Web Services,2023-11-18,2026-11-17,https://aws.amazon.com/certification/certified-cloud-practitioner/,2026-07-24 11:53:00
42ab90d5-213a-57a9-0042-afb8b094dd6f,a5f336d5-aff6-5a05-7a51-be8fc1dc0755,Certified Kubernetes Administrator (CKA),CNCF / Linux Foundation,2026-07-16,2029-07-15,https://training.linuxfoundation.org/certification/certified-kubernetes-administrator-cka/,2026-07-17 08:00:00
a4a1882a-8064-3de7-c69d-e4a0e6f30a29,0fe5d735-fb59-2276-d8ba-a89b2a2a4e55,Meta Front-End Developer Professional Certificate,Meta / Coursera,2026-03-29,,https://www.coursera.org/professional-certificates/meta-front-end-developer,2026-09-08 02:21:00
b058fd93-44d7-ac2c-df38-b42dba62e1bc,9a8aca27-eda3-767f-5544-2b4e9d4486a0,Microsoft Certified: Azure Fundamentals (AZ-900),Microsoft,2026-05-22,,https://learn.microsoft.com/en-us/credentials/certifications/azure-fundamentals/,2026-09-11 01:51:00
73d544b8-7da5-da9b-9e7b-8184390e9746,e6f51a1a-a56c-5db9-cb45-82f63618c649,AWS Certified Cloud Practitioner,Amazon Web Services,2023-12-25,2026-12-24,https://aws.amazon.com/certification/certified-cloud-practitioner/,2026-08-29 18:22:00
4928cd12-130a-353d-81c4-cb9c330b4714,6bcc82f6-6177-a04f-e2d1-915bfc1de7fd,HashiCorp Certified: Terraform Associate,HashiCorp,2024-01-22,2027-01-21,https://developer.hashicorp.com/certifications/infrastructure-automation,2026-07-20 02:35:00
45e8a17c-8c34-47ac-6add-37ca0c6d7d10,6bcc82f6-6177-a04f-e2d1-915bfc1de7fd,Machine Learning Specialization,DeepLearning.AI / Coursera,2025-05-23,,https://www.coursera.org/specializations/machine-learning-introduction,2026-07-20 02:35:00
05d78158-f878-dab0-6014-d506bdf67dd9,175da526-0c8d-f305-238e-7a348a5d20ad,IBM Data Science Professional Certificate,IBM / Coursera,2025-10-29,,https://www.coursera.org/professional-certificates/ibm-data-science,2026-08-27 04:29:00
07891aae-50a6-3ba3-30e5-fd6499119144,58d3a527-08e0-e444-a5de-35afa8eb9234,Machine Learning Specialization,DeepLearning.AI / Coursera,2025-10-20,,https://www.coursera.org/specializations/machine-learning-introduction,2026-08-27 12:09:00
c8ec3eff-5752-d161-4987-dff787e79d1d,83408d00-bcd8-8706-01bc-c3f67d4e14ac,Microsoft Certified: Azure Fundamentals (AZ-900),Microsoft,2025-02-22,,https://learn.microsoft.com/en-us/credentials/certifications/azure-fundamentals/,2026-08-31 20:40:00
3aea3493-9340-866a-8c4e-66151efacf12,6c38043d-3f70-3777-ffcd-b11139fd822c,Google Data Analytics Professional Certificate,Google / Coursera,2025-08-21,,https://www.coursera.org/professional-certificates/google-data-analytics,2026-08-10 20:36:00
f172df3b-5830-3a24-a984-f6e545c46b07,6c38043d-3f70-3777-ffcd-b11139fd822c,PCEP – Certified Entry-Level Python Programmer,Python Institute,2025-01-02,,https://pythoninstitute.org/pcep,2026-08-10 20:36:00
07bc080a-d1b7-3b03-2ac3-618979976827,2192cea6-c993-6394-e388-23319dda440f,Microsoft Certified: Power BI Data Analyst Associate (PL-300),Microsoft,2026-05-05,,https://learn.microsoft.com/en-us/credentials/certifications/data-analyst-associate/,2026-07-14 02:53:00
ee4f6cd1-6406-518f-baf0-25ab3a39ca36,2192cea6-c993-6394-e388-23319dda440f,HashiCorp Certified: Terraform Associate,HashiCorp,2025-10-25,2028-10-24,https://developer.hashicorp.com/certifications/infrastructure-automation,2026-07-14 02:53:00
892fe5c6-9aad-0aea-0337-c0091423be41,7b961600-5406-2b04-93b0-28177ece583b,Google Data Analytics Professional Certificate,Google / Coursera,2023-11-20,,https://www.coursera.org/professional-certificates/google-data-analytics,2026-09-02 15:14:00
7b219c82-0bb9-b676-822c-bb0953a87e91,4bcff37a-f16e-088b-3f8e-36989ea94c30,Meta Front-End Developer Professional Certificate,Meta / Coursera,2025-11-29,,https://www.coursera.org/professional-certificates/meta-front-end-developer,2026-08-17 19:11:00
0c76e0b8-9509-4aba-f96b-5ed3418486c6,231a5e87-0b11-6911-d9e7-3ba704c55ca6,PCEP – Certified Entry-Level Python Programmer,Python Institute,2026-01-13,,https://pythoninstitute.org/pcep,2026-08-30 20:52:00
ad7609e9-f8f6-6291-fc8d-cd350440cc4d,ea60f991-8526-cc91-8f1d-328076445f9f,Docker Certified Associate,Docker / Mirantis,2025-03-19,,https://training.mirantis.com/,2026-09-19 13:44:00
7502c203-497e-8c19-8bf3-75fa168030a9,ea60f991-8526-cc91-8f1d-328076445f9f,HashiCorp Certified: Terraform Associate,HashiCorp,2026-05-09,2029-05-08,https://developer.hashicorp.com/certifications/infrastructure-automation,2026-09-19 13:44:00
be4a4c90-058e-60e9-635d-9df612c55652,407e5cd7-7056-287e-3cd9-cd0a273f9fa5,Machine Learning Specialization,DeepLearning.AI / Coursera,2025-02-14,,https://www.coursera.org/specializations/machine-learning-introduction,2026-07-27 07:49:00
1c9c98c7-7f40-7fe4-5002-493dd0ea5e90,e108a611-bfc8-fe64-912c-d5c88cef10f0,IBM Data Science Professional Certificate,IBM / Coursera,2025-09-22,,https://www.coursera.org/professional-certificates/ibm-data-science,2026-09-18 18:06:00
4d893bdd-e675-db76-34da-01e6af2d84d3,5e83c644-baf2-3e72-43b8-dba6e0ff9e08,Google Data Analytics Professional Certificate,Google / Coursera,2026-07-18,,https://www.coursera.org/professional-certificates/google-data-analytics,2026-09-20 02:49:00
a6e18730-ff89-680e-2cee-5dd408389adf,5e83c644-baf2-3e72-43b8-dba6e0ff9e08,PCEP – Certified Entry-Level Python Programmer,Python Institute,2026-03-22,,https://pythoninstitute.org/pcep,2026-09-20 02:49:00
b087de75-c734-11d5-356f-3aff3fd50d2c,ae2d6cf8-ede1-86ab-6d97-ed76add704ed,Google Cloud Digital Leader,Google Cloud,2024-06-10,2027-06-10,https://cloud.google.com/learn/certification/cloud-digital-leader,2026-07-22 16:00:00
b97f4f6b-f20a-83bf-0509-6e5cccd04fd0,93b8a577-dbfc-5068-554d-43ae6d7819d8,Machine Learning Specialization,DeepLearning.AI / Coursera,2024-10-21,,https://www.coursera.org/specializations/machine-learning-introduction,2026-08-03 16:41:00
c88f94b8-343c-8086-9e01-f6b401a84534,93b8a577-dbfc-5068-554d-43ae6d7819d8,PCEP – Certified Entry-Level Python Programmer,Python Institute,2025-10-05,,https://pythoninstitute.org/pcep,2026-08-03 16:41:00
f944333c-4a96-cc8e-c29f-034dd3f04a31,2c1e1fe2-1042-559f-e7cb-03a598df3538,freeCodeCamp Responsive Web Design,freeCodeCamp,2025-11-08,,https://www.freecodecamp.org/learn/2022/responsive-web-design/,2026-09-06 02:24:00
e7dae96a-9ae8-cf2a-556b-0043a6541543,2d26c7a6-04a8-edb0-2e21-63c4b0549cf6,IBM Data Science Professional Certificate,IBM / Coursera,2024-01-06,,https://www.coursera.org/professional-certificates/ibm-data-science,2026-07-07 16:23:00
ea056446-b571-9bbf-316d-8ab1d0afec6e,b5b0f586-fcd8-2f55-77d2-9d0994629f92,Machine Learning Specialization,DeepLearning.AI / Coursera,2026-06-02,,https://www.coursera.org/specializations/machine-learning-introduction,2026-08-24 20:22:00
8d6e9dbe-84de-2357-138c-a406f2c89c0e,e5177ba6-722e-cca0-bfa1-9025f3a016cd,Google Cloud Digital Leader,Google Cloud,2025-04-21,2028-04-20,https://cloud.google.com/learn/certification/cloud-digital-leader,2026-09-06 22:02:00
437b3149-deb8-318b-1821-c45344d240bf,162d2bb7-e776-2cff-2dcf-197e5f48b55b,Deep Learning Specialization,DeepLearning.AI / Coursera,2025-04-29,,https://www.coursera.org/specializations/deep-learning,2026-07-20 14:30:00
b7168ba9-2e3b-bc48-af3d-a6981492b1e8,912ded1a-4455-b6c8-12da-ebadf205f67b,Docker Certified Associate,Docker / Mirantis,2024-09-22,,https://training.mirantis.com/,2026-07-18 13:56:00
ec644386-2129-e7b1-d4e8-a805c2caf8fa,09c60358-a901-87b9-4c77-8534453dffc6,Elements of AI,University of Helsinki,2026-03-15,,https://www.elementsofai.com/,2026-08-16 20:03:00
73b10a0a-5720-a402-3f02-224c941c5557,8a14a8fe-5fec-c734-dd62-4900754511bc,AWS Certified Cloud Practitioner,Amazon Web Services,2025-06-30,2028-06-29,https://aws.amazon.com/certification/certified-cloud-practitioner/,2026-08-04 11:51:00
b0c8858a-6da2-8b43-4fb8-c6ab9ecf3526,e7f3ee1a-530e-578b-feb3-5814723616e1,HashiCorp Certified: Terraform Associate,HashiCorp,2025-10-01,2028-09-30,https://developer.hashicorp.com/certifications/infrastructure-automation,2026-07-26 04:37:00
f148c418-1c79-d1aa-71ae-31a83eeb8aad,c1981095-9b41-cb49-af6d-ed6c5d1afdaf,HashiCorp Certified: Terraform Associate,HashiCorp,2026-02-11,2029-02-10,https://developer.hashicorp.com/certifications/infrastructure-automation,2026-08-12 13:56:00
f0e343ca-98e7-7fdf-2a90-5e2c03f74ccc,60f2fac5-2ba9-b3c8-75ee-4c556fcf2cc8,Certified Kubernetes Administrator (CKA),CNCF / Linux Foundation,2024-06-23,2027-06-23,https://training.linuxfoundation.org/certification/certified-kubernetes-administrator-cka/,2026-08-18 20:06:00
facd9476-5290-ae0a-f36f-8b6a88a93f73,60f2fac5-2ba9-b3c8-75ee-4c556fcf2cc8,PCEP – Certified Entry-Level Python Programmer,Python Institute,2025-10-29,,https://pythoninstitute.org/pcep,2026-08-18 20:06:00
cedb280b-307d-46f2-d3b6-30df8bb13112,e1e37e9c-986e-e68f-fe2a-a11ea886495e,IBM Data Science Professional Certificate,IBM / Coursera,2026-01-30,,https://www.coursera.org/professional-certificates/ibm-data-science,2026-07-16 04:07:00
aab27acb-fa18-1d76-b546-de06909cf2a7,b7253bd4-349d-2470-723c-48d6d4f7ee51,AWS Certified Cloud Practitioner,Amazon Web Services,2024-07-14,2027-07-14,https://aws.amazon.com/certification/certified-cloud-practitioner/,2026-08-19 14:51:00
8e8e986e-8ded-ea19-ff15-42524a50c91e,b7253bd4-349d-2470-723c-48d6d4f7ee51,Google Cloud Digital Leader,Google Cloud,2025-08-03,2028-08-02,https://cloud.google.com/learn/certification/cloud-digital-leader,2026-08-19 14:51:00
697df369-cb5b-5701-0de7-5566a1d5eb84,b48c8062-6dea-28a0-a69b-07a0787b0bc1,AWS Certified Cloud Practitioner,Amazon Web Services,2025-02-10,2028-02-10,https://aws.amazon.com/certification/certified-cloud-practitioner/,2026-07-30 08:53:00
0056bc7b-34e9-d97f-4a6a-5d2cb4809f93,3a20ff0b-448f-f894-98c4-fede9c303dcd,AWS Certified Solutions Architect – Associate,Amazon Web Services,2024-09-24,2027-09-24,https://aws.amazon.com/certification/certified-solutions-architect-associate/,2026-08-23 05:14:00
a77a8ff0-caba-1d3f-962d-99e4995cfed5,3a20ff0b-448f-f894-98c4-fede9c303dcd,Cisco Certified Network Associate (CCNA),Cisco,2025-05-28,2028-05-27,https://www.cisco.com/site/us/en/learn/training-certifications/certifications/enterprise/ccna/index.html,2026-08-23 05:14:00
a96401d4-b15d-0a0d-75c6-c5bec48c3176,cfacc918-526c-c4e2-8cf3-3cd1d49858a7,Meta Back-End Developer Professional Certificate,Meta / Coursera,2026-07-16,,https://www.coursera.org/professional-certificates/meta-back-end-developer,2026-07-16 05:21:00
06243c64-040e-c51b-f8ad-28cb12556d33,e8b47a03-1bdd-d98c-ff09-a4dd7246bf91,Meta Back-End Developer Professional Certificate,Meta / Coursera,2025-07-12,,https://www.coursera.org/professional-certificates/meta-back-end-developer,2026-07-16 19:48:00
79a17124-b171-16b3-03aa-f8febf17ef19,e8b47a03-1bdd-d98c-ff09-a4dd7246bf91,Microsoft Office Specialist: Excel Associate,Microsoft,2025-04-20,,https://learn.microsoft.com/en-us/credentials/,2026-07-16 19:48:00
fc42a6bc-e768-9df5-a042-6a389f00c284,ee33ba6a-bef7-34bf-27a6-1c94d82f51e9,Google Cloud Digital Leader,Google Cloud,2025-11-02,2028-11-01,https://cloud.google.com/learn/certification/cloud-digital-leader,2026-09-05 11:12:00
520b41ce-c5a6-736f-78ac-c4b364315495,687e1388-c99f-b0d9-8b22-a9402369ba71,Machine Learning Specialization,DeepLearning.AI / Coursera,2024-12-20,,https://www.coursera.org/specializations/machine-learning-introduction,2026-08-08 21:53:00
7b44f0c5-d710-c6c9-1b7c-fe194d708b6d,687e1388-c99f-b0d9-8b22-a9402369ba71,IBM Data Science Professional Certificate,IBM / Coursera,2025-06-19,,https://www.coursera.org/professional-certificates/ibm-data-science,2026-08-08 21:53:00
ddc2397b-07eb-31e8-1fe7-649cd3b590c1,47bbcef5-d81c-a135-729f-7ab9644b5582,Cisco Certified Network Associate (CCNA),Cisco,2024-10-03,2027-10-03,https://www.cisco.com/site/us/en/learn/training-certifications/certifications/enterprise/ccna/index.html,2026-08-13 08:44:00
748ade42-85be-4fbb-6094-68728f7b8e33,874d2e55-f3bb-068b-ce28-e11c4c79ec3a,Google Data Analytics Professional Certificate,Google / Coursera,2026-02-05,,https://www.coursera.org/professional-certificates/google-data-analytics,2026-07-30 00:01:00
d8df76d0-d4dd-dc3a-55af-0853e5538bd6,456c2ba3-c136-9912-a54d-91c7c1ade464,Machine Learning Specialization,DeepLearning.AI / Coursera,2026-02-21,,https://www.coursera.org/specializations/machine-learning-introduction,2026-09-05 11:52:00
551ad9ab-e4b4-4b72-b0a5-4dd5d7a93a6b,456c2ba3-c136-9912-a54d-91c7c1ade464,AWS Certified Solutions Architect – Associate,Amazon Web Services,2026-01-14,2029-01-13,https://aws.amazon.com/certification/certified-solutions-architect-associate/,2026-09-05 11:52:00
89a0ba12-c5ec-2ba5-4816-27cd9576bae8,df4aaf9d-bb16-fe9b-889c-f6f7e018cea1,PCEP – Certified Entry-Level Python Programmer,Python Institute,2024-03-05,,https://pythoninstitute.org/pcep,2026-08-08 14:15:00
704f0f64-52af-d6df-a620-e2a5c1f0b29f,df4aaf9d-bb16-fe9b-889c-f6f7e018cea1,Certified Kubernetes Administrator (CKA),CNCF / Linux Foundation,2025-02-24,2028-02-24,https://training.linuxfoundation.org/certification/certified-kubernetes-administrator-cka/,2026-08-08 14:15:00
53fdbc8c-5c35-67de-2552-557ab7ed5978,952c7882-84d2-f60b-7aa7-c3fdf24ce585,PCEP – Certified Entry-Level Python Programmer,Python Institute,2024-03-06,,https://pythoninstitute.org/pcep,2026-09-04 01:07:00
f3a9a49b-fe7c-e3ea-45de-05ebab427a9c,952c7882-84d2-f60b-7aa7-c3fdf24ce585,Google Data Analytics Professional Certificate,Google / Coursera,2025-11-09,,https://www.coursera.org/professional-certificates/google-data-analytics,2026-09-04 01:07:00
0dce83b3-3121-28f7-3600-043a0e943319,074b0e68-ec77-8adf-f947-6eb9571b3649,Docker Certified Associate,Docker / Mirantis,2025-12-18,,https://training.mirantis.com/,2026-08-01 08:49:00
7a9bf011-abe1-168a-8829-998a26889c56,36f8673b-6f18-08f3-55e6-fbe8f80c3be6,Splunk Core Certified User,Splunk,2026-02-26,,https://www.splunk.com/en_us/training/certification-track/splunk-core-certified-user.html,2026-08-18 01:21:00
22062d4a-c4a4-3adb-422c-462742eeb0f7,a248fea7-cdf7-d9bd-948b-f47b6ccb5c52,Meta Front-End Developer Professional Certificate,Meta / Coursera,2026-07-13,,https://www.coursera.org/professional-certificates/meta-front-end-developer,2026-08-05 21:59:00
618d5da4-220b-685d-725d-040e62452faf,4bba1618-8176-c32c-02cf-11e46b06809a,Docker Certified Associate,Docker / Mirantis,2025-07-12,,https://training.mirantis.com/,2026-07-31 22:22:00
b48c733d-fb18-e6f2-9644-dd2498e0827e,c4cebb09-c6e3-b55f-300e-817f873a2cb5,Docker Certified Associate,Docker / Mirantis,2026-06-12,,https://training.mirantis.com/,2026-09-12 21:47:00
49188e4f-9853-f6d3-9bcf-bf9622446de7,53526674-61c3-9e3f-2031-d1bc27cc5a84,Meta Back-End Developer Professional Certificate,Meta / Coursera,2024-07-23,,https://www.coursera.org/professional-certificates/meta-back-end-developer,2026-08-06 22:49:00
30ed0f61-352f-27fa-afb6-ad968bbd28ee,53526674-61c3-9e3f-2031-d1bc27cc5a84,PCEP – Certified Entry-Level Python Programmer,Python Institute,2026-07-05,,https://pythoninstitute.org/pcep,2026-08-06 22:49:00
c2e9abf3-6056-38ac-c70e-2231737389e2,f4816bf2-3780-7443-48c6-d59d3101572c,Google Data Analytics Professional Certificate,Google / Coursera,2026-07-18,,https://www.coursera.org/professional-certificates/google-data-analytics,2026-08-22 04:26:00
6500889d-40d3-d8d0-ae71-9eca8c1c85ba,326cac2e-7b74-3079-6509-3acd29a86d91,Microsoft Certified: Power BI Data Analyst Associate (PL-300),Microsoft,2026-02-16,,https://learn.microsoft.com/en-us/credentials/certifications/data-analyst-associate/,2026-07-06 05:14:00
481d13ee-5aeb-fadf-d8b1-5c3a5c3e0e7e,326cac2e-7b74-3079-6509-3acd29a86d91,Google Data Analytics Professional Certificate,Google / Coursera,2025-01-30,,https://www.coursera.org/professional-certificates/google-data-analytics,2026-07-06 05:14:00
8f733fd8-d7f0-f0c5-e5be-ffb0f4268b3c,168c57c7-f397-35d3-f640-b00cfef9425d,Machine Learning Specialization,DeepLearning.AI / Coursera,2026-03-18,,https://www.coursera.org/specializations/machine-learning-introduction,2026-08-13 08:55:00
88f3519c-1991-9afa-f4e8-a955bf48b808,168c57c7-f397-35d3-f640-b00cfef9425d,PCEP – Certified Entry-Level Python Programmer,Python Institute,2026-05-28,,https://pythoninstitute.org/pcep,2026-08-13 08:55:00
389a188c-49e3-00f6-c43a-2b1ab1434fd3,d6589ed3-3c8c-1d7b-57c5-dc9efa2721f5,Meta Front-End Developer Professional Certificate,Meta / Coursera,2025-12-16,,https://www.coursera.org/professional-certificates/meta-front-end-developer,2026-08-16 09:39:00
f686c383-4d97-1ad5-9184-698b12965406,04136aac-f4de-9fad-5294-87ac3044685c,AWS Certified Cloud Practitioner,Amazon Web Services,2025-06-16,2028-06-15,https://aws.amazon.com/certification/certified-cloud-practitioner/,2026-07-07 02:17:00
6aca7fda-9260-4fa9-4f4e-cad906b63354,6563ae69-b27d-0263-faad-7e76ffab53c5,Machine Learning Specialization,DeepLearning.AI / Coursera,2025-10-25,,https://www.coursera.org/specializations/machine-learning-introduction,2026-07-14 09:43:00
3b87ac25-d43f-f90c-096e-67497080123b,535d8b56-1bcf-ec04-5a16-d0ac104620fb,Google Cloud Digital Leader,Google Cloud,2024-10-26,2027-10-26,https://cloud.google.com/learn/certification/cloud-digital-leader,2026-07-09 09:40:00
3b0077a8-4600-69c8-c05a-f6e7fa171d8d,535d8b56-1bcf-ec04-5a16-d0ac104620fb,Microsoft Certified: Azure Fundamentals (AZ-900),Microsoft,2026-04-29,,https://learn.microsoft.com/en-us/credentials/certifications/azure-fundamentals/,2026-07-09 09:40:00
8975afdf-c02c-2c21-919e-dd00afaf5665,d6a0319b-a023-3ba7-8cab-879b856ad023,Certified Kubernetes Administrator (CKA),CNCF / Linux Foundation,2026-07-09,2029-07-08,https://training.linuxfoundation.org/certification/certified-kubernetes-administrator-cka/,2026-08-04 23:46:00
79b6ab6b-847e-6da9-5c40-b511e57260c7,d6a0319b-a023-3ba7-8cab-879b856ad023,Microsoft Certified: Azure Fundamentals (AZ-900),Microsoft,2026-04-05,,https://learn.microsoft.com/en-us/credentials/certifications/azure-fundamentals/,2026-08-04 23:46:00
800cd2a0-d94a-1cf8-ba08-9877291964aa,be4fc99a-4310-e5fa-b5af-4b20e1cdf777,IBM Data Science Professional Certificate,IBM / Coursera,2024-10-28,,https://www.coursera.org/professional-certificates/ibm-data-science,2026-09-08 04:13:00
e344392c-3e35-cacb-df14-0e3343248885,3e433612-6800-c0eb-aa04-cf4e60e686d1,Machine Learning Specialization,DeepLearning.AI / Coursera,2025-01-16,,https://www.coursera.org/specializations/machine-learning-introduction,2026-08-10 02:04:00
375796f8-8555-5263-3bef-2153ec7c1d87,75213e3a-fa4d-10ef-78ee-9d1f625d9449,Tableau Desktop Specialist,Tableau / Salesforce,2025-12-20,,https://www.tableau.com/learn/certification,2026-09-14 03:52:00
cca89c91-d95f-25a9-8acc-cd1a85f6a05b,e190fbe4-4566-d675-ec47-c19718c363fe,PCEP – Certified Entry-Level Python Programmer,Python Institute,2026-03-17,,https://pythoninstitute.org/pcep,2026-07-28 11:17:00
406a599e-a965-fa5a-1623-db3adba6b2d2,e190fbe4-4566-d675-ec47-c19718c363fe,Meta Front-End Developer Professional Certificate,Meta / Coursera,2024-04-16,,https://www.coursera.org/professional-certificates/meta-front-end-developer,2026-07-28 11:17:00
157d1097-ffdb-5a38-11e8-ae2d377fa844,48562171-3b62-af83-723f-fa0ff6bad724,Machine Learning Specialization,DeepLearning.AI / Coursera,2025-11-24,,https://www.coursera.org/specializations/machine-learning-introduction,2026-07-14 08:10:00
7b4a5ffb-678a-e7fe-41fc-6ce41ccc73e4,48562171-3b62-af83-723f-fa0ff6bad724,Microsoft Office Specialist: Excel Associate,Microsoft,2026-06-29,,https://learn.microsoft.com/en-us/credentials/,2026-07-14 08:10:00
f470d010-41b1-b6c3-7053-9a6cf7b631f6,ea0e3897-58e4-22dc-75c4-22267953d2d2,Google Cloud Digital Leader,Google Cloud,2026-03-09,2029-03-08,https://cloud.google.com/learn/certification/cloud-digital-leader,2026-07-14 05:33:00
efaadebc-030d-eb65-48c4-8c2423d6462d,98de814e-5733-4e41-89d6-eae4f913dcba,IBM Data Science Professional Certificate,IBM / Coursera,2023-10-07,,https://www.coursera.org/professional-certificates/ibm-data-science,2026-07-19 16:41:00
9df928f1-474b-2e8a-b7bb-a3127eb41b67,a55e9d0f-6335-81ee-4a37-c1dae91dd020,"Oracle Certified Associate, Java SE Programmer",Oracle,2026-07-13,,https://education.oracle.com/,2026-08-01 13:23:00
418cd161-b394-6c05-7ba2-ac203ba7a0e2,a55e9d0f-6335-81ee-4a37-c1dae91dd020,Microsoft Certified: Azure Fundamentals (AZ-900),Microsoft,2025-08-28,,https://learn.microsoft.com/en-us/credentials/certifications/azure-fundamentals/,2026-08-01 13:23:00
b5a1e4c5-9202-3659-6c9c-44150e36b9aa,49809b1c-b49c-11aa-9398-9e0f612b6432,Deep Learning Specialization,DeepLearning.AI / Coursera,2024-08-13,,https://www.coursera.org/specializations/deep-learning,2026-07-10 19:15:00
259ab7bb-a5a3-9ff8-7e23-4ac2c89fbfe7,84493538-acf0-5fec-15c9-acb68584a7c3,Microsoft Certified: Azure Fundamentals (AZ-900),Microsoft,2026-02-02,,https://learn.microsoft.com/en-us/credentials/certifications/azure-fundamentals/,2026-08-14 16:37:00
caee2ddf-5dff-1a07-dfb1-95388b6b1f4e,e11aa52a-a51e-0705-253a-93d135b4d370,Google Data Analytics Professional Certificate,Google / Coursera,2024-12-11,,https://www.coursera.org/professional-certificates/google-data-analytics,2026-08-16 21:08:00
9d304ce4-9600-f4d0-78d9-047115485c51,e11aa52a-a51e-0705-253a-93d135b4d370,freeCodeCamp Responsive Web Design,freeCodeCamp,2026-05-09,,https://www.freecodecamp.org/learn/2022/responsive-web-design/,2026-08-16 21:08:00
bbae94cc-8a06-feff-b81b-dafb7f9bf7ff,25bf5540-6523-3b95-b225-a768ff8fb6f9,AWS Certified Cloud Practitioner,Amazon Web Services,2025-08-12,2028-08-11,https://aws.amazon.com/certification/certified-cloud-practitioner/,2026-07-26 09:27:00
abcd108c-2c19-eee3-7aad-b2a814ecdcf0,25bf5540-6523-3b95-b225-a768ff8fb6f9,Splunk Core Certified User,Splunk,2026-06-26,,https://www.splunk.com/en_us/training/certification-track/splunk-core-certified-user.html,2026-07-26 09:27:00
0f7e5a7a-8880-b68a-8385-e52633b4f077,60852e7a-bcd5-2cca-478d-73d2600832a7,Certified Kubernetes Administrator (CKA),CNCF / Linux Foundation,2024-03-30,2027-03-30,https://training.linuxfoundation.org/certification/certified-kubernetes-administrator-cka/,2026-08-04 18:18:00
1df087ad-0aa6-818d-dc64-05c9407fbfca,60852e7a-bcd5-2cca-478d-73d2600832a7,Cisco Certified Network Associate (CCNA),Cisco,2025-10-24,2028-10-23,https://www.cisco.com/site/us/en/learn/training-certifications/certifications/enterprise/ccna/index.html,2026-08-04 18:18:00
7a41d06b-4b84-c29c-cb3e-b66e2e3dfd65,bf7b9472-dc33-4dd6-fe1d-ab5f3badb563,Certified Ethical Hacker (CEH),EC-Council,2025-06-17,2028-06-16,https://www.eccouncil.org/train-certify/certified-ethical-hacker-ceh/,2026-09-17 10:40:00
a0467721-d699-9ea2-ebf9-3de93cd8d9f8,b189c228-48fd-dbb4-72e4-ee88907c91d5,HashiCorp Certified: Terraform Associate,HashiCorp,2025-12-06,2028-12-05,https://developer.hashicorp.com/certifications/infrastructure-automation,2026-08-08 02:05:00
cc3afe23-0a82-cc3d-bb12-a4c7549541cb,8439a910-6cae-35ee-44b2-9c02841603c1,Meta Back-End Developer Professional Certificate,Meta / Coursera,2026-06-15,,https://www.coursera.org/professional-certificates/meta-back-end-developer,2026-07-25 02:14:00
c813a849-8b5e-31d9-9230-968c8d109c32,8439a910-6cae-35ee-44b2-9c02841603c1,Meta Front-End Developer Professional Certificate,Meta / Coursera,2025-05-27,,https://www.coursera.org/professional-certificates/meta-front-end-developer,2026-07-25 02:14:00
b48272c1-a9f9-9ced-37a4-6b40faee4f69,a1ab3bb4-de30-d9db-419a-2ee550b7e989,Microsoft Certified: Azure Fundamentals (AZ-900),Microsoft,2024-10-16,,https://learn.microsoft.com/en-us/credentials/certifications/azure-fundamentals/,2026-09-17 19:43:00
3ee8ea10-58d1-121f-59fc-d358b654d6e7,a1ab3bb4-de30-d9db-419a-2ee550b7e989,"Oracle Certified Associate, Java SE Programmer",Oracle,2025-05-01,,https://education.oracle.com/,2026-09-17 19:43:00
1b9ceeae-4822-8df4-2aee-5e19b3f62805,086f3ea0-c1f8-a50a-9acc-d59e1f73a540,Meta Back-End Developer Professional Certificate,Meta / Coursera,2024-12-04,,https://www.coursera.org/professional-certificates/meta-back-end-developer,2026-09-08 11:17:00
060c17bc-f590-9544-b7b2-985c4cdae570,086f3ea0-c1f8-a50a-9acc-d59e1f73a540,Docker Certified Associate,Docker / Mirantis,2025-05-16,,https://training.mirantis.com/,2026-09-08 11:17:00
333afca1-fc50-80bc-4ba1-6dd37a73a8cc,69052460-e153-6093-476b-cc5f17714a55,Tableau Desktop Specialist,Tableau / Salesforce,2026-01-03,,https://www.tableau.com/learn/certification,2026-08-13 02:03:00
262032f1-373d-4364-02ec-2bfa2a7ad903,6cd5eed9-d573-fb5c-e019-09050af70cf0,Meta Back-End Developer Professional Certificate,Meta / Coursera,2024-10-16,,https://www.coursera.org/professional-certificates/meta-back-end-developer,2026-07-21 07:01:00
6f3d14d6-1829-7cc2-21cb-58b1f761c83a,19b1421e-2483-e4d8-10b4-ddd811444c0d,freeCodeCamp Responsive Web Design,freeCodeCamp,2023-12-01,,https://www.freecodecamp.org/learn/2022/responsive-web-design/,2026-07-16 10:56:00
1cf5e74b-b735-0537-b431-5ede7a6021db,19b1421e-2483-e4d8-10b4-ddd811444c0d,PCEP – Certified Entry-Level Python Programmer,Python Institute,2025-04-05,,https://pythoninstitute.org/pcep,2026-07-16 10:56:00
2e0dd0a0-abb4-f0ac-0122-27d9d308c8ab,c7a1672e-94c9-3c29-ffc0-f93c85376016,Tableau Desktop Specialist,Tableau / Salesforce,2026-03-19,,https://www.tableau.com/learn/certification,2026-08-22 12:22:00
3a9df60c-d8f6-adfb-6506-0c0888d9d06d,6187119b-2275-a4fc-2f2f-56486b448692,Meta Back-End Developer Professional Certificate,Meta / Coursera,2023-12-08,,https://www.coursera.org/professional-certificates/meta-back-end-developer,2026-07-09 01:08:00
cc43a29f-f0e5-c3dc-b359-8ba2bcff76ff,6187119b-2275-a4fc-2f2f-56486b448692,PCEP – Certified Entry-Level Python Programmer,Python Institute,2024-08-18,,https://pythoninstitute.org/pcep,2026-07-09 01:08:00
14043451-983e-9bac-4fad-6ac7549a1145,ca85399b-7856-1107-f904-b7de98ac8bbe,Meta Back-End Developer Professional Certificate,Meta / Coursera,2026-03-22,,https://www.coursera.org/professional-certificates/meta-back-end-developer,2026-07-29 15:21:00
b673b160-0f03-ef93-ad12-b759adcd7a24,ca85399b-7856-1107-f904-b7de98ac8bbe,IBM Data Science Professional Certificate,IBM / Coursera,2025-09-13,,https://www.coursera.org/professional-certificates/ibm-data-science,2026-07-29 15:21:00
4852c89c-1cce-d984-310c-cbbed3b12deb,6ba76315-2ff9-778b-d160-b577ea6495bc,PCEP – Certified Entry-Level Python Programmer,Python Institute,2023-10-21,,https://pythoninstitute.org/pcep,2026-07-11 13:09:00
c708c778-e2d5-a8b0-4794-894514f9d0a6,e6b40972-d5de-c3f5-aeb0-580caba83aad,IBM Data Science Professional Certificate,IBM / Coursera,2025-12-16,,https://www.coursera.org/professional-certificates/ibm-data-science,2026-07-21 10:06:00
a47935c8-2b81-c31e-7ff2-266e45d2bae6,7ba94ab5-ebd1-92d1-5d66-1f727ab7b772,Docker Certified Associate,Docker / Mirantis,2025-03-25,,https://training.mirantis.com/,2026-07-27 19:58:00
219ee00a-74b6-9332-c170-351ebf28e70b,062a3d25-bd1f-f245-ba7e-31a1744946dc,Google Cybersecurity Professional Certificate,Google / Coursera,2025-05-13,,https://www.coursera.org/professional-certificates/google-cybersecurity,2026-07-24 03:08:00
04b998cd-5e91-7b04-c95d-8f84c7847264,3a975ff5-31ac-0db5-3ad9-a03d07446dc0,PCEP – Certified Entry-Level Python Programmer,Python Institute,2026-04-22,,https://pythoninstitute.org/pcep,2026-08-14 22:23:00
15c45102-6bc2-66a6-2547-4a6ed7050e4e,3a975ff5-31ac-0db5-3ad9-a03d07446dc0,Elements of AI,University of Helsinki,2026-06-26,,https://www.elementsofai.com/,2026-08-14 22:23:00
1948767d-b2f6-ab7b-aeb5-2eef2a16d3aa,2038dcc2-4b63-3082-2919-27bbb889fe4b,AWS Certified Solutions Architect – Associate,Amazon Web Services,2024-12-03,2027-12-03,https://aws.amazon.com/certification/certified-solutions-architect-associate/,2026-07-01 22:45:00
c1f68de8-6e0e-3791-72ce-26683c54fcb7,90058177-0076-a0b6-9e9f-2e97d1bc732a,Machine Learning Specialization,DeepLearning.AI / Coursera,2026-02-23,,https://www.coursera.org/specializations/machine-learning-introduction,2026-07-01 09:12:00
bd0675c7-c5d0-708e-41f9-5486b1526691,6a334640-59d8-fa78-7827-e35a4eac92a5,Meta Back-End Developer Professional Certificate,Meta / Coursera,2026-05-01,,https://www.coursera.org/professional-certificates/meta-back-end-developer,2026-09-07 08:55:00
c470bce6-f11d-a895-173b-e5659d21e119,2df73ed1-ce0e-d4fa-0bad-c0779b297e69,"Oracle Certified Associate, Java SE Programmer",Oracle,2026-05-20,,https://education.oracle.com/,2026-07-12 21:40:00
308c2363-64d5-bf93-69f0-19483c94fc1a,2df73ed1-ce0e-d4fa-0bad-c0779b297e69,Google Data Analytics Professional Certificate,Google / Coursera,2026-06-07,,https://www.coursera.org/professional-certificates/google-data-analytics,2026-07-12 21:40:00
ffd101e0-ddc1-b6bb-01fb-e8bb7d078412,5cbf58d5-42c8-b694-66dc-680a93dc729f,Google Data Analytics Professional Certificate,Google / Coursera,2024-09-28,,https://www.coursera.org/professional-certificates/google-data-analytics,2026-07-22 02:06:00
d6981805-2d21-5331-d0a6-c91f48750ba9,ba2435b0-f799-d9cb-7348-2be93c528a69,Microsoft Office Specialist: Excel Associate,Microsoft,2025-09-21,,https://learn.microsoft.com/en-us/credentials/,2026-07-12 06:18:00
c8624e85-644f-7420-14d1-df9e5e097b8f,ba2435b0-f799-d9cb-7348-2be93c528a69,Machine Learning Specialization,DeepLearning.AI / Coursera,2026-01-21,,https://www.coursera.org/specializations/machine-learning-introduction,2026-07-12 06:18:00
1cb7c30a-6e95-0f95-955b-23215f682758,170f2fa8-07ec-e5db-9cd3-e33120fd4bee,Google Cloud Digital Leader,Google Cloud,2026-02-23,2029-02-22,https://cloud.google.com/learn/certification/cloud-digital-leader,2026-08-06 09:15:00
b0d2b263-3ef7-2c17-5ef5-3852419f007e,a730c040-7bc7-b553-b433-2dd954431abf,Meta Back-End Developer Professional Certificate,Meta / Coursera,2026-01-15,,https://www.coursera.org/professional-certificates/meta-back-end-developer,2026-07-04 13:28:00
a3d4633e-2e28-7530-4661-fea5fa939ae5,a730c040-7bc7-b553-b433-2dd954431abf,Certified Kubernetes Administrator (CKA),CNCF / Linux Foundation,2026-02-23,2029-02-22,https://training.linuxfoundation.org/certification/certified-kubernetes-administrator-cka/,2026-07-04 13:28:00
6032c29b-3ee7-fff3-c4f8-1f1f58d64464,af68dff3-3045-52f4-1bd9-080dd25b4e89,Splunk Core Certified User,Splunk,2025-12-22,,https://www.splunk.com/en_us/training/certification-track/splunk-core-certified-user.html,2026-08-26 00:49:00
20617bb8-8ef0-f8c2-e20e-a3f8cc663bc9,af68dff3-3045-52f4-1bd9-080dd25b4e89,IBM Data Science Professional Certificate,IBM / Coursera,2025-10-14,,https://www.coursera.org/professional-certificates/ibm-data-science,2026-08-26 00:49:00
27f4267d-6c5c-271e-196e-af9427cf1af5,af68dff3-3045-52f4-1bd9-080dd25b4e89,Meta Back-End Developer Professional Certificate,Meta / Coursera,2025-05-23,,https://www.coursera.org/professional-certificates/meta-back-end-developer,2026-08-26 00:49:00
e3f726a7-5052-d730-616a-17ae5ecd48c3,f413833b-303e-a8a8-5ad1-cf0cd681428a,Microsoft Certified: Azure Fundamentals (AZ-900),Microsoft,2024-06-07,,https://learn.microsoft.com/en-us/credentials/certifications/azure-fundamentals/,2026-09-14 13:16:00
4ae19357-35c4-7d25-966f-792c37ced495,90fe5840-2595-81b6-5649-5addf303749b,Docker Certified Associate,Docker / Mirantis,2026-05-18,,https://training.mirantis.com/,2026-08-19 15:50:00
d95d7897-8891-3abd-e81b-289c43277847,55869cc1-8edd-04de-8c55-dc3f4a6ec910,freeCodeCamp Responsive Web Design,freeCodeCamp,2026-02-17,,https://www.freecodecamp.org/learn/2022/responsive-web-design/,2026-09-10 07:26:00
3a631e53-84d0-3ff5-f8eb-0f9d5efe3d78,67937b2d-b216-e242-43cc-d96e6522e2f0,Microsoft Certified: Power BI Data Analyst Associate (PL-300),Microsoft,2024-07-27,,https://learn.microsoft.com/en-us/credentials/certifications/data-analyst-associate/,2026-09-11 12:45:00
1401601b-62a6-295f-7976-9a7ac1d7f360,2645baa7-9b02-6c08-593f-8fbf4fa8d1b4,Machine Learning Specialization,DeepLearning.AI / Coursera,2026-06-06,,https://www.coursera.org/specializations/machine-learning-introduction,2026-08-08 17:11:00
7f2a8810-9e90-7732-9e6c-4a9789ab3b6c,2645baa7-9b02-6c08-593f-8fbf4fa8d1b4,AWS Certified Cloud Practitioner,Amazon Web Services,2025-02-06,2028-02-06,https://aws.amazon.com/certification/certified-cloud-practitioner/,2026-08-08 17:11:00
0030110e-6905-ab06-ceb2-6dbce8f9240a,152ac42f-327e-0346-ecf0-e616ca62a90b,AWS Certified Cloud Practitioner,Amazon Web Services,2026-06-11,2029-06-10,https://aws.amazon.com/certification/certified-cloud-practitioner/,2026-08-15 12:49:00
e5be888d-03a3-1e06-a203-3b301b861ab2,fdad9492-416c-42d2-32fe-e2bbe717de65,Machine Learning Specialization,DeepLearning.AI / Coursera,2024-06-22,,https://www.coursera.org/specializations/machine-learning-introduction,2026-09-11 15:22:00
6694c18c-c61b-e9b5-a5fe-c0f61b1bee23,fdad9492-416c-42d2-32fe-e2bbe717de65,Meta Front-End Developer Professional Certificate,Meta / Coursera,2026-01-15,,https://www.coursera.org/professional-certificates/meta-front-end-developer,2026-09-11 15:22:00
0b2af5dc-6f06-7aab-e4f5-7feb8bfd2854,a89b73a7-13fc-f7f3-5ec4-0d4313e36bd2,PCEP – Certified Entry-Level Python Programmer,Python Institute,2026-07-16,,https://pythoninstitute.org/pcep,2026-07-17 13:16:00
87ab8a03-4f83-0baa-7f6e-829b19eb36f2,5c4d02af-d4df-8afe-4558-2e199fbd5aa5,Meta Front-End Developer Professional Certificate,Meta / Coursera,2025-09-11,,https://www.coursera.org/professional-certificates/meta-front-end-developer,2026-07-14 03:23:00
37f32c2c-915a-96ca-a072-febdfb48d281,8de054cb-aeb1-6b36-605f-c60eba3acf70,freeCodeCamp Responsive Web Design,freeCodeCamp,2026-01-11,,https://www.freecodecamp.org/learn/2022/responsive-web-design/,2026-08-09 04:56:00
a260a03b-65ff-8450-c5e1-000bcbd0fa68,f20a6968-548b-111d-1c04-0f3bb80114cb,Meta Back-End Developer Professional Certificate,Meta / Coursera,2024-08-08,,https://www.coursera.org/professional-certificates/meta-back-end-developer,2026-08-05 06:47:00
433d7e85-6b00-706d-833c-61bcc6ef0aa4,f20a6968-548b-111d-1c04-0f3bb80114cb,Docker Certified Associate,Docker / Mirantis,2025-05-21,,https://training.mirantis.com/,2026-08-05 06:47:00
58cd2f23-4dc0-32ab-8789-d492fd75d5eb,1cc19ee5-00ac-e3f4-dc6a-0ec34162e10f,Docker Certified Associate,Docker / Mirantis,2025-09-14,,https://training.mirantis.com/,2026-09-04 02:52:00
6f50b583-7f30-05d1-d111-497c6391c135,fb3b0c99-8fd5-6efd-d359-bf000be5d458,AWS Certified Solutions Architect – Associate,Amazon Web Services,2025-07-22,2028-07-21,https://aws.amazon.com/certification/certified-solutions-architect-associate/,2026-08-27 14:45:00
ada8dfe6-4811-e291-13c2-97893ead9e38,10b4eb8f-c423-7fc9-3a24-beeb65f772f9,Machine Learning Specialization,DeepLearning.AI / Coursera,2024-10-16,,https://www.coursera.org/specializations/machine-learning-introduction,2026-08-22 14:29:00
7575686f-24d9-880a-1393-ef1c76a4d501,387d1468-e2f2-4c1e-f27c-fd5e714f366e,Microsoft Certified: Power BI Data Analyst Associate (PL-300),Microsoft,2025-08-24,,https://learn.microsoft.com/en-us/credentials/certifications/data-analyst-associate/,2026-09-08 03:14:00
9a13c232-18ad-d3dd-8356-87dfefeb8b99,1205291d-9988-5a73-ea81-31a9e0dba77c,HashiCorp Certified: Terraform Associate,HashiCorp,2024-03-05,2027-03-05,https://developer.hashicorp.com/certifications/infrastructure-automation,2026-09-14 10:29:00
0cd92138-18bb-976e-3fbc-0ef5dc484118,1205291d-9988-5a73-ea81-31a9e0dba77c,AWS Certified Solutions Architect – Associate,Amazon Web Services,2025-10-30,2028-10-29,https://aws.amazon.com/certification/certified-solutions-architect-associate/,2026-09-14 10:29:00
f3a5e6f7-f474-7005-4f29-b286b7a5a0b1,d3cc73a8-63d3-e30a-a01c-a3eb4ecb7cd9,Google Data Analytics Professional Certificate,Google / Coursera,2025-11-06,,https://www.coursera.org/professional-certificates/google-data-analytics,2026-07-10 02:02:00
07059530-e03f-6f44-5afe-a3a6363c8af6,829678df-b2c9-01be-f450-6f6fd7acf296,AWS Certified Cloud Practitioner,Amazon Web Services,2025-04-13,2028-04-12,https://aws.amazon.com/certification/certified-cloud-practitioner/,2026-07-31 04:06:00
77575e54-8069-5eac-926a-35f7c8b1c930,c468c13f-7330-0e7d-dfab-e0c65b52e401,Google Cloud Digital Leader,Google Cloud,2024-02-09,2027-02-08,https://cloud.google.com/learn/certification/cloud-digital-leader,2026-08-12 19:53:00
0b4ed047-0b63-6a23-4b69-ef72072c97f5,c468c13f-7330-0e7d-dfab-e0c65b52e401,Meta Back-End Developer Professional Certificate,Meta / Coursera,2024-04-08,,https://www.coursera.org/professional-certificates/meta-back-end-developer,2026-08-12 19:53:00
a63ce6e7-0f55-3042-db37-8d7a65c0677d,d7d1c01b-5d42-606e-1d8d-28e8850bccec,Meta Back-End Developer Professional Certificate,Meta / Coursera,2025-10-22,,https://www.coursera.org/professional-certificates/meta-back-end-developer,2026-07-17 00:59:00
83eeb9da-5197-50ef-af08-a03188a71502,d7d1c01b-5d42-606e-1d8d-28e8850bccec,Google Data Analytics Professional Certificate,Google / Coursera,2026-04-23,,https://www.coursera.org/professional-certificates/google-data-analytics,2026-07-17 00:59:00
6d42d884-ce02-ddfd-d69c-268807877a71,acc5744a-e2e8-0283-a877-1c108a136e77,PCEP – Certified Entry-Level Python Programmer,Python Institute,2026-03-22,,https://pythoninstitute.org/pcep,2026-08-14 05:03:00
3ca9d648-c3c5-d4de-dac0-a7b55b662e00,acc5744a-e2e8-0283-a877-1c108a136e77,IBM Data Science Professional Certificate,IBM / Coursera,2025-03-20,,https://www.coursera.org/professional-certificates/ibm-data-science,2026-08-14 05:03:00
1dc730d6-5784-3b03-ca6d-2d322142ac32,acc5744a-e2e8-0283-a877-1c108a136e77,Machine Learning Specialization,DeepLearning.AI / Coursera,2025-12-10,,https://www.coursera.org/specializations/machine-learning-introduction,2026-08-14 05:03:00
ab59091e-b8ff-f0b9-2127-093b708cdecc,1cd74dab-80e2-b4bb-d819-6896293efc26,Google Cloud Digital Leader,Google Cloud,2024-10-14,2027-10-14,https://cloud.google.com/learn/certification/cloud-digital-leader,2026-07-17 05:09:00
5dc84401-5e11-be54-e06f-1a0c5a0232f5,8e84db26-c5f2-027a-998c-b078bb4b9b26,Elements of AI,University of Helsinki,2023-09-30,,https://www.elementsofai.com/,2026-08-14 07:39:00
a623a57c-9f99-c557-00c5-136fa58192b3,e05b4144-5254-69d5-972c-99359d37f42d,Certified Kubernetes Administrator (CKA),CNCF / Linux Foundation,2025-03-23,2028-03-22,https://training.linuxfoundation.org/certification/certified-kubernetes-administrator-cka/,2026-08-13 13:50:00
c4e12418-4476-0f2c-3e7c-d20773fbd8cc,1c5c9f5e-2ebc-8ce6-5d16-b3db21c44489,HashiCorp Certified: Terraform Associate,HashiCorp,2025-05-28,2028-05-27,https://developer.hashicorp.com/certifications/infrastructure-automation,2026-09-14 18:43:00
21741cfb-4c88-2d69-8da9-9dc7c2a3a59c,1c5c9f5e-2ebc-8ce6-5d16-b3db21c44489,Google Cloud Digital Leader,Google Cloud,2025-03-06,2028-03-05,https://cloud.google.com/learn/certification/cloud-digital-leader,2026-09-14 18:43:00
c2701e2a-912f-9a2a-53dd-feaacc7db99a,f49a7b99-1c2e-e341-17f8-b34017065c8a,Docker Certified Associate,Docker / Mirantis,2026-04-10,,https://training.mirantis.com/,2026-09-01 01:18:00
af0e4446-5649-b79f-aef9-ffd30f7b00bd,4df039c8-6544-9114-0bb7-e05f204304a6,PCEP – Certified Entry-Level Python Programmer,Python Institute,2025-05-03,,https://pythoninstitute.org/pcep,2026-08-09 21:53:00
b2a65e7e-e646-a61a-6ae9-c1f81372643f,4df039c8-6544-9114-0bb7-e05f204304a6,Docker Certified Associate,Docker / Mirantis,2025-06-08,,https://training.mirantis.com/,2026-08-09 21:53:00
3ed05074-3b61-066a-dcc3-831cf82771f3,5d05234c-e79b-2195-96c3-7e61bab52244,Machine Learning Specialization,DeepLearning.AI / Coursera,2024-12-16,,https://www.coursera.org/specializations/machine-learning-introduction,2026-09-13 08:29:00
b1339eff-e5bb-763d-a4bc-9f76f543a3e2,5d05234c-e79b-2195-96c3-7e61bab52244,Google Cybersecurity Professional Certificate,Google / Coursera,2026-02-23,,https://www.coursera.org/professional-certificates/google-cybersecurity,2026-09-13 08:29:00
659d0a36-ec6a-1969-27f9-59859c859f7c,a087df54-9bd0-0781-fa8b-1dc4a1e5ee0a,Google Data Analytics Professional Certificate,Google / Coursera,2024-09-23,,https://www.coursera.org/professional-certificates/google-data-analytics,2026-07-23 05:40:00
f4c36247-9616-3569-d229-c2c04e6e950d,5127c16a-99a9-1995-0230-f6b75149c900,PCEP – Certified Entry-Level Python Programmer,Python Institute,2025-01-03,,https://pythoninstitute.org/pcep,2026-08-13 02:33:00
581ae88d-f223-fb14-0249-15b18f68cbf4,fd31d74c-3f9a-b155-ef0e-790c64225620,AWS Certified Solutions Architect – Associate,Amazon Web Services,2024-10-11,2027-10-11,https://aws.amazon.com/certification/certified-solutions-architect-associate/,2026-09-02 04:49:00
39b229ba-a399-c24c-aa45-56aeac21bcbc,f8fb0765-83ef-94c8-09e6-34f755e4ef57,HashiCorp Certified: Terraform Associate,HashiCorp,2023-10-18,2026-10-17,https://developer.hashicorp.com/certifications/infrastructure-automation,2026-09-07 13:19:00
9ae34836-0154-1990-3d7b-d710061922b2,e154506d-d98d-3fc8-13bb-c6d158b27f72,Machine Learning Specialization,DeepLearning.AI / Coursera,2024-12-13,,https://www.coursera.org/specializations/machine-learning-introduction,2026-07-08 19:19:00
53f157ad-bb6e-516a-56c7-59dc9e56ecc2,70e013d5-7dce-959e-fd32-24ca6628703c,PCEP – Certified Entry-Level Python Programmer,Python Institute,2025-11-25,,https://pythoninstitute.org/pcep,2026-09-08 03:57:00
a4e9d962-a2f0-6308-a60d-f06350eca27c,ad5adc6a-9036-e734-a2f4-8e8af5e19011,"Oracle Certified Associate, Java SE Programmer",Oracle,2024-10-02,,https://education.oracle.com/,2026-08-08 03:57:00
7add6ab0-3110-f121-0bb2-8bb39fa77d97,bb87b889-8041-84b5-1e10-b2d1154a085f,Google Data Analytics Professional Certificate,Google / Coursera,2025-10-11,,https://www.coursera.org/professional-certificates/google-data-analytics,2026-07-13 16:27:00
96896e1d-b430-cc9a-f302-c26d5b8aefc2,bb87b889-8041-84b5-1e10-b2d1154a085f,IBM Data Science Professional Certificate,IBM / Coursera,2026-05-19,,https://www.coursera.org/professional-certificates/ibm-data-science,2026-07-13 16:27:00
3d0bd109-cf12-9797-a6a3-6ca3db94d9b9,98a2c68f-3c28-9687-d41f-87d8d0b9b58d,IBM Data Science Professional Certificate,IBM / Coursera,2024-12-03,,https://www.coursera.org/professional-certificates/ibm-data-science,2026-08-12 07:02:00
e239b796-330f-8c5a-87e7-3cf15f74ac5d,aec37c3b-537c-b765-1d7a-61c21e18f1d5,PCEP – Certified Entry-Level Python Programmer,Python Institute,2023-09-14,,https://pythoninstitute.org/pcep,2026-08-05 04:50:00
f150f820-921c-eb51-b627-7099cb5c08df,aec37c3b-537c-b765-1d7a-61c21e18f1d5,IBM Data Science Professional Certificate,IBM / Coursera,2023-11-11,,https://www.coursera.org/professional-certificates/ibm-data-science,2026-08-05 04:50:00
5a37da97-afe1-2b46-0e52-300dcf519a6a,87c54afc-5af9-3032-d8a0-5897c63dfb42,Google Cloud Digital Leader,Google Cloud,2025-02-23,2028-02-23,https://cloud.google.com/learn/certification/cloud-digital-leader,2026-07-27 22:03:00
7ef06142-0b8b-2e85-b663-9ec1998ba5cd,87c54afc-5af9-3032-d8a0-5897c63dfb42,Microsoft Certified: Power BI Data Analyst Associate (PL-300),Microsoft,2024-10-30,,https://learn.microsoft.com/en-us/credentials/certifications/data-analyst-associate/,2026-07-27 22:03:00
4c647829-5eab-f84e-2b75-6455c7dcbb28,b8b49596-28cd-9615-4c8c-72da1b3e52b9,Machine Learning Specialization,DeepLearning.AI / Coursera,2023-11-03,,https://www.coursera.org/specializations/machine-learning-introduction,2026-07-01 11:59:00
a13c4e97-21cf-71e6-19c8-0cd7d5db8c31,80a77673-9c12-4d48-a9bf-04b14bfc26f6,Google Cybersecurity Professional Certificate,Google / Coursera,2024-09-05,,https://www.coursera.org/professional-certificates/google-cybersecurity,2026-08-18 06:09:00
45c92f44-6f42-c28e-aec8-6b130944bb16,0d432e6f-8dc1-af4f-b50e-1586b408b384,PCEP – Certified Entry-Level Python Programmer,Python Institute,2024-12-09,,https://pythoninstitute.org/pcep,2026-07-21 14:17:00
29ec09c1-b727-2501-4ad5-22418565aacc,d29ec75a-61ff-bed7-8ed1-573c18c1262b,Microsoft Certified: Azure Fundamentals (AZ-900),Microsoft,2026-06-09,,https://learn.microsoft.com/en-us/credentials/certifications/azure-fundamentals/,2026-07-02 12:17:00
b32a8105-c5e8-3d4a-9cdd-9f2f0fe16858,d29ec75a-61ff-bed7-8ed1-573c18c1262b,AWS Certified Cloud Practitioner,Amazon Web Services,2025-08-22,2028-08-21,https://aws.amazon.com/certification/certified-cloud-practitioner/,2026-07-02 12:17:00
c2f203e6-ed04-a068-0398-77fbe4a4a4b8,5b71133a-4871-2a9c-25d0-8c0622aba688,Meta Back-End Developer Professional Certificate,Meta / Coursera,2026-03-29,,https://www.coursera.org/professional-certificates/meta-back-end-developer,2026-08-29 12:39:00
0b554e4b-ed97-a578-85ea-dcd7f9456f9c,5b71133a-4871-2a9c-25d0-8c0622aba688,freeCodeCamp Responsive Web Design,freeCodeCamp,2025-11-20,,https://www.freecodecamp.org/learn/2022/responsive-web-design/,2026-08-29 12:39:00
8dd984aa-0e09-1b29-d0fc-bb9edb99e420,f9558230-5661-3ace-7bc3-6b1de341e163,freeCodeCamp Responsive Web Design,freeCodeCamp,2024-03-09,,https://www.freecodecamp.org/learn/2022/responsive-web-design/,2026-09-03 14:09:00
437ad2c5-7d09-7b66-5d98-2f173654a4d2,74a03d36-8628-398e-1572-5102f0824253,Tableau Desktop Specialist,Tableau / Salesforce,2025-12-22,,https://www.tableau.com/learn/certification,2026-08-27 06:46:00
628718ae-5f37-6486-2b16-a48dceb57d57,5e345622-ac11-6ae0-f170-d3a91410133e,Deep Learning Specialization,DeepLearning.AI / Coursera,2023-11-30,,https://www.coursera.org/specializations/deep-learning,2026-07-08 02:29:00
83cc3e57-72f7-8bd9-da1d-426ecc10c2ac,c2ed3b9b-181b-8ce9-3a6d-77db7ec3e4c5,Machine Learning Specialization,DeepLearning.AI / Coursera,2025-09-07,,https://www.coursera.org/specializations/machine-learning-introduction,2026-08-03 07:26:00
7635de21-7eec-bdd1-d5f6-ed51f2d35c06,c2ed3b9b-181b-8ce9-3a6d-77db7ec3e4c5,Microsoft Certified: Azure Fundamentals (AZ-900),Microsoft,2025-01-13,,https://learn.microsoft.com/en-us/credentials/certifications/azure-fundamentals/,2026-08-03 07:26:00
c1b24b80-d878-acd0-d0cf-c578404b0d72,3ded3964-c004-6872-ae4e-266669c6c31c,Cisco Certified Network Associate (CCNA),Cisco,2024-04-18,2027-04-18,https://www.cisco.com/site/us/en/learn/training-certifications/certifications/enterprise/ccna/index.html,2026-08-30 13:15:00
f3928c23-e17c-8b76-ad6c-994a4c3bfc05,8288eb32-ae63-a628-47f4-b1bec18c9a13,Cisco Certified Network Associate (CCNA),Cisco,2026-07-01,2029-06-30,https://www.cisco.com/site/us/en/learn/training-certifications/certifications/enterprise/ccna/index.html,2026-07-12 05:59:00
d3ee8719-ad13-fe9c-2106-016b45a709f7,8288eb32-ae63-a628-47f4-b1bec18c9a13,Docker Certified Associate,Docker / Mirantis,2024-11-09,,https://training.mirantis.com/,2026-07-12 05:59:00
165f53e1-1213-c086-5034-9b457cc9551b,259300e1-3667-2150-8344-9e8402e3110f,Google Cloud Digital Leader,Google Cloud,2024-10-11,2027-10-11,https://cloud.google.com/learn/certification/cloud-digital-leader,2026-09-05 01:52:00
635e86e5-3ae4-9d58-9ea1-a27d548709d2,c81b9e21-5102-0e07-640d-0599603f4879,Splunk Core Certified User,Splunk,2024-06-26,,https://www.splunk.com/en_us/training/certification-track/splunk-core-certified-user.html,2026-07-17 21:12:00
c7e7fa1d-3ee7-883f-19df-ac567f34b86d,9e87ee66-b07e-90a5-a895-b1d015042767,Meta Back-End Developer Professional Certificate,Meta / Coursera,2024-03-22,,https://www.coursera.org/professional-certificates/meta-back-end-developer,2026-08-25 03:53:00
abd38773-a0b0-8b4a-c03d-e972296cf3ff,ce9aa74c-22db-2f87-9441-3cd016f3ccd7,AWS Certified Solutions Architect – Associate,Amazon Web Services,2025-09-28,2028-09-27,https://aws.amazon.com/certification/certified-solutions-architect-associate/,2026-09-18 17:09:00
f26fa936-c8dd-c636-a297-3bc8f679fb8d,1dfd4065-50f3-6ac5-378b-17c2ac095901,Machine Learning Specialization,DeepLearning.AI / Coursera,2024-12-18,,https://www.coursera.org/specializations/machine-learning-introduction,2026-08-03 19:48:00
7ce5800e-7d84-9858-8184-b325e226536c,615b29b6-866f-7be0-40d1-64fef658fb32,freeCodeCamp Responsive Web Design,freeCodeCamp,2025-11-21,,https://www.freecodecamp.org/learn/2022/responsive-web-design/,2026-07-18 20:01:00
d43af96f-7fb5-0fb3-1896-dd9796a7a151,7ab5df0c-2d2b-b608-9263-c7d14df8b91b,IBM Data Science Professional Certificate,IBM / Coursera,2023-11-30,,https://www.coursera.org/professional-certificates/ibm-data-science,2026-07-14 13:11:00
d669b1f8-f370-abd6-294a-879e8088370a,7ab5df0c-2d2b-b608-9263-c7d14df8b91b,Google Data Analytics Professional Certificate,Google / Coursera,2025-07-29,,https://www.coursera.org/professional-certificates/google-data-analytics,2026-07-14 13:11:00
693d2617-d267-95e9-8087-4a1a8e6a943e,a042ebc9-6afe-0538-0f1c-88ff6a8c3e4e,Splunk Core Certified User,Splunk,2025-02-27,,https://www.splunk.com/en_us/training/certification-track/splunk-core-certified-user.html,2026-07-21 00:51:00
427b16e9-6bca-574f-eb6b-252ac474437a,f9b08d23-86a8-10ea-b9ce-aedf749528d9,Microsoft Certified: Azure Fundamentals (AZ-900),Microsoft,2024-08-12,,https://learn.microsoft.com/en-us/credentials/certifications/azure-fundamentals/,2026-08-04 05:35:00
a85c3b37-7577-b9a3-385e-eee6904f163b,0a23359d-406a-d0f8-24bb-1e9fed28cbd6,Microsoft Office Specialist: Excel Associate,Microsoft,2025-09-12,,https://learn.microsoft.com/en-us/credentials/,2026-09-16 09:10:00
08092598-76c3-5364-2128-141b3b7de358,a3d1a940-79cd-7eeb-225d-6d3c8be23ede,Google Cybersecurity Professional Certificate,Google / Coursera,2024-08-14,,https://www.coursera.org/professional-certificates/google-cybersecurity,2026-08-28 02:57:00
5d126822-0aaa-e43d-056b-474c66549668,a3d1a940-79cd-7eeb-225d-6d3c8be23ede,AWS Certified Cloud Practitioner,Amazon Web Services,2026-02-20,2029-02-19,https://aws.amazon.com/certification/certified-cloud-practitioner/,2026-08-28 02:57:00
cb9e31d9-8d58-9e4d-db86-cfb586204b2f,53e7a391-68da-373c-94cc-9f231655d3e1,freeCodeCamp Responsive Web Design,freeCodeCamp,2026-01-25,,https://www.freecodecamp.org/learn/2022/responsive-web-design/,2026-08-11 13:42:00
50c56922-ee0f-98ba-dd10-b748dd33b83c,c0d9dc6e-c341-48ae-9c0b-878399f788d6,Google Data Analytics Professional Certificate,Google / Coursera,2026-01-15,,https://www.coursera.org/professional-certificates/google-data-analytics,2026-09-14 15:37:00
f3f57b6f-debc-4196-0c4a-8a517ae4e250,c0d9dc6e-c341-48ae-9c0b-878399f788d6,Microsoft Office Specialist: Excel Associate,Microsoft,2026-04-14,,https://learn.microsoft.com/en-us/credentials/,2026-09-14 15:37:00
7dea0759-8240-aef6-9b4f-37cbf9fc4334,a2cfd086-e2bb-0a6e-b435-666fa81b1976,Meta Back-End Developer Professional Certificate,Meta / Coursera,2025-09-01,,https://www.coursera.org/professional-certificates/meta-back-end-developer,2026-09-14 03:23:00
0391c8f1-eedd-d7bb-2ec9-6a7a7ff6fec4,2790be82-c899-2981-531e-3acf6ff09eee,Microsoft Office Specialist: Excel Associate,Microsoft,2023-10-17,,https://learn.microsoft.com/en-us/credentials/,2026-08-11 20:32:00
97c134ba-2936-3122-d9b8-b2143fccd239,2790be82-c899-2981-531e-3acf6ff09eee,Google Data Analytics Professional Certificate,Google / Coursera,2023-09-27,,https://www.coursera.org/professional-certificates/google-data-analytics,2026-08-11 20:32:00
29a2dd55-0b60-0136-d574-f5e991fc9140,2790be82-c899-2981-531e-3acf6ff09eee,Tableau Desktop Specialist,Tableau / Salesforce,2026-02-25,,https://www.tableau.com/learn/certification,2026-08-11 20:32:00
9b9b6cf8-3d63-b6c6-485a-3fe54cb01e13,ad4e7907-afc6-a2f4-b5bf-cf4bd27a87eb,Tableau Desktop Specialist,Tableau / Salesforce,2026-05-13,,https://www.tableau.com/learn/certification,2026-08-27 23:03:00
56edeb7a-7659-c058-9744-74e2e577c1f8,ad4e7907-afc6-a2f4-b5bf-cf4bd27a87eb,PCEP – Certified Entry-Level Python Programmer,Python Institute,2024-12-19,,https://pythoninstitute.org/pcep,2026-08-27 23:03:00
8aa9466f-59b3-1e6c-9806-7c78b0b70486,f8ad63b1-094f-e20c-c579-b252d1aea3d5,freeCodeCamp Responsive Web Design,freeCodeCamp,2026-04-15,,https://www.freecodecamp.org/learn/2022/responsive-web-design/,2026-07-03 02:54:00
4699cdd1-f6b3-9abf-50c5-bf9880e605c8,15178c7a-f4a7-79cc-e87b-ace1b91dee34,AWS Certified Solutions Architect – Associate,Amazon Web Services,2026-01-17,2029-01-16,https://aws.amazon.com/certification/certified-solutions-architect-associate/,2026-08-02 12:25:00
34bd2631-08f4-4cfd-93bd-acc0c060474e,3719527e-efee-b60a-fad9-7a8550e3373b,Certified Kubernetes Administrator (CKA),CNCF / Linux Foundation,2024-11-01,2027-11-01,https://training.linuxfoundation.org/certification/certified-kubernetes-administrator-cka/,2026-08-30 16:06:00
df7c69b7-06c6-63a1-2fad-d56e76bb9c44,120ffa3a-2b01-7a70-f76d-5a8b76190988,Machine Learning Specialization,DeepLearning.AI / Coursera,2025-11-04,,https://www.coursera.org/specializations/machine-learning-introduction,2026-07-21 04:56:00
2ef1e3c8-ec1f-4238-66c8-bc4fd6fbbe90,120ffa3a-2b01-7a70-f76d-5a8b76190988,HashiCorp Certified: Terraform Associate,HashiCorp,2026-08-01,2029-07-31,https://developer.hashicorp.com/certifications/infrastructure-automation,2026-07-21 04:56:00
0d2ad538-a1bc-c5f8-9f82-89e56228ab5a,078e6888-08a2-2e6d-e00d-69f718bb30fe,Docker Certified Associate,Docker / Mirantis,2025-08-25,,https://training.mirantis.com/,2026-09-01 03:11:00
a94b56fa-b8e6-6dac-c477-6025382827f4,a6c7e37a-679d-0e6f-0c95-1906c0a8bd13,Docker Certified Associate,Docker / Mirantis,2026-04-26,,https://training.mirantis.com/,2026-08-17 17:08:00
e802a853-4e9c-8462-ec04-85714b8da78c,f54d4573-d015-8e0a-7da5-048ca6db3c99,AWS Certified Solutions Architect – Associate,Amazon Web Services,2024-04-07,2027-04-07,https://aws.amazon.com/certification/certified-solutions-architect-associate/,2026-08-30 07:49:00
e0f780b1-feca-c4de-a8dc-600495108d2f,e2b9fe50-8ffe-7525-9579-87a538ffbd17,Microsoft Certified: Azure Fundamentals (AZ-900),Microsoft,2026-04-16,,https://learn.microsoft.com/en-us/credentials/certifications/azure-fundamentals/,2026-07-20 22:34:00
2a40d247-cf85-2f81-2a7c-f3a6038dbba5,3209c202-64ab-7b83-3d3d-181410ed8952,IBM Data Science Professional Certificate,IBM / Coursera,2025-07-07,,https://www.coursera.org/professional-certificates/ibm-data-science,2026-08-15 09:14:00
b9b29983-009b-337c-628f-d33226985906,3209c202-64ab-7b83-3d3d-181410ed8952,Certified Kubernetes Administrator (CKA),CNCF / Linux Foundation,2025-07-13,2028-07-12,https://training.linuxfoundation.org/certification/certified-kubernetes-administrator-cka/,2026-08-15 09:14:00
5bad6d18-df82-df44-0415-6ac20c335b8f,72fea4c6-dd46-6864-1b96-f78b2a04c7e6,Meta Back-End Developer Professional Certificate,Meta / Coursera,2026-04-06,,https://www.coursera.org/professional-certificates/meta-back-end-developer,2026-08-23 13:50:00
eb4494a4-4fb8-20b7-5485-4e7a43034978,72fea4c6-dd46-6864-1b96-f78b2a04c7e6,Google Cybersecurity Professional Certificate,Google / Coursera,2026-06-15,,https://www.coursera.org/professional-certificates/google-cybersecurity,2026-08-23 13:50:00
0f5d8d51-33c4-1d31-4fca-f2dd62959372,39a45959-fa68-2bcf-0dc0-4a8cf099b575,Docker Certified Associate,Docker / Mirantis,2026-07-04,,https://training.mirantis.com/,2026-07-26 07:03:00
857b7f7b-58c9-d395-4774-68b72d648430,6b1f11f9-59e7-1c64-534b-536911cddc5e,PCEP – Certified Entry-Level Python Programmer,Python Institute,2025-07-29,,https://pythoninstitute.org/pcep,2026-09-06 16:56:00
0a22460f-d20b-23cd-0da4-206746662cf9,0cefb5ba-d3e3-7b8e-615f-6dbfae8dd891,CompTIA Security+,CompTIA,2024-04-07,2027-04-07,https://www.comptia.org/certifications/security,2026-07-21 08:57:00
e718db9e-687d-aa8a-8b6b-9ab85f5f518a,a5c1ba83-ba5a-6053-fb25-1faa3c90b95b,Microsoft Certified: Azure Fundamentals (AZ-900),Microsoft,2025-11-11,,https://learn.microsoft.com/en-us/credentials/certifications/azure-fundamentals/,2026-07-25 15:01:00
49022b29-bd6d-17f3-2ff2-815f7fe9c706,12993d01-ad49-3d38-d95d-7e5763e8c3f0,AWS Certified Solutions Architect – Associate,Amazon Web Services,2025-06-15,2028-06-14,https://aws.amazon.com/certification/certified-solutions-architect-associate/,2026-09-14 23:44:00
0e92c8bd-d65b-e72c-337d-22c47e57e8d7,3e1dadbe-e55e-b689-f408-6785163a8c5c,Microsoft Office Specialist: Excel Associate,Microsoft,2025-04-10,,https://learn.microsoft.com/en-us/credentials/,2026-09-01 18:53:00
d9b71959-561e-eff4-c2a5-02a6a592c2f8,68dc6936-2e74-3f2b-d7dd-345af7bbbb28,Tableau Desktop Specialist,Tableau / Salesforce,2025-10-04,,https://www.tableau.com/learn/certification,2026-07-21 19:42:00
c3b841eb-da1b-e5d1-431a-342086b4f26e,9218c282-af7e-4895-b3eb-404e5e03d741,Microsoft Certified: Azure Fundamentals (AZ-900),Microsoft,2025-04-07,,https://learn.microsoft.com/en-us/credentials/certifications/azure-fundamentals/,2026-09-05 05:09:00
46709de1-49cc-e9cd-c125-834932fe2f8d,cc5b0cf1-2f30-7c26-d678-dc9225786d1c,AWS Certified Cloud Practitioner,Amazon Web Services,2026-07-06,2029-07-05,https://aws.amazon.com/certification/certified-cloud-practitioner/,2026-08-08 15:52:00
5fe8c9ee-99d4-71b1-f7e5-18494ef4b0c2,dbe9d442-41e4-b3d6-085e-4a5ddc8ff454,Google Cybersecurity Professional Certificate,Google / Coursera,2025-07-14,,https://www.coursera.org/professional-certificates/google-cybersecurity,2026-07-31 17:38:00
877ac266-1436-f072-e233-d57e543a52a2,fa2fd835-4832-1bfd-5c59-adbd0bac2234,Meta Back-End Developer Professional Certificate,Meta / Coursera,2026-07-05,,https://www.coursera.org/professional-certificates/meta-back-end-developer,2026-07-07 22:19:00
d9e7efa5-42ae-6945-6fc9-50e7dc0e20f5,91c79e38-838b-6b70-95d3-c7a48286e952,HashiCorp Certified: Terraform Associate,HashiCorp,2025-11-03,2028-11-02,https://developer.hashicorp.com/certifications/infrastructure-automation,2026-09-12 09:30:00
eb277331-e367-6ba2-7670-28ddca500786,91c79e38-838b-6b70-95d3-c7a48286e952,AWS Certified Cloud Practitioner,Amazon Web Services,2026-04-13,2029-04-12,https://aws.amazon.com/certification/certified-cloud-practitioner/,2026-09-12 09:30:00
8edebb77-0acd-2d82-46b7-3784732c5e1c,d67b9394-0049-7081-718c-2cde9be3e0c9,Google Data Analytics Professional Certificate,Google / Coursera,2025-04-21,,https://www.coursera.org/professional-certificates/google-data-analytics,2026-08-02 17:55:00
9010b465-4b39-cd94-65cf-c194f4377dd0,49b31227-76e2-3168-7f8c-1451ba544025,Meta Back-End Developer Professional Certificate,Meta / Coursera,2026-02-05,,https://www.coursera.org/professional-certificates/meta-back-end-developer,2026-09-11 04:26:00
7015bc67-50c1-00af-e85d-f1eaa69c09f1,49b31227-76e2-3168-7f8c-1451ba544025,Tableau Desktop Specialist,Tableau / Salesforce,2025-06-08,,https://www.tableau.com/learn/certification,2026-09-11 04:26:00
e94ee0b2-e999-4848-4db1-9d73d2194f44,c151905f-67d5-8871-7b34-2140ab25c4df,Tableau Desktop Specialist,Tableau / Salesforce,2026-03-18,,https://www.tableau.com/learn/certification,2026-09-11 22:55:00
9292069d-280e-78cb-d801-03175662a1f8,c151905f-67d5-8871-7b34-2140ab25c4df,HashiCorp Certified: Terraform Associate,HashiCorp,2025-10-03,2028-10-02,https://developer.hashicorp.com/certifications/infrastructure-automation,2026-09-11 22:55:00
93bd4c01-25df-bb8a-09be-ba7874dc8ef9,7a7e7457-368b-f32e-f113-cd5f348e1c33,Meta Back-End Developer Professional Certificate,Meta / Coursera,2026-01-18,,https://www.coursera.org/professional-certificates/meta-back-end-developer,2026-08-16 23:22:00
a104306f-5438-c534-32ce-15974f70e965,14c2fbe8-0a2d-8d33-3fd1-bd59338eec11,Microsoft Certified: Azure Fundamentals (AZ-900),Microsoft,2026-03-06,,https://learn.microsoft.com/en-us/credentials/certifications/azure-fundamentals/,2026-09-03 10:37:00
be4e1d2b-ec0a-fbfa-aa39-bf5172a5874c,88abac64-4f62-ac6d-02fb-31807f17c954,Meta Front-End Developer Professional Certificate,Meta / Coursera,2025-10-06,,https://www.coursera.org/professional-certificates/meta-front-end-developer,2026-09-19 15:26:00
411cac53-68e0-7acc-bfc4-05bbc98efe40,605bbe3b-bd22-68da-4a16-82e83027ec22,Machine Learning Specialization,DeepLearning.AI / Coursera,2024-07-25,,https://www.coursera.org/specializations/machine-learning-introduction,2026-08-13 20:44:00
d9409d75-013a-bead-1537-6444115ce5b2,e0939ab4-af7f-6066-3296-e788e9b57fd8,Certified Ethical Hacker (CEH),EC-Council,2026-03-28,2029-03-27,https://www.eccouncil.org/train-certify/certified-ethical-hacker-ceh/,2026-07-31 04:17:00
71630ae3-326f-feab-49b5-9948769679b9,6928ec97-c7cb-ce98-9c38-9baa4b2a2554,Machine Learning Specialization,DeepLearning.AI / Coursera,2024-05-01,,https://www.coursera.org/specializations/machine-learning-introduction,2026-07-09 05:39:00
b8e3ce0c-97d2-9b10-23a6-12f9412bc3fa,6928ec97-c7cb-ce98-9c38-9baa4b2a2554,Tableau Desktop Specialist,Tableau / Salesforce,2024-03-04,,https://www.tableau.com/learn/certification,2026-07-09 05:39:00
222db114-e140-48e0-a1b9-efa0daacee4d,a318c32c-20c8-27a1-bc4b-82f6a4b3b545,Meta Back-End Developer Professional Certificate,Meta / Coursera,2025-02-28,,https://www.coursera.org/professional-certificates/meta-back-end-developer,2026-07-29 10:36:00
7e9e0ce2-85e1-a6ac-daef-5f830f9b7168,a318c32c-20c8-27a1-bc4b-82f6a4b3b545,Google Data Analytics Professional Certificate,Google / Coursera,2024-04-05,,https://www.coursera.org/professional-certificates/google-data-analytics,2026-07-29 10:36:00
824ef0d8-985f-703c-876a-141d1620b7fa,a318c32c-20c8-27a1-bc4b-82f6a4b3b545,Cisco Certified Network Associate (CCNA),Cisco,2026-01-09,2029-01-08,https://www.cisco.com/site/us/en/learn/training-certifications/certifications/enterprise/ccna/index.html,2026-07-29 10:36:00
2bdc78a8-b780-93d7-63c2-8b4eae819cff,31d9165b-4699-b3a8-8968-a5921c768af5,HashiCorp Certified: Terraform Associate,HashiCorp,2026-06-27,2029-06-26,https://developer.hashicorp.com/certifications/infrastructure-automation,2026-07-07 00:00:00
74fc3056-2b6b-ce7b-08c9-259eff89d345,06da984d-b090-afc1-ca55-8b4bc74aad18,Meta Back-End Developer Professional Certificate,Meta / Coursera,2025-03-09,,https://www.coursera.org/professional-certificates/meta-back-end-developer,2026-07-14 08:59:00
d26fd9a4-6959-17fe-db72-4f43aaf00d31,18d251c0-2b9d-5314-6829-e041f57707c4,Machine Learning Specialization,DeepLearning.AI / Coursera,2026-04-20,,https://www.coursera.org/specializations/machine-learning-introduction,2026-08-13 21:27:00
5e537663-bfbc-581f-1edd-76764bf72cca,045aa1d5-3278-ecc4-6dad-7c0c2bf66f58,Tableau Desktop Specialist,Tableau / Salesforce,2025-11-30,,https://www.tableau.com/learn/certification,2026-08-04 20:28:00
24bf25dc-6513-c723-c0e2-536dc43a0159,045aa1d5-3278-ecc4-6dad-7c0c2bf66f58,HashiCorp Certified: Terraform Associate,HashiCorp,2025-11-21,2028-11-20,https://developer.hashicorp.com/certifications/infrastructure-automation,2026-08-04 20:28:00
a267d144-369c-54ad-930c-29e9ecc5effb,e2bea864-5f5c-c6a2-6e4b-f8688b86450e,Microsoft Office Specialist: Excel Associate,Microsoft,2025-10-29,,https://learn.microsoft.com/en-us/credentials/,2026-09-20 06:48:00
fbe3b0d5-3a1c-1282-b17c-bc7662dfea4e,e2bea864-5f5c-c6a2-6e4b-f8688b86450e,Google Data Analytics Professional Certificate,Google / Coursera,2026-02-11,,https://www.coursera.org/professional-certificates/google-data-analytics,2026-09-20 06:48:00
7f13c4e6-d0d6-44d1-2acf-0b2616da7a22,b1988c55-51f4-7fb5-b60d-4d6d80afb9f2,Meta Back-End Developer Professional Certificate,Meta / Coursera,2024-02-01,,https://www.coursera.org/professional-certificates/meta-back-end-developer,2026-07-31 19:28:00
587e7b9f-1f22-86be-76d6-2fdb186beca5,b1988c55-51f4-7fb5-b60d-4d6d80afb9f2,Microsoft Certified: Power BI Data Analyst Associate (PL-300),Microsoft,2026-07-23,,https://learn.microsoft.com/en-us/credentials/certifications/data-analyst-associate/,2026-07-31 19:28:00
a67b01c8-07d5-6d5b-71bb-99c070d97a91,58b316b4-c30a-eb64-78ef-086cd42376d8,HashiCorp Certified: Terraform Associate,HashiCorp,2024-04-16,2027-04-16,https://developer.hashicorp.com/certifications/infrastructure-automation,2026-07-18 06:03:00
d667c0f7-42be-929e-c94b-5278d27d9b9d,389b9e56-a033-e3e0-6938-acdf41d4d5dd,PCEP – Certified Entry-Level Python Programmer,Python Institute,2025-03-16,,https://pythoninstitute.org/pcep,2026-07-30 18:33:00
3fc1c9fb-d869-2730-abc9-e6baba634ce9,18b8fa28-75e3-2dbb-0dc8-ff878fee5e0d,Machine Learning Specialization,DeepLearning.AI / Coursera,2026-01-28,,https://www.coursera.org/specializations/machine-learning-introduction,2026-08-28 17:15:00
40631bcd-ed6b-67c5-26b9-7bff48779723,18b8fa28-75e3-2dbb-0dc8-ff878fee5e0d,Microsoft Certified: Azure Fundamentals (AZ-900),Microsoft,2025-10-01,,https://learn.microsoft.com/en-us/credentials/certifications/azure-fundamentals/,2026-08-28 17:15:00
6c01fd80-0889-4a64-1e50-34655d2b7643,6b67efc0-daac-aaa8-c096-5423b2676782,AWS Certified Solutions Architect – Associate,Amazon Web Services,2026-08-01,2029-07-31,https://aws.amazon.com/certification/certified-solutions-architect-associate/,2026-07-10 08:08:00
97445f1e-30db-650f-722a-0cbf14909ece,22ebeb94-ecaa-ccda-5d1c-02041d695478,AWS Certified Cloud Practitioner,Amazon Web Services,2023-10-31,2026-10-30,https://aws.amazon.com/certification/certified-cloud-practitioner/,2026-08-16 02:21:00
d2f23d4c-a99a-d1c6-8985-e7727e20f948,aff3ac25-2cb2-e117-b82b-ea2ead6a1e3a,Machine Learning Specialization,DeepLearning.AI / Coursera,2024-09-28,,https://www.coursera.org/specializations/machine-learning-introduction,2026-07-28 22:02:00
1e482aa7-ad3f-21ba-788d-fbcee12bcda2,c72b0553-769f-e8b4-1a4a-05551df5daed,"Oracle Certified Associate, Java SE Programmer",Oracle,2025-04-26,,https://education.oracle.com/,2026-07-09 12:19:00
9d0936b0-ef56-9ae9-36ec-2df185a9d53a,c72b0553-769f-e8b4-1a4a-05551df5daed,Microsoft Certified: Azure Fundamentals (AZ-900),Microsoft,2026-01-22,,https://learn.microsoft.com/en-us/credentials/certifications/azure-fundamentals/,2026-07-09 12:19:00
988f87c5-f3c2-8b9e-d046-2df9e9774e76,75322318-95c4-cb2e-4f50-c30d8e9ccb99,AWS Certified Solutions Architect – Associate,Amazon Web Services,2025-01-01,2028-01-01,https://aws.amazon.com/certification/certified-solutions-architect-associate/,2026-08-07 01:50:00
4b39dac4-cf92-1299-0424-e07151cac016,d3aa013b-9123-568e-42e2-6242ddc4127d,Machine Learning Specialization,DeepLearning.AI / Coursera,2024-01-17,,https://www.coursera.org/specializations/machine-learning-introduction,2026-09-05 13:29:00
76133aee-037c-a61d-f8fa-5ba96b934ea5,d3aa013b-9123-568e-42e2-6242ddc4127d,CompTIA Security+,CompTIA,2023-10-02,2026-10-01,https://www.comptia.org/certifications/security,2026-09-05 13:29:00
7285522c-1a49-eb26-e5b5-ad25f095f156,d3aa013b-9123-568e-42e2-6242ddc4127d,AWS Certified Solutions Architect – Associate,Amazon Web Services,2024-02-04,2027-02-03,https://aws.amazon.com/certification/certified-solutions-architect-associate/,2026-09-05 13:29:00
74406072-06bb-51a9-19c8-fe4c4eeb576c,e12e6427-cef4-6720-de62-02380bec5762,Google Cloud Digital Leader,Google Cloud,2023-10-13,2026-10-12,https://cloud.google.com/learn/certification/cloud-digital-leader,2026-08-10 19:29:00
bed76aae-0b1d-1cef-353d-443032dd600d,5dddf0b5-ea3e-ce5c-c3ec-fd6cd2ce7cbb,Meta Back-End Developer Professional Certificate,Meta / Coursera,2024-09-19,,https://www.coursera.org/professional-certificates/meta-back-end-developer,2026-09-15 14:45:00
3bc8f3d8-3fcf-7109-68fd-09875dfe8452,93caa33d-9b71-c51f-1316-5a7d09ed425d,Meta Back-End Developer Professional Certificate,Meta / Coursera,2025-03-12,,https://www.coursera.org/professional-certificates/meta-back-end-developer,2026-08-14 13:04:00
0dadcb13-eaf0-cf8a-7898-c92f533d8d83,8fd355a7-816d-0ca2-1010-e63c136b2305,Machine Learning Specialization,DeepLearning.AI / Coursera,2024-10-09,,https://www.coursera.org/specializations/machine-learning-introduction,2026-09-08 15:28:00
39527add-ef83-3635-c5b5-8a55b4a4e052,8fd355a7-816d-0ca2-1010-e63c136b2305,PCEP – Certified Entry-Level Python Programmer,Python Institute,2026-07-17,,https://pythoninstitute.org/pcep,2026-09-08 15:28:00
8cd7020e-0a18-cae2-050a-d2febf73a96a,4b4364dc-284b-34e2-9531-7e493c37029c,Google Data Analytics Professional Certificate,Google / Coursera,2026-02-26,,https://www.coursera.org/professional-certificates/google-data-analytics,2026-09-06 09:09:00
3aa48ff4-665e-47fc-8f17-4d0f5e47635b,5093dba8-c849-5d06-7f28-569737fa053d,Tableau Desktop Specialist,Tableau / Salesforce,2025-08-17,,https://www.tableau.com/learn/certification,2026-09-18 23:14:00
7f9605e5-3634-4ef9-abc8-7b20bbf73721,5093dba8-c849-5d06-7f28-569737fa053d,Google Data Analytics Professional Certificate,Google / Coursera,2025-12-01,,https://www.coursera.org/professional-certificates/google-data-analytics,2026-09-18 23:14:00
88ad20a1-195c-ec51-71cc-3d9bfc9ed184,0157fc49-6109-d86c-a2ae-84cff25c68df,AWS Certified Solutions Architect – Associate,Amazon Web Services,2026-05-27,2029-05-26,https://aws.amazon.com/certification/certified-solutions-architect-associate/,2026-07-22 02:57:00
ef9ca2db-f4d5-8210-e07f-7698ffe15f0d,7f4022e1-2246-0d56-196e-15da4bebf4b5,IBM Data Science Professional Certificate,IBM / Coursera,2025-09-23,,https://www.coursera.org/professional-certificates/ibm-data-science,2026-08-27 04:16:00
3d0320eb-d9f3-4659-519d-c3e8e116daee,259bb1be-0e81-3944-8c6b-177fdbd1ebc8,Certified Kubernetes Administrator (CKA),CNCF / Linux Foundation,2025-12-03,2028-12-02,https://training.linuxfoundation.org/certification/certified-kubernetes-administrator-cka/,2026-07-07 22:29:00
7c17e10d-68a4-4dd9-6ad2-e14cfec57015,1f06d426-bbb0-e5c5-8d82-e2e558de8713,Microsoft Office Specialist: Excel Associate,Microsoft,2026-07-10,,https://learn.microsoft.com/en-us/credentials/,2026-08-29 00:17:00
2b5a2f9f-e42c-802c-f764-351911e5c9d7,1f06d426-bbb0-e5c5-8d82-e2e558de8713,Tableau Desktop Specialist,Tableau / Salesforce,2025-11-10,,https://www.tableau.com/learn/certification,2026-08-29 00:17:00
e260f336-5b73-44e1-d115-64d14fb02dbc,d0d0c5cd-7c3a-b52c-a235-b8b77caea3ca,Docker Certified Associate,Docker / Mirantis,2024-07-03,,https://training.mirantis.com/,2026-08-11 21:43:00
099709cd-88c6-70d5-7aed-0e005572e2b5,ff4a21f3-27c9-a6fd-9655-ef2a07bb69d7,AWS Certified Solutions Architect – Associate,Amazon Web Services,2024-10-19,2027-10-19,https://aws.amazon.com/certification/certified-solutions-architect-associate/,2026-08-22 19:08:00
4e77371b-f76c-1076-73f1-aefa964bdad8,ff4a21f3-27c9-a6fd-9655-ef2a07bb69d7,Google Cloud Digital Leader,Google Cloud,2026-01-05,2029-01-04,https://cloud.google.com/learn/certification/cloud-digital-leader,2026-08-22 19:08:00
79dfaa72-127c-842b-cb45-e27b63182e97,12007844-f6d3-2462-6f46-207697dad919,Certified Kubernetes Administrator (CKA),CNCF / Linux Foundation,2025-07-06,2028-07-05,https://training.linuxfoundation.org/certification/certified-kubernetes-administrator-cka/,2026-08-12 19:19:00
d6c94db0-7193-f380-b035-6718da0e1e3c,12007844-f6d3-2462-6f46-207697dad919,freeCodeCamp Responsive Web Design,freeCodeCamp,2025-06-30,,https://www.freecodecamp.org/learn/2022/responsive-web-design/,2026-08-12 19:19:00
46f161f3-885c-cd9a-ee34-c9d6c60b0bda,55e83ccb-41ef-c7cc-d1d6-a42475ea4cfa,Google Cybersecurity Professional Certificate,Google / Coursera,2025-10-10,,https://www.coursera.org/professional-certificates/google-cybersecurity,2026-08-30 05:43:00
e6064e49-fc79-76df-5bdd-1b3f7a437dee,ea996895-13dd-cb5b-d6c8-0359dba0ec89,Google Cybersecurity Professional Certificate,Google / Coursera,2024-02-29,,https://www.coursera.org/professional-certificates/google-cybersecurity,2026-09-01 14:04:00
31d74c72-6927-ebbe-2657-381842a476b7,ea996895-13dd-cb5b-d6c8-0359dba0ec89,Microsoft Certified: Azure Fundamentals (AZ-900),Microsoft,2026-07-25,,https://learn.microsoft.com/en-us/credentials/certifications/azure-fundamentals/,2026-09-01 14:04:00
f2bf98a4-94f6-c89e-a458-8a0665422901,3e5ffea1-330f-b697-a620-9a41892130b1,Google Cybersecurity Professional Certificate,Google / Coursera,2026-02-21,,https://www.coursera.org/professional-certificates/google-cybersecurity,2026-07-14 02:46:00
a2771a30-0cd9-8755-0d3c-d8e3a13af7fd,5437dbec-dca0-205c-6419-de0ca0ace340,Google Data Analytics Professional Certificate,Google / Coursera,2026-07-16,,https://www.coursera.org/professional-certificates/google-data-analytics,2026-09-07 04:32:00
504e0317-fa81-1a37-0d1c-b55714703dd6,73da71b1-ae5c-137d-1136-84bf17a8f1ba,Meta Back-End Developer Professional Certificate,Meta / Coursera,2024-01-05,,https://www.coursera.org/professional-certificates/meta-back-end-developer,2026-08-29 12:34:00
47f7d3aa-eb42-8045-555e-417d7c10418f,4e1d0cbd-ed41-b6b2-1e4e-1fe26c15d8c8,Certified Kubernetes Administrator (CKA),CNCF / Linux Foundation,2025-01-27,2028-01-27,https://training.linuxfoundation.org/certification/certified-kubernetes-administrator-cka/,2026-08-26 19:05:00
9164427e-a735-f619-0ec0-912c972d4bb3,b1e68ed1-e11b-f0fe-4c12-1c37a81c2f1b,Machine Learning Specialization,DeepLearning.AI / Coursera,2025-02-16,,https://www.coursera.org/specializations/machine-learning-introduction,2026-07-10 06:39:00
7a020b04-40fd-8607-2d4e-4aa988ecfda8,99e8823a-4fcb-fead-169b-55f3cf9096fc,AWS Certified Solutions Architect – Associate,Amazon Web Services,2025-01-09,2028-01-09,https://aws.amazon.com/certification/certified-solutions-architect-associate/,2026-08-30 08:30:00
9dc48bf9-e8e5-15ba-e708-eb26184790c8,d52a439a-b699-03e4-fadc-0c226469ab8b,PCEP – Certified Entry-Level Python Programmer,Python Institute,2024-09-15,,https://pythoninstitute.org/pcep,2026-08-15 02:39:00
67fbe78e-19f5-f19b-650b-7c22e8a2d333,bd685a88-9525-0204-7288-bfe4457d340f,Google Data Analytics Professional Certificate,Google / Coursera,2025-10-06,,https://www.coursera.org/professional-certificates/google-data-analytics,2026-08-09 00:32:00
e3e6a0c8-2a24-f42b-21a0-e1d8b0ddea42,e3b52f17-e62c-905e-7c99-290127e4dd3b,AWS Certified Cloud Practitioner,Amazon Web Services,2026-01-05,2029-01-04,https://aws.amazon.com/certification/certified-cloud-practitioner/,2026-09-14 17:10:00
daeb704e-09fe-4f85-56d8-c373bbafdcdd,af41a57a-8af7-c820-a5b8-1e290d4b2d9a,Deep Learning Specialization,DeepLearning.AI / Coursera,2024-02-27,,https://www.coursera.org/specializations/deep-learning,2026-08-02 10:01:00
69425557-30fa-01ea-72d5-7b74bb36c8bc,130e6692-1f88-68ca-6c0f-b82c84cb3f30,Machine Learning Specialization,DeepLearning.AI / Coursera,2026-07-27,,https://www.coursera.org/specializations/machine-learning-introduction,2026-08-20 22:01:00
8837beb0-bc7c-34d0-0bb9-8b2427a926b6,5f06645c-3987-4b44-124f-921f8f61fa84,freeCodeCamp Responsive Web Design,freeCodeCamp,2025-09-10,,https://www.freecodecamp.org/learn/2022/responsive-web-design/,2026-07-01 22:31:00
3add395e-2ce3-8610-200b-0ec18ea6790d,2e3b8e36-7a82-efb9-6d43-6eb63f5c4992,Google Data Analytics Professional Certificate,Google / Coursera,2025-12-06,,https://www.coursera.org/professional-certificates/google-data-analytics,2026-08-15 13:49:00
ff9d5ac6-9f4f-61c1-fc92-88e679c5ef2a,2e3b8e36-7a82-efb9-6d43-6eb63f5c4992,PCEP – Certified Entry-Level Python Programmer,Python Institute,2025-10-17,,https://pythoninstitute.org/pcep,2026-08-15 13:49:00
70c5e8cb-6160-8190-c795-f783dc8f1404,71298827-acbc-c411-e5c9-ade1c057501e,CompTIA Security+,CompTIA,2026-07-20,2029-07-19,https://www.comptia.org/certifications/security,2026-07-28 21:12:00
f4459746-ec49-1bc5-eee4-9569f0d94f55,ca4881b9-9a6f-4e1e-4216-08b2537d3f11,"Oracle Certified Associate, Java SE Programmer",Oracle,2025-12-02,,https://education.oracle.com/,2026-09-13 08:16:00
417e6228-431e-79a8-f055-4f8f25e9938b,47ec3120-5348-c4d9-4e0f-f7dafd626781,CompTIA Security+,CompTIA,2026-02-17,2029-02-16,https://www.comptia.org/certifications/security,2026-09-19 05:45:00
8c7abe60-e34b-d76a-ce47-2372c54b9510,a9dd7866-801e-f805-738f-cb4cb7fa3dce,Machine Learning Specialization,DeepLearning.AI / Coursera,2025-12-17,,https://www.coursera.org/specializations/machine-learning-introduction,2026-08-16 13:49:00
b04a3f64-cf65-af87-308a-570bdd453106,226c1333-dbda-5069-261a-3032619db042,Docker Certified Associate,Docker / Mirantis,2024-03-24,,https://training.mirantis.com/,2026-09-15 18:03:00
8e5cda06-4f72-f437-9063-5101937fb6af,0b7a5cb9-7b87-83b8-9270-2b7fa072825e,PCEP – Certified Entry-Level Python Programmer,Python Institute,2026-03-01,,https://pythoninstitute.org/pcep,2026-07-12 04:46:00
efd017c9-617e-a228-b6ee-1774f7806d39,0b7a5cb9-7b87-83b8-9270-2b7fa072825e,Microsoft Certified: Azure Fundamentals (AZ-900),Microsoft,2025-09-07,,https://learn.microsoft.com/en-us/credentials/certifications/azure-fundamentals/,2026-07-12 04:46:00
28239b32-2df2-a9c0-5364-d27374c9b2ac,f474b4ec-7b5e-5150-9bbb-6f7a3ff8bb3b,PCEP – Certified Entry-Level Python Programmer,Python Institute,2026-05-02,,https://pythoninstitute.org/pcep,2026-08-15 09:24:00
5ce44de0-08e8-2359-4985-6c0f56e0d962,435de75a-3924-e5f9-8d7d-520fb8c9c82b,Meta Front-End Developer Professional Certificate,Meta / Coursera,2026-06-27,,https://www.coursera.org/professional-certificates/meta-front-end-developer,2026-08-30 14:16:00
e0556348-a00a-5271-18c5-844f2a8cb885,435de75a-3924-e5f9-8d7d-520fb8c9c82b,PCEP – Certified Entry-Level Python Programmer,Python Institute,2025-11-25,,https://pythoninstitute.org/pcep,2026-08-30 14:16:00
072a2068-f7f3-0828-6499-d636bc460537,babcb181-8062-ad64-5c4b-95d2b445aef3,"Oracle Certified Associate, Java SE Programmer",Oracle,2024-10-30,,https://education.oracle.com/,2026-08-16 00:48:00
ba05e259-2f35-8cf0-3923-2500cd31ec8e,9fa8a2f6-55d6-71a9-e9a6-f8d3d5c09699,Meta Back-End Developer Professional Certificate,Meta / Coursera,2025-07-19,,https://www.coursera.org/professional-certificates/meta-back-end-developer,2026-07-08 15:47:00
ec2d41f0-5478-cf48-e141-71f0f2265d6b,9fa8a2f6-55d6-71a9-e9a6-f8d3d5c09699,Meta Front-End Developer Professional Certificate,Meta / Coursera,2024-02-15,,https://www.coursera.org/professional-certificates/meta-front-end-developer,2026-07-08 15:47:00
8423a1c9-9ba5-2c62-0bc6-0fc09f0a553a,05d86b15-5518-1d74-023f-29b9ec40ad24,Microsoft Certified: Power BI Data Analyst Associate (PL-300),Microsoft,2026-03-12,,https://learn.microsoft.com/en-us/credentials/certifications/data-analyst-associate/,2026-09-12 15:58:00
3c4127cc-73f5-4626-0a84-f1709914de9a,d6dc2ea0-c33b-b4d0-8135-b2413100ba6a,Meta Front-End Developer Professional Certificate,Meta / Coursera,2026-03-27,,https://www.coursera.org/professional-certificates/meta-front-end-developer,2026-07-20 05:06:00
54aeaa21-cd49-d24f-af79-e054cb190128,c0840a6c-f774-f537-c356-833d0e08aef1,"Oracle Certified Associate, Java SE Programmer",Oracle,2025-02-24,,https://education.oracle.com/,2026-08-24 03:54:00
222ba301-f248-f500-2715-42919d60ebc3,3f33d747-4bae-9e4c-a96a-0111063381c7,Google Cybersecurity Professional Certificate,Google / Coursera,2025-12-30,,https://www.coursera.org/professional-certificates/google-cybersecurity,2026-08-12 10:46:00
c30b7163-07ee-91f2-3b17-8382b53283fa,e6428834-c880-1761-858d-444d95e691e4,Splunk Core Certified User,Splunk,2025-10-31,,https://www.splunk.com/en_us/training/certification-track/splunk-core-certified-user.html,2026-08-27 22:48:00
7911e717-b3fb-9f72-6704-d37a601f5901,69d428a2-257f-80f2-3d17-86c7ea604087,PCEP – Certified Entry-Level Python Programmer,Python Institute,2026-01-21,,https://pythoninstitute.org/pcep,2026-07-05 15:14:00
49facd7f-e85d-e728-8ec9-5a3f329048c4,d5251bee-d0a8-cc8d-0dfc-4996f410fdbb,Meta Back-End Developer Professional Certificate,Meta / Coursera,2026-02-19,,https://www.coursera.org/professional-certificates/meta-back-end-developer,2026-08-10 18:54:00
90cba0bf-872b-dc01-0ced-a17a92318c36,d5251bee-d0a8-cc8d-0dfc-4996f410fdbb,AWS Certified Solutions Architect – Associate,Amazon Web Services,2024-10-29,2027-10-29,https://aws.amazon.com/certification/certified-solutions-architect-associate/,2026-08-10 18:54:00
376202aa-71d1-50a3-6375-62a0c8a1139e,098000c6-f680-3357-9ac1-ac27a9873540,IBM Data Science Professional Certificate,IBM / Coursera,2024-07-25,,https://www.coursera.org/professional-certificates/ibm-data-science,2026-07-21 11:25:00
d4ab5cce-8a93-a801-ac1a-22c6ef6436fe,59de1356-9898-2114-9cad-8d405d9f1ebf,Splunk Core Certified User,Splunk,2024-10-21,,https://www.splunk.com/en_us/training/certification-track/splunk-core-certified-user.html,2026-07-20 13:03:00
06dbc11e-9512-12e0-f31f-8ab147b35484,f8e26c8c-0316-977f-31a0-492798745c94,Meta Back-End Developer Professional Certificate,Meta / Coursera,2024-11-18,,https://www.coursera.org/professional-certificates/meta-back-end-developer,2026-07-09 01:21:00
e65cd4f9-35e3-d1da-ed3e-050915b8c7a0,f8e26c8c-0316-977f-31a0-492798745c94,CompTIA Security+,CompTIA,2026-03-07,2029-03-06,https://www.comptia.org/certifications/security,2026-07-09 01:21:00
9e996d8b-e8dc-6c85-3e5d-2ea80b9527a7,d75f1309-b547-8932-d3a0-a088d1f13817,Microsoft Certified: Azure Fundamentals (AZ-900),Microsoft,2025-03-23,,https://learn.microsoft.com/en-us/credentials/certifications/azure-fundamentals/,2026-08-02 08:27:00
526b3806-d338-8c22-05cc-76a14ecaf739,6784b768-036f-98bd-323b-dee615e884f6,AWS Certified Cloud Practitioner,Amazon Web Services,2026-04-18,2029-04-17,https://aws.amazon.com/certification/certified-cloud-practitioner/,2026-09-08 18:54:00
a620c40f-9ebe-962d-04d0-b6a457f7ad11,ec2b4d09-5d1e-dd87-bd7d-f7ab30575af1,IBM Data Science Professional Certificate,IBM / Coursera,2026-05-17,,https://www.coursera.org/professional-certificates/ibm-data-science,2026-09-10 20:20:00
4f3a7277-2896-3444-36fb-d248e79b1a62,f8fb61d4-e8a3-80c9-b66a-a6d79aee19c7,Microsoft Certified: Azure Fundamentals (AZ-900),Microsoft,2025-10-01,,https://learn.microsoft.com/en-us/credentials/certifications/azure-fundamentals/,2026-07-23 22:54:00
9548a55a-32da-d971-5082-df02957090bf,f44103c4-1dce-3f06-11d1-c46f0708646c,Meta Back-End Developer Professional Certificate,Meta / Coursera,2026-07-01,,https://www.coursera.org/professional-certificates/meta-back-end-developer,2026-07-28 02:50:00
d1ebbdc4-c857-764a-b9ed-01ea923b5d52,f44103c4-1dce-3f06-11d1-c46f0708646c,Certified Ethical Hacker (CEH),EC-Council,2026-05-23,2029-05-22,https://www.eccouncil.org/train-certify/certified-ethical-hacker-ceh/,2026-07-28 02:50:00
c4b22400-64d8-f5ee-d556-33bfaeb32bac,fba089f5-2bbb-7a98-eb0f-f280598ca3d3,Google Cybersecurity Professional Certificate,Google / Coursera,2025-04-26,,https://www.coursera.org/professional-certificates/google-cybersecurity,2026-07-14 10:26:00
ed725286-cc5b-7920-de46-f4b389273f02,dd8a1e20-7fae-1ae3-50eb-67f6ca2d1373,Meta Back-End Developer Professional Certificate,Meta / Coursera,2026-01-11,,https://www.coursera.org/professional-certificates/meta-back-end-developer,2026-08-24 03:03:00
26d73a1b-ce6e-9fee-cb4d-7da0887fe28f,cddccf04-05fd-c0a2-4280-b73401b70b5d,Meta Back-End Developer Professional Certificate,Meta / Coursera,2026-02-27,,https://www.coursera.org/professional-certificates/meta-back-end-developer,2026-08-27 07:28:00
9423de5b-d077-ad35-7bbb-97d28a1eac49,cddccf04-05fd-c0a2-4280-b73401b70b5d,AWS Certified Solutions Architect – Associate,Amazon Web Services,2025-04-02,2028-04-01,https://aws.amazon.com/certification/certified-solutions-architect-associate/,2026-08-27 07:28:00
cc402146-9fd1-2739-e725-54af86e0cb54,17e37222-f651-518c-cf58-1af15ae14ff3,Cisco Certified Network Associate (CCNA),Cisco,2023-10-01,2026-09-30,https://www.cisco.com/site/us/en/learn/training-certifications/certifications/enterprise/ccna/index.html,2026-09-04 01:13:00
c523082b-ca80-f07f-b3e3-a5edb200ecbe,17e37222-f651-518c-cf58-1af15ae14ff3,Docker Certified Associate,Docker / Mirantis,2025-12-12,,https://training.mirantis.com/,2026-09-04 01:13:00
4458f5ae-6d2f-5e8c-c368-b75fcba4ce0b,8238c8b5-2890-a2ba-8b3f-a57f449b7d05,Certified Ethical Hacker (CEH),EC-Council,2025-11-11,2028-11-10,https://www.eccouncil.org/train-certify/certified-ethical-hacker-ceh/,2026-08-27 21:52:00
81a1823d-2607-1ed3-f7af-52988a708dd5,8238c8b5-2890-a2ba-8b3f-a57f449b7d05,Meta Back-End Developer Professional Certificate,Meta / Coursera,2025-08-27,,https://www.coursera.org/professional-certificates/meta-back-end-developer,2026-08-27 21:52:00
ca39a4c5-2c31-affe-25be-62a606694637,b2380a85-5cfb-ace8-80de-eb25b793159b,Machine Learning Specialization,DeepLearning.AI / Coursera,2024-06-27,,https://www.coursera.org/specializations/machine-learning-introduction,2026-09-14 07:21:00
2c447d11-ff53-567c-7379-8e3eb230dec5,2a4b0908-1bae-2c4b-72f3-333a863e6be5,Google Cloud Digital Leader,Google Cloud,2025-08-08,2028-08-07,https://cloud.google.com/learn/certification/cloud-digital-leader,2026-07-02 22:03:00
35c9d629-1e45-e970-a56d-d83a6a28ce2a,6f2fcd36-0ac4-22c1-c7d2-c141ce767f09,Cisco Certified Network Associate (CCNA),Cisco,2024-03-30,2027-03-30,https://www.cisco.com/site/us/en/learn/training-certifications/certifications/enterprise/ccna/index.html,2026-07-22 12:51:00
21f0a72e-ee5d-7a8f-5950-175b2f004a31,4bb3ff3b-7bdd-1d0c-16c5-dd29951311fd,Microsoft Certified: Power BI Data Analyst Associate (PL-300),Microsoft,2024-03-03,,https://learn.microsoft.com/en-us/credentials/certifications/data-analyst-associate/,2026-07-20 22:17:00
84492c65-b047-13c0-bd3b-70e115d4339c,94d001af-3eb7-9b0f-e73e-161f68f999cf,Meta Back-End Developer Professional Certificate,Meta / Coursera,2026-07-16,,https://www.coursera.org/professional-certificates/meta-back-end-developer,2026-08-16 12:18:00
554a6e33-d562-7dce-cb4e-fd3051f5d8ed,94d001af-3eb7-9b0f-e73e-161f68f999cf,Meta Front-End Developer Professional Certificate,Meta / Coursera,2024-11-05,,https://www.coursera.org/professional-certificates/meta-front-end-developer,2026-08-16 12:18:00
34722d5f-5ae5-0833-1a3c-70d5f0430b6b,07567a47-0341-9ca8-5f5b-e8b02a9e06f0,AWS Certified Solutions Architect – Associate,Amazon Web Services,2025-07-30,2028-07-29,https://aws.amazon.com/certification/certified-solutions-architect-associate/,2026-07-27 04:52:00
995f9da8-b907-c38c-cf54-64d069201ab7,e4c76403-59cb-4396-cb15-ceda41037264,Meta Back-End Developer Professional Certificate,Meta / Coursera,2026-06-29,,https://www.coursera.org/professional-certificates/meta-back-end-developer,2026-07-13 04:47:00
f01f30da-97f8-15dc-847e-50a721348f50,2e52743c-4050-f973-c2ff-734e18c407dc,Cisco Certified Network Associate (CCNA),Cisco,2024-09-06,2027-09-06,https://www.cisco.com/site/us/en/learn/training-certifications/certifications/enterprise/ccna/index.html,2026-08-07 01:19:00
93135769-c719-1b1d-081f-0578b476532f,845790b5-2fdc-3bd1-c211-a286e2fee78e,Google Cybersecurity Professional Certificate,Google / Coursera,2026-01-27,,https://www.coursera.org/professional-certificates/google-cybersecurity,2026-09-12 19:03:00
8db1a2fc-5858-fd53-82dc-a70890ea16bd,a6596b80-3844-029a-70e3-63777497406f,PCEP – Certified Entry-Level Python Programmer,Python Institute,2026-06-20,,https://pythoninstitute.org/pcep,2026-08-18 21:50:00
99db742b-d782-bada-7405-b06a0ce6a695,b608b6e6-f333-675d-fe95-ebdaf933998d,Microsoft Certified: Azure Fundamentals (AZ-900),Microsoft,2025-11-08,,https://learn.microsoft.com/en-us/credentials/certifications/azure-fundamentals/,2026-09-05 11:48:00
60109ef5-6edf-7a39-d209-ff22d1f4b526,cbd88d9e-b541-7d2d-c5d3-f09772da1cf9,Docker Certified Associate,Docker / Mirantis,2026-02-27,,https://training.mirantis.com/,2026-09-01 22:14:00
5370c0bd-2bbc-149d-b128-f63222fd555c,cbd88d9e-b541-7d2d-c5d3-f09772da1cf9,PCEP – Certified Entry-Level Python Programmer,Python Institute,2026-04-15,,https://pythoninstitute.org/pcep,2026-09-01 22:14:00
49267a87-a843-e0c5-9865-a0e30409575f,cbd88d9e-b541-7d2d-c5d3-f09772da1cf9,Google Cloud Digital Leader,Google Cloud,2026-01-21,2029-01-20,https://cloud.google.com/learn/certification/cloud-digital-leader,2026-09-01 22:14:00
f89c5264-9e7c-7bdb-d86f-1d6b1f762919,4c84f1ce-cb58-aadc-a592-2aaa284d2bb9,AWS Certified Cloud Practitioner,Amazon Web Services,2023-11-20,2026-11-19,https://aws.amazon.com/certification/certified-cloud-practitioner/,2026-07-05 19:15:00
44e2a4a1-0962-0660-a7ef-954c62d679df,dc19f871-0e24-a16b-aa77-8dd6d44f7fd7,Google Data Analytics Professional Certificate,Google / Coursera,2026-06-03,,https://www.coursera.org/professional-certificates/google-data-analytics,2026-07-18 13:10:00
7c60c3ad-bc0c-a75b-ebb0-edb20e25aa96,9f3e78ec-ccac-0af3-4243-e33073cd17d5,PCEP – Certified Entry-Level Python Programmer,Python Institute,2026-07-07,,https://pythoninstitute.org/pcep,2026-07-01 19:19:00
04d1303a-d513-b22f-4299-93b955b8f368,9170f4e2-1e96-6ef2-7285-9a6555481e3f,Deep Learning Specialization,DeepLearning.AI / Coursera,2025-11-09,,https://www.coursera.org/specializations/deep-learning,2026-09-15 12:53:00
ba6850eb-7cd8-2f58-a7de-2eb1e497dfa0,02b8c9af-8a39-8d67-b02f-46942f970a2e,Google Cybersecurity Professional Certificate,Google / Coursera,2025-11-27,,https://www.coursera.org/professional-certificates/google-cybersecurity,2026-09-11 07:43:00
32366525-17b5-3a66-26b9-347a76c2d076,39bea382-1e77-e502-b719-a7bae6e40755,Docker Certified Associate,Docker / Mirantis,2025-11-09,,https://training.mirantis.com/,2026-07-16 19:40:00
0904f7df-d0de-2705-babd-ce62b18c8a3e,39bea382-1e77-e502-b719-a7bae6e40755,Cisco Certified Network Associate (CCNA),Cisco,2024-10-08,2027-10-08,https://www.cisco.com/site/us/en/learn/training-certifications/certifications/enterprise/ccna/index.html,2026-07-16 19:40:00
4379707a-1677-c437-ca06-e853d65f90c4,460f5fd8-93dc-74e8-a0f1-d2064f409e23,IBM Data Science Professional Certificate,IBM / Coursera,2026-08-02,,https://www.coursera.org/professional-certificates/ibm-data-science,2026-07-31 18:31:00
f67a3cc8-dd00-c77b-c1ed-410dcfe73610,71b2edb3-30b8-db02-139d-f92505a9dc69,freeCodeCamp Responsive Web Design,freeCodeCamp,2026-05-28,,https://www.freecodecamp.org/learn/2022/responsive-web-design/,2026-07-27 18:32:00
e9c36722-c8a5-bc4d-28cd-674233745544,4fa5c440-1a4d-76ff-dab1-594a5d7c4a84,HashiCorp Certified: Terraform Associate,HashiCorp,2025-06-13,2028-06-12,https://developer.hashicorp.com/certifications/infrastructure-automation,2026-09-03 08:46:00
491948d2-1233-0736-35e9-0c5b751a373a,4fa5c440-1a4d-76ff-dab1-594a5d7c4a84,Google Cybersecurity Professional Certificate,Google / Coursera,2025-06-17,,https://www.coursera.org/professional-certificates/google-cybersecurity,2026-09-03 08:46:00
6ec67539-0a08-d8c8-1832-5eb1a4a4d3e0,4fa5c440-1a4d-76ff-dab1-594a5d7c4a84,AWS Certified Solutions Architect – Associate,Amazon Web Services,2024-10-25,2027-10-25,https://aws.amazon.com/certification/certified-solutions-architect-associate/,2026-09-03 08:46:00
49addf94-26de-345a-ef82-87e6c5902762,2bdf5132-c154-c98d-a05b-ad4858baab54,Certified Kubernetes Administrator (CKA),CNCF / Linux Foundation,2024-08-10,2027-08-10,https://training.linuxfoundation.org/certification/certified-kubernetes-administrator-cka/,2026-08-16 21:57:00
1b046777-ac53-6c03-d45e-a5b29015b718,cab1bbdd-38e9-d25f-9115-3b5e92850f03,HashiCorp Certified: Terraform Associate,HashiCorp,2025-11-13,2028-11-12,https://developer.hashicorp.com/certifications/infrastructure-automation,2026-07-09 10:51:00
a349c964-52a4-3ea5-fdb0-b0e17d113e9e,cab1bbdd-38e9-d25f-9115-3b5e92850f03,Microsoft Certified: Azure Fundamentals (AZ-900),Microsoft,2024-12-18,,https://learn.microsoft.com/en-us/credentials/certifications/azure-fundamentals/,2026-07-09 10:51:00
95b9c075-9701-e647-8634-581cb70875ea,b640e190-4596-de0e-7ae6-4646fa2849fd,Meta Front-End Developer Professional Certificate,Meta / Coursera,2026-02-20,,https://www.coursera.org/professional-certificates/meta-front-end-developer,2026-08-24 09:07:00
fd61b2b5-d4d9-539c-9ad8-198850b4266b,8702d2d4-e2bc-834a-45a7-c8c1ab5e647a,Deep Learning Specialization,DeepLearning.AI / Coursera,2026-05-07,,https://www.coursera.org/specializations/deep-learning,2026-08-09 08:43:00
3b320691-f628-7799-f4f1-5b20970dbc52,8702d2d4-e2bc-834a-45a7-c8c1ab5e647a,AWS Certified Cloud Practitioner,Amazon Web Services,2025-02-28,2028-02-28,https://aws.amazon.com/certification/certified-cloud-practitioner/,2026-08-09 08:43:00
ce7f0e56-2700-ac5c-2bf9-ce12e36cfdd6,7de916e0-eb4a-188e-77c7-6af4eb586d6d,Meta Back-End Developer Professional Certificate,Meta / Coursera,2026-02-19,,https://www.coursera.org/professional-certificates/meta-back-end-developer,2026-09-07 03:03:00
bf5d7c31-0165-1bc8-cc2d-b2b331f98699,75889a7a-0563-3019-5c86-2d1c0ad8a53f,Google Cloud Digital Leader,Google Cloud,2023-10-24,2026-10-23,https://cloud.google.com/learn/certification/cloud-digital-leader,2026-08-28 13:41:00
24d2c6d1-1442-f036-9cb0-67d867cfb54c,30f75e0d-38d7-8321-8499-ef0c0ed877ca,Microsoft Certified: Azure Fundamentals (AZ-900),Microsoft,2026-01-14,,https://learn.microsoft.com/en-us/credentials/certifications/azure-fundamentals/,2026-07-24 06:31:00
aed8a1cc-0ba7-d676-3f97-744fa8d30023,30f75e0d-38d7-8321-8499-ef0c0ed877ca,Google Data Analytics Professional Certificate,Google / Coursera,2024-12-05,,https://www.coursera.org/professional-certificates/google-data-analytics,2026-07-24 06:31:00
62f9b1ab-2674-fd91-c670-ada28be9376f,af0e12e2-d868-b647-794a-e72cc521e97c,Google Data Analytics Professional Certificate,Google / Coursera,2026-05-08,,https://www.coursera.org/professional-certificates/google-data-analytics,2026-09-16 19:51:00
24e2d1f6-e67a-e545-6146-31a0f5795f18,e90ed6a3-06e7-5349-1e99-f0d03ed90bbc,Google Data Analytics Professional Certificate,Google / Coursera,2023-11-06,,https://www.coursera.org/professional-certificates/google-data-analytics,2026-09-06 00:44:00
96051769-04c5-3605-51ed-bc43b5868df0,fb27679a-a5d4-1f9c-6269-902533117a75,AWS Certified Solutions Architect – Associate,Amazon Web Services,2023-09-03,2026-09-02,https://aws.amazon.com/certification/certified-solutions-architect-associate/,2026-08-25 18:56:00
86c4cb77-a7be-a5ec-a220-b2ac2deeb12a,fb27679a-a5d4-1f9c-6269-902533117a75,Microsoft Certified: Azure Fundamentals (AZ-900),Microsoft,2025-02-19,,https://learn.microsoft.com/en-us/credentials/certifications/azure-fundamentals/,2026-08-25 18:56:00
a6b61f0b-17c3-3707-3518-226f6d222280,c876a87f-2e81-b05e-8592-e845d3387cef,Google Cloud Digital Leader,Google Cloud,2025-12-14,2028-12-13,https://cloud.google.com/learn/certification/cloud-digital-leader,2026-08-30 10:20:00
e411812d-75ed-c24a-c046-abb96aaa14f4,c876a87f-2e81-b05e-8592-e845d3387cef,HashiCorp Certified: Terraform Associate,HashiCorp,2025-07-13,2028-07-12,https://developer.hashicorp.com/certifications/infrastructure-automation,2026-08-30 10:20:00
092d1cbf-934c-de85-c422-b89d777858a9,c9837f5d-aef7-447b-c11f-e8046f997157,freeCodeCamp Responsive Web Design,freeCodeCamp,2025-08-11,,https://www.freecodecamp.org/learn/2022/responsive-web-design/,2026-08-19 17:44:00
e1fa4807-6ae7-da95-6215-7e234dfe4a48,e4d1be15-a701-fed0-e5db-d4bfb773018c,IBM Data Science Professional Certificate,IBM / Coursera,2025-01-23,,https://www.coursera.org/professional-certificates/ibm-data-science,2026-07-02 16:24:00
5289f577-2d8c-fde5-3b12-869648a5ffb0,518390d5-5a46-bbe3-0052-8eb6ad9bed0f,Microsoft Office Specialist: Excel Associate,Microsoft,2026-06-10,,https://learn.microsoft.com/en-us/credentials/,2026-07-22 06:27:00
6762d5ba-6cc3-2110-7885-f5435165d061,e42a59ef-333c-62dc-2d59-5fcbef5a7b9a,Meta Back-End Developer Professional Certificate,Meta / Coursera,2024-07-31,,https://www.coursera.org/professional-certificates/meta-back-end-developer,2026-08-08 18:52:00
853299eb-47a5-c42d-5f64-53a1f91e5889,3fb6a17a-0e9c-b053-f7b2-39fb845a9940,Microsoft Certified: Azure Fundamentals (AZ-900),Microsoft,2024-12-13,,https://learn.microsoft.com/en-us/credentials/certifications/azure-fundamentals/,2026-07-04 14:41:00
2f106630-9fe5-fe75-591b-998c02434f08,3fb6a17a-0e9c-b053-f7b2-39fb845a9940,AWS Certified Cloud Practitioner,Amazon Web Services,2025-02-22,2028-02-22,https://aws.amazon.com/certification/certified-cloud-practitioner/,2026-07-04 14:41:00
82dcec4d-8213-2802-2696-8397bfb7000c,1da5554f-13aa-487d-7237-0d526f267bdc,PCEP – Certified Entry-Level Python Programmer,Python Institute,2025-11-21,,https://pythoninstitute.org/pcep,2026-08-09 18:45:00
601b53e3-8f7a-9afe-9b78-d46dcd9cfd1a,1da5554f-13aa-487d-7237-0d526f267bdc,Google Cloud Digital Leader,Google Cloud,2025-01-31,2028-01-31,https://cloud.google.com/learn/certification/cloud-digital-leader,2026-08-09 18:45:00
0c61578e-b49f-c7f7-391f-d440fdccb3db,a3945f6a-0f03-3cc9-62fb-bc86d59233f9,IBM Data Science Professional Certificate,IBM / Coursera,2026-07-21,,https://www.coursera.org/professional-certificates/ibm-data-science,2026-07-01 19:10:00
ab96c9a2-2bd0-dc35-9596-5c392e2922e4,7c71a133-f6f0-2d19-2d1b-4f2b3160194b,Google Cybersecurity Professional Certificate,Google / Coursera,2026-07-26,,https://www.coursera.org/professional-certificates/google-cybersecurity,2026-07-10 03:36:00
87781692-9b62-7907-7003-3d933dbcccba,7f27edd2-d155-a856-dff3-3c59712d7322,Tableau Desktop Specialist,Tableau / Salesforce,2024-07-27,,https://www.tableau.com/learn/certification,2026-07-20 21:51:00
a7b6b69b-2361-40cf-9854-a1eedad86c9d,7f27edd2-d155-a856-dff3-3c59712d7322,Google Data Analytics Professional Certificate,Google / Coursera,2025-04-02,,https://www.coursera.org/professional-certificates/google-data-analytics,2026-07-20 21:51:00
5a2b6e39-ba81-26cc-4b24-5c2570e3fe71,d04985ee-5358-e2e3-0034-b6a05d58a575,Machine Learning Specialization,DeepLearning.AI / Coursera,2026-03-26,,https://www.coursera.org/specializations/machine-learning-introduction,2026-09-04 19:26:00
53cf6008-8a82-95be-f0dd-d0e18b094469,d04985ee-5358-e2e3-0034-b6a05d58a575,freeCodeCamp Responsive Web Design,freeCodeCamp,2026-06-14,,https://www.freecodecamp.org/learn/2022/responsive-web-design/,2026-09-04 19:26:00
2d084f36-b967-da21-615b-062b503e9e32,677047b2-e5dd-b98c-9671-d6f19088d655,Meta Front-End Developer Professional Certificate,Meta / Coursera,2024-03-31,,https://www.coursera.org/professional-certificates/meta-front-end-developer,2026-07-02 19:36:00
1716679f-6c97-20d1-3fcf-e82a614fd3c0,d2387056-09f6-a3f2-9586-351fe38188db,Google Cloud Digital Leader,Google Cloud,2026-04-24,2029-04-23,https://cloud.google.com/learn/certification/cloud-digital-leader,2026-09-14 00:25:00
0966acb3-e713-e75e-07c6-233c158e46d3,4548187b-4273-e7e2-06a2-1687db697d31,Machine Learning Specialization,DeepLearning.AI / Coursera,2024-04-05,,https://www.coursera.org/specializations/machine-learning-introduction,2026-07-22 12:07:00
91627f9a-37f0-604f-efc9-69981c8b1a99,84410a13-d4cd-32f8-d93d-1fcf51a2d74a,Meta Back-End Developer Professional Certificate,Meta / Coursera,2026-07-31,,https://www.coursera.org/professional-certificates/meta-back-end-developer,2026-08-30 12:46:00
743d655c-4540-cebb-3bbf-ea50d359dac5,84410a13-d4cd-32f8-d93d-1fcf51a2d74a,Tableau Desktop Specialist,Tableau / Salesforce,2026-05-04,,https://www.tableau.com/learn/certification,2026-08-30 12:46:00
f37df7e3-07eb-99b1-1440-ab9377c92e2c,04e86455-fcf9-0a05-44fa-822118729746,Deep Learning Specialization,DeepLearning.AI / Coursera,2025-11-28,,https://www.coursera.org/specializations/deep-learning,2026-07-10 06:08:00
83546b75-6180-b1cb-2fdc-c6b2bfd55e40,9ada6504-85c6-9f7e-540b-e615518e3173,AWS Certified Cloud Practitioner,Amazon Web Services,2024-09-29,2027-09-29,https://aws.amazon.com/certification/certified-cloud-practitioner/,2026-09-12 09:36:00
db2dc69e-8d5e-09d1-4475-17b2968686ec,940b2d5e-af14-5d1c-2c60-a442e238b0d9,AWS Certified Solutions Architect – Associate,Amazon Web Services,2024-09-17,2027-09-17,https://aws.amazon.com/certification/certified-solutions-architect-associate/,2026-07-28 15:43:00
5550d810-c6ef-b7eb-8fbe-1b826306b211,1858f1a8-ca5f-098f-1955-5490e2e62b18,IBM Data Science Professional Certificate,IBM / Coursera,2024-09-21,,https://www.coursera.org/professional-certificates/ibm-data-science,2026-08-30 01:19:00
233e6178-3598-e1e1-ee1f-6664a4c1b96e,8e8ab89f-cc2a-856c-2d3f-041b26eab08e,Meta Back-End Developer Professional Certificate,Meta / Coursera,2026-07-03,,https://www.coursera.org/professional-certificates/meta-back-end-developer,2026-08-29 17:17:00
de55072e-e43a-48d3-65fd-4ec8e5a2cf2c,8e8ab89f-cc2a-856c-2d3f-041b26eab08e,Google Data Analytics Professional Certificate,Google / Coursera,2025-02-25,,https://www.coursera.org/professional-certificates/google-data-analytics,2026-08-29 17:17:00
5f246f66-91f0-ff9f-e198-ccb06940ce51,8e8ab89f-cc2a-856c-2d3f-041b26eab08e,PCEP – Certified Entry-Level Python Programmer,Python Institute,2026-01-07,,https://pythoninstitute.org/pcep,2026-08-29 17:17:00
c4e328b0-1bd5-bdc8-d715-abdee77e84bb,73351dd8-4191-fcf8-a206-5dc7ed618968,Docker Certified Associate,Docker / Mirantis,2025-10-06,,https://training.mirantis.com/,2026-07-03 04:51:00
f0a45cc0-5dcf-885f-69d4-25b6a3711188,73351dd8-4191-fcf8-a206-5dc7ed618968,HashiCorp Certified: Terraform Associate,HashiCorp,2025-03-19,2028-03-18,https://developer.hashicorp.com/certifications/infrastructure-automation,2026-07-03 04:51:00
d7309e2b-fe26-19ab-ec5b-72d9ac7dca94,a47a43dc-7a51-0501-7a3e-edd54bfaf73b,PCEP – Certified Entry-Level Python Programmer,Python Institute,2026-01-20,,https://pythoninstitute.org/pcep,2026-08-19 10:38:00
ee3743a6-496d-a233-34f6-6b8d0202d44d,04ea9888-735a-74e8-c517-ecfacb2e9856,AWS Certified Solutions Architect – Associate,Amazon Web Services,2023-12-16,2026-12-15,https://aws.amazon.com/certification/certified-solutions-architect-associate/,2026-08-23 17:16:00
b41e60ea-a276-0d51-68ce-87326d7d6c8b,04ea9888-735a-74e8-c517-ecfacb2e9856,HashiCorp Certified: Terraform Associate,HashiCorp,2025-09-09,2028-09-08,https://developer.hashicorp.com/certifications/infrastructure-automation,2026-08-23 17:16:00
ea048072-0885-d8b1-832b-d7a734d5adac,b6c8e734-e3f2-4493-e87a-02cc34c1a86a,Microsoft Certified: Azure Fundamentals (AZ-900),Microsoft,2024-02-16,,https://learn.microsoft.com/en-us/credentials/certifications/azure-fundamentals/,2026-07-30 05:58:00
8efd2b06-4bdf-f4dc-960e-27144dc6ad1f,b6c8e734-e3f2-4493-e87a-02cc34c1a86a,Machine Learning Specialization,DeepLearning.AI / Coursera,2025-05-10,,https://www.coursera.org/specializations/machine-learning-introduction,2026-07-30 05:58:00
29c65faa-2896-24b8-eb43-17d6cf4bb0f6,0d386d8f-2137-28cf-f487-aae4bb095ac6,Microsoft Office Specialist: Excel Associate,Microsoft,2025-01-11,,https://learn.microsoft.com/en-us/credentials/,2026-08-12 18:26:00
c04b5444-763e-d7f9-2287-09002d52cacb,65666c1c-0a29-953a-a67c-f53bbb8f48b3,freeCodeCamp Responsive Web Design,freeCodeCamp,2024-03-14,,https://www.freecodecamp.org/learn/2022/responsive-web-design/,2026-07-24 07:31:00
ad1c1005-0622-e5d6-d5f8-00bab3fcac64,2dca69a8-59d5-164b-1d08-908447c468c5,Google Data Analytics Professional Certificate,Google / Coursera,2026-06-06,,https://www.coursera.org/professional-certificates/google-data-analytics,2026-08-31 01:46:00
8c5612d0-a3c7-6230-b014-4e7d156020ec,63e9dac0-757c-d905-bece-33fcdc56df3f,Machine Learning Specialization,DeepLearning.AI / Coursera,2026-05-21,,https://www.coursera.org/specializations/machine-learning-introduction,2026-08-06 05:25:00
8bf6e006-571b-1624-8017-b4db10c66860,63e9dac0-757c-d905-bece-33fcdc56df3f,HashiCorp Certified: Terraform Associate,HashiCorp,2025-07-07,2028-07-06,https://developer.hashicorp.com/certifications/infrastructure-automation,2026-08-06 05:25:00
f7f4a411-07de-1b47-7e97-e0d4317dabc2,3339cde1-c0cf-394a-b322-b486eaff7c3f,"Oracle Certified Associate, Java SE Programmer",Oracle,2025-08-24,,https://education.oracle.com/,2026-08-06 07:21:00
9b405f1d-f6af-5a62-a77c-dda9c7193172,7f8c49e1-6e29-155c-3a7b-95aac8c9671e,PCEP – Certified Entry-Level Python Programmer,Python Institute,2024-12-19,,https://pythoninstitute.org/pcep,2026-08-17 03:48:00
659bba5c-ce48-1432-362a-4310e681ae58,ba4fffca-7914-a517-b53f-650e1594e57e,Machine Learning Specialization,DeepLearning.AI / Coursera,2025-02-18,,https://www.coursera.org/specializations/machine-learning-introduction,2026-09-18 04:54:00
7214983a-13c4-471d-678f-1265851573e5,ba4fffca-7914-a517-b53f-650e1594e57e,Elements of AI,University of Helsinki,2026-07-06,,https://www.elementsofai.com/,2026-09-18 04:54:00
89b6609c-822c-1fd8-a2b1-7e833c8ff514,8029d8bf-5c1a-534a-9f8d-3c64baa386e0,IBM Data Science Professional Certificate,IBM / Coursera,2026-04-29,,https://www.coursera.org/professional-certificates/ibm-data-science,2026-09-06 18:07:00
2a8e99f7-9db1-70d5-7b4b-f8bf61a36313,a1790204-138f-c908-8d69-5525cb0fbe3d,Google Data Analytics Professional Certificate,Google / Coursera,2024-06-08,,https://www.coursera.org/professional-certificates/google-data-analytics,2026-08-17 02:58:00
482fad25-903c-52ca-d30c-f371546d41a1,2b65313a-3efd-5c66-6c61-9dc3d8534df0,Docker Certified Associate,Docker / Mirantis,2026-03-23,,https://training.mirantis.com/,2026-08-18 04:48:00
8c18b016-6b89-4886-3f7c-855f65902807,462390ba-8cf6-263c-d676-95017f9191ff,Docker Certified Associate,Docker / Mirantis,2024-05-31,,https://training.mirantis.com/,2026-09-01 23:09:00
1698f804-71e4-54c6-ef83-fcd22f0cb37a,70b1f0cc-7820-9bfd-69fc-466a584c4af7,PCEP – Certified Entry-Level Python Programmer,Python Institute,2026-07-29,,https://pythoninstitute.org/pcep,2026-07-14 06:22:00
c76d6448-eb63-3020-b2fe-1e98cf6b7a9d,0e6b97a6-6551-9e17-de73-ae829915fb79,PCEP – Certified Entry-Level Python Programmer,Python Institute,2025-05-22,,https://pythoninstitute.org/pcep,2026-09-02 02:35:00
a16730af-20b3-7424-d84f-2276c32818ed,10a07e59-a97f-9273-e9d9-571611879b5c,PCEP – Certified Entry-Level Python Programmer,Python Institute,2025-04-12,,https://pythoninstitute.org/pcep,2026-09-12 10:54:00
6659a341-e259-d0f3-9d17-bedfb01c5ace,06ba6773-c676-9a06-ca02-dcfebebc85ff,HashiCorp Certified: Terraform Associate,HashiCorp,2025-09-01,2028-08-31,https://developer.hashicorp.com/certifications/infrastructure-automation,2026-08-06 12:26:00
c10541a3-9612-ffcf-eebe-dcdc323b07f1,06ba6773-c676-9a06-ca02-dcfebebc85ff,Google Cloud Digital Leader,Google Cloud,2024-10-04,2027-10-04,https://cloud.google.com/learn/certification/cloud-digital-leader,2026-08-06 12:26:00
76f11344-73dd-1d1b-ecab-79168d9b1970,06ba6773-c676-9a06-ca02-dcfebebc85ff,IBM Data Science Professional Certificate,IBM / Coursera,2024-07-30,,https://www.coursera.org/professional-certificates/ibm-data-science,2026-08-06 12:26:00
bf4ac866-8817-2e95-ebc5-cc40d652ce15,eaede867-32db-a75f-bac3-e50b51983d53,freeCodeCamp Responsive Web Design,freeCodeCamp,2024-10-14,,https://www.freecodecamp.org/learn/2022/responsive-web-design/,2026-07-26 18:51:00
f4ee498f-dbf9-f293-75af-e0f7434ab160,eaede867-32db-a75f-bac3-e50b51983d53,Meta Back-End Developer Professional Certificate,Meta / Coursera,2024-12-05,,https://www.coursera.org/professional-certificates/meta-back-end-developer,2026-07-26 18:51:00
276da933-c253-8f88-956b-606750dc5ad4,a3b0fd4d-92ae-cfb5-e9e9-bed538b426ee,HashiCorp Certified: Terraform Associate,HashiCorp,2025-01-22,2028-01-22,https://developer.hashicorp.com/certifications/infrastructure-automation,2026-07-04 14:23:00
8588251a-8207-0e31-d268-ad370ae3f6c0,a3b0fd4d-92ae-cfb5-e9e9-bed538b426ee,AWS Certified Solutions Architect – Associate,Amazon Web Services,2026-02-05,2029-02-04,https://aws.amazon.com/certification/certified-solutions-architect-associate/,2026-07-04 14:23:00
dfd84397-fa46-32d5-8d4a-c675560b3315,f243db91-6de2-0719-5a22-099f5254e5ba,Google Data Analytics Professional Certificate,Google / Coursera,2025-10-10,,https://www.coursera.org/professional-certificates/google-data-analytics,2026-08-16 21:49:00
ad89e21f-f5a6-52d9-fc31-34c6d63ce4b0,8047d755-f5b8-1245-5fa1-3691cea592cb,Google Cybersecurity Professional Certificate,Google / Coursera,2025-09-14,,https://www.coursera.org/professional-certificates/google-cybersecurity,2026-07-04 21:55:00
d52be6ea-9630-781b-02f7-2372f924bf4a,295382fa-d6d7-79e9-c0fa-88558065e2d4,Microsoft Certified: Azure Fundamentals (AZ-900),Microsoft,2026-06-01,,https://learn.microsoft.com/en-us/credentials/certifications/azure-fundamentals/,2026-07-22 18:12:00
39b04434-bfed-9ad7-5f26-9ca3c51b639b,9bbf3130-5913-0418-2d30-c88056b4a507,Meta Front-End Developer Professional Certificate,Meta / Coursera,2026-06-18,,https://www.coursera.org/professional-certificates/meta-front-end-developer,2026-07-25 15:34:00
44da11cc-e789-00a8-449a-a91410da5592,9bbf3130-5913-0418-2d30-c88056b4a507,Microsoft Certified: Azure Fundamentals (AZ-900),Microsoft,2026-02-18,,https://learn.microsoft.com/en-us/credentials/certifications/azure-fundamentals/,2026-07-25 15:34:00
b01f2aec-5d33-25fc-f9c2-6135bada9777,65c4a2c5-b97e-31c0-07b8-dde912caa261,Microsoft Office Specialist: Excel Associate,Microsoft,2025-03-10,,https://learn.microsoft.com/en-us/credentials/,2026-07-24 21:02:00
bf499b29-88a3-e867-5020-19ff4ac4ef23,59e17052-ad33-5635-eeda-ab4df818e26f,HashiCorp Certified: Terraform Associate,HashiCorp,2026-06-28,2029-06-27,https://developer.hashicorp.com/certifications/infrastructure-automation,2026-07-31 06:24:00
e4081bb4-aa44-2024-bd6c-892e873bd1c0,2c350a08-330c-ef1c-f874-ee29cce0e4fe,Meta Back-End Developer Professional Certificate,Meta / Coursera,2025-04-15,,https://www.coursera.org/professional-certificates/meta-back-end-developer,2026-07-24 03:52:00
81498bf4-23e0-4fe6-79a8-9c3986d86644,ddb7ee1c-4246-135b-e8ff-0e9a85abd210,PCEP – Certified Entry-Level Python Programmer,Python Institute,2026-07-18,,https://pythoninstitute.org/pcep,2026-07-09 05:41:00
828b03d0-b2ef-034e-df2d-122500fcc434,7527c5b9-d71e-ca15-1c62-bf9443f00f6f,HashiCorp Certified: Terraform Associate,HashiCorp,2024-06-18,2027-06-18,https://developer.hashicorp.com/certifications/infrastructure-automation,2026-07-13 06:57:00
20eb4c75-01b1-0fc2-4b3d-8ec280561084,945217da-62cf-d536-0904-19656b7b6e4c,HashiCorp Certified: Terraform Associate,HashiCorp,2025-04-17,2028-04-16,https://developer.hashicorp.com/certifications/infrastructure-automation,2026-08-26 11:09:00
14c8f186-8a81-133e-9138-0f9599a9a2bc,945217da-62cf-d536-0904-19656b7b6e4c,Google Data Analytics Professional Certificate,Google / Coursera,2024-01-05,,https://www.coursera.org/professional-certificates/google-data-analytics,2026-08-26 11:09:00
257e851b-f097-3958-8f54-d562d3f8d2f7,9f0eb5fd-8825-e567-369d-f8d1228f1246,PCEP – Certified Entry-Level Python Programmer,Python Institute,2025-05-04,,https://pythoninstitute.org/pcep,2026-08-19 05:28:00
fe9b666c-d66e-c54f-8dc2-16f74bd1ab22,9f0eb5fd-8825-e567-369d-f8d1228f1246,Meta Front-End Developer Professional Certificate,Meta / Coursera,2024-12-17,,https://www.coursera.org/professional-certificates/meta-front-end-developer,2026-08-19 05:28:00
a46af4b8-01ab-d0d7-5e53-889431284f21,b43efb3b-c7ee-8bac-c653-ad614558a16e,Google Cybersecurity Professional Certificate,Google / Coursera,2025-07-28,,https://www.coursera.org/professional-certificates/google-cybersecurity,2026-07-09 10:42:00
e9894f87-f581-3bfc-f67b-f2ccd9f19467,439ad755-57d1-27ab-ab9d-81f75a9281c4,PCEP – Certified Entry-Level Python Programmer,Python Institute,2024-09-13,,https://pythoninstitute.org/pcep,2026-09-18 06:23:00
715e8de3-be74-4de1-ea8f-d364067475e0,97a9f68f-12d2-9c2e-4bfa-9c2bccda6417,CompTIA Security+,CompTIA,2026-03-28,2029-03-27,https://www.comptia.org/certifications/security,2026-07-15 00:24:00
95124fd4-87c6-8e49-8315-4c6ddcdfe77d,0ff9e7f6-7414-8e7d-723c-4df9c10536c2,Docker Certified Associate,Docker / Mirantis,2024-05-04,,https://training.mirantis.com/,2026-09-03 18:12:00
18c5e211-7d1e-d133-f812-342da683b54a,0ff9e7f6-7414-8e7d-723c-4df9c10536c2,Certified Kubernetes Administrator (CKA),CNCF / Linux Foundation,2025-05-23,2028-05-22,https://training.linuxfoundation.org/certification/certified-kubernetes-administrator-cka/,2026-09-03 18:12:00
b437775c-7d6a-df0f-02d7-fefcd286d419,cddd852c-d554-8377-0117-9cf616d0adfa,Meta Front-End Developer Professional Certificate,Meta / Coursera,2024-01-24,,https://www.coursera.org/professional-certificates/meta-front-end-developer,2026-08-10 17:04:00
527aa052-03dd-2ac4-07ac-9eb7f1a76926,d2dea40c-302d-bec0-da72-23c5fc100273,Docker Certified Associate,Docker / Mirantis,2024-03-26,,https://training.mirantis.com/,2026-09-15 14:01:00
41c8e2be-720e-159d-0f85-c755da6c0132,ffd08bd5-dd8e-210c-ad1d-db94f4b6bee3,Microsoft Certified: Power BI Data Analyst Associate (PL-300),Microsoft,2026-01-02,,https://learn.microsoft.com/en-us/credentials/certifications/data-analyst-associate/,2026-09-11 08:11:00
b551c8b9-34af-5f1e-e9b8-b5b81a9c2b47,ffd08bd5-dd8e-210c-ad1d-db94f4b6bee3,IBM Data Science Professional Certificate,IBM / Coursera,2026-03-30,,https://www.coursera.org/professional-certificates/ibm-data-science,2026-09-11 08:11:00
8fd183aa-03b5-b8bb-6002-2d079a09f60c,12e1d686-68e1-ff63-4fee-207b2818edad,Machine Learning Specialization,DeepLearning.AI / Coursera,2025-03-03,,https://www.coursera.org/specializations/machine-learning-introduction,2026-08-26 00:29:00
3a5f539b-5d8d-309e-3a10-697d1dbbc476,3a688f2d-50fe-9fcf-26b5-b270a4cba58d,IBM Data Science Professional Certificate,IBM / Coursera,2024-12-30,,https://www.coursera.org/professional-certificates/ibm-data-science,2026-08-22 11:33:00
f9793a5c-c149-140a-7e29-affe08993424,649088a5-d302-502e-6f1f-7084cc10870b,Docker Certified Associate,Docker / Mirantis,2024-06-18,,https://training.mirantis.com/,2026-07-19 16:49:00
422e0224-055d-cb4f-48aa-ea4b42cc66cc,d08145ae-c85a-78ac-9b9a-b554767d106d,Meta Front-End Developer Professional Certificate,Meta / Coursera,2025-02-20,,https://www.coursera.org/professional-certificates/meta-front-end-developer,2026-07-17 02:36:00
e4c87fbc-8f74-e994-fc5a-440da87c8287,88dd3944-93ec-acaf-00fd-05941784d18c,"Oracle Certified Associate, Java SE Programmer",Oracle,2025-09-23,,https://education.oracle.com/,2026-09-04 11:39:00
fcc51937-aaa8-2ef8-4789-36fa99dad381,e3983191-eb48-a854-5e10-6b3b0127730b,Microsoft Office Specialist: Excel Associate,Microsoft,2024-11-18,,https://learn.microsoft.com/en-us/credentials/,2026-08-09 08:53:00
61e001c1-7f01-4da6-d140-102e5fae9d64,ed23e95e-7af4-0d53-1878-a903a7981ea6,Microsoft Certified: Azure Fundamentals (AZ-900),Microsoft,2025-09-04,,https://learn.microsoft.com/en-us/credentials/certifications/azure-fundamentals/,2026-07-15 06:57:00
5f48637b-6d3f-866c-2933-a3b0d1b120f7,ed23e95e-7af4-0d53-1878-a903a7981ea6,Google Cloud Digital Leader,Google Cloud,2025-05-28,2028-05-27,https://cloud.google.com/learn/certification/cloud-digital-leader,2026-07-15 06:57:00
c7371861-9bc0-75be-08cb-aa50b8a018bd,70bcab34-51f4-4b98-ff89-0cf7a7136fa8,Machine Learning Specialization,DeepLearning.AI / Coursera,2023-12-10,,https://www.coursera.org/specializations/machine-learning-introduction,2026-08-04 22:48:00
509fcc6b-deba-8e7f-c641-db57aad53d6e,e9ff522f-d4e6-556a-feff-b78ba2622a33,PCEP – Certified Entry-Level Python Programmer,Python Institute,2025-12-29,,https://pythoninstitute.org/pcep,2026-07-18 10:23:00
364af3d8-9da2-7192-3c0f-4b22f071982c,d55ca251-fd62-59ca-d991-c3c5fd3c4734,PCEP – Certified Entry-Level Python Programmer,Python Institute,2024-07-08,,https://pythoninstitute.org/pcep,2026-07-23 06:11:00
be994da5-2835-9a73-40c1-7caac6ea00d6,d55ca251-fd62-59ca-d991-c3c5fd3c4734,Google Cloud Digital Leader,Google Cloud,2024-01-20,2027-01-19,https://cloud.google.com/learn/certification/cloud-digital-leader,2026-07-23 06:11:00
1d5f7b2c-06c3-e93d-7761-8cf800061a7c,5607614c-4661-3f53-3ac2-35a68e102c9b,AWS Certified Cloud Practitioner,Amazon Web Services,2024-09-27,2027-09-27,https://aws.amazon.com/certification/certified-cloud-practitioner/,2026-07-21 04:48:00
eadeb2fe-0ef0-2e38-980d-10fbef08a7e4,5607614c-4661-3f53-3ac2-35a68e102c9b,Meta Front-End Developer Professional Certificate,Meta / Coursera,2024-10-01,,https://www.coursera.org/professional-certificates/meta-front-end-developer,2026-07-21 04:48:00
fcc57668-25b7-265e-00de-271aa1e50be9,c462666f-6653-a881-2bf5-c2b53b2c694f,IBM Data Science Professional Certificate,IBM / Coursera,2024-12-26,,https://www.coursera.org/professional-certificates/ibm-data-science,2026-07-25 10:14:00
d5bcd6ad-5d02-ef83-5794-88456d4067c9,c462666f-6653-a881-2bf5-c2b53b2c694f,Google Data Analytics Professional Certificate,Google / Coursera,2025-06-16,,https://www.coursera.org/professional-certificates/google-data-analytics,2026-07-25 10:14:00
cd950027-6ae4-01b7-04ee-3da4b9947cf6,b689b2e7-18cf-9248-6c5c-56b02b1b2247,Google Cybersecurity Professional Certificate,Google / Coursera,2025-03-22,,https://www.coursera.org/professional-certificates/google-cybersecurity,2026-07-24 11:25:00
f5670084-6970-3df2-f8cf-d22cf36495c7,38cd1075-a936-6863-5f04-cb06f81fee24,Google Data Analytics Professional Certificate,Google / Coursera,2024-07-03,,https://www.coursera.org/professional-certificates/google-data-analytics,2026-09-04 20:37:00
deafef53-8e2d-7b03-1c4a-5a83e7097269,8c36d1ef-93bd-0c61-cd90-ab93c712d421,Google Data Analytics Professional Certificate,Google / Coursera,2024-07-14,,https://www.coursera.org/professional-certificates/google-data-analytics,2026-09-10 02:44:00
edb87f2a-3754-1bf0-3550-16a76018665b,18be173e-718b-e202-b306-c497912bf291,IBM Data Science Professional Certificate,IBM / Coursera,2025-12-27,,https://www.coursera.org/professional-certificates/ibm-data-science,2026-07-28 11:32:00
fa94180d-ad03-c3bc-a2aa-60d81ad33b2a,69e9df67-5296-f34d-0094-2943e7f74615,Certified Kubernetes Administrator (CKA),CNCF / Linux Foundation,2025-09-21,2028-09-20,https://training.linuxfoundation.org/certification/certified-kubernetes-administrator-cka/,2026-07-03 18:23:00
a61eb30d-40fb-af43-daca-fd7cab8e246f,9f6a8c83-24d3-7c77-9972-59e2fd031fa5,Tableau Desktop Specialist,Tableau / Salesforce,2026-06-04,,https://www.tableau.com/learn/certification,2026-09-13 04:44:00
32d3faf5-1061-f8bc-e0a7-788b71903d47,08248b9c-d6e3-d965-0de8-87cb8dde2bec,Google Cybersecurity Professional Certificate,Google / Coursera,2025-03-08,,https://www.coursera.org/professional-certificates/google-cybersecurity,2026-07-23 16:33:00
5099f338-9ce1-09a2-90d5-9af2c69400a6,08248b9c-d6e3-d965-0de8-87cb8dde2bec,Certified Kubernetes Administrator (CKA),CNCF / Linux Foundation,2024-10-09,2027-10-09,https://training.linuxfoundation.org/certification/certified-kubernetes-administrator-cka/,2026-07-23 16:33:00
da561e64-78c1-14ff-c6c8-347590a347eb,08248b9c-d6e3-d965-0de8-87cb8dde2bec,Microsoft Certified: Azure Fundamentals (AZ-900),Microsoft,2025-02-03,,https://learn.microsoft.com/en-us/credentials/certifications/azure-fundamentals/,2026-07-23 16:33:00
b4a1a5d5-edef-5319-e424-78dab3d12f73,5cd914cd-6457-1d27-583c-1c0139b0859a,"Oracle Certified Associate, Java SE Programmer",Oracle,2025-09-10,,https://education.oracle.com/,2026-08-17 17:46:00
7221d201-d8a6-2b58-97ce-1b2ca6c94af0,eb17e543-73a5-cc27-c97c-cd95ca2a98ec,Google Data Analytics Professional Certificate,Google / Coursera,2025-02-11,,https://www.coursera.org/professional-certificates/google-data-analytics,2026-09-18 23:43:00
c5cbba5d-6e85-b7aa-8775-1ec0aaf648fb,f80ea052-a8bb-4ba3-45ce-72fc5133c1fd,Meta Back-End Developer Professional Certificate,Meta / Coursera,2026-03-30,,https://www.coursera.org/professional-certificates/meta-back-end-developer,2026-09-02 20:37:00
db9834d9-957b-674a-5564-5cb35ebe9de4,85e8ba49-af91-a6eb-97ac-82d84bdadca5,Certified Kubernetes Administrator (CKA),CNCF / Linux Foundation,2025-01-03,2028-01-03,https://training.linuxfoundation.org/certification/certified-kubernetes-administrator-cka/,2026-08-26 10:59:00
0ffab99a-50a9-1b70-b062-ae941cf4ce78,a9a53ee6-c7a5-b9a4-7c60-dbda993cb739,PCEP – Certified Entry-Level Python Programmer,Python Institute,2024-01-26,,https://pythoninstitute.org/pcep,2026-08-03 12:54:00
75573655-0e00-dbc9-4f4a-706daf77986a,3c5b1a10-f22d-761b-401b-c831c9f7fe32,Meta Back-End Developer Professional Certificate,Meta / Coursera,2024-05-15,,https://www.coursera.org/professional-certificates/meta-back-end-developer,2026-08-06 19:09:00
e8f6fcd4-1ed4-5686-ab56-df0b11720a65,3c5b1a10-f22d-761b-401b-c831c9f7fe32,Docker Certified Associate,Docker / Mirantis,2025-05-17,,https://training.mirantis.com/,2026-08-06 19:09:00
14b3dc97-80ed-9b22-30ee-94556ccb7054,f983ee4b-23ae-c7aa-ebc7-d89d62fcd7b3,Microsoft Certified: Azure Fundamentals (AZ-900),Microsoft,2024-11-08,,https://learn.microsoft.com/en-us/credentials/certifications/azure-fundamentals/,2026-07-14 06:57:00
406a7b3e-5548-9a69-7d30-6eec464dc28f,de353b96-0ca6-ad84-7096-c01d2065408b,Docker Certified Associate,Docker / Mirantis,2026-02-05,,https://training.mirantis.com/,2026-07-20 21:12:00
8bee394d-d465-786c-044d-c15d43ad7724,de353b96-0ca6-ad84-7096-c01d2065408b,Certified Kubernetes Administrator (CKA),CNCF / Linux Foundation,2026-07-08,2029-07-07,https://training.linuxfoundation.org/certification/certified-kubernetes-administrator-cka/,2026-07-20 21:12:00
1d8af6e4-b15c-bb9f-7b32-9a38dd35b2b1,8340504b-d625-acc4-0895-b061fcf6ca9c,"Oracle Certified Associate, Java SE Programmer",Oracle,2024-05-26,,https://education.oracle.com/,2026-08-26 03:12:00
18d46a4c-5136-c957-47a5-e9c91eeb1f08,821ae420-5e22-7a7b-a456-30d8c89313e9,Deep Learning Specialization,DeepLearning.AI / Coursera,2026-05-04,,https://www.coursera.org/specializations/deep-learning,2026-07-29 12:33:00
f5565f72-767b-e12e-d498-ebc677afc08b,9bcfd333-96d1-b2f4-ba90-28a4ef30c971,IBM Data Science Professional Certificate,IBM / Coursera,2025-08-24,,https://www.coursera.org/professional-certificates/ibm-data-science,2026-09-18 08:02:00
2832d3e0-74e5-75dc-a769-081a69bb81e7,f27eb784-d6f3-4e1f-e37c-25d74a7ea117,CompTIA Security+,CompTIA,2025-11-11,2028-11-10,https://www.comptia.org/certifications/security,2026-08-15 12:34:00
b97edd2a-b07d-1266-dc02-457326ccdc9d,f27eb784-d6f3-4e1f-e37c-25d74a7ea117,Machine Learning Specialization,DeepLearning.AI / Coursera,2026-04-15,,https://www.coursera.org/specializations/machine-learning-introduction,2026-08-15 12:34:00
d8ca03ab-be46-d99a-06a0-cd61013a450c,4ec202e8-3feb-bdb7-4048-0c18b4af2912,Google Data Analytics Professional Certificate,Google / Coursera,2024-03-07,,https://www.coursera.org/professional-certificates/google-data-analytics,2026-07-17 10:20:00
d4c34f01-9328-73e9-89d3-de40d62619fc,b113a96f-0ba7-7ddf-2bc7-d4f0a0d99cb0,IBM Data Science Professional Certificate,IBM / Coursera,2024-08-01,,https://www.coursera.org/professional-certificates/ibm-data-science,2026-08-14 09:49:00
10aa494b-b9d0-167c-8041-9847a6a05a10,e5e35160-4e50-631f-d2a4-ccea748f855c,Certified Kubernetes Administrator (CKA),CNCF / Linux Foundation,2025-06-30,2028-06-29,https://training.linuxfoundation.org/certification/certified-kubernetes-administrator-cka/,2026-09-10 17:46:00
8deb1f8b-4a36-7b07-9c62-47d7d5241b82,b9b2668c-6878-9edf-0547-2745e85ad327,Microsoft Office Specialist: Excel Associate,Microsoft,2024-02-26,,https://learn.microsoft.com/en-us/credentials/,2026-07-07 01:32:00
9016ed2d-99ea-a94a-5944-89288a0b780f,6f3fd3dd-b08f-abc0-f12d-1f3d470e2c73,AWS Certified Cloud Practitioner,Amazon Web Services,2026-01-24,2029-01-23,https://aws.amazon.com/certification/certified-cloud-practitioner/,2026-08-18 12:16:00
b02c5704-b318-b3e0-eb77-fb1efa0832de,56f3a1ea-3c6c-0ff2-a234-a04aab15739a,Meta Back-End Developer Professional Certificate,Meta / Coursera,2024-06-06,,https://www.coursera.org/professional-certificates/meta-back-end-developer,2026-08-09 21:58:00
01b9c1d7-5f8d-a137-9d54-e54e1c85a925,5f70ef68-8c21-1efa-6b95-cf0bb190ab88,Certified Kubernetes Administrator (CKA),CNCF / Linux Foundation,2025-01-10,2028-01-10,https://training.linuxfoundation.org/certification/certified-kubernetes-administrator-cka/,2026-09-17 09:43:00
5d23a3d5-df44-b650-2300-fbcc45072dbe,5f70ef68-8c21-1efa-6b95-cf0bb190ab88,Microsoft Certified: Azure Fundamentals (AZ-900),Microsoft,2025-08-20,,https://learn.microsoft.com/en-us/credentials/certifications/azure-fundamentals/,2026-09-17 09:43:00
baaed1a8-f590-90a0-302d-60811a20aad4,0fbd035b-314c-ff5d-dce3-ca03c345ac07,Google Cloud Digital Leader,Google Cloud,2023-09-27,2026-09-26,https://cloud.google.com/learn/certification/cloud-digital-leader,2026-07-28 05:21:00
5988f47d-e328-e81d-a058-09981d0422bc,b6524278-6da5-7e46-cba8-99ebb8140c9b,Google Data Analytics Professional Certificate,Google / Coursera,2025-11-15,,https://www.coursera.org/professional-certificates/google-data-analytics,2026-07-02 10:03:00
491ac200-100e-2d57-5581-4d8599a69bc5,b6524278-6da5-7e46-cba8-99ebb8140c9b,AWS Certified Cloud Practitioner,Amazon Web Services,2025-02-05,2028-02-05,https://aws.amazon.com/certification/certified-cloud-practitioner/,2026-07-02 10:03:00
33feb637-14ac-3f6e-d996-364a58eb47a3,b6524278-6da5-7e46-cba8-99ebb8140c9b,AWS Certified Solutions Architect – Associate,Amazon Web Services,2024-09-18,2027-09-18,https://aws.amazon.com/certification/certified-solutions-architect-associate/,2026-07-02 10:03:00
a85f75b0-3bcb-6d7a-5fd4-4aed6dae1f65,6a360103-7c2e-9173-46a7-5c4713103607,PCEP – Certified Entry-Level Python Programmer,Python Institute,2024-06-12,,https://pythoninstitute.org/pcep,2026-09-07 00:17:00
30b54616-73e8-2716-c93c-be4dd437802c,f29202b2-443c-b2f7-68c0-9be541400086,Tableau Desktop Specialist,Tableau / Salesforce,2025-02-15,,https://www.tableau.com/learn/certification,2026-09-06 05:14:00
73b91273-cef5-cd4c-4e09-8f3f4ed0306f,cba62716-30f3-e5af-e9f6-9861bee25f78,Certified Kubernetes Administrator (CKA),CNCF / Linux Foundation,2023-11-06,2026-11-05,https://training.linuxfoundation.org/certification/certified-kubernetes-administrator-cka/,2026-09-20 05:36:00
cde65b0c-d0bf-4959-643e-5820ed5bddab,cba62716-30f3-e5af-e9f6-9861bee25f78,PCEP – Certified Entry-Level Python Programmer,Python Institute,2026-02-23,,https://pythoninstitute.org/pcep,2026-09-20 05:36:00
d19b02ad-4dfc-d838-da09-b8a736a5a108,cba62716-30f3-e5af-e9f6-9861bee25f78,Tableau Desktop Specialist,Tableau / Salesforce,2024-02-24,,https://www.tableau.com/learn/certification,2026-09-20 05:36:00
a97cdc9a-b231-4b05-3d8b-b17d9e4166d1,08b434d5-af86-ba09-b504-4578df533a2d,Deep Learning Specialization,DeepLearning.AI / Coursera,2025-07-03,,https://www.coursera.org/specializations/deep-learning,2026-08-11 04:53:00
06362dbd-3962-a9d2-214d-984f489adbac,08b434d5-af86-ba09-b504-4578df533a2d,Google Data Analytics Professional Certificate,Google / Coursera,2025-04-15,,https://www.coursera.org/professional-certificates/google-data-analytics,2026-08-11 04:53:00
8ca841d4-e0e5-6786-cb06-7afe03a19eb1,59e66122-1fe3-4e4a-32d1-ce6e4a39ef3f,CompTIA Security+,CompTIA,2025-01-28,2028-01-28,https://www.comptia.org/certifications/security,2026-07-08 09:40:00
efe71b87-e2f3-7104-2696-4e048889099a,68494004-a0d8-2dd3-8b93-48c50d18fd75,Meta Back-End Developer Professional Certificate,Meta / Coursera,2024-03-31,,https://www.coursera.org/professional-certificates/meta-back-end-developer,2026-09-02 12:48:00
f55a6249-c81b-ea1a-9202-4c395b76a267,9a5803e7-c48e-cc8b-f84d-9eb96f84ab00,"Oracle Certified Associate, Java SE Programmer",Oracle,2024-11-29,,https://education.oracle.com/,2026-07-12 19:50:00
331083aa-6e04-42f7-be30-64ac64bafa87,9a5803e7-c48e-cc8b-f84d-9eb96f84ab00,Certified Kubernetes Administrator (CKA),CNCF / Linux Foundation,2026-05-30,2029-05-29,https://training.linuxfoundation.org/certification/certified-kubernetes-administrator-cka/,2026-07-12 19:50:00
50f7e5e7-b681-2c8f-da9e-481d2cd3404f,3c4bd321-90f1-23d1-10ff-b1844b213892,IBM Data Science Professional Certificate,IBM / Coursera,2026-06-25,,https://www.coursera.org/professional-certificates/ibm-data-science,2026-08-02 04:41:00
22e37a0b-2eba-5f66-79bc-3b5b3a719089,3c4bd321-90f1-23d1-10ff-b1844b213892,HashiCorp Certified: Terraform Associate,HashiCorp,2025-09-05,2028-09-04,https://developer.hashicorp.com/certifications/infrastructure-automation,2026-08-02 04:41:00
5c7662e3-36a6-4b2c-0da4-016b014fc364,7346074a-64ec-0c8c-1442-ad731bb5d00f,Microsoft Certified: Power BI Data Analyst Associate (PL-300),Microsoft,2026-04-30,,https://learn.microsoft.com/en-us/credentials/certifications/data-analyst-associate/,2026-07-06 00:42:00
c54683b2-aba6-6039-f8d0-f294e884642d,7346074a-64ec-0c8c-1442-ad731bb5d00f,Meta Back-End Developer Professional Certificate,Meta / Coursera,2025-12-25,,https://www.coursera.org/professional-certificates/meta-back-end-developer,2026-07-06 00:42:00
40cc395a-132c-a4d5-0a5a-27e3f733ebef,91319974-fb2f-cd93-d929-2b6ab37f1a79,Meta Back-End Developer Professional Certificate,Meta / Coursera,2025-10-13,,https://www.coursera.org/professional-certificates/meta-back-end-developer,2026-07-04 11:40:00
ad611063-7f99-ff25-e404-724d84756a4d,4c4fb9e6-0381-12bb-8146-183acda49ae0,Certified Kubernetes Administrator (CKA),CNCF / Linux Foundation,2024-12-10,2027-12-10,https://training.linuxfoundation.org/certification/certified-kubernetes-administrator-cka/,2026-08-26 19:20:00
13b0babb-ed80-874c-f273-96ea03b8e497,eb8fc815-5ebb-098e-f632-58376f9a25e2,PCEP – Certified Entry-Level Python Programmer,Python Institute,2026-07-17,,https://pythoninstitute.org/pcep,2026-07-22 01:25:00
9d937ce1-2446-3167-abf3-b5c7c4f8601f,eb8fc815-5ebb-098e-f632-58376f9a25e2,Meta Back-End Developer Professional Certificate,Meta / Coursera,2025-12-24,,https://www.coursera.org/professional-certificates/meta-back-end-developer,2026-07-22 01:25:00
8742732b-c760-15eb-9716-68675470f373,748983ec-79ab-04fc-6b2f-81abcf1ec217,Elements of AI,University of Helsinki,2024-05-03,,https://www.elementsofai.com/,2026-09-03 20:06:00
04523e31-0843-7a48-63ff-a6f96acdfd27,78421556-8797-c06d-8437-e66911244295,Docker Certified Associate,Docker / Mirantis,2024-05-20,,https://training.mirantis.com/,2026-07-25 01:43:00
c36ca95d-7c10-e7b4-d869-64d99f283570,789a65c6-c0d3-21f8-ec0e-609ea4f7b9ec,Meta Back-End Developer Professional Certificate,Meta / Coursera,2023-10-16,,https://www.coursera.org/professional-certificates/meta-back-end-developer,2026-08-08 12:55:00
14e819aa-b6b2-72cd-2399-9490731c67d9,789a65c6-c0d3-21f8-ec0e-609ea4f7b9ec,Machine Learning Specialization,DeepLearning.AI / Coursera,2024-04-26,,https://www.coursera.org/specializations/machine-learning-introduction,2026-08-08 12:55:00
f97c314d-f6e1-4e8a-6eb0-c15b6db14eec,e51338ca-9b8f-81b8-2637-4a64e68960da,IBM Data Science Professional Certificate,IBM / Coursera,2024-02-28,,https://www.coursera.org/professional-certificates/ibm-data-science,2026-07-30 08:05:00
ed26534f-8866-a720-c948-be94afbc96a4,34759da6-d491-4a09-e737-6b47a707c75e,Certified Ethical Hacker (CEH),EC-Council,2026-03-14,2029-03-13,https://www.eccouncil.org/train-certify/certified-ethical-hacker-ceh/,2026-07-17 03:07:00
d9c2fbae-b5af-128f-8ac8-c00cb3e24ff4,9dfff91a-7c76-7e6f-ee85-5457668989df,Certified Ethical Hacker (CEH),EC-Council,2025-10-30,2028-10-29,https://www.eccouncil.org/train-certify/certified-ethical-hacker-ceh/,2026-07-17 05:50:00
d030e131-6f42-e9ef-1341-774bfe48fd4a,caf2840f-439f-7199-1af0-8753ddc80d53,Google Cybersecurity Professional Certificate,Google / Coursera,2025-03-27,,https://www.coursera.org/professional-certificates/google-cybersecurity,2026-08-29 17:38:00
8838b4b8-23f6-0191-69c4-0ed6923793e3,caf2840f-439f-7199-1af0-8753ddc80d53,PCEP – Certified Entry-Level Python Programmer,Python Institute,2026-01-07,,https://pythoninstitute.org/pcep,2026-08-29 17:38:00
83f1e77f-635d-c028-e614-ca0a6d61b3b9,3c97f1c9-1243-4b08-40f8-6d7a19502df5,Microsoft Certified: Power BI Data Analyst Associate (PL-300),Microsoft,2025-05-12,,https://learn.microsoft.com/en-us/credentials/certifications/data-analyst-associate/,2026-07-19 16:38:00
c63bed26-6bab-8317-4768-c1cad1d90a7c,c55bba57-4662-b292-9a4e-c902ffbce41e,Docker Certified Associate,Docker / Mirantis,2026-07-31,,https://training.mirantis.com/,2026-08-03 23:46:00
05e957ab-b0dd-2427-020c-7366284e98cf,2f3a049d-e6e4-1ae2-1fcb-eaebf26fd418,"Oracle Certified Associate, Java SE Programmer",Oracle,2025-02-21,,https://education.oracle.com/,2026-07-12 13:40:00
1a5527d9-a4df-e6fe-0e74-5c9cb22b9c9a,6dff58b0-a05f-67a1-6a68-11511aa6d534,IBM Data Science Professional Certificate,IBM / Coursera,2025-02-02,,https://www.coursera.org/professional-certificates/ibm-data-science,2026-08-20 02:05:00
898846d2-3063-f5a8-040f-9ce734db8a42,6dff58b0-a05f-67a1-6a68-11511aa6d534,Google Data Analytics Professional Certificate,Google / Coursera,2024-08-28,,https://www.coursera.org/professional-certificates/google-data-analytics,2026-08-20 02:05:00
6fbdb644-f3c0-b5c0-2b41-420bc1c10ca6,8675d7e5-a066-b8c7-f358-e8bbb4c3dc21,IBM Data Science Professional Certificate,IBM / Coursera,2023-12-18,,https://www.coursera.org/professional-certificates/ibm-data-science,2026-07-21 09:00:00
ec9e67f1-4510-f7f7-3954-a439f730bdb3,6e0e7f5d-2435-977a-2d59-3d1150838018,CompTIA Security+,CompTIA,2026-01-19,2029-01-18,https://www.comptia.org/certifications/security,2026-09-13 16:30:00
9c064ca0-1d88-4020-90d3-44e59c97bc4d,6e0e7f5d-2435-977a-2d59-3d1150838018,freeCodeCamp Responsive Web Design,freeCodeCamp,2026-02-22,,https://www.freecodecamp.org/learn/2022/responsive-web-design/,2026-09-13 16:30:00
a7b0df96-d780-fdd7-6100-1a4b1f9296ff,465f8be4-fe29-c32d-66ff-0d8793df6dfe,Certified Kubernetes Administrator (CKA),CNCF / Linux Foundation,2025-07-18,2028-07-17,https://training.linuxfoundation.org/certification/certified-kubernetes-administrator-cka/,2026-08-22 19:53:00
cad9d0f2-432a-880d-d753-aefde60a80d7,50219e67-49bc-9269-bfde-a39e0fa2dd36,Docker Certified Associate,Docker / Mirantis,2025-11-06,,https://training.mirantis.com/,2026-09-17 20:44:00
5e2418c0-cae0-1ebd-54f9-f45845963829,50219e67-49bc-9269-bfde-a39e0fa2dd36,Google Data Analytics Professional Certificate,Google / Coursera,2025-05-31,,https://www.coursera.org/professional-certificates/google-data-analytics,2026-09-17 20:44:00
740fc361-e908-cc3a-afa1-2490ec08c9f1,50219e67-49bc-9269-bfde-a39e0fa2dd36,Certified Kubernetes Administrator (CKA),CNCF / Linux Foundation,2025-10-20,2028-10-19,https://training.linuxfoundation.org/certification/certified-kubernetes-administrator-cka/,2026-09-17 20:44:00
a0ae76d4-ac57-391c-32f6-dc71fa8dd011,811a82e1-eb4f-36c2-2454-694a9d63a1be,Google Cloud Digital Leader,Google Cloud,2025-03-11,2028-03-10,https://cloud.google.com/learn/certification/cloud-digital-leader,2026-07-02 16:22:00
e4792224-8ef5-4bb4-56c6-f1eac0dd04ba,811a82e1-eb4f-36c2-2454-694a9d63a1be,Machine Learning Specialization,DeepLearning.AI / Coursera,2026-02-10,,https://www.coursera.org/specializations/machine-learning-introduction,2026-07-02 16:22:00
17070f7a-c36a-11e0-8b6f-f85790959217,811a82e1-eb4f-36c2-2454-694a9d63a1be,Google Cybersecurity Professional Certificate,Google / Coursera,2025-05-28,,https://www.coursera.org/professional-certificates/google-cybersecurity,2026-07-02 16:22:00
d7d6c390-0ff5-aa96-5062-a04c7595f529,6535d5c0-61b5-da69-85df-23e6722925e7,CompTIA Security+,CompTIA,2026-08-01,2029-07-31,https://www.comptia.org/certifications/security,2026-07-05 01:05:00
8ff5acd3-dc40-2d4f-2a79-643d0577716e,d79784c9-5e2a-7941-4a4f-49c6d1a67e22,AWS Certified Cloud Practitioner,Amazon Web Services,2024-08-01,2027-08-01,https://aws.amazon.com/certification/certified-cloud-practitioner/,2026-07-26 16:06:00
d2b06e91-4c11-5494-1f1f-56c6bd5a81bb,f6f24f47-742b-e785-6e08-91e78119a46b,Microsoft Certified: Azure Fundamentals (AZ-900),Microsoft,2024-11-11,,https://learn.microsoft.com/en-us/credentials/certifications/azure-fundamentals/,2026-08-27 05:02:00
8b379f0d-1c8b-269e-6f30-3a8e27af8189,f6f24f47-742b-e785-6e08-91e78119a46b,PCEP – Certified Entry-Level Python Programmer,Python Institute,2025-04-27,,https://pythoninstitute.org/pcep,2026-08-27 05:02:00
a2878f8f-6f79-37e7-1910-369153cb1881,5aff7de5-50e3-4e84-b6b6-b022125b956f,HashiCorp Certified: Terraform Associate,HashiCorp,2023-10-21,2026-10-20,https://developer.hashicorp.com/certifications/infrastructure-automation,2026-08-06 18:00:00
0d1ef707-a2ee-a1a4-d1ac-ec0fb1f2196c,5aff7de5-50e3-4e84-b6b6-b022125b956f,Microsoft Certified: Azure Fundamentals (AZ-900),Microsoft,2026-01-13,,https://learn.microsoft.com/en-us/credentials/certifications/azure-fundamentals/,2026-08-06 18:00:00
b0b622b0-0edb-ead0-6dba-971d9823d46c,b8818dda-bf47-b1bd-0400-485d444c5b43,Google Data Analytics Professional Certificate,Google / Coursera,2026-03-12,,https://www.coursera.org/professional-certificates/google-data-analytics,2026-08-12 14:49:00
97bb7163-9319-19bf-ee4f-030bf6765c04,fce856c5-5ad6-744b-5e63-684b2e5b94f3,Cisco Certified Network Associate (CCNA),Cisco,2026-01-08,2029-01-07,https://www.cisco.com/site/us/en/learn/training-certifications/certifications/enterprise/ccna/index.html,2026-07-20 00:12:00
10a3c937-6066-3db7-aa86-25d1b351235d,4f93eb66-fd4c-71a9-6e3b-dc36d197ff50,Meta Back-End Developer Professional Certificate,Meta / Coursera,2025-08-09,,https://www.coursera.org/professional-certificates/meta-back-end-developer,2026-08-11 02:19:00
0108992c-7759-9ec4-5ecb-ce50c6565ae2,4f93eb66-fd4c-71a9-6e3b-dc36d197ff50,Google Cloud Digital Leader,Google Cloud,2025-07-16,2028-07-15,https://cloud.google.com/learn/certification/cloud-digital-leader,2026-08-11 02:19:00
082d872a-757f-0f0f-12e7-3febe11300b8,4f93eb66-fd4c-71a9-6e3b-dc36d197ff50,"Oracle Certified Associate, Java SE Programmer",Oracle,2026-03-14,,https://education.oracle.com/,2026-08-11 02:19:00
26acb166-91ac-ca86-1133-45b1390a08be,1af2a1b3-54b1-4be0-a625-8ed6806c6fab,IBM Data Science Professional Certificate,IBM / Coursera,2026-04-11,,https://www.coursera.org/professional-certificates/ibm-data-science,2026-07-04 19:04:00
f90aac46-c3c4-c046-4b24-817be6369e4e,1af2a1b3-54b1-4be0-a625-8ed6806c6fab,CompTIA Security+,CompTIA,2026-08-01,2029-07-31,https://www.comptia.org/certifications/security,2026-07-04 19:04:00
b4ea41b3-2381-a942-932d-389118f3ab43,25d3c1e8-6944-61ff-34a6-998d19e0870c,HashiCorp Certified: Terraform Associate,HashiCorp,2025-03-26,2028-03-25,https://developer.hashicorp.com/certifications/infrastructure-automation,2026-09-16 17:28:00
4b3876a7-d021-6813-57af-b65084774c93,cd3eb707-5cfa-15e3-4a86-635337c38942,Google Data Analytics Professional Certificate,Google / Coursera,2025-05-04,,https://www.coursera.org/professional-certificates/google-data-analytics,2026-08-19 09:35:00
52c1064a-dcb1-0a53-fd0a-e8e298fc9698,cd3eb707-5cfa-15e3-4a86-635337c38942,IBM Data Science Professional Certificate,IBM / Coursera,2025-10-07,,https://www.coursera.org/professional-certificates/ibm-data-science,2026-08-19 09:35:00
b4225830-d340-d0d8-0b25-bd28f41ab691,f43ea792-83c1-1f8c-3e61-5cbf05b59758,AWS Certified Cloud Practitioner,Amazon Web Services,2025-11-23,2028-11-22,https://aws.amazon.com/certification/certified-cloud-practitioner/,2026-07-18 13:22:00
378ae31c-88bf-941f-7abc-eac496775b61,e930e6eb-4c1c-a47b-ece9-135258c118e0,"Oracle Certified Associate, Java SE Programmer",Oracle,2025-06-09,,https://education.oracle.com/,2026-09-07 10:28:00
836884eb-64c7-b770-fa4d-704310b1d0e8,f1e3f146-cb85-d255-0c21-46e9febaf139,freeCodeCamp Responsive Web Design,freeCodeCamp,2026-01-13,,https://www.freecodecamp.org/learn/2022/responsive-web-design/,2026-07-18 15:23:00
cd3e4b83-0035-324d-b5db-f8ed93f4fbe0,c10fe23c-ebc4-0b9d-6f71-90b339db1e22,HashiCorp Certified: Terraform Associate,HashiCorp,2025-09-02,2028-09-01,https://developer.hashicorp.com/certifications/infrastructure-automation,2026-07-27 17:52:00
26d2458f-c359-bb11-bba7-3c5722a8f7a0,528b38ab-d10d-f7ed-02fa-909341c3316e,Google Data Analytics Professional Certificate,Google / Coursera,2023-09-21,,https://www.coursera.org/professional-certificates/google-data-analytics,2026-07-19 06:13:00
33480ed6-af50-c036-8f22-b5746f29bfba,528b38ab-d10d-f7ed-02fa-909341c3316e,Meta Back-End Developer Professional Certificate,Meta / Coursera,2026-03-28,,https://www.coursera.org/professional-certificates/meta-back-end-developer,2026-07-19 06:13:00
0f8f493b-855b-2382-5e9d-9cb15baeabbd,0ea7d7be-c015-3886-cac0-fb9ab0767e26,Elements of AI,University of Helsinki,2026-02-17,,https://www.elementsofai.com/,2026-08-07 04:29:00
76fcfb93-5b50-6ca8-34c2-d031a682d554,0ea7d7be-c015-3886-cac0-fb9ab0767e26,Meta Back-End Developer Professional Certificate,Meta / Coursera,2026-07-25,,https://www.coursera.org/professional-certificates/meta-back-end-developer,2026-08-07 04:29:00
0bf8cb13-468d-d53c-0e6f-2c02d0c3abdb,d2559384-060a-974d-ee46-a92334cd175f,Microsoft Certified: Azure Fundamentals (AZ-900),Microsoft,2025-04-10,,https://learn.microsoft.com/en-us/credentials/certifications/azure-fundamentals/,2026-08-19 00:10:00
85307c0c-121b-5f08-054f-8235efbc0655,656f26e2-1862-4f51-3f3b-9521e29cef2a,PCEP – Certified Entry-Level Python Programmer,Python Institute,2024-04-16,,https://pythoninstitute.org/pcep,2026-09-09 01:42:00
b84b16b9-78d9-4988-2299-4cd6f1b17771,656f26e2-1862-4f51-3f3b-9521e29cef2a,IBM Data Science Professional Certificate,IBM / Coursera,2024-10-16,,https://www.coursera.org/professional-certificates/ibm-data-science,2026-09-09 01:42:00
5cd6fe55-45dc-e44d-c87f-f591946b3840,797b5f52-489d-b958-34b6-95e0836b7159,freeCodeCamp Responsive Web Design,freeCodeCamp,2026-04-22,,https://www.freecodecamp.org/learn/2022/responsive-web-design/,2026-08-20 13:37:00
3f28d433-ebb7-31d1-38fb-87373788f475,797b5f52-489d-b958-34b6-95e0836b7159,Certified Kubernetes Administrator (CKA),CNCF / Linux Foundation,2026-02-22,2029-02-21,https://training.linuxfoundation.org/certification/certified-kubernetes-administrator-cka/,2026-08-20 13:37:00
f0cf4e00-3354-1876-c677-5ebd8133fecd,797b5f52-489d-b958-34b6-95e0836b7159,Meta Back-End Developer Professional Certificate,Meta / Coursera,2025-11-24,,https://www.coursera.org/professional-certificates/meta-back-end-developer,2026-08-20 13:37:00
21e33fe0-2f6f-cbee-e6d8-7d9c8a41c24c,833e453a-c158-4210-e7b1-2864cc5a004f,Microsoft Certified: Power BI Data Analyst Associate (PL-300),Microsoft,2026-02-19,,https://learn.microsoft.com/en-us/credentials/certifications/data-analyst-associate/,2026-09-05 17:08:00
13cd7445-5022-f593-4d72-ddb96ae8625b,833e453a-c158-4210-e7b1-2864cc5a004f,Google Data Analytics Professional Certificate,Google / Coursera,2024-05-04,,https://www.coursera.org/professional-certificates/google-data-analytics,2026-09-05 17:08:00
babb6c4a-fa44-db74-f5ea-499b06a7a041,7d1bcf28-2e48-588f-952b-d18c32c98038,CompTIA Security+,CompTIA,2025-03-10,2028-03-09,https://www.comptia.org/certifications/security,2026-08-31 12:55:00
b77c955b-002a-6141-33fe-03e6d36839ad,f0f4a3fc-9835-03f4-2dd9-300d951d89a7,Splunk Core Certified User,Splunk,2025-05-04,,https://www.splunk.com/en_us/training/certification-track/splunk-core-certified-user.html,2026-07-19 23:39:00
58d302f2-8b79-a65d-2610-99cbf18b90ae,f0f4a3fc-9835-03f4-2dd9-300d951d89a7,Meta Back-End Developer Professional Certificate,Meta / Coursera,2025-03-11,,https://www.coursera.org/professional-certificates/meta-back-end-developer,2026-07-19 23:39:00
c2920a0e-5891-dd8b-d37f-75a805f1c013,ddfdbd18-bb07-2102-6807-7f431d7013af,IBM Data Science Professional Certificate,IBM / Coursera,2025-01-15,,https://www.coursera.org/professional-certificates/ibm-data-science,2026-07-07 14:59:00
41773784-b8d1-ea7a-6747-1eb986e0be22,e5e24e9d-6511-cb1c-a892-a1a667f19e3b,AWS Certified Cloud Practitioner,Amazon Web Services,2024-06-02,2027-06-02,https://aws.amazon.com/certification/certified-cloud-practitioner/,2026-08-18 19:19:00
673958e8-cf96-3e4b-cf59-9b2890b1390e,e5e24e9d-6511-cb1c-a892-a1a667f19e3b,Meta Front-End Developer Professional Certificate,Meta / Coursera,2025-12-16,,https://www.coursera.org/professional-certificates/meta-front-end-developer,2026-08-18 19:19:00
84d2eacd-80bf-117d-d56a-419b1e135755,c73762b9-37b8-15a9-fe47-e08a679aad89,Google Data Analytics Professional Certificate,Google / Coursera,2026-02-14,,https://www.coursera.org/professional-certificates/google-data-analytics,2026-07-12 02:25:00
0be397ce-cb76-0256-ba8a-4da8c80a48af,c73762b9-37b8-15a9-fe47-e08a679aad89,PCEP – Certified Entry-Level Python Programmer,Python Institute,2025-04-21,,https://pythoninstitute.org/pcep,2026-07-12 02:25:00
eee49375-0449-369c-5649-f5f8d1763b43,3a99583a-56db-bd73-d036-f4f9c0cbbd3e,CompTIA Security+,CompTIA,2023-11-10,2026-11-09,https://www.comptia.org/certifications/security,2026-07-02 03:21:00
a9f5bc83-c8d5-aeb8-de9c-295f15017540,b6e81cab-479b-7c59-fcb6-7ebdda6279f1,HashiCorp Certified: Terraform Associate,HashiCorp,2026-07-10,2029-07-09,https://developer.hashicorp.com/certifications/infrastructure-automation,2026-07-23 04:43:00
3cd49902-5235-56af-7edc-68709c2fa23b,29e02617-5f61-3e14-6874-a3ea0ff436e7,IBM Data Science Professional Certificate,IBM / Coursera,2026-03-28,,https://www.coursera.org/professional-certificates/ibm-data-science,2026-07-18 13:44:00
4597eecf-0706-128e-0ff7-09ce21ed5a66,29e02617-5f61-3e14-6874-a3ea0ff436e7,Machine Learning Specialization,DeepLearning.AI / Coursera,2025-11-10,,https://www.coursera.org/specializations/machine-learning-introduction,2026-07-18 13:44:00
18bf7443-cf83-8570-cd6c-5c5bcceea63c,29e02617-5f61-3e14-6874-a3ea0ff436e7,AWS Certified Solutions Architect – Associate,Amazon Web Services,2024-09-07,2027-09-07,https://aws.amazon.com/certification/certified-solutions-architect-associate/,2026-07-18 13:44:00
768053c2-43cb-9650-8917-d4375affdf81,baef2d48-2388-7039-69ca-47b1848536cb,PCEP – Certified Entry-Level Python Programmer,Python Institute,2024-05-11,,https://pythoninstitute.org/pcep,2026-09-13 08:36:00
3f710c3e-9342-4180-f4a5-2b10298df7bd,cb16a888-c877-ab9b-440c-cfd22a28b31e,Machine Learning Specialization,DeepLearning.AI / Coursera,2025-10-01,,https://www.coursera.org/specializations/machine-learning-introduction,2026-08-18 19:14:00
74094e15-0887-f246-fe85-25ee99a37466,6f8ba062-f9af-249f-2ea6-25f07691ba19,Microsoft Office Specialist: Excel Associate,Microsoft,2026-03-19,,https://learn.microsoft.com/en-us/credentials/,2026-07-16 06:14:00
3846a347-d0a8-7ea2-b987-90ba9db61bb4,5df2a144-60c3-f4c9-16c5-1cacfac85f1c,Machine Learning Specialization,DeepLearning.AI / Coursera,2025-12-16,,https://www.coursera.org/specializations/machine-learning-introduction,2026-07-22 10:41:00
4496cc80-82f3-02b5-8282-c95ce9d333c3,b037bd71-be34-3243-b8ae-aa437034bd77,Certified Kubernetes Administrator (CKA),CNCF / Linux Foundation,2024-07-23,2027-07-23,https://training.linuxfoundation.org/certification/certified-kubernetes-administrator-cka/,2026-08-19 07:08:00
de02bd5e-ca23-d56e-d671-f76730322877,4420f8df-9c38-774e-fcad-53d6f8930944,Machine Learning Specialization,DeepLearning.AI / Coursera,2023-09-21,,https://www.coursera.org/specializations/machine-learning-introduction,2026-07-31 16:35:00
f5b42669-cdfd-8704-8438-3e479502609f,b3f14566-c392-7354-0253-c397a5a702ca,AWS Certified Solutions Architect – Associate,Amazon Web Services,2026-02-03,2029-02-02,https://aws.amazon.com/certification/certified-solutions-architect-associate/,2026-09-07 09:41:00
3f8747e1-3098-daa7-8025-2b3e292a6ff7,f47e221c-cfda-584a-2ce4-ec2dc59057b1,IBM Data Science Professional Certificate,IBM / Coursera,2025-02-03,,https://www.coursera.org/professional-certificates/ibm-data-science,2026-07-22 01:01:00
bbef756c-415b-d251-7036-04885453fd84,ff17ec9a-6340-2435-802e-e3fec3a22acb,Google Data Analytics Professional Certificate,Google / Coursera,2023-11-01,,https://www.coursera.org/professional-certificates/google-data-analytics,2026-08-20 23:57:00
2f99aca1-12f8-fde7-ef63-d5c3227bd4a8,a1b5f478-a6ff-34a5-2d2b-1881b235c698,Certified Kubernetes Administrator (CKA),CNCF / Linux Foundation,2024-09-04,2027-09-04,https://training.linuxfoundation.org/certification/certified-kubernetes-administrator-cka/,2026-08-19 20:29:00
d9953f0c-8567-9ade-43bc-87356e44528a,a1b5f478-a6ff-34a5-2d2b-1881b235c698,Microsoft Office Specialist: Excel Associate,Microsoft,2024-02-05,,https://learn.microsoft.com/en-us/credentials/,2026-08-19 20:29:00
38deab77-85e1-8776-fd98-2eefe3b4c55c,861b7b78-cf2e-5997-eeaf-cdbf57901bf9,AWS Certified Cloud Practitioner,Amazon Web Services,2026-06-23,2029-06-22,https://aws.amazon.com/certification/certified-cloud-practitioner/,2026-09-17 16:08:00
bbe36d0d-1af1-d941-e190-08cd61926ff9,861b7b78-cf2e-5997-eeaf-cdbf57901bf9,Meta Front-End Developer Professional Certificate,Meta / Coursera,2025-11-15,,https://www.coursera.org/professional-certificates/meta-front-end-developer,2026-09-17 16:08:00
9211af84-f10c-9c61-dc89-5c044fe56b1c,6b49ea6f-aece-0673-0b0f-7e30657e5732,Certified Kubernetes Administrator (CKA),CNCF / Linux Foundation,2025-09-19,2028-09-18,https://training.linuxfoundation.org/certification/certified-kubernetes-administrator-cka/,2026-07-16 21:17:00
25a5724c-2c7d-812a-13f3-bfdecc8c106c,6b49ea6f-aece-0673-0b0f-7e30657e5732,Google Cloud Digital Leader,Google Cloud,2026-07-13,2029-07-12,https://cloud.google.com/learn/certification/cloud-digital-leader,2026-07-16 21:17:00
afc2169a-22c2-245a-9806-41de5f8f6298,cec0e23d-de36-a271-6741-6ccc01093523,Meta Front-End Developer Professional Certificate,Meta / Coursera,2025-02-25,,https://www.coursera.org/professional-certificates/meta-front-end-developer,2026-07-07 00:45:00
abefa527-2f40-f6a2-1d8c-2f090ce885ee,cec0e23d-de36-a271-6741-6ccc01093523,freeCodeCamp Responsive Web Design,freeCodeCamp,2024-10-24,,https://www.freecodecamp.org/learn/2022/responsive-web-design/,2026-07-07 00:45:00
fa4289b1-a671-6394-430e-732dfad96c4a,24bf5dd3-9f79-f56f-16d4-b05b3c32b629,IBM Data Science Professional Certificate,IBM / Coursera,2025-02-05,,https://www.coursera.org/professional-certificates/ibm-data-science,2026-09-10 20:58:00
e53fe964-13d8-7ea9-033a-23b8fc58a8f0,ccc6e540-c7c8-c801-1de3-6dc11cbbd029,Certified Kubernetes Administrator (CKA),CNCF / Linux Foundation,2025-10-12,2028-10-11,https://training.linuxfoundation.org/certification/certified-kubernetes-administrator-cka/,2026-09-12 17:23:00
4fcbb48b-c8c4-ebde-b7bf-9ad18b423fc2,ccc6e540-c7c8-c801-1de3-6dc11cbbd029,IBM Data Science Professional Certificate,IBM / Coursera,2025-10-31,,https://www.coursera.org/professional-certificates/ibm-data-science,2026-09-12 17:23:00
014377d7-2bbb-5deb-ae42-fec504161f5f,ccc6e540-c7c8-c801-1de3-6dc11cbbd029,Google Cybersecurity Professional Certificate,Google / Coursera,2026-06-15,,https://www.coursera.org/professional-certificates/google-cybersecurity,2026-09-12 17:23:00
ab8d688e-3c17-b18b-3f7e-fd577da762a6,5d60355b-0063-2da1-15f8-2ddf96e2b02e,IBM Data Science Professional Certificate,IBM / Coursera,2025-08-30,,https://www.coursera.org/professional-certificates/ibm-data-science,2026-07-23 07:58:00
fae9ceed-635a-215c-a969-d7b8e9fdbe42,455800fc-6025-a900-3abb-eb9ff0424839,AWS Certified Solutions Architect – Associate,Amazon Web Services,2025-08-20,2028-08-19,https://aws.amazon.com/certification/certified-solutions-architect-associate/,2026-09-02 02:18:00
e734b2e7-8d00-79f3-47dd-f27ee1008680,0e288c9a-b116-8f41-6dd0-dc951b857082,Microsoft Certified: Azure Fundamentals (AZ-900),Microsoft,2023-11-19,,https://learn.microsoft.com/en-us/credentials/certifications/azure-fundamentals/,2026-07-04 10:39:00
9973bb88-4014-9aed-1f79-c6b32c1c778c,72daf2d3-7961-37f9-0739-4829dfa3bbf4,Machine Learning Specialization,DeepLearning.AI / Coursera,2023-12-05,,https://www.coursera.org/specializations/machine-learning-introduction,2026-09-12 21:32:00
87be2ee2-51fa-8c1a-92ca-fbff04e3f26d,e5177069-8beb-2383-d5d7-de3e5497b0e5,AWS Certified Cloud Practitioner,Amazon Web Services,2025-08-28,2028-08-27,https://aws.amazon.com/certification/certified-cloud-practitioner/,2026-07-22 16:48:00
8040624b-603b-c1ea-d373-e27a47195022,e5177069-8beb-2383-d5d7-de3e5497b0e5,Machine Learning Specialization,DeepLearning.AI / Coursera,2026-05-23,,https://www.coursera.org/specializations/machine-learning-introduction,2026-07-22 16:48:00
ad1028bf-372e-f031-dc18-939c6c9a83ba,ee08b6ed-f79c-8398-7fdb-aaf2da1600fe,Certified Kubernetes Administrator (CKA),CNCF / Linux Foundation,2024-03-30,2027-03-30,https://training.linuxfoundation.org/certification/certified-kubernetes-administrator-cka/,2026-09-02 06:16:00
738f6c53-b0ce-5cd5-c1a3-19164c999494,ee08b6ed-f79c-8398-7fdb-aaf2da1600fe,PCEP – Certified Entry-Level Python Programmer,Python Institute,2023-12-06,,https://pythoninstitute.org/pcep,2026-09-02 06:16:00
58efc2da-b379-7c23-52a8-3b8d25aa6e04,6355d949-492f-c6bb-aeac-89d7de4f542e,Google Cloud Digital Leader,Google Cloud,2025-08-12,2028-08-11,https://cloud.google.com/learn/certification/cloud-digital-leader,2026-09-04 05:23:00
68f9da4a-d310-b0de-9071-529d633c4a69,b937f46c-4a6e-1fd4-83dc-941c2486d9ed,Google Data Analytics Professional Certificate,Google / Coursera,2026-06-10,,https://www.coursera.org/professional-certificates/google-data-analytics,2026-07-05 12:54:00
9cd882d9-c826-7967-1415-5a80df5d0605,b937f46c-4a6e-1fd4-83dc-941c2486d9ed,AWS Certified Solutions Architect – Associate,Amazon Web Services,2025-09-02,2028-09-01,https://aws.amazon.com/certification/certified-solutions-architect-associate/,2026-07-05 12:54:00
c0f884b1-b419-43b3-c304-98e26e759905,633b2ea4-9cc7-3f27-18e3-df2095dc0fbc,CompTIA Security+,CompTIA,2025-11-13,2028-11-12,https://www.comptia.org/certifications/security,2026-09-14 22:35:00
746a133f-d900-77a7-8448-ff4fa96cf081,633b2ea4-9cc7-3f27-18e3-df2095dc0fbc,Machine Learning Specialization,DeepLearning.AI / Coursera,2025-07-13,,https://www.coursera.org/specializations/machine-learning-introduction,2026-09-14 22:35:00
f268a5eb-8b0b-e760-66c3-8d7d49cc77c8,d46b45fb-f6fc-763a-2644-d1d10f74437e,IBM Data Science Professional Certificate,IBM / Coursera,2026-07-25,,https://www.coursera.org/professional-certificates/ibm-data-science,2026-07-16 05:03:00
c9bbfcd4-03b9-6b44-54e1-28d2c1267000,d46b45fb-f6fc-763a-2644-d1d10f74437e,Google Cloud Digital Leader,Google Cloud,2024-11-23,2027-11-23,https://cloud.google.com/learn/certification/cloud-digital-leader,2026-07-16 05:03:00
855fd732-4572-6e3e-e648-99b47949bc60,61ed0941-eb08-a0e3-d1ba-c132476969bc,IBM Data Science Professional Certificate,IBM / Coursera,2025-08-11,,https://www.coursera.org/professional-certificates/ibm-data-science,2026-07-26 17:25:00
28f836da-5f51-4750-9fa1-da93ab645c1a,cbf617dc-b20f-9dda-d189-3d1a78c82695,Tableau Desktop Specialist,Tableau / Salesforce,2024-07-29,,https://www.tableau.com/learn/certification,2026-09-12 11:56:00
ab3cea33-8d63-c8e8-b629-7b50de47f525,cbf617dc-b20f-9dda-d189-3d1a78c82695,Meta Back-End Developer Professional Certificate,Meta / Coursera,2024-05-18,,https://www.coursera.org/professional-certificates/meta-back-end-developer,2026-09-12 11:56:00
7e964b76-1f21-0fef-79f7-ad87e08e1577,42edca63-d265-9ad3-cd82-56cad5fefa7e,Certified Kubernetes Administrator (CKA),CNCF / Linux Foundation,2025-03-11,2028-03-10,https://training.linuxfoundation.org/certification/certified-kubernetes-administrator-cka/,2026-09-14 00:10:00
b1d26091-fb82-f90a-b274-7403894be365,ccae2d9f-306c-9126-3b68-4b37ef9df6c4,Google Data Analytics Professional Certificate,Google / Coursera,2025-09-06,,https://www.coursera.org/professional-certificates/google-data-analytics,2026-08-27 22:35:00
f5ff4acc-f29c-ee56-9392-3c5e3c852a62,ccae2d9f-306c-9126-3b68-4b37ef9df6c4,Tableau Desktop Specialist,Tableau / Salesforce,2025-03-14,,https://www.tableau.com/learn/certification,2026-08-27 22:35:00
d82b40ef-18ea-77d5-5d85-ba3bb9c0cae0,8f5081fb-6139-53cb-a3ae-8d94b5d1c1ae,Meta Back-End Developer Professional Certificate,Meta / Coursera,2024-03-19,,https://www.coursera.org/professional-certificates/meta-back-end-developer,2026-08-29 17:55:00
1649496c-2279-d5c0-5a5d-e09a400b8bfd,8f5081fb-6139-53cb-a3ae-8d94b5d1c1ae,Google Data Analytics Professional Certificate,Google / Coursera,2025-09-23,,https://www.coursera.org/professional-certificates/google-data-analytics,2026-08-29 17:55:00
573de4f0-d428-83e3-a76b-efb20d17dd29,0b95082f-864f-3a20-58b3-1107261ac41b,freeCodeCamp Responsive Web Design,freeCodeCamp,2026-02-14,,https://www.freecodecamp.org/learn/2022/responsive-web-design/,2026-08-16 01:15:00
d7ace75e-5f47-430f-a91a-1628d88f4d16,cb68cfd1-c284-750a-650d-8fe844a6b508,Microsoft Certified: Power BI Data Analyst Associate (PL-300),Microsoft,2026-08-02,,https://learn.microsoft.com/en-us/credentials/certifications/data-analyst-associate/,2026-09-09 14:30:00
cc2e9c99-a871-fddd-916a-4b58fa6d7fbf,527e30af-ebfd-21a8-7379-2b141d2e48be,Google Cybersecurity Professional Certificate,Google / Coursera,2024-10-28,,https://www.coursera.org/professional-certificates/google-cybersecurity,2026-07-10 17:11:00
11ec0c2e-d1ae-cbdf-8fca-f4fb63711ff6,527e30af-ebfd-21a8-7379-2b141d2e48be,Certified Kubernetes Administrator (CKA),CNCF / Linux Foundation,2025-06-26,2028-06-25,https://training.linuxfoundation.org/certification/certified-kubernetes-administrator-cka/,2026-07-10 17:11:00
246e6a19-e5a7-b252-05e8-e1067c6c842c,f5495887-b762-fc44-4590-b08fe3c2ef77,Certified Ethical Hacker (CEH),EC-Council,2025-09-20,2028-09-19,https://www.eccouncil.org/train-certify/certified-ethical-hacker-ceh/,2026-09-04 20:40:00
33977cce-d87b-7232-e80f-d615503ced3a,7fd23b33-426b-73ba-b96a-4d3166d889d4,Tableau Desktop Specialist,Tableau / Salesforce,2025-09-16,,https://www.tableau.com/learn/certification,2026-09-05 02:22:00
3e797410-0ee8-afb8-a735-a502521e30ac,7fd23b33-426b-73ba-b96a-4d3166d889d4,Microsoft Certified: Power BI Data Analyst Associate (PL-300),Microsoft,2026-05-19,,https://learn.microsoft.com/en-us/credentials/certifications/data-analyst-associate/,2026-09-05 02:22:00
78ddd4f2-4caf-99ff-d0dd-b84076017c62,9f652c85-27b1-6b39-c9dc-4f5b9d5e4bb7,Docker Certified Associate,Docker / Mirantis,2026-07-14,,https://training.mirantis.com/,2026-08-06 21:25:00
8ef9c854-6a24-b309-bdb4-2e639d701f96,1fa5523b-4450-7263-ca3d-8c867ddbb38f,Deep Learning Specialization,DeepLearning.AI / Coursera,2024-05-02,,https://www.coursera.org/specializations/deep-learning,2026-09-13 10:31:00
a8793eca-9023-e68e-1129-ad92f7d7a735,2a2b604e-d462-bc61-ed42-9375768e7685,Microsoft Office Specialist: Excel Associate,Microsoft,2024-08-29,,https://learn.microsoft.com/en-us/credentials/,2026-09-10 14:35:00
f178b5f0-95ee-f68e-d61f-7d352fc0acdb,2a2b604e-d462-bc61-ed42-9375768e7685,Google Data Analytics Professional Certificate,Google / Coursera,2023-12-14,,https://www.coursera.org/professional-certificates/google-data-analytics,2026-09-10 14:35:00
f653d2a5-c4fc-1ddd-0c2f-383288c5e0fc,2a2b604e-d462-bc61-ed42-9375768e7685,PCEP – Certified Entry-Level Python Programmer,Python Institute,2024-08-13,,https://pythoninstitute.org/pcep,2026-09-10 14:35:00
cfcfeed9-2bca-bf29-62cf-f08d84442343,6277c9e4-eb42-b9ab-9a4d-319dbace3568,Meta Back-End Developer Professional Certificate,Meta / Coursera,2025-12-31,,https://www.coursera.org/professional-certificates/meta-back-end-developer,2026-08-18 13:21:00
922ddc7c-ee5c-d1f3-8a7e-dad5ad0f2a24,6277c9e4-eb42-b9ab-9a4d-319dbace3568,PCEP – Certified Entry-Level Python Programmer,Python Institute,2025-08-30,,https://pythoninstitute.org/pcep,2026-08-18 13:21:00
21f2e462-49f8-3ef9-78eb-3d411f622dbc,258725b3-d3cf-64a9-8cd6-f60a586cc972,Google Data Analytics Professional Certificate,Google / Coursera,2026-06-24,,https://www.coursera.org/professional-certificates/google-data-analytics,2026-07-24 06:35:00
91c1f297-dea2-6079-4708-d40b81a2f49d,258725b3-d3cf-64a9-8cd6-f60a586cc972,Docker Certified Associate,Docker / Mirantis,2025-05-19,,https://training.mirantis.com/,2026-07-24 06:35:00
11a78adc-fce1-c53b-5f41-b5fbf98e8bd1,6128f09a-dc2a-5ca5-b414-941520f8f635,Certified Kubernetes Administrator (CKA),CNCF / Linux Foundation,2026-02-04,2029-02-03,https://training.linuxfoundation.org/certification/certified-kubernetes-administrator-cka/,2026-08-08 18:25:00
c8180252-2245-3e7e-c50c-aa6b1e86d37b,6128f09a-dc2a-5ca5-b414-941520f8f635,AWS Certified Cloud Practitioner,Amazon Web Services,2024-03-20,2027-03-20,https://aws.amazon.com/certification/certified-cloud-practitioner/,2026-08-08 18:25:00
ed4d4258-a901-0d1a-28a7-9143853fb445,2562980c-6cca-52d6-1096-e8a201e08f03,AWS Certified Solutions Architect – Associate,Amazon Web Services,2025-02-22,2028-02-22,https://aws.amazon.com/certification/certified-solutions-architect-associate/,2026-08-13 16:37:00
93bec235-759a-562f-c71f-7689750f3505,9b46674e-8c7b-474d-0a29-2d8014c01056,Microsoft Certified: Azure Fundamentals (AZ-900),Microsoft,2025-07-03,,https://learn.microsoft.com/en-us/credentials/certifications/azure-fundamentals/,2026-08-23 05:54:00
3707ab94-a88f-1fec-e062-b9252e7ebd63,d1e7b96e-2a26-3236-217b-8c0100d6c7b8,Meta Front-End Developer Professional Certificate,Meta / Coursera,2025-02-25,,https://www.coursera.org/professional-certificates/meta-front-end-developer,2026-08-20 07:22:00
981f55f9-7e55-521b-d4e2-90ee8de6bc98,ec8a0f69-ad33-57bb-bc32-716559db8322,freeCodeCamp Responsive Web Design,freeCodeCamp,2026-06-03,,https://www.freecodecamp.org/learn/2022/responsive-web-design/,2026-09-12 07:30:00
06ab5a01-79d8-9ed0-850a-b466b50a5512,ec8a0f69-ad33-57bb-bc32-716559db8322,Google Cybersecurity Professional Certificate,Google / Coursera,2025-11-05,,https://www.coursera.org/professional-certificates/google-cybersecurity,2026-09-12 07:30:00
cb5d7384-48e4-7498-4021-4631f0a7ed0d,aacdd4bb-851a-0fb1-ab36-f892dadbbec7,AWS Certified Cloud Practitioner,Amazon Web Services,2025-04-14,2028-04-13,https://aws.amazon.com/certification/certified-cloud-practitioner/,2026-07-21 13:34:00
1406ae3c-56be-1de0-db57-6de07769bd0c,793ca74d-438e-c37e-152b-26f35465a190,AWS Certified Solutions Architect – Associate,Amazon Web Services,2024-09-11,2027-09-11,https://aws.amazon.com/certification/certified-solutions-architect-associate/,2026-07-27 20:31:00
b499b310-7919-55be-c3e2-f434a63acc4a,670bff1d-fa89-3421-3b4f-e9c9b2003dd4,Google Cloud Digital Leader,Google Cloud,2025-12-31,2028-12-30,https://cloud.google.com/learn/certification/cloud-digital-leader,2026-07-06 11:46:00
51f80db7-41d0-18e3-d8f3-32d4393dc004,424afc90-ebaa-c523-4ee9-7d960742d23c,HashiCorp Certified: Terraform Associate,HashiCorp,2026-02-23,2029-02-22,https://developer.hashicorp.com/certifications/infrastructure-automation,2026-09-01 06:17:00
40a6c096-f23a-0471-7978-e8d13724f562,4ef2ab41-a971-8d77-b767-a26de6a2aec9,Tableau Desktop Specialist,Tableau / Salesforce,2025-04-29,,https://www.tableau.com/learn/certification,2026-07-29 01:01:00
63814265-0544-025e-ad30-b6bd843bb91d,4ef2ab41-a971-8d77-b767-a26de6a2aec9,Machine Learning Specialization,DeepLearning.AI / Coursera,2026-03-10,,https://www.coursera.org/specializations/machine-learning-introduction,2026-07-29 01:01:00
d8fe1cfc-2151-dc1b-35f3-029657fed0d2,6654d311-6d6b-c04b-ee90-fa69b3ecf769,PCEP – Certified Entry-Level Python Programmer,Python Institute,2025-06-15,,https://pythoninstitute.org/pcep,2026-09-04 03:37:00
e09d504d-1354-262e-ce4d-28fa4f4be59d,6654d311-6d6b-c04b-ee90-fa69b3ecf769,Google Data Analytics Professional Certificate,Google / Coursera,2024-08-28,,https://www.coursera.org/professional-certificates/google-data-analytics,2026-09-04 03:37:00
798dfb16-59e4-2d6f-a8bf-8700412bd1dd,228250dc-7c08-1d0a-ee7b-f04026aceebf,IBM Data Science Professional Certificate,IBM / Coursera,2024-03-20,,https://www.coursera.org/professional-certificates/ibm-data-science,2026-09-18 05:31:00
1d1beda9-7cde-5052-04fa-aa09bb25d2f6,94acc35f-5e6f-36a7-6b78-53e154cef71f,Tableau Desktop Specialist,Tableau / Salesforce,2025-11-12,,https://www.tableau.com/learn/certification,2026-07-06 17:09:00
07964f38-6329-e7bd-b482-10ea671d735b,14e1412f-b4b8-9dc5-9342-83499eb33b8f,Meta Back-End Developer Professional Certificate,Meta / Coursera,2026-06-02,,https://www.coursera.org/professional-certificates/meta-back-end-developer,2026-08-09 17:54:00
6dff11f7-2fa7-ac08-0c01-9a1298f4f3ca,73d3bcc2-4d1d-e5f2-c2f7-7c5a299f925c,PCEP – Certified Entry-Level Python Programmer,Python Institute,2025-09-22,,https://pythoninstitute.org/pcep,2026-08-14 18:04:00
155ca4be-4b92-7517-ca7c-578c8de46f71,c9d72d92-34dd-b0e2-f134-0f333a782952,Splunk Core Certified User,Splunk,2025-02-25,,https://www.splunk.com/en_us/training/certification-track/splunk-core-certified-user.html,2026-08-05 12:34:00
671f619f-3c0d-1dfd-42b0-c748dff47cb5,0f7c0fad-153c-7a48-09b2-09f1d6e68337,Tableau Desktop Specialist,Tableau / Salesforce,2026-04-01,,https://www.tableau.com/learn/certification,2026-07-11 07:00:00
5695b1fa-7731-2997-c55a-c9ea2baec79d,2fa3b089-63d8-5a35-e4b1-47466e51ae53,Certified Kubernetes Administrator (CKA),CNCF / Linux Foundation,2025-12-05,2028-12-04,https://training.linuxfoundation.org/certification/certified-kubernetes-administrator-cka/,2026-09-11 03:31:00
580cee21-3fd1-9a39-1711-336214c6ac77,2fa3b089-63d8-5a35-e4b1-47466e51ae53,PCEP – Certified Entry-Level Python Programmer,Python Institute,2024-02-02,,https://pythoninstitute.org/pcep,2026-09-11 03:31:00
bf57d970-a890-f56e-7b0f-802ef02a4782,57025926-e8b3-b58d-5c4d-b7af6bf4f861,Tableau Desktop Specialist,Tableau / Salesforce,2025-04-18,,https://www.tableau.com/learn/certification,2026-09-06 08:33:00
91d4af69-1612-d131-591a-75381ac6ab11,ea5275aa-ecf6-cd45-3225-004681b9ec32,Google Data Analytics Professional Certificate,Google / Coursera,2024-01-04,,https://www.coursera.org/professional-certificates/google-data-analytics,2026-08-25 09:09:00
9391351b-2db6-c6b8-dada-b6c247df8815,8e17258c-b45d-af7a-6417-e6b3ec5615d1,Cisco Certified Network Associate (CCNA),Cisco,2023-11-30,2026-11-29,https://www.cisco.com/site/us/en/learn/training-certifications/certifications/enterprise/ccna/index.html,2026-07-08 23:14:00
dc8c0076-e214-28f0-4a98-687fcb86c2ff,d619a77f-b9ed-0dc4-e1c4-7b327986d414,Microsoft Office Specialist: Excel Associate,Microsoft,2025-05-18,,https://learn.microsoft.com/en-us/credentials/,2026-08-14 15:36:00
3cc751d4-48d1-3bbf-de37-89670878dc86,dc11f096-cc76-8104-9e2f-c468c8b10ed3,AWS Certified Cloud Practitioner,Amazon Web Services,2024-08-20,2027-08-20,https://aws.amazon.com/certification/certified-cloud-practitioner/,2026-07-06 13:49:00
0cc59fb8-e550-4bcd-1dcd-b3b8270bad22,dc11f096-cc76-8104-9e2f-c468c8b10ed3,Google Data Analytics Professional Certificate,Google / Coursera,2026-01-06,,https://www.coursera.org/professional-certificates/google-data-analytics,2026-07-06 13:49:00
5d661571-fbae-81ca-494a-9a80e680e49a,8151cca6-ce37-ec1c-d792-7efcc9275ae4,Tableau Desktop Specialist,Tableau / Salesforce,2025-04-25,,https://www.tableau.com/learn/certification,2026-07-26 05:38:00
3ad56098-2d10-169c-2074-21a66ca4332c,45afc02c-4523-d939-dc5d-b864cb25a41c,Docker Certified Associate,Docker / Mirantis,2024-05-07,,https://training.mirantis.com/,2026-07-03 05:33:00
5ab43717-4449-58a8-19eb-9c5058e521e2,45afc02c-4523-d939-dc5d-b864cb25a41c,Machine Learning Specialization,DeepLearning.AI / Coursera,2025-08-10,,https://www.coursera.org/specializations/machine-learning-introduction,2026-07-03 05:33:00
bc208115-2db7-917f-4826-fc58bb7b4cd5,6796fd92-2a3c-3ad6-0a18-8373f6fa5739,Machine Learning Specialization,DeepLearning.AI / Coursera,2025-12-11,,https://www.coursera.org/specializations/machine-learning-introduction,2026-07-19 04:13:00
a5634df8-deed-7d36-105b-3a99ae808e6d,ffa3d3d0-36a6-b11d-6ed7-fb9a08d028ac,Google Data Analytics Professional Certificate,Google / Coursera,2025-09-30,,https://www.coursera.org/professional-certificates/google-data-analytics,2026-08-09 19:35:00
9da04c9f-7e41-c4e0-0419-55c5d0efce06,fe79a43c-6e40-946d-7da3-f817150be89b,PCEP – Certified Entry-Level Python Programmer,Python Institute,2024-08-04,,https://pythoninstitute.org/pcep,2026-08-16 09:57:00
ac9eaa40-982d-4aef-fcd5-37e05b3f6ddf,82b71232-a4a5-cb8f-c292-4c19d72c2d9f,Machine Learning Specialization,DeepLearning.AI / Coursera,2025-11-15,,https://www.coursera.org/specializations/machine-learning-introduction,2026-07-21 14:12:00
052d4b5c-c9b6-2fd0-4efe-48bbf7e2b535,b16fbd74-293d-f54c-210f-2fa59ca9f63c,"Oracle Certified Associate, Java SE Programmer",Oracle,2024-06-05,,https://education.oracle.com/,2026-07-04 11:52:00
47b14e89-bbe2-2102-11b1-13e71a5ca86a,f5b84b2d-36f4-060d-24c7-398e248d2ae3,Google Cybersecurity Professional Certificate,Google / Coursera,2026-06-18,,https://www.coursera.org/professional-certificates/google-cybersecurity,2026-08-28 22:45:00
bb9bf18e-12d5-3c4a-af8a-43a15a69feba,4a155ef4-8468-935e-ee07-77fb4f36670f,Google Cybersecurity Professional Certificate,Google / Coursera,2025-08-16,,https://www.coursera.org/professional-certificates/google-cybersecurity,2026-07-11 00:13:00
176f9fb0-5734-a326-a1b0-e04b88353a85,6458faa4-cbd8-3e8a-f050-4ef5a03cca8f,IBM Data Science Professional Certificate,IBM / Coursera,2026-02-24,,https://www.coursera.org/professional-certificates/ibm-data-science,2026-09-16 11:28:00
40392f96-2bdf-32be-427e-2ed2830cc74e,95985797-afda-069c-3831-0827259025f4,IBM Data Science Professional Certificate,IBM / Coursera,2024-04-12,,https://www.coursera.org/professional-certificates/ibm-data-science,2026-09-10 19:20:00
53b9c362-e999-36ee-0fe3-846cb184e60a,95985797-afda-069c-3831-0827259025f4,PCEP – Certified Entry-Level Python Programmer,Python Institute,2024-03-13,,https://pythoninstitute.org/pcep,2026-09-10 19:20:00
f8073fb7-c413-1b6f-020a-caa8b46ce033,49c147ac-3cc0-ca87-0426-eef8fd58572f,HashiCorp Certified: Terraform Associate,HashiCorp,2026-06-14,2029-06-13,https://developer.hashicorp.com/certifications/infrastructure-automation,2026-07-08 07:01:00
637dd62a-7a99-5126-15e4-7b9730e6788a,49c147ac-3cc0-ca87-0426-eef8fd58572f,Meta Front-End Developer Professional Certificate,Meta / Coursera,2025-01-28,,https://www.coursera.org/professional-certificates/meta-front-end-developer,2026-07-08 07:01:00
cc7041bd-465d-a62a-8eb1-2af67faac986,b707061d-4bbe-4f33-5377-2a9aaa633a37,Google Cloud Digital Leader,Google Cloud,2026-04-09,2029-04-08,https://cloud.google.com/learn/certification/cloud-digital-leader,2026-08-22 09:28:00
de7fbbee-d18d-f07f-04bb-58c114f0291d,b707061d-4bbe-4f33-5377-2a9aaa633a37,Meta Back-End Developer Professional Certificate,Meta / Coursera,2024-08-17,,https://www.coursera.org/professional-certificates/meta-back-end-developer,2026-08-22 09:28:00
8720ed8b-dcc2-6eb0-81e3-870af25c8f8a,00696bc1-ac27-bc25-9349-99f7ad5f5615,Meta Front-End Developer Professional Certificate,Meta / Coursera,2025-04-30,,https://www.coursera.org/professional-certificates/meta-front-end-developer,2026-07-23 04:50:00
62564c12-5e6a-c0c8-9924-0ef6c5bfc0d5,9226f4bf-ee0c-ba1b-5d93-232b8ecaf11d,HashiCorp Certified: Terraform Associate,HashiCorp,2024-06-14,2027-06-14,https://developer.hashicorp.com/certifications/infrastructure-automation,2026-09-04 08:41:00
e2df9654-5933-078d-b9e1-020026d3c399,9226f4bf-ee0c-ba1b-5d93-232b8ecaf11d,Google Cloud Digital Leader,Google Cloud,2024-04-13,2027-04-13,https://cloud.google.com/learn/certification/cloud-digital-leader,2026-09-04 08:41:00
0864474a-7092-3f41-5bcc-f6fe37fbd11c,3594c7bb-e55d-c9e0-803c-d87220c93eb4,Certified Kubernetes Administrator (CKA),CNCF / Linux Foundation,2023-12-07,2026-12-06,https://training.linuxfoundation.org/certification/certified-kubernetes-administrator-cka/,2026-08-31 19:47:00
503b4639-4fe9-78a1-51fa-8ff22b0fbacd,3594c7bb-e55d-c9e0-803c-d87220c93eb4,IBM Data Science Professional Certificate,IBM / Coursera,2023-11-16,,https://www.coursera.org/professional-certificates/ibm-data-science,2026-08-31 19:47:00
64996efc-c7a9-6b6b-186d-ff88b6df9395,aaf0e142-2c09-3298-c94c-6ee57ab6cbd1,Docker Certified Associate,Docker / Mirantis,2025-12-31,,https://training.mirantis.com/,2026-08-25 07:26:00
a6f8d58e-bbb8-9ad7-e8e0-465215f8814b,aaf0e142-2c09-3298-c94c-6ee57ab6cbd1,Certified Kubernetes Administrator (CKA),CNCF / Linux Foundation,2024-09-17,2027-09-17,https://training.linuxfoundation.org/certification/certified-kubernetes-administrator-cka/,2026-08-25 07:26:00
f845bf18-01e9-86dd-958b-e576b545e39d,ad5d8d24-191d-a7bb-0fe1-3b7fbdfe8344,Tableau Desktop Specialist,Tableau / Salesforce,2025-01-10,,https://www.tableau.com/learn/certification,2026-09-15 21:25:00
0dc779f7-767b-73fa-2d3f-790c0849b4e0,197f9cf9-123b-c4f8-e071-7311910259a2,HashiCorp Certified: Terraform Associate,HashiCorp,2026-02-02,2029-02-01,https://developer.hashicorp.com/certifications/infrastructure-automation,2026-07-09 12:48:00
b6110ce7-eaf7-5ad8-a9bd-f1599a55c615,197f9cf9-123b-c4f8-e071-7311910259a2,PCEP – Certified Entry-Level Python Programmer,Python Institute,2025-08-06,,https://pythoninstitute.org/pcep,2026-07-09 12:48:00
5a4fe5ca-6555-402c-bf83-1bbc82fcb447,50e290fc-4636-ca20-cb30-c247b426f54e,AWS Certified Solutions Architect – Associate,Amazon Web Services,2024-01-02,2027-01-01,https://aws.amazon.com/certification/certified-solutions-architect-associate/,2026-08-21 00:14:00
2d3c9a14-e980-639a-a400-1421a7df722a,50e290fc-4636-ca20-cb30-c247b426f54e,Certified Kubernetes Administrator (CKA),CNCF / Linux Foundation,2024-01-03,2027-01-02,https://training.linuxfoundation.org/certification/certified-kubernetes-administrator-cka/,2026-08-21 00:14:00
f24ec7b1-ee6b-0e85-9d06-bf12b01c863c,2cb40bb9-9a2d-bee8-04db-a2d9661a9dd7,Microsoft Certified: Azure Fundamentals (AZ-900),Microsoft,2026-01-16,,https://learn.microsoft.com/en-us/credentials/certifications/azure-fundamentals/,2026-09-12 13:58:00
8619c890-0801-550a-4f88-9d34c8bf3e62,2cb40bb9-9a2d-bee8-04db-a2d9661a9dd7,PCEP – Certified Entry-Level Python Programmer,Python Institute,2026-03-25,,https://pythoninstitute.org/pcep,2026-09-12 13:58:00
deef248b-f023-252a-9f0b-49453f67c9a9,2cb40bb9-9a2d-bee8-04db-a2d9661a9dd7,IBM Data Science Professional Certificate,IBM / Coursera,2025-09-29,,https://www.coursera.org/professional-certificates/ibm-data-science,2026-09-12 13:58:00
1f490e86-4db2-f553-59a1-0ac1181514ed,12e5e2e4-eee4-e40a-ea1b-82787167063d,Machine Learning Specialization,DeepLearning.AI / Coursera,2024-09-23,,https://www.coursera.org/specializations/machine-learning-introduction,2026-07-18 05:51:00
6d3ed5a0-2e9d-0c46-1bb3-39f3c5a3c072,67d60f36-fbb4-1c66-2db5-23a73f7f9799,IBM Data Science Professional Certificate,IBM / Coursera,2024-06-14,,https://www.coursera.org/professional-certificates/ibm-data-science,2026-09-01 09:15:00
c880c7ce-bd53-6836-fb11-0d88c77ad7da,c1ab1460-3589-7e42-d328-5051a7cadd4c,Microsoft Certified: Power BI Data Analyst Associate (PL-300),Microsoft,2023-12-28,,https://learn.microsoft.com/en-us/credentials/certifications/data-analyst-associate/,2026-08-15 03:54:00
caaf435c-f342-734d-a303-69a17281c5dd,c1ab1460-3589-7e42-d328-5051a7cadd4c,Tableau Desktop Specialist,Tableau / Salesforce,2023-11-25,,https://www.tableau.com/learn/certification,2026-08-15 03:54:00
da87e7f7-6dfe-d99a-df3d-73cfd6213bc0,62cb2026-0580-1813-5391-d0c1b6bdc8bb,PCEP – Certified Entry-Level Python Programmer,Python Institute,2025-04-09,,https://pythoninstitute.org/pcep,2026-09-03 01:28:00
48cd1faf-765b-e3fb-87d9-5b5f6b560508,1d1c3d52-e96a-2849-7509-8f1fc3cfd3a6,Certified Ethical Hacker (CEH),EC-Council,2026-02-01,2029-01-31,https://www.eccouncil.org/train-certify/certified-ethical-hacker-ceh/,2026-08-14 14:15:00
619d5e0d-b595-99c8-a906-3606cd612e46,2bf6e59a-d905-8d6a-c816-7dbbb46a94bb,PCEP – Certified Entry-Level Python Programmer,Python Institute,2023-12-04,,https://pythoninstitute.org/pcep,2026-09-03 18:08:00
bfe3acbf-acc8-1cca-9fb9-7d012f72012c,0a702613-0c0b-d55e-566c-149fa531782a,AWS Certified Cloud Practitioner,Amazon Web Services,2024-10-25,2027-10-25,https://aws.amazon.com/certification/certified-cloud-practitioner/,2026-08-10 17:51:00
5e38e756-9c77-cbeb-c783-f916a76aeb8d,00706165-79f8-5958-d0c0-69356049ebca,Certified Ethical Hacker (CEH),EC-Council,2025-06-05,2028-06-04,https://www.eccouncil.org/train-certify/certified-ethical-hacker-ceh/,2026-07-01 18:25:00
0c886bbc-ab6c-e01b-cdba-974353092b8e,bdabb3ef-df11-7df7-25a2-060263ef1f43,AWS Certified Cloud Practitioner,Amazon Web Services,2026-04-01,2029-03-31,https://aws.amazon.com/certification/certified-cloud-practitioner/,2026-08-19 03:04:00
ed97d73e-49cd-b864-e65b-f509a9ce8ca5,281ed1ef-3749-b3c6-8c3b-4bc588115ed2,Microsoft Certified: Azure Fundamentals (AZ-900),Microsoft,2025-03-11,,https://learn.microsoft.com/en-us/credentials/certifications/azure-fundamentals/,2026-09-11 11:43:00
850e0763-8845-de15-c893-33e43d003ab7,281ed1ef-3749-b3c6-8c3b-4bc588115ed2,Splunk Core Certified User,Splunk,2024-07-20,,https://www.splunk.com/en_us/training/certification-track/splunk-core-certified-user.html,2026-09-11 11:43:00
66d59d79-8387-ec37-c0b9-f9aea694fe95,d2e3a212-47b2-6517-73a4-f96b7bd3e3cc,Microsoft Certified: Azure Fundamentals (AZ-900),Microsoft,2024-07-01,,https://learn.microsoft.com/en-us/credentials/certifications/azure-fundamentals/,2026-07-10 12:29:00
edbbb1b8-ca00-6925-b9f2-c49390a2ba10,d2e3a212-47b2-6517-73a4-f96b7bd3e3cc,Google Data Analytics Professional Certificate,Google / Coursera,2023-11-11,,https://www.coursera.org/professional-certificates/google-data-analytics,2026-07-10 12:29:00
401fcbee-9f24-1c15-7951-c45b70dda0ea,f28edf5b-41cd-da60-f61c-e582e9a73cb2,IBM Data Science Professional Certificate,IBM / Coursera,2024-10-30,,https://www.coursera.org/professional-certificates/ibm-data-science,2026-08-18 17:09:00
1c7c767d-8317-4040-1181-a9ad0583a5f6,f28edf5b-41cd-da60-f61c-e582e9a73cb2,HashiCorp Certified: Terraform Associate,HashiCorp,2026-01-17,2029-01-16,https://developer.hashicorp.com/certifications/infrastructure-automation,2026-08-18 17:09:00
686d0221-55dc-dafd-1e42-46e91a6d0a45,8881d460-b00b-62a7-00eb-c03e6a1239bb,Deep Learning Specialization,DeepLearning.AI / Coursera,2026-05-30,,https://www.coursera.org/specializations/deep-learning,2026-08-21 12:10:00
9916e972-d451-0405-d684-9b9b863ca881,ea4413ff-4cf9-54b8-6098-1552d40aa20c,Deep Learning Specialization,DeepLearning.AI / Coursera,2025-11-12,,https://www.coursera.org/specializations/deep-learning,2026-08-30 15:51:00
55657eac-97a0-376e-0537-2893fe2cfaa1,ea4413ff-4cf9-54b8-6098-1552d40aa20c,AWS Certified Solutions Architect – Associate,Amazon Web Services,2024-11-07,2027-11-07,https://aws.amazon.com/certification/certified-solutions-architect-associate/,2026-08-30 15:51:00
215f32e2-b310-debe-8f00-f6031b4a11d9,9f36324b-177e-6681-ab40-6e0537259578,IBM Data Science Professional Certificate,IBM / Coursera,2023-10-07,,https://www.coursera.org/professional-certificates/ibm-data-science,2026-08-04 14:24:00
c7447707-5ded-4383-4db6-15e26aaf9693,a077384e-7621-dff4-3bc7-1f7f7ce38ebd,Meta Back-End Developer Professional Certificate,Meta / Coursera,2024-01-16,,https://www.coursera.org/professional-certificates/meta-back-end-developer,2026-07-09 01:21:00
9c35fc87-993c-5246-edd1-3ace911e20c5,a077384e-7621-dff4-3bc7-1f7f7ce38ebd,Tableau Desktop Specialist,Tableau / Salesforce,2024-04-07,,https://www.tableau.com/learn/certification,2026-07-09 01:21:00
2ec9e552-3ca3-6c47-bde7-f8a243b866eb,7aff6af3-a49b-23f0-6987-6fe89340ec8e,PCEP – Certified Entry-Level Python Programmer,Python Institute,2025-08-03,,https://pythoninstitute.org/pcep,2026-08-23 01:02:00
2208654a-6cb5-dfc5-8141-907133fdcc26,7aff6af3-a49b-23f0-6987-6fe89340ec8e,Meta Back-End Developer Professional Certificate,Meta / Coursera,2026-05-22,,https://www.coursera.org/professional-certificates/meta-back-end-developer,2026-08-23 01:02:00
635585d2-ea0b-4230-0926-3516c21e446f,99561538-b551-fb62-f101-e4fe74275145,Microsoft Certified: Power BI Data Analyst Associate (PL-300),Microsoft,2024-10-31,,https://learn.microsoft.com/en-us/credentials/certifications/data-analyst-associate/,2026-07-04 20:58:00
19f7f29c-0300-eb73-0129-5a4b66364308,99561538-b551-fb62-f101-e4fe74275145,Google Data Analytics Professional Certificate,Google / Coursera,2026-04-02,,https://www.coursera.org/professional-certificates/google-data-analytics,2026-07-04 20:58:00
4e811e08-5777-5c2e-98f0-0c6c776625c9,99561538-b551-fb62-f101-e4fe74275145,PCEP – Certified Entry-Level Python Programmer,Python Institute,2025-06-09,,https://pythoninstitute.org/pcep,2026-07-04 20:58:00
49e1b669-53d4-7971-11a5-ad26dcf757e3,0b22e0f4-4fee-6b10-2c4b-41eda19d9098,Google Cloud Digital Leader,Google Cloud,2024-12-07,2027-12-07,https://cloud.google.com/learn/certification/cloud-digital-leader,2026-08-14 17:53:00
d2a32dfd-3e4d-9cca-c90a-139c615c39c5,c3e49607-9c79-87c7-3dfd-ee03b1a0bb89,HashiCorp Certified: Terraform Associate,HashiCorp,2023-11-09,2026-11-08,https://developer.hashicorp.com/certifications/infrastructure-automation,2026-07-19 19:47:00
dc9ba1cd-47f4-f02d-9de7-7aff4e87b577,280a0ecf-ac47-d2e1-9284-7f3799764d9a,Google Data Analytics Professional Certificate,Google / Coursera,2024-03-20,,https://www.coursera.org/professional-certificates/google-data-analytics,2026-09-05 16:42:00
f4b6c9c3-6e8d-4339-ccc5-0c38bb14aeed,d78feed8-123a-aab9-fd8d-91ce57ac0409,Deep Learning Specialization,DeepLearning.AI / Coursera,2025-01-07,,https://www.coursera.org/specializations/deep-learning,2026-07-26 12:33:00
a22eaa2b-a429-d6a5-b9fa-de9b8c0635db,a68570fd-6de7-e03b-5251-4b35b2305c2e,Meta Front-End Developer Professional Certificate,Meta / Coursera,2026-03-01,,https://www.coursera.org/professional-certificates/meta-front-end-developer,2026-08-16 04:03:00
1ea07f32-bcd6-eb14-21e2-dd037a4b66a5,a56633cf-9a86-c1ba-8334-4b6bd4b2199d,PCEP – Certified Entry-Level Python Programmer,Python Institute,2025-09-17,,https://pythoninstitute.org/pcep,2026-08-04 22:50:00
33a6615e-cbab-9737-66bd-ac81789d8ac8,8b951a32-4476-e1d7-27a6-be2050e168d1,Docker Certified Associate,Docker / Mirantis,2024-08-25,,https://training.mirantis.com/,2026-07-30 03:30:00
f2d30526-958e-2916-9f73-d38faf544610,fefeddf0-c095-1d57-2e24-62d6afd8661c,CompTIA Security+,CompTIA,2023-10-07,2026-10-06,https://www.comptia.org/certifications/security,2026-08-04 14:37:00
0651b5c5-fe50-280f-22f7-335c2ff1a16f,cb0d8834-25ef-c50e-18de-700847c9f7b1,Google Cloud Digital Leader,Google Cloud,2024-10-16,2027-10-16,https://cloud.google.com/learn/certification/cloud-digital-leader,2026-08-06 10:15:00
cca040f4-0783-bab8-9dec-3d89a8b4e90e,ae8a34b3-fe9f-cddd-8556-822f84198aec,Elements of AI,University of Helsinki,2026-07-02,,https://www.elementsofai.com/,2026-09-18 02:24:00
a6652208-bb3a-7e74-8611-7e72f79faf11,ea82c835-86aa-791a-2a11-85bfee6965f1,PCEP – Certified Entry-Level Python Programmer,Python Institute,2025-12-20,,https://pythoninstitute.org/pcep,2026-08-30 00:04:00
206b3e62-a3f5-b38e-8246-bb9091eeee54,ea82c835-86aa-791a-2a11-85bfee6965f1,HashiCorp Certified: Terraform Associate,HashiCorp,2025-04-20,2028-04-19,https://developer.hashicorp.com/certifications/infrastructure-automation,2026-08-30 00:04:00
6949c9d0-9d1b-297e-fe5f-aca30ec9086a,ea82c835-86aa-791a-2a11-85bfee6965f1,IBM Data Science Professional Certificate,IBM / Coursera,2026-05-06,,https://www.coursera.org/professional-certificates/ibm-data-science,2026-08-30 00:04:00
cf31129a-32af-4825-addd-7d2baa057fb1,4d87475a-6a81-7c05-3c7c-ea88314649e7,Machine Learning Specialization,DeepLearning.AI / Coursera,2024-11-27,,https://www.coursera.org/specializations/machine-learning-introduction,2026-07-11 13:37:00
5bf30166-4a8b-5ffa-8709-1d3e0f9fbf20,4d87475a-6a81-7c05-3c7c-ea88314649e7,Microsoft Certified: Azure Fundamentals (AZ-900),Microsoft,2025-02-27,,https://learn.microsoft.com/en-us/credentials/certifications/azure-fundamentals/,2026-07-11 13:37:00
937bb1dd-170c-3157-8abf-b2b74a2905ba,34e456dd-2521-f763-908f-51d8a95eb41c,Docker Certified Associate,Docker / Mirantis,2026-04-04,,https://training.mirantis.com/,2026-09-08 09:36:00
72c4ba31-6968-b597-f12d-93f74b4a3695,34e456dd-2521-f763-908f-51d8a95eb41c,Certified Kubernetes Administrator (CKA),CNCF / Linux Foundation,2023-12-02,2026-12-01,https://training.linuxfoundation.org/certification/certified-kubernetes-administrator-cka/,2026-09-08 09:36:00
4bc69c93-c4c6-cf9a-1eb6-40df64af95d4,482df02f-c138-d590-e62b-b8ca5c184c5d,IBM Data Science Professional Certificate,IBM / Coursera,2024-10-31,,https://www.coursera.org/professional-certificates/ibm-data-science,2026-07-12 00:25:00
3bf4f763-32f8-e3e5-e829-4c87ac910101,482df02f-c138-d590-e62b-b8ca5c184c5d,Google Cloud Digital Leader,Google Cloud,2024-11-01,2027-11-01,https://cloud.google.com/learn/certification/cloud-digital-leader,2026-07-12 00:25:00
ff282051-6b48-4199-e077-9c34690dbc67,21c93884-4864-3406-fe76-25da597e072d,Machine Learning Specialization,DeepLearning.AI / Coursera,2024-07-14,,https://www.coursera.org/specializations/machine-learning-introduction,2026-09-03 07:38:00
2cd474f5-06b7-ef0c-3972-1d0945fc54e6,21c93884-4864-3406-fe76-25da597e072d,PCEP – Certified Entry-Level Python Programmer,Python Institute,2025-11-03,,https://pythoninstitute.org/pcep,2026-09-03 07:38:00
8b65bef9-4c56-ddf8-e2cb-f380d149b730,f9aba97b-6d88-b375-0c5a-d8f78d67f8b9,PCEP – Certified Entry-Level Python Programmer,Python Institute,2023-11-17,,https://pythoninstitute.org/pcep,2026-08-15 04:33:00
d4a0e005-f25f-6e3a-3428-aac8ac29f599,f9aba97b-6d88-b375-0c5a-d8f78d67f8b9,Google Data Analytics Professional Certificate,Google / Coursera,2023-09-27,,https://www.coursera.org/professional-certificates/google-data-analytics,2026-08-15 04:33:00
fa98a084-715b-c6b5-7a2b-2be433ea00ea,7a8568d5-9d78-ea6d-32d0-44903aad0752,Deep Learning Specialization,DeepLearning.AI / Coursera,2025-04-03,,https://www.coursera.org/specializations/deep-learning,2026-08-27 10:59:00
c85e2c17-1f1a-2763-cdae-57a2e4fdb643,5b5b2350-74bf-2405-6008-2e02997ac959,Meta Front-End Developer Professional Certificate,Meta / Coursera,2025-10-08,,https://www.coursera.org/professional-certificates/meta-front-end-developer,2026-08-15 20:37:00
f5a7e3a3-9e45-58f9-d58e-f2fee8daaeed,6428686e-0ad7-802f-0bee-9df0fcd5b277,PCEP – Certified Entry-Level Python Programmer,Python Institute,2024-06-10,,https://pythoninstitute.org/pcep,2026-08-14 05:26:00
572d7e96-8878-1054-4b1c-9ecb58886ab5,c8288f8e-8f9d-7927-e500-9423945aca95,PCEP – Certified Entry-Level Python Programmer,Python Institute,2025-06-29,,https://pythoninstitute.org/pcep,2026-08-08 19:22:00
6d58ec5c-78ed-c791-1866-0672c936710d,0e038f97-e5d6-8e2d-0a1d-ad6cda9b6bb5,Microsoft Certified: Azure Fundamentals (AZ-900),Microsoft,2026-06-09,,https://learn.microsoft.com/en-us/credentials/certifications/azure-fundamentals/,2026-09-03 12:54:00
9aa09137-4c56-04ab-e41a-fb8f52a1c7ca,90c39a4d-65e6-8cdf-b0da-2bf1b3d7846b,HashiCorp Certified: Terraform Associate,HashiCorp,2024-05-01,2027-05-01,https://developer.hashicorp.com/certifications/infrastructure-automation,2026-07-17 17:36:00
b4e4e6d5-5d45-3d38-c9e5-944afb0ba304,0745ef55-61c8-fbba-41f4-f68e07558930,Meta Back-End Developer Professional Certificate,Meta / Coursera,2024-03-08,,https://www.coursera.org/professional-certificates/meta-back-end-developer,2026-07-04 10:19:00
74491cf6-24a0-80d2-1667-df87596af501,b9696635-41fc-790b-77ad-db195840bf00,PCEP – Certified Entry-Level Python Programmer,Python Institute,2026-02-26,,https://pythoninstitute.org/pcep,2026-08-06 13:56:00
8dc20b3d-fdf2-08fe-cf3f-c1a27840673a,572509e6-0e8e-7669-008b-c8aca1f6c6a0,IBM Data Science Professional Certificate,IBM / Coursera,2026-01-18,,https://www.coursera.org/professional-certificates/ibm-data-science,2026-09-15 04:34:00
73a7b4e3-b4e4-6996-7519-6fff6418826c,10961260-65f6-8c0d-ef58-7a8cb39ee3d5,Meta Back-End Developer Professional Certificate,Meta / Coursera,2025-07-25,,https://www.coursera.org/professional-certificates/meta-back-end-developer,2026-09-19 06:31:00
eba3ff74-a01b-59e5-ce1d-675cfebd2036,727b26c1-50f4-d3e9-6ac1-97dfeffedcd5,PCEP – Certified Entry-Level Python Programmer,Python Institute,2025-06-19,,https://pythoninstitute.org/pcep,2026-07-08 14:01:00
2def65b1-da1c-2710-feff-1bfd0eab42f7,78943432-826e-d679-4b86-c0d1e9059028,Meta Back-End Developer Professional Certificate,Meta / Coursera,2024-10-28,,https://www.coursera.org/professional-certificates/meta-back-end-developer,2026-08-16 05:58:00
38e6dcd7-8580-2a98-b3c3-e316d34d05f6,fbabfe3c-751a-bd2e-efc5-a6eef68aa337,IBM Data Science Professional Certificate,IBM / Coursera,2025-04-25,,https://www.coursera.org/professional-certificates/ibm-data-science,2026-07-24 20:21:00
76d3e8bc-571f-62a2-378e-16953b275fe5,c624619c-e95b-c06a-a427-74e387a2e1b5,freeCodeCamp Responsive Web Design,freeCodeCamp,2025-05-12,,https://www.freecodecamp.org/learn/2022/responsive-web-design/,2026-09-17 08:25:00
fbde5937-8864-d558-f9cd-523eecd416ec,3ccb9a27-13eb-27b1-6d86-8d0b40311fa7,IBM Data Science Professional Certificate,IBM / Coursera,2024-08-29,,https://www.coursera.org/professional-certificates/ibm-data-science,2026-09-19 20:43:00
aca21423-310b-2b2a-af67-a8a5d5005d2c,5d506f61-9544-55b1-46ac-3629795ce33e,IBM Data Science Professional Certificate,IBM / Coursera,2025-03-14,,https://www.coursera.org/professional-certificates/ibm-data-science,2026-08-30 18:23:00
a93720e4-c706-5890-37d7-52595aa476ea,04818af9-ae83-ec4a-aff2-3064bd16cc5a,Microsoft Certified: Power BI Data Analyst Associate (PL-300),Microsoft,2024-09-08,,https://learn.microsoft.com/en-us/credentials/certifications/data-analyst-associate/,2026-07-10 06:43:00
9a8c2de3-b5e3-7187-ca13-d9260b50b1d2,de7e4c4e-ee97-901d-e614-3bd6752f6217,Certified Kubernetes Administrator (CKA),CNCF / Linux Foundation,2025-01-15,2028-01-15,https://training.linuxfoundation.org/certification/certified-kubernetes-administrator-cka/,2026-08-13 09:14:00
f9a86b7c-68d7-e6fe-5723-a93586ce4375,de7e4c4e-ee97-901d-e614-3bd6752f6217,Google Data Analytics Professional Certificate,Google / Coursera,2025-03-10,,https://www.coursera.org/professional-certificates/google-data-analytics,2026-08-13 09:14:00
82a448ea-d39e-f1b6-c6bf-bf9bdfbaeb7a,f649f3db-5cda-fec7-151a-cbb7b6feeddb,Microsoft Certified: Power BI Data Analyst Associate (PL-300),Microsoft,2026-04-14,,https://learn.microsoft.com/en-us/credentials/certifications/data-analyst-associate/,2026-08-28 06:20:00
8f4652d8-b5fa-f701-f54d-e1ce498a2228,36261ff9-6f28-4a0c-8b7a-798d9bbab10c,Machine Learning Specialization,DeepLearning.AI / Coursera,2025-06-20,,https://www.coursera.org/specializations/machine-learning-introduction,2026-08-18 04:57:00
7479c329-356b-6f88-7988-9e8a7ab1edc4,36261ff9-6f28-4a0c-8b7a-798d9bbab10c,Microsoft Office Specialist: Excel Associate,Microsoft,2026-07-17,,https://learn.microsoft.com/en-us/credentials/,2026-08-18 04:57:00
88611848-2fc3-a7cc-74b4-070ae8a4f30b,9b344e22-2e6e-8d50-d284-79ccdc5f17be,Machine Learning Specialization,DeepLearning.AI / Coursera,2026-07-07,,https://www.coursera.org/specializations/machine-learning-introduction,2026-07-19 19:47:00
e7db1aa3-da46-ff1c-c312-1a9cd1419a30,62514d9a-2513-cf21-1988-3ab3752a28b7,Certified Kubernetes Administrator (CKA),CNCF / Linux Foundation,2025-09-11,2028-09-10,https://training.linuxfoundation.org/certification/certified-kubernetes-administrator-cka/,2026-07-12 23:03:00
a3d9d688-3cc3-369a-f0c0-835b917f2a94,074cfb09-47b8-70fa-1b43-7b5158fde84b,Machine Learning Specialization,DeepLearning.AI / Coursera,2026-06-28,,https://www.coursera.org/specializations/machine-learning-introduction,2026-08-21 11:48:00
b825d472-4bec-c6b9-66f7-bf60df09f64f,63ce489b-4063-d2f7-343c-b2e21e280bab,Certified Kubernetes Administrator (CKA),CNCF / Linux Foundation,2025-07-15,2028-07-14,https://training.linuxfoundation.org/certification/certified-kubernetes-administrator-cka/,2026-08-31 16:50:00
1dd170d0-9a9c-ef71-de25-f590e2a24a5e,905342e6-1f1b-0bfa-b4bc-550171c035bb,CompTIA Security+,CompTIA,2025-04-30,2028-04-29,https://www.comptia.org/certifications/security,2026-07-23 07:18:00
c234945b-b833-79b6-84fa-b98f7fc6a97c,905342e6-1f1b-0bfa-b4bc-550171c035bb,Machine Learning Specialization,DeepLearning.AI / Coursera,2023-11-10,,https://www.coursera.org/specializations/machine-learning-introduction,2026-07-23 07:18:00
0fa1a6b5-471c-af64-09d7-db8a1afcb48c,29c46e12-f8d2-0f33-6150-a636013ef8f2,Certified Ethical Hacker (CEH),EC-Council,2025-11-07,2028-11-06,https://www.eccouncil.org/train-certify/certified-ethical-hacker-ceh/,2026-09-11 19:26:00
916eb65a-3397-2295-bd71-bbfebbada3c4,0247e577-41a9-ae84-4bd7-cdf2b5325343,AWS Certified Cloud Practitioner,Amazon Web Services,2026-06-01,2029-05-31,https://aws.amazon.com/certification/certified-cloud-practitioner/,2026-08-31 20:02:00
c97b447e-a501-cf5d-20bd-bb6e21682ebb,6f48d936-c95a-661d-e76e-74ef6d8748b0,Machine Learning Specialization,DeepLearning.AI / Coursera,2025-11-25,,https://www.coursera.org/specializations/machine-learning-introduction,2026-07-22 07:21:00
1c9a1b51-b71d-4a04-e750-6d21afdbe781,3fd53ad2-51f4-543c-48b7-a79af7bd0652,Docker Certified Associate,Docker / Mirantis,2024-03-25,,https://training.mirantis.com/,2026-08-21 02:05:00
f6c087a2-4826-ff50-ab01-0044f2e43108,3fd53ad2-51f4-543c-48b7-a79af7bd0652,AWS Certified Solutions Architect – Associate,Amazon Web Services,2024-01-22,2027-01-21,https://aws.amazon.com/certification/certified-solutions-architect-associate/,2026-08-21 02:05:00
da81cb76-447b-3feb-00bd-0ddee52e3f29,6f7acb8e-bbd3-9aee-d9a5-4992cfab6d7c,Microsoft Certified: Azure Fundamentals (AZ-900),Microsoft,2025-08-08,,https://learn.microsoft.com/en-us/credentials/certifications/azure-fundamentals/,2026-08-07 22:40:00
8477fc3d-6475-4492-286c-609e905528c0,6f7acb8e-bbd3-9aee-d9a5-4992cfab6d7c,PCEP – Certified Entry-Level Python Programmer,Python Institute,2024-12-27,,https://pythoninstitute.org/pcep,2026-08-07 22:40:00
e69fa231-5e68-8e57-d813-cd139dbe3097,bfd24d92-1fa0-d7fc-4c02-a225fa1c0c76,Microsoft Certified: Power BI Data Analyst Associate (PL-300),Microsoft,2025-01-09,,https://learn.microsoft.com/en-us/credentials/certifications/data-analyst-associate/,2026-08-26 04:13:00
4674b5c6-d43d-bef4-6146-85c390b07a8d,f0fceb06-7ff1-64f2-ed65-aa8a643bfc6e,Microsoft Certified: Azure Fundamentals (AZ-900),Microsoft,2026-04-05,,https://learn.microsoft.com/en-us/credentials/certifications/azure-fundamentals/,2026-08-23 11:37:00
9c430691-2560-5aa3-3887-35cf442eba0f,40dc5c12-45a4-39ef-261e-40f6f538950f,IBM Data Science Professional Certificate,IBM / Coursera,2025-04-22,,https://www.coursera.org/professional-certificates/ibm-data-science,2026-07-19 15:08:00
82e672bd-30bf-e820-4e6c-e71246480e82,4caec5ec-f0a9-86d6-e332-cbdc840979a1,Machine Learning Specialization,DeepLearning.AI / Coursera,2026-03-12,,https://www.coursera.org/specializations/machine-learning-introduction,2026-08-10 20:27:00
c5462cca-2916-7a59-c240-2734a25f05f5,f318d396-d360-127a-4bc6-25966ecde812,Meta Front-End Developer Professional Certificate,Meta / Coursera,2025-04-25,,https://www.coursera.org/professional-certificates/meta-front-end-developer,2026-09-01 19:50:00
5b14d0f5-723c-c33d-a860-3489bb00dbb5,07e63398-cd57-30a8-2aaf-fd7c3d5e9888,Google Data Analytics Professional Certificate,Google / Coursera,2023-09-28,,https://www.coursera.org/professional-certificates/google-data-analytics,2026-09-05 19:22:00
65d7a438-64ec-4bff-58aa-0d73b75a877c,ad73caf9-09d8-d70c-9c6d-f2f478ec749d,Google Data Analytics Professional Certificate,Google / Coursera,2024-12-28,,https://www.coursera.org/professional-certificates/google-data-analytics,2026-08-06 06:46:00
c8de4493-0f7f-4b2c-f03b-14ffee0b5e93,9b86a3aa-386f-77fd-8ef1-87592f34270f,AWS Certified Solutions Architect – Associate,Amazon Web Services,2026-07-07,2029-07-06,https://aws.amazon.com/certification/certified-solutions-architect-associate/,2026-08-27 02:05:00
035a4678-6073-989e-573e-cf073178fb09,48e7ee17-9d41-3568-3d53-22dde4f27cd9,Machine Learning Specialization,DeepLearning.AI / Coursera,2025-10-19,,https://www.coursera.org/specializations/machine-learning-introduction,2026-08-21 13:54:00
09c45486-f364-869a-5b8e-b221547033e1,f9600252-a1eb-9891-25cc-4682b5164c8d,freeCodeCamp Responsive Web Design,freeCodeCamp,2026-04-14,,https://www.freecodecamp.org/learn/2022/responsive-web-design/,2026-09-11 11:28:00
2c665fe6-3169-f622-ca7a-165e92d685a8,45040cbe-2c2b-29f0-49a6-7176eda791c8,AWS Certified Solutions Architect – Associate,Amazon Web Services,2024-04-28,2027-04-28,https://aws.amazon.com/certification/certified-solutions-architect-associate/,2026-07-10 02:39:00
e055e5bd-61cf-757b-426f-ceeae4f1c9ea,46ff3f78-cbaf-2970-0c16-065cb484968d,Google Data Analytics Professional Certificate,Google / Coursera,2025-12-08,,https://www.coursera.org/professional-certificates/google-data-analytics,2026-07-23 14:14:00
f59ccd73-33db-91aa-27c6-6fa786f31407,ccaeea58-f2ab-9b41-0326-15dbc528435b,Google Data Analytics Professional Certificate,Google / Coursera,2023-10-30,,https://www.coursera.org/professional-certificates/google-data-analytics,2026-08-04 12:37:00
f16bcf3d-6d66-2f12-9581-23ee504054e2,4238b16b-4471-eb2f-544b-a3527afa18ea,Machine Learning Specialization,DeepLearning.AI / Coursera,2025-07-06,,https://www.coursera.org/specializations/machine-learning-introduction,2026-07-23 07:00:00
29b8a3cd-7a15-1a37-0192-01deddc05294,4238b16b-4471-eb2f-544b-a3527afa18ea,freeCodeCamp Responsive Web Design,freeCodeCamp,2023-11-29,,https://www.freecodecamp.org/learn/2022/responsive-web-design/,2026-07-23 07:00:00
df1ac3e3-2f0f-98e5-fb8c-d485f10a630e,0d6054cb-ca35-52cb-e757-33a01b722f7c,"Oracle Certified Associate, Java SE Programmer",Oracle,2025-03-28,,https://education.oracle.com/,2026-08-21 13:24:00
b2e8480a-31f8-635b-c581-0f1e864e60dd,774addfa-656c-22e4-86ac-140e0d6806cf,Microsoft Office Specialist: Excel Associate,Microsoft,2025-10-22,,https://learn.microsoft.com/en-us/credentials/,2026-08-18 03:56:00
6c7c9dcc-e0ca-b0aa-1a97-375b6fede3bb,36f9bc15-2538-fafa-e021-b17c91a00db1,Certified Ethical Hacker (CEH),EC-Council,2026-05-05,2029-05-04,https://www.eccouncil.org/train-certify/certified-ethical-hacker-ceh/,2026-09-18 20:31:00
0f6ddd46-e08c-eced-6820-5dbf1ecd7043,36f9bc15-2538-fafa-e021-b17c91a00db1,CompTIA Security+,CompTIA,2026-01-10,2029-01-09,https://www.comptia.org/certifications/security,2026-09-18 20:31:00
ac4afe55-8cc7-3d44-50eb-9e54334fee39,08e9cd7b-56a3-e7df-6c68-bb023ec6f042,Google Cloud Digital Leader,Google Cloud,2025-11-25,2028-11-24,https://cloud.google.com/learn/certification/cloud-digital-leader,2026-08-04 13:47:00
12b90b0e-31c8-b132-714c-f547887b6b3c,08e9cd7b-56a3-e7df-6c68-bb023ec6f042,Microsoft Certified: Power BI Data Analyst Associate (PL-300),Microsoft,2025-09-22,,https://learn.microsoft.com/en-us/credentials/certifications/data-analyst-associate/,2026-08-04 13:47:00
7d117e4e-e097-f1e2-a668-155089159d1e,9da35718-d029-e156-7c84-08c0f2d0fa9f,Certified Ethical Hacker (CEH),EC-Council,2026-04-02,2029-04-01,https://www.eccouncil.org/train-certify/certified-ethical-hacker-ceh/,2026-08-21 11:08:00
ca19729e-f260-a226-b1eb-54b280ed7a57,e072af9e-f1d4-b0af-6636-47ab576bf411,Cisco Certified Network Associate (CCNA),Cisco,2025-11-10,2028-11-09,https://www.cisco.com/site/us/en/learn/training-certifications/certifications/enterprise/ccna/index.html,2026-08-19 19:14:00
4384fc40-afdc-0058-a530-6259404fb6bc,e9d35ae2-48d6-1253-1a5e-e5a2018c7316,AWS Certified Cloud Practitioner,Amazon Web Services,2024-08-26,2027-08-26,https://aws.amazon.com/certification/certified-cloud-practitioner/,2026-08-28 22:49:00
db894d0d-4cdf-ba70-b8de-1b1c5cec4af3,e9d35ae2-48d6-1253-1a5e-e5a2018c7316,HashiCorp Certified: Terraform Associate,HashiCorp,2024-11-26,2027-11-26,https://developer.hashicorp.com/certifications/infrastructure-automation,2026-08-28 22:49:00
923e1596-9851-64c4-5f7b-b59c5eccf5d5,00cc02ea-e29a-2df4-2000-9270efad4759,Google Cloud Digital Leader,Google Cloud,2024-02-20,2027-02-19,https://cloud.google.com/learn/certification/cloud-digital-leader,2026-07-04 20:51:00
6c5e975f-4bc3-c7f9-d8b4-679b85e98da8,4e9f549b-3ff7-324d-396c-a7e51e16c93c,Microsoft Certified: Power BI Data Analyst Associate (PL-300),Microsoft,2026-02-07,,https://learn.microsoft.com/en-us/credentials/certifications/data-analyst-associate/,2026-07-23 11:55:00
9cfead65-2b9d-f712-3052-adcd8231de0f,f387eb21-de5a-b710-b5fb-50c0273c3ce8,Machine Learning Specialization,DeepLearning.AI / Coursera,2025-12-24,,https://www.coursera.org/specializations/machine-learning-introduction,2026-07-23 19:23:00
3c98e4a0-0d07-1b0f-c696-44c21bbee750,f387eb21-de5a-b710-b5fb-50c0273c3ce8,"Oracle Certified Associate, Java SE Programmer",Oracle,2026-04-06,,https://education.oracle.com/,2026-07-23 19:23:00
41ef543a-bd03-dff7-90c6-5289b50ece39,186a00a6-409e-d297-6f0c-46ef13841ede,Meta Back-End Developer Professional Certificate,Meta / Coursera,2026-03-30,,https://www.coursera.org/professional-certificates/meta-back-end-developer,2026-07-16 08:11:00
26cd1f23-c2ed-5293-ec77-ef01b7246f31,a0d04427-30dd-ca9a-e42c-18c6a98e877c,Certified Ethical Hacker (CEH),EC-Council,2026-02-01,2029-01-31,https://www.eccouncil.org/train-certify/certified-ethical-hacker-ceh/,2026-07-04 23:47:00
1b6595a3-2944-01b0-f2ff-3ff36c8f116b,29c00972-df6c-d284-50ce-56009b810e0b,Meta Back-End Developer Professional Certificate,Meta / Coursera,2024-11-13,,https://www.coursera.org/professional-certificates/meta-back-end-developer,2026-08-17 22:32:00
f60b28a7-4e5c-34e7-0668-b0dcd5173c57,801d0969-53ea-916b-2d43-c14e7c2b80f8,HashiCorp Certified: Terraform Associate,HashiCorp,2026-04-08,2029-04-07,https://developer.hashicorp.com/certifications/infrastructure-automation,2026-07-26 20:02:00
8417d6e2-bb3a-4e3b-eaac-0c4ded35a5a9,72812686-d93d-2b93-0388-119b6729b463,"Oracle Certified Associate, Java SE Programmer",Oracle,2026-02-20,,https://education.oracle.com/,2026-08-05 14:24:00
51d58751-04e9-699b-dc54-37566602d682,72812686-d93d-2b93-0388-119b6729b463,Microsoft Certified: Azure Fundamentals (AZ-900),Microsoft,2026-01-31,,https://learn.microsoft.com/en-us/credentials/certifications/azure-fundamentals/,2026-08-05 14:24:00
421fcb15-3ec1-ccf2-e481-5c5d0f83c23f,8cab3981-46e0-8679-91be-568af8a1bdeb,Microsoft Office Specialist: Excel Associate,Microsoft,2025-09-11,,https://learn.microsoft.com/en-us/credentials/,2026-07-11 13:15:00
d0166a4e-a206-9870-f285-9300b3efb81e,8cab3981-46e0-8679-91be-568af8a1bdeb,Machine Learning Specialization,DeepLearning.AI / Coursera,2026-03-01,,https://www.coursera.org/specializations/machine-learning-introduction,2026-07-11 13:15:00
ddb12681-1c5b-8b3f-96cf-f8146606c4d5,306ac59a-74d3-35f7-1699-f1377ed6902a,Machine Learning Specialization,DeepLearning.AI / Coursera,2025-07-06,,https://www.coursera.org/specializations/machine-learning-introduction,2026-08-26 11:26:00
1374c851-35bc-5790-00a2-36a7a634b1d4,68088702-59f4-35cc-0054-6546a517efc9,Meta Front-End Developer Professional Certificate,Meta / Coursera,2025-06-07,,https://www.coursera.org/professional-certificates/meta-front-end-developer,2026-08-12 03:58:00
5864df31-5ae6-6f73-daed-05a898e11955,2824ad0e-99ee-b703-846c-1e72ac7d275c,Microsoft Certified: Power BI Data Analyst Associate (PL-300),Microsoft,2026-01-10,,https://learn.microsoft.com/en-us/credentials/certifications/data-analyst-associate/,2026-07-25 03:19:00
63594760-721d-9a26-19be-825eeeddab68,ea4dc7c0-521e-05fb-a33b-a5f3a7aeb9b8,IBM Data Science Professional Certificate,IBM / Coursera,2025-09-28,,https://www.coursera.org/professional-certificates/ibm-data-science,2026-07-02 19:53:00
8ffffb7b-f002-84aa-5ca9-6d896fa567c1,d2db283e-b27e-fcf1-cc7c-863e87a5d005,AWS Certified Cloud Practitioner,Amazon Web Services,2025-10-13,2028-10-12,https://aws.amazon.com/certification/certified-cloud-practitioner/,2026-07-04 05:55:00
b6d16232-f63e-bf20-1f6f-a64a149b671d,e38459c4-8cdc-9cbb-11d1-fd6e635e57fe,Machine Learning Specialization,DeepLearning.AI / Coursera,2025-11-18,,https://www.coursera.org/specializations/machine-learning-introduction,2026-07-03 03:03:00
b2c50d68-0ce3-f87a-e651-7cef012ca3c3,f2ac4f62-a83f-4418-9055-8182eeeee1da,Meta Back-End Developer Professional Certificate,Meta / Coursera,2024-11-28,,https://www.coursera.org/professional-certificates/meta-back-end-developer,2026-08-30 23:40:00
42febeb7-2b72-9c68-3590-9f52e736d7fa,e25437af-b680-396a-b6c9-abaf3354a49c,Google Cybersecurity Professional Certificate,Google / Coursera,2025-03-20,,https://www.coursera.org/professional-certificates/google-cybersecurity,2026-08-31 15:47:00
09882c52-e21f-5f54-bc75-92d9a17c4943,f9eca41e-0f04-ea6d-5397-f217d48e598d,AWS Certified Solutions Architect – Associate,Amazon Web Services,2023-10-20,2026-10-19,https://aws.amazon.com/certification/certified-solutions-architect-associate/,2026-07-28 15:24:00
0858ed27-7cae-0762-4c57-89a97b824502,50466989-0c7a-c5ea-ed53-da3deeb09ff4,PCEP – Certified Entry-Level Python Programmer,Python Institute,2024-01-24,,https://pythoninstitute.org/pcep,2026-08-22 08:41:00
5370dffa-e502-c94d-1f09-bf49f7ab43e0,ba671d7e-6702-3df1-2295-798a13198db4,Machine Learning Specialization,DeepLearning.AI / Coursera,2025-03-10,,https://www.coursera.org/specializations/machine-learning-introduction,2026-09-05 20:43:00
320c0afa-9635-47d0-7e9e-180b419abd4b,29364e8b-621d-35dc-c935-23f789c006ee,PCEP – Certified Entry-Level Python Programmer,Python Institute,2024-11-19,,https://pythoninstitute.org/pcep,2026-09-19 06:23:00
5fd4970d-def6-df5b-38f3-b4e777b85197,f1f1ca6d-9ea1-c881-6d07-6a90d6626817,Cisco Certified Network Associate (CCNA),Cisco,2024-09-17,2027-09-17,https://www.cisco.com/site/us/en/learn/training-certifications/certifications/enterprise/ccna/index.html,2026-08-19 22:10:00
8061dc4d-60cf-199e-1d4e-cd6419a2fb39,50f116aa-dc26-fd78-f718-9a2ca8463f1e,Google Data Analytics Professional Certificate,Google / Coursera,2024-08-04,,https://www.coursera.org/professional-certificates/google-data-analytics,2026-09-10 03:14:00
b94e41e7-d9bd-4875-11d2-8ecfc7d80893,a04f19f6-db82-b76e-979b-e30655ef9bfa,Tableau Desktop Specialist,Tableau / Salesforce,2026-06-29,,https://www.tableau.com/learn/certification,2026-07-08 16:13:00
1eef1e84-cf1a-8a45-3fb0-30c8758aee5d,a04f19f6-db82-b76e-979b-e30655ef9bfa,Meta Back-End Developer Professional Certificate,Meta / Coursera,2026-03-21,,https://www.coursera.org/professional-certificates/meta-back-end-developer,2026-07-08 16:13:00
7fffa36a-9511-42b9-0779-a21f79376897,6fc20066-95ae-342a-d8b5-df8ea7e55d87,Google Data Analytics Professional Certificate,Google / Coursera,2025-05-06,,https://www.coursera.org/professional-certificates/google-data-analytics,2026-08-03 09:57:00
4fce37f4-e8f9-2179-02c9-22f0e9e940f3,78d52e94-e7ef-598b-8bd8-c068e49aaf62,AWS Certified Solutions Architect – Associate,Amazon Web Services,2025-06-16,2028-06-15,https://aws.amazon.com/certification/certified-solutions-architect-associate/,2026-08-11 00:54:00
f0cf9f70-c8db-d783-a087-2ce14cfae8c0,de7c759d-b4f3-b5f6-6852-ca1da82117c6,Tableau Desktop Specialist,Tableau / Salesforce,2025-06-13,,https://www.tableau.com/learn/certification,2026-07-19 03:03:00
c15074a5-1d88-40bb-7f8f-3cc11d3cb31f,a6ab1ff3-df42-7b93-c0f8-bb37e55f1307,Google Cloud Digital Leader,Google Cloud,2026-06-29,2029-06-28,https://cloud.google.com/learn/certification/cloud-digital-leader,2026-09-13 16:58:00
53a99d47-04d7-6747-9dfc-d0996f39396b,4686a6d0-cb59-b13f-5147-7215cf0d306e,Microsoft Certified: Power BI Data Analyst Associate (PL-300),Microsoft,2026-02-22,,https://learn.microsoft.com/en-us/credentials/certifications/data-analyst-associate/,2026-07-27 20:27:00
cdb4a77f-0fc6-79fa-1e0a-2ebf3ef2da5b,4a6a2b0b-2b99-2112-cd86-826107324469,Microsoft Certified: Azure Fundamentals (AZ-900),Microsoft,2026-03-20,,https://learn.microsoft.com/en-us/credentials/certifications/azure-fundamentals/,2026-07-25 13:59:00
8825d2d2-b191-0cb8-2261-7bd66fd62aa9,4c7eff6f-d799-1821-00c5-a75632e9e985,CompTIA Security+,CompTIA,2026-05-24,2029-05-23,https://www.comptia.org/certifications/security,2026-09-06 10:18:00
c1f5f5ad-9894-0346-bc8a-0c41f3ba9464,975b0cd7-3057-ffaf-9a2c-539c81fed701,Google Cloud Digital Leader,Google Cloud,2025-05-14,2028-05-13,https://cloud.google.com/learn/certification/cloud-digital-leader,2026-09-03 06:25:00
928a1dc4-9161-9e03-4b0b-6e6e8f390015,4667dc5e-3de1-ea73-2c14-26a0eeed44f4,Meta Back-End Developer Professional Certificate,Meta / Coursera,2025-05-22,,https://www.coursera.org/professional-certificates/meta-back-end-developer,2026-09-04 19:31:00
b8d85adf-14b8-2d1b-4572-9dad3bb30dc0,57e06ea8-6f6c-ecc8-b45d-8d96103cbb33,Tableau Desktop Specialist,Tableau / Salesforce,2026-02-21,,https://www.tableau.com/learn/certification,2026-07-12 16:13:00
21aef505-9c8c-c622-e51e-abfc7602d09d,9931a924-ee74-63aa-7496-a1f6dd434078,AWS Certified Cloud Practitioner,Amazon Web Services,2025-07-12,2028-07-11,https://aws.amazon.com/certification/certified-cloud-practitioner/,2026-09-01 22:09:00
a565a47e-6c2f-fc05-7380-708368cb9af8,9931a924-ee74-63aa-7496-a1f6dd434078,Docker Certified Associate,Docker / Mirantis,2025-08-25,,https://training.mirantis.com/,2026-09-01 22:09:00
43104400-20a4-6bd4-aab3-da4f5f3b460b,3cabba20-6bcb-fc0e-d052-c7e3dc5f6f96,Elements of AI,University of Helsinki,2024-10-11,,https://www.elementsofai.com/,2026-09-10 11:25:00
5f624035-8d09-35e1-286e-e905c8a83f0b,d4f6df38-b844-bd90-5a34-8805e5112aca,PCEP – Certified Entry-Level Python Programmer,Python Institute,2024-01-16,,https://pythoninstitute.org/pcep,2026-09-05 19:14:00
1d0469cd-9fb9-dcde-6579-f916849e5589,d4f6df38-b844-bd90-5a34-8805e5112aca,HashiCorp Certified: Terraform Associate,HashiCorp,2024-03-16,2027-03-16,https://developer.hashicorp.com/certifications/infrastructure-automation,2026-09-05 19:14:00
3252ed87-ad5c-ba49-3756-9332ace0f3d2,d4f6df38-b844-bd90-5a34-8805e5112aca,AWS Certified Cloud Practitioner,Amazon Web Services,2023-09-20,2026-09-19,https://aws.amazon.com/certification/certified-cloud-practitioner/,2026-09-05 19:14:00
b0da2c61-8fb2-fe69-4bf3-c01b8acb4f73,3f56e002-5d45-eaae-7afa-a10c172a3b8e,Docker Certified Associate,Docker / Mirantis,2025-03-16,,https://training.mirantis.com/,2026-08-31 14:53:00
d8dc215c-d2fd-b757-d62d-91365e4ef421,3f56e002-5d45-eaae-7afa-a10c172a3b8e,AWS Certified Solutions Architect – Associate,Amazon Web Services,2025-08-26,2028-08-25,https://aws.amazon.com/certification/certified-solutions-architect-associate/,2026-08-31 14:53:00
179f8f45-f71c-6010-1c95-ca9aca3a9d92,504f9e4f-13a6-ee01-6ea5-91f95934fe48,Google Data Analytics Professional Certificate,Google / Coursera,2026-07-10,,https://www.coursera.org/professional-certificates/google-data-analytics,2026-09-17 05:35:00
2852933f-823b-d673-1139-acd6b8b43af9,8fa9249d-d87d-e52c-0ef4-7c183e4889bf,AWS Certified Cloud Practitioner,Amazon Web Services,2026-04-17,2029-04-16,https://aws.amazon.com/certification/certified-cloud-practitioner/,2026-09-08 10:59:00
411ecdad-6b7a-5f78-f310-790398444031,5f840d1f-a195-ffcc-df24-1bed95b4962c,AWS Certified Cloud Practitioner,Amazon Web Services,2025-06-06,2028-06-05,https://aws.amazon.com/certification/certified-cloud-practitioner/,2026-07-01 10:38:00
8d6e4581-9e9b-f938-713b-8dce3ce2a23d,38d5ab62-ee08-ad26-f259-806e1a6e1dd3,Tableau Desktop Specialist,Tableau / Salesforce,2025-09-05,,https://www.tableau.com/learn/certification,2026-08-08 04:57:00
8e6b4e8b-a3fb-52b5-8dc6-77b3e7fb440b,33bab34f-3831-dbaa-fa46-25d79e4630a3,Meta Front-End Developer Professional Certificate,Meta / Coursera,2026-05-13,,https://www.coursera.org/professional-certificates/meta-front-end-developer,2026-08-29 23:37:00
fe83e914-b4aa-5627-0b67-a5ee63043fb1,33bab34f-3831-dbaa-fa46-25d79e4630a3,Microsoft Certified: Azure Fundamentals (AZ-900),Microsoft,2025-04-06,,https://learn.microsoft.com/en-us/credentials/certifications/azure-fundamentals/,2026-08-29 23:37:00
beb4b124-bc49-f79e-c8a3-a699da340b14,3bcb6e13-bae6-6ac1-d180-33ae53ce902c,Machine Learning Specialization,DeepLearning.AI / Coursera,2026-03-07,,https://www.coursera.org/specializations/machine-learning-introduction,2026-09-19 14:09:00
a36019f1-2d45-2a16-3c13-d6fe77e70b06,d739feeb-9d35-f562-255d-cd281631b0f9,Google Cloud Digital Leader,Google Cloud,2024-10-09,2027-10-09,https://cloud.google.com/learn/certification/cloud-digital-leader,2026-07-14 14:41:00
cbfd5e9f-4f1e-d15a-de0a-14cd0665adfd,d739feeb-9d35-f562-255d-cd281631b0f9,AWS Certified Solutions Architect – Associate,Amazon Web Services,2026-06-11,2029-06-10,https://aws.amazon.com/certification/certified-solutions-architect-associate/,2026-07-14 14:41:00
7687dafc-4c7b-06b0-a98d-8439c6031aa7,454b10f8-ca71-2b31-ca8a-fb25584badcb,AWS Certified Solutions Architect – Associate,Amazon Web Services,2024-02-20,2027-02-19,https://aws.amazon.com/certification/certified-solutions-architect-associate/,2026-09-15 00:26:00
aa20f987-28d2-c33c-0b4a-1d5f84595796,454b10f8-ca71-2b31-ca8a-fb25584badcb,"Oracle Certified Associate, Java SE Programmer",Oracle,2024-01-11,,https://education.oracle.com/,2026-09-15 00:26:00
9edbaf84-a76d-bf82-3e1f-33458b771995,34a923b9-2b5d-4129-684e-6ff5e46d9555,"Oracle Certified Associate, Java SE Programmer",Oracle,2025-07-18,,https://education.oracle.com/,2026-08-05 09:12:00
1eba46e3-61f0-a2d6-8cf8-9cbb1c161c33,add8a6f1-6222-1494-166a-d37a1985f4ec,Meta Front-End Developer Professional Certificate,Meta / Coursera,2026-05-11,,https://www.coursera.org/professional-certificates/meta-front-end-developer,2026-09-18 08:12:00
cba45a27-61ba-54ab-2aaf-24377874fd0c,add8a6f1-6222-1494-166a-d37a1985f4ec,IBM Data Science Professional Certificate,IBM / Coursera,2026-04-12,,https://www.coursera.org/professional-certificates/ibm-data-science,2026-09-18 08:12:00
2cdf84de-b190-201d-8182-bf3d021055e3,0311cfdc-9bf3-d2f8-8b04-3f656b4d40b6,HashiCorp Certified: Terraform Associate,HashiCorp,2026-06-13,2029-06-12,https://developer.hashicorp.com/certifications/infrastructure-automation,2026-07-03 15:51:00
bedc9735-a661-3790-9b18-c04cf1dbc332,0311cfdc-9bf3-d2f8-8b04-3f656b4d40b6,Microsoft Certified: Azure Fundamentals (AZ-900),Microsoft,2024-04-24,,https://learn.microsoft.com/en-us/credentials/certifications/azure-fundamentals/,2026-07-03 15:51:00
c4fceb01-316b-d57d-6618-0091fbc83ceb,bb0c535d-d58b-31f5-524f-f4f28124da7c,"Oracle Certified Associate, Java SE Programmer",Oracle,2024-03-13,,https://education.oracle.com/,2026-07-08 03:58:00
1f60009f-1403-bb98-1d5c-bddc5636453f,11962c94-13b6-d3ed-7ad9-b7664f8e9f4b,Meta Back-End Developer Professional Certificate,Meta / Coursera,2025-11-29,,https://www.coursera.org/professional-certificates/meta-back-end-developer,2026-07-20 05:28:00
ddd7a6a8-289f-ca7f-16ae-77c03a567346,bbb606b1-e16f-6927-9027-c9c70e4a13bb,PCEP – Certified Entry-Level Python Programmer,Python Institute,2026-04-09,,https://pythoninstitute.org/pcep,2026-08-28 08:44:00
493b1a01-0335-26ae-0cc6-da8905584ea1,bbb606b1-e16f-6927-9027-c9c70e4a13bb,Certified Kubernetes Administrator (CKA),CNCF / Linux Foundation,2026-06-27,2029-06-26,https://training.linuxfoundation.org/certification/certified-kubernetes-administrator-cka/,2026-08-28 08:44:00
0857056a-e9eb-ce52-97af-2e56f98eb1ef,a3f045da-38cd-bd6d-58eb-c3d201e146a0,Microsoft Certified: Azure Fundamentals (AZ-900),Microsoft,2023-10-04,,https://learn.microsoft.com/en-us/credentials/certifications/azure-fundamentals/,2026-09-12 05:32:00
2f8cd545-1fea-b294-de5c-55d382246271,50d23f95-29ac-891f-afb2-78151d3d5840,Google Data Analytics Professional Certificate,Google / Coursera,2026-08-01,,https://www.coursera.org/professional-certificates/google-data-analytics,2026-07-22 22:21:00
bfedede8-2ffa-8b91-0f72-584011553b85,0c7dc4ef-78c1-0f4c-9fac-54f44c17a457,Docker Certified Associate,Docker / Mirantis,2026-06-27,,https://training.mirantis.com/,2026-08-20 21:42:00
d1240e00-d169-4b28-7459-9e7830765068,268bbda7-4bd4-b1e8-0548-bfbd261e34a9,Microsoft Office Specialist: Excel Associate,Microsoft,2024-10-05,,https://learn.microsoft.com/en-us/credentials/,2026-07-22 07:02:00
f27c5c70-afa5-9d9c-5616-3dcd987bda14,9d73eacb-30c5-c41d-ac3f-56d3dc2ab8c8,Tableau Desktop Specialist,Tableau / Salesforce,2026-04-30,,https://www.tableau.com/learn/certification,2026-07-08 15:54:00
1f329cfc-30b7-a7ed-c6aa-f20600ecc8ab,9d73eacb-30c5-c41d-ac3f-56d3dc2ab8c8,Microsoft Certified: Power BI Data Analyst Associate (PL-300),Microsoft,2026-01-19,,https://learn.microsoft.com/en-us/credentials/certifications/data-analyst-associate/,2026-07-08 15:54:00
156e24aa-31a1-8979-37fc-165bbd0fb843,d6d61c56-7fbd-1aa3-d3f8-879388376549,Google Cloud Digital Leader,Google Cloud,2026-01-13,2029-01-12,https://cloud.google.com/learn/certification/cloud-digital-leader,2026-09-04 10:42:00
4441e223-9b57-9064-02b0-18eb7a5e01f9,d6d61c56-7fbd-1aa3-d3f8-879388376549,Google Cybersecurity Professional Certificate,Google / Coursera,2024-08-23,,https://www.coursera.org/professional-certificates/google-cybersecurity,2026-09-04 10:42:00
e296743b-2f00-4ce5-e9eb-feb2b6507264,32ac5b3a-1fec-a58e-be86-cf0f7fbcd6d5,Certified Kubernetes Administrator (CKA),CNCF / Linux Foundation,2025-04-09,2028-04-08,https://training.linuxfoundation.org/certification/certified-kubernetes-administrator-cka/,2026-07-22 17:08:00
1b7c379f-eaf9-058f-2845-c302024e5016,b564192b-e602-3530-3541-5fbe0fd80723,Certified Kubernetes Administrator (CKA),CNCF / Linux Foundation,2025-10-24,2028-10-23,https://training.linuxfoundation.org/certification/certified-kubernetes-administrator-cka/,2026-08-23 20:12:00
8c471ae9-57f9-4d83-5407-f586ac69a31b,3b4c6bf7-a7ba-0436-4f52-b30f8fe7dedb,Elements of AI,University of Helsinki,2024-10-29,,https://www.elementsofai.com/,2026-07-15 08:26:00
a0533461-bf81-7417-081d-382c04d82c79,3b4c6bf7-a7ba-0436-4f52-b30f8fe7dedb,Meta Back-End Developer Professional Certificate,Meta / Coursera,2023-12-31,,https://www.coursera.org/professional-certificates/meta-back-end-developer,2026-07-15 08:26:00
5e9ba0f4-a248-a2e7-3ee3-fba0467bc92d,86d66ea8-c2dc-207c-ca51-d5c515ade8dd,IBM Data Science Professional Certificate,IBM / Coursera,2024-01-07,,https://www.coursera.org/professional-certificates/ibm-data-science,2026-08-20 04:43:00
284a45d4-9631-fd63-e2a2-d3d57f395bf8,56f26b29-e189-0ddb-9fdf-cfd9e85a9869,Cisco Certified Network Associate (CCNA),Cisco,2024-07-28,2027-07-28,https://www.cisco.com/site/us/en/learn/training-certifications/certifications/enterprise/ccna/index.html,2026-09-05 05:17:00
8fafaeb6-14aa-16bc-a292-478f2742af13,56f26b29-e189-0ddb-9fdf-cfd9e85a9869,AWS Certified Solutions Architect – Associate,Amazon Web Services,2024-06-25,2027-06-25,https://aws.amazon.com/certification/certified-solutions-architect-associate/,2026-09-05 05:17:00
238a0964-2d95-ae3a-dc12-6d0e008c2032,43c2b033-ff60-2b7c-cfbb-40d1a7705cd8,Deep Learning Specialization,DeepLearning.AI / Coursera,2024-03-09,,https://www.coursera.org/specializations/deep-learning,2026-07-28 17:58:00
2f5c9523-603e-6aac-958d-eaa05b3a8460,f6d5d32d-1b81-2e7d-6a36-faf531ecf31c,Google Data Analytics Professional Certificate,Google / Coursera,2024-10-09,,https://www.coursera.org/professional-certificates/google-data-analytics,2026-09-14 04:09:00
29907d0c-eefe-1956-932a-1fe030509dd6,f64cce69-9e20-f095-72cd-2a70c03f793a,Microsoft Certified: Azure Fundamentals (AZ-900),Microsoft,2026-06-17,,https://learn.microsoft.com/en-us/credentials/certifications/azure-fundamentals/,2026-09-18 12:24:00
da86388c-cb28-5dca-77c6-4e26187576a0,672635bd-ed1f-ea46-7183-aeee658fcea1,AWS Certified Cloud Practitioner,Amazon Web Services,2025-10-31,2028-10-30,https://aws.amazon.com/certification/certified-cloud-practitioner/,2026-08-10 21:24:00
9cc75ca0-5d31-88ae-448a-3affe7c22858,672635bd-ed1f-ea46-7183-aeee658fcea1,Google Cybersecurity Professional Certificate,Google / Coursera,2025-11-22,,https://www.coursera.org/professional-certificates/google-cybersecurity,2026-08-10 21:24:00
c94386a5-e988-781d-7c2c-965198d2a574,0819529d-41f4-70b9-a5ee-23eba28aabda,Tableau Desktop Specialist,Tableau / Salesforce,2024-11-27,,https://www.tableau.com/learn/certification,2026-07-15 08:46:00
7e635bfc-d995-f4eb-a9a7-be73536b1439,0819529d-41f4-70b9-a5ee-23eba28aabda,Meta Back-End Developer Professional Certificate,Meta / Coursera,2026-04-09,,https://www.coursera.org/professional-certificates/meta-back-end-developer,2026-07-15 08:46:00
2b47a681-bd53-3ca9-1ae9-9cc76ff1aa43,e0bd27f9-7273-456d-4676-a87a6454e630,Certified Kubernetes Administrator (CKA),CNCF / Linux Foundation,2024-11-11,2027-11-11,https://training.linuxfoundation.org/certification/certified-kubernetes-administrator-cka/,2026-07-11 06:18:00
8b0426bb-1824-ccad-c16b-4f6cf0cc2bee,2b9b4c0e-1c58-2929-078a-db31e127ae5c,Meta Back-End Developer Professional Certificate,Meta / Coursera,2024-05-25,,https://www.coursera.org/professional-certificates/meta-back-end-developer,2026-09-11 12:28:00
3070a12d-f2cd-622c-083a-5af5933b2232,2b9b4c0e-1c58-2929-078a-db31e127ae5c,IBM Data Science Professional Certificate,IBM / Coursera,2024-05-03,,https://www.coursera.org/professional-certificates/ibm-data-science,2026-09-11 12:28:00
7d4847d6-5a26-0f2e-e11e-7a9345adcc90,8e9930db-5ab2-b111-cc76-d759c4879d7d,Microsoft Certified: Azure Fundamentals (AZ-900),Microsoft,2026-02-01,,https://learn.microsoft.com/en-us/credentials/certifications/azure-fundamentals/,2026-09-10 19:05:00
aa8b6690-be93-e8fb-b764-dca542f999a3,a707ad11-97fb-f0fc-9cd9-a7b73fd4c7d1,Google Data Analytics Professional Certificate,Google / Coursera,2025-08-02,,https://www.coursera.org/professional-certificates/google-data-analytics,2026-09-18 01:45:00
4097af2e-b04c-05ed-7be4-747d2e740e67,cc9e4107-7c25-646b-607a-8b0c336a2372,"Oracle Certified Associate, Java SE Programmer",Oracle,2025-07-20,,https://education.oracle.com/,2026-07-11 03:07:00
b7f4b6b2-1468-91ad-8d5e-9a3c5f39f625,dc3d2ab2-fa0a-2cbf-a75e-2f3cf0f29bb7,PCEP – Certified Entry-Level Python Programmer,Python Institute,2024-04-05,,https://pythoninstitute.org/pcep,2026-07-16 15:42:00
c2d41cb8-7183-4027-87ff-1904edb367c1,958ef90e-b54a-c896-b6dd-61ca6ba35f1a,Tableau Desktop Specialist,Tableau / Salesforce,2024-04-18,,https://www.tableau.com/learn/certification,2026-07-03 23:18:00
b0aad2d9-d2e1-c6cc-da12-5ed008b02779,01f8810f-2e16-2ca1-e347-1f7cfed4d5e1,Meta Back-End Developer Professional Certificate,Meta / Coursera,2024-10-25,,https://www.coursera.org/professional-certificates/meta-back-end-developer,2026-07-25 09:28:00
c73d886f-7bb5-5e41-535b-0bbc1110352b,01f8810f-2e16-2ca1-e347-1f7cfed4d5e1,"Oracle Certified Associate, Java SE Programmer",Oracle,2026-05-13,,https://education.oracle.com/,2026-07-25 09:28:00
1d984636-c447-8a10-5075-185b441aa24a,162f0add-6098-a195-2f85-a37620515fd8,HashiCorp Certified: Terraform Associate,HashiCorp,2025-05-13,2028-05-12,https://developer.hashicorp.com/certifications/infrastructure-automation,2026-08-26 21:47:00
252750e6-9528-49db-2246-edfeba1aaf3e,162f0add-6098-a195-2f85-a37620515fd8,AWS Certified Solutions Architect – Associate,Amazon Web Services,2026-07-22,2029-07-21,https://aws.amazon.com/certification/certified-solutions-architect-associate/,2026-08-26 21:47:00
6aa43037-80cc-d7aa-1108-4fae23a62401,bd355e8e-b18d-410a-7ffe-cac9826216f1,Splunk Core Certified User,Splunk,2023-11-14,,https://www.splunk.com/en_us/training/certification-track/splunk-core-certified-user.html,2026-08-14 15:04:00
01f76aa3-2faa-2284-eb93-48e4c7ecec56,1afa9cb4-4db4-6dbe-168b-e2f034d0b501,freeCodeCamp Responsive Web Design,freeCodeCamp,2024-11-23,,https://www.freecodecamp.org/learn/2022/responsive-web-design/,2026-07-16 17:42:00
92ca2554-acf3-2d9a-3a5e-00dac72a6694,1afa9cb4-4db4-6dbe-168b-e2f034d0b501,Docker Certified Associate,Docker / Mirantis,2026-02-22,,https://training.mirantis.com/,2026-07-16 17:42:00
fac54cf7-8f21-39bf-127b-0728234014ff,337ffc83-e4df-1a26-2bef-438cfae91371,PCEP – Certified Entry-Level Python Programmer,Python Institute,2024-12-22,,https://pythoninstitute.org/pcep,2026-08-09 12:21:00
100b760f-335a-9069-a1ef-2513dd9fd811,3091c3ad-7f0d-8777-30d2-a7d009a322bd,Google Cybersecurity Professional Certificate,Google / Coursera,2024-05-31,,https://www.coursera.org/professional-certificates/google-cybersecurity,2026-09-10 17:41:00
310a4225-4c51-754d-e3a9-f44da26b46f2,b081b5c7-a70b-5250-fca2-e801f4bde6d8,Google Data Analytics Professional Certificate,Google / Coursera,2024-12-14,,https://www.coursera.org/professional-certificates/google-data-analytics,2026-09-04 17:16:00
57a3b6fa-e677-d155-24a0-e8f4e97d5dce,b081b5c7-a70b-5250-fca2-e801f4bde6d8,Microsoft Certified: Power BI Data Analyst Associate (PL-300),Microsoft,2026-02-01,,https://learn.microsoft.com/en-us/credentials/certifications/data-analyst-associate/,2026-09-04 17:16:00
fa18338d-b19b-6822-9034-c68e1c82fbe2,787b1733-0603-6d7d-242b-b6aa64e103e6,freeCodeCamp Responsive Web Design,freeCodeCamp,2023-12-08,,https://www.freecodecamp.org/learn/2022/responsive-web-design/,2026-09-18 08:26:00
e2281558-dd4b-4c79-59fc-332179108af3,905f1e3c-6000-df4b-2056-7cebbac88b11,Certified Kubernetes Administrator (CKA),CNCF / Linux Foundation,2025-10-04,2028-10-03,https://training.linuxfoundation.org/certification/certified-kubernetes-administrator-cka/,2026-09-03 18:26:00
9802122c-4d67-f535-f90b-d1930567c409,905f1e3c-6000-df4b-2056-7cebbac88b11,"Oracle Certified Associate, Java SE Programmer",Oracle,2025-09-03,,https://education.oracle.com/,2026-09-03 18:26:00
ddcb814e-b99f-358b-8ffb-849205752394,0c3ce5b0-e734-1f36-6408-d0f00e053620,Certified Kubernetes Administrator (CKA),CNCF / Linux Foundation,2025-12-05,2028-12-04,https://training.linuxfoundation.org/certification/certified-kubernetes-administrator-cka/,2026-09-05 11:49:00
258fe9f7-60dc-a59e-78cf-8e5cfa4b0366,0c3ce5b0-e734-1f36-6408-d0f00e053620,AWS Certified Solutions Architect – Associate,Amazon Web Services,2024-04-27,2027-04-27,https://aws.amazon.com/certification/certified-solutions-architect-associate/,2026-09-05 11:49:00
5e327814-549a-da3a-2ce7-cd3dbaa7a9d3,2bbecad2-aa70-f5ec-643c-11605cb9f4de,AWS Certified Cloud Practitioner,Amazon Web Services,2026-01-06,2029-01-05,https://aws.amazon.com/certification/certified-cloud-practitioner/,2026-07-01 22:35:00
5a7d1bae-91dd-751f-5ba7-4b2a1a41d62e,c838b732-a8f1-94ff-4194-fbd24f84fa89,Google Data Analytics Professional Certificate,Google / Coursera,2026-03-01,,https://www.coursera.org/professional-certificates/google-data-analytics,2026-08-22 19:57:00
0cd750eb-37a4-f875-e403-a797652c8782,c838b732-a8f1-94ff-4194-fbd24f84fa89,PCEP – Certified Entry-Level Python Programmer,Python Institute,2026-03-24,,https://pythoninstitute.org/pcep,2026-08-22 19:57:00
7721072a-d1ad-c871-c1ba-b32a79ca7f37,639c908e-26cb-a765-f161-99856565c7ca,Meta Back-End Developer Professional Certificate,Meta / Coursera,2025-03-17,,https://www.coursera.org/professional-certificates/meta-back-end-developer,2026-08-07 02:03:00
b3872280-2b1e-7ef4-bbd2-386a466170cc,cc0362db-fcd1-73c3-fabe-23e5cf75c16e,Meta Front-End Developer Professional Certificate,Meta / Coursera,2026-07-01,,https://www.coursera.org/professional-certificates/meta-front-end-developer,2026-07-26 12:40:00
3351ade1-0da0-b9f6-b0d7-be28730b776b,b2d089a4-5064-78b6-a335-3675e33d7002,Google Cybersecurity Professional Certificate,Google / Coursera,2025-10-24,,https://www.coursera.org/professional-certificates/google-cybersecurity,2026-09-08 11:14:00
a4f3e61b-c87b-1d01-b818-bd3d9a2b828c,b2d089a4-5064-78b6-a335-3675e33d7002,Certified Kubernetes Administrator (CKA),CNCF / Linux Foundation,2025-06-28,2028-06-27,https://training.linuxfoundation.org/certification/certified-kubernetes-administrator-cka/,2026-09-08 11:14:00
b61b8778-edeb-90ca-4978-aec7422043e6,b2d089a4-5064-78b6-a335-3675e33d7002,Splunk Core Certified User,Splunk,2026-02-23,,https://www.splunk.com/en_us/training/certification-track/splunk-core-certified-user.html,2026-09-08 11:14:00
52710bf7-0e22-cbd4-37cd-e23235baa872,bf687999-9d0f-460a-a4c6-3db8edfe69c5,Splunk Core Certified User,Splunk,2023-11-14,,https://www.splunk.com/en_us/training/certification-track/splunk-core-certified-user.html,2026-08-15 12:21:00
c65777fc-960d-0c96-58d9-e515c35fc099,6a946ace-ab80-211f-29d6-a8a99cea5acc,Docker Certified Associate,Docker / Mirantis,2026-05-18,,https://training.mirantis.com/,2026-08-19 08:04:00
32057c52-c53d-64b9-0b09-da08df5ff15b,23ef2d47-56c8-e826-dd6a-d45358fb7800,Google Data Analytics Professional Certificate,Google / Coursera,2026-01-01,,https://www.coursera.org/professional-certificates/google-data-analytics,2026-08-27 02:15:00
210a7d67-b4da-9438-6629-171119d897b1,68765456-1621-a3e5-1621-1ae4a3cbba8b,Microsoft Certified: Power BI Data Analyst Associate (PL-300),Microsoft,2026-03-05,,https://learn.microsoft.com/en-us/credentials/certifications/data-analyst-associate/,2026-09-18 04:06:00
20f3bee4-03e6-5bbd-21f6-ed7f77d9253c,775f287c-e4a4-8f6d-966d-3d01f19d0994,IBM Data Science Professional Certificate,IBM / Coursera,2025-10-22,,https://www.coursera.org/professional-certificates/ibm-data-science,2026-08-11 11:13:00
fc6adbae-b857-323c-3916-8c2c3bb85651,775f287c-e4a4-8f6d-966d-3d01f19d0994,AWS Certified Cloud Practitioner,Amazon Web Services,2026-04-29,2029-04-28,https://aws.amazon.com/certification/certified-cloud-practitioner/,2026-08-11 11:13:00
2c09d97a-7fbc-8864-860b-ef03af54161a,b079ccd7-590b-db77-3254-2f861345b44b,Certified Kubernetes Administrator (CKA),CNCF / Linux Foundation,2025-05-02,2028-05-01,https://training.linuxfoundation.org/certification/certified-kubernetes-administrator-cka/,2026-09-07 07:14:00
726c885f-98c6-e0a8-6eb8-6ceb8f5d6a81,c39f3cff-638a-2e36-e23c-5efa321a0ccf,HashiCorp Certified: Terraform Associate,HashiCorp,2024-04-04,2027-04-04,https://developer.hashicorp.com/certifications/infrastructure-automation,2026-08-27 05:20:00
2e018108-867b-ec2d-91db-cd18a0487548,48de9012-7676-df64-28fb-ad93e865b0c0,Google Cybersecurity Professional Certificate,Google / Coursera,2023-12-07,,https://www.coursera.org/professional-certificates/google-cybersecurity,2026-07-06 09:23:00
1f6829ea-fc98-7498-4dec-15e4734d2b00,2e32a1c7-b007-7259-46da-d42cf8f8a82f,Machine Learning Specialization,DeepLearning.AI / Coursera,2025-10-17,,https://www.coursera.org/specializations/machine-learning-introduction,2026-09-03 10:00:00
070f529c-5b70-6f09-174d-79734de95739,2e32a1c7-b007-7259-46da-d42cf8f8a82f,IBM Data Science Professional Certificate,IBM / Coursera,2026-04-14,,https://www.coursera.org/professional-certificates/ibm-data-science,2026-09-03 10:00:00
19eb1349-aefb-4db9-2383-98588f28f4d2,9a697af5-d620-c07b-ba12-616bd2b07d80,Certified Kubernetes Administrator (CKA),CNCF / Linux Foundation,2024-03-21,2027-03-21,https://training.linuxfoundation.org/certification/certified-kubernetes-administrator-cka/,2026-07-24 00:36:00
5328d665-6eda-c2f4-8855-ce877d5717ea,9a697af5-d620-c07b-ba12-616bd2b07d80,Machine Learning Specialization,DeepLearning.AI / Coursera,2024-05-25,,https://www.coursera.org/specializations/machine-learning-introduction,2026-07-24 00:36:00
14d9a6a2-dc25-f9cd-7f8c-edfa0451f399,6f39c001-f5e9-e188-abd1-c75e4c2fb749,AWS Certified Cloud Practitioner,Amazon Web Services,2025-11-14,2028-11-13,https://aws.amazon.com/certification/certified-cloud-practitioner/,2026-08-11 23:44:00
2e9fe1c5-7f24-3b2e-b255-b4b9427e2a13,bd82a7e2-4a1b-a151-769c-1549823eff5b,Certified Kubernetes Administrator (CKA),CNCF / Linux Foundation,2025-03-13,2028-03-12,https://training.linuxfoundation.org/certification/certified-kubernetes-administrator-cka/,2026-07-27 15:31:00
3a0eb885-cb54-dcc2-c2b2-7b1face366d0,e7fe1df2-5754-66d3-2b0b-35fc852e3ee5,Google Cloud Digital Leader,Google Cloud,2024-02-23,2027-02-22,https://cloud.google.com/learn/certification/cloud-digital-leader,2026-08-03 13:16:00
fdaaeef5-a5d0-536f-b668-19a75c4ecb3b,58275175-a839-ab54-9361-a373240e3167,Microsoft Certified: Azure Fundamentals (AZ-900),Microsoft,2026-03-09,,https://learn.microsoft.com/en-us/credentials/certifications/azure-fundamentals/,2026-09-07 19:08:00
91675861-d883-fd8a-08eb-740ed0a372f5,dd39ddf8-8bb4-c125-45dd-361d6bd2503f,Docker Certified Associate,Docker / Mirantis,2025-07-03,,https://training.mirantis.com/,2026-07-23 18:47:00
2149d738-fda2-001f-4af6-cea2af1d50f5,b7fea4df-1bf7-b0ce-eac3-f38a240fa737,AWS Certified Cloud Practitioner,Amazon Web Services,2026-04-29,2029-04-28,https://aws.amazon.com/certification/certified-cloud-practitioner/,2026-08-24 17:18:00
f4f95cce-bd78-ca9b-425a-fe45daca3fb8,c30f96d1-f33c-f6c1-ce8c-9af6b70fff0d,Google Data Analytics Professional Certificate,Google / Coursera,2024-01-14,,https://www.coursera.org/professional-certificates/google-data-analytics,2026-07-06 01:34:00
993328fd-2882-02b7-3d4c-0be2d332a6f8,c30f96d1-f33c-f6c1-ce8c-9af6b70fff0d,Machine Learning Specialization,DeepLearning.AI / Coursera,2026-07-13,,https://www.coursera.org/specializations/machine-learning-introduction,2026-07-06 01:34:00
791007aa-6ebe-d391-bcbd-78d23ed2a642,c99d034c-97d4-3f20-4534-fec5a1af04d5,PCEP – Certified Entry-Level Python Programmer,Python Institute,2025-06-24,,https://pythoninstitute.org/pcep,2026-07-12 23:50:00
3d0afd3a-3260-22b6-7f48-421b73193fa5,c99d034c-97d4-3f20-4534-fec5a1af04d5,Google Data Analytics Professional Certificate,Google / Coursera,2025-05-22,,https://www.coursera.org/professional-certificates/google-data-analytics,2026-07-12 23:50:00
3c4a207d-d429-89a2-1a26-05961579d52c,34604d83-fa73-3aa2-8d7b-c8dca837433b,Cisco Certified Network Associate (CCNA),Cisco,2026-03-24,2029-03-23,https://www.cisco.com/site/us/en/learn/training-certifications/certifications/enterprise/ccna/index.html,2026-07-11 04:38:00
b5c7002e-f895-0c0c-9083-19556df0a866,dbd7c934-e218-deb3-7f85-17edb0e80d71,Splunk Core Certified User,Splunk,2026-03-02,,https://www.splunk.com/en_us/training/certification-track/splunk-core-certified-user.html,2026-09-01 19:13:00
d31fec68-ebc6-ea46-ad51-63318f44bf47,dbd7c934-e218-deb3-7f85-17edb0e80d71,Meta Back-End Developer Professional Certificate,Meta / Coursera,2025-07-25,,https://www.coursera.org/professional-certificates/meta-back-end-developer,2026-09-01 19:13:00
848b3793-700e-49ff-44a9-0e732430d81e,b8800b54-de98-c50c-62ef-aadecfca13fe,CompTIA Security+,CompTIA,2023-09-22,2026-09-21,https://www.comptia.org/certifications/security,2026-07-04 08:05:00
4bda3c41-f4d1-3ef0-2c0d-ea0041d969b9,b8800b54-de98-c50c-62ef-aadecfca13fe,Machine Learning Specialization,DeepLearning.AI / Coursera,2024-11-25,,https://www.coursera.org/specializations/machine-learning-introduction,2026-07-04 08:05:00
8ec93a9e-b259-de4b-23b5-ba3cd1c9f656,a66b2d5f-4544-3bf1-2e1b-1907092b8821,Cisco Certified Network Associate (CCNA),Cisco,2024-11-12,2027-11-12,https://www.cisco.com/site/us/en/learn/training-certifications/certifications/enterprise/ccna/index.html,2026-09-09 19:56:00
783a4727-3404-ca49-d81a-844a12acf0ab,b74e0190-2384-9ce2-fb02-0e881f30ce92,Microsoft Certified: Power BI Data Analyst Associate (PL-300),Microsoft,2025-10-12,,https://learn.microsoft.com/en-us/credentials/certifications/data-analyst-associate/,2026-07-01 21:56:00
79aaddba-be17-db15-1b9b-c3fae55efaeb,7d298610-668f-a9d8-ced6-b28815f18f1c,Certified Ethical Hacker (CEH),EC-Council,2026-01-29,2029-01-28,https://www.eccouncil.org/train-certify/certified-ethical-hacker-ceh/,2026-09-19 01:00:00
a19dd098-2a19-7996-a2e0-8a251b741a9b,7b1e72a7-0855-1aa8-a62d-c8195431a6d3,AWS Certified Cloud Practitioner,Amazon Web Services,2024-07-15,2027-07-15,https://aws.amazon.com/certification/certified-cloud-practitioner/,2026-07-05 09:50:00
f6969600-e958-d25a-6326-ef6a968d9035,7b1e72a7-0855-1aa8-a62d-c8195431a6d3,Certified Ethical Hacker (CEH),EC-Council,2026-07-27,2029-07-26,https://www.eccouncil.org/train-certify/certified-ethical-hacker-ceh/,2026-07-05 09:50:00
22a2b331-6db6-8821-80dd-4f9b60d6ab5c,e4b51236-6d0f-8c57-2924-c1136ae6cdc1,IBM Data Science Professional Certificate,IBM / Coursera,2026-01-29,,https://www.coursera.org/professional-certificates/ibm-data-science,2026-07-22 08:51:00
0d9e8d66-f335-32c2-e541-9af7be109c50,6c7924de-98ab-1560-151b-0fc4da24d193,Machine Learning Specialization,DeepLearning.AI / Coursera,2024-10-27,,https://www.coursera.org/specializations/machine-learning-introduction,2026-08-17 08:12:00
139977e6-0ef9-be38-5500-42fafca08f8a,6011423c-7bbd-3d99-91db-3a0aa8c90232,AWS Certified Solutions Architect – Associate,Amazon Web Services,2026-02-12,2029-02-11,https://aws.amazon.com/certification/certified-solutions-architect-associate/,2026-09-01 17:56:00
0a623fd8-c5d6-880e-a256-680d7fc395a4,e7fbfd6e-4c48-5969-f8a7-19fc8e15033e,Google Cloud Digital Leader,Google Cloud,2024-04-03,2027-04-03,https://cloud.google.com/learn/certification/cloud-digital-leader,2026-08-23 20:00:00
da881fb6-4d9e-98dd-951c-524ac4b5ad44,e7fbfd6e-4c48-5969-f8a7-19fc8e15033e,Meta Back-End Developer Professional Certificate,Meta / Coursera,2025-09-21,,https://www.coursera.org/professional-certificates/meta-back-end-developer,2026-08-23 20:00:00
916cd049-b1a3-38b1-6977-0563f4311acb,aa2ec8e1-9e3c-58f7-2ff3-5c64a4ccbfa0,Tableau Desktop Specialist,Tableau / Salesforce,2026-07-14,,https://www.tableau.com/learn/certification,2026-08-28 18:07:00
bee73c81-c8e5-a0a9-dbad-77314de0889d,5c3adba2-cc0b-aea3-3b99-38bb3af47ef0,Tableau Desktop Specialist,Tableau / Salesforce,2026-03-17,,https://www.tableau.com/learn/certification,2026-09-13 02:00:00
f6fbd048-6452-afcb-a839-ba6605445eca,94fc748e-0079-6c07-e29e-ccebfa51dfb9,Microsoft Office Specialist: Excel Associate,Microsoft,2025-03-17,,https://learn.microsoft.com/en-us/credentials/,2026-07-19 03:57:00
b81ff8a6-833b-5cad-750e-5c6490b98b38,94fc748e-0079-6c07-e29e-ccebfa51dfb9,Google Data Analytics Professional Certificate,Google / Coursera,2025-02-27,,https://www.coursera.org/professional-certificates/google-data-analytics,2026-07-19 03:57:00
28c98be0-4c7d-b6b8-49ed-5fa2e4cb73da,a9f00c27-68ac-f7f1-6ea2-912d92c732e9,Microsoft Office Specialist: Excel Associate,Microsoft,2024-11-18,,https://learn.microsoft.com/en-us/credentials/,2026-08-06 23:32:00
18d3481f-e78d-4145-641d-e75f772d94bf,a9f00c27-68ac-f7f1-6ea2-912d92c732e9,Google Cybersecurity Professional Certificate,Google / Coursera,2025-10-26,,https://www.coursera.org/professional-certificates/google-cybersecurity,2026-08-06 23:32:00
89c60f2b-cec9-e863-beb1-405a1b6b96a5,e3c8a9df-5ffd-4d44-651c-4e7234047e85,Cisco Certified Network Associate (CCNA),Cisco,2023-10-24,2026-10-23,https://www.cisco.com/site/us/en/learn/training-certifications/certifications/enterprise/ccna/index.html,2026-07-27 00:04:00
c1a0a926-aa41-3cef-b761-8931b18add41,f697c895-db01-edfa-b2c6-98659291f58d,Microsoft Certified: Azure Fundamentals (AZ-900),Microsoft,2025-10-11,,https://learn.microsoft.com/en-us/credentials/certifications/azure-fundamentals/,2026-07-27 06:18:00
c39c524a-72ef-478a-a88c-fcbc1d60e25c,85735169-9c3f-a814-7d71-b6843d920a61,Cisco Certified Network Associate (CCNA),Cisco,2026-02-04,2029-02-03,https://www.cisco.com/site/us/en/learn/training-certifications/certifications/enterprise/ccna/index.html,2026-07-28 00:39:00
c62aeaee-02ff-fc48-7794-160a764e904b,e9c35083-5e6d-207b-c346-82f78368b7de,PCEP – Certified Entry-Level Python Programmer,Python Institute,2026-02-27,,https://pythoninstitute.org/pcep,2026-07-24 18:10:00
8870a830-352c-a1de-9e57-95bb8b731126,bf8a1c8a-4ec7-2309-8943-4cbaf5fcc6c2,AWS Certified Cloud Practitioner,Amazon Web Services,2026-05-14,2029-05-13,https://aws.amazon.com/certification/certified-cloud-practitioner/,2026-09-01 11:11:00
26bad5c6-4a12-3103-cfcc-4a9dc41c6a60,8c675007-cac3-d745-a93a-b9b9dc849cee,Machine Learning Specialization,DeepLearning.AI / Coursera,2025-11-20,,https://www.coursera.org/specializations/machine-learning-introduction,2026-07-09 20:50:00
b6013c99-0730-817d-216b-9fc0b4b45b96,470dc0d0-ade0-99a7-2daf-7ada20387b7e,Certified Kubernetes Administrator (CKA),CNCF / Linux Foundation,2025-07-16,2028-07-15,https://training.linuxfoundation.org/certification/certified-kubernetes-administrator-cka/,2026-07-08 15:48:00
1007e873-c5c2-895b-cdf7-011e764ded7d,4293bb85-f1ad-a9ad-52c4-3e70424085e2,AWS Certified Solutions Architect – Associate,Amazon Web Services,2026-06-25,2029-06-24,https://aws.amazon.com/certification/certified-solutions-architect-associate/,2026-07-23 00:18:00
09c5a9ed-01e8-c6d3-deb4-2cee987fa0a6,e8e5df6d-946e-a0c5-c38e-d55a8f77111a,PCEP – Certified Entry-Level Python Programmer,Python Institute,2025-04-29,,https://pythoninstitute.org/pcep,2026-08-02 00:11:00
6f674723-ff37-facf-84c9-f34e11a9ae9f,8ee813c6-55dc-f063-8504-1ac80f651f61,Machine Learning Specialization,DeepLearning.AI / Coursera,2025-11-01,,https://www.coursera.org/specializations/machine-learning-introduction,2026-07-15 22:22:00
44d1051a-ef93-7bf5-8d50-405d57d43876,591e8e49-89ed-0730-5493-ea394be799c2,Deep Learning Specialization,DeepLearning.AI / Coursera,2024-09-17,,https://www.coursera.org/specializations/deep-learning,2026-09-11 07:16:00
5ebd397a-b259-ed9a-7ea3-a22db67579e1,7b8ce777-4beb-cd78-97c5-120db7244045,Docker Certified Associate,Docker / Mirantis,2025-11-17,,https://training.mirantis.com/,2026-08-22 00:11:00
fb11acc0-fbf8-3158-e312-b19e3a782ad8,7b8ce777-4beb-cd78-97c5-120db7244045,Meta Front-End Developer Professional Certificate,Meta / Coursera,2026-01-15,,https://www.coursera.org/professional-certificates/meta-front-end-developer,2026-08-22 00:11:00
2a4f0bcb-55d2-9998-9844-3b69df279781,401c7378-f406-829a-fb43-cac12c2bb2fb,Machine Learning Specialization,DeepLearning.AI / Coursera,2026-07-18,,https://www.coursera.org/specializations/machine-learning-introduction,2026-08-07 15:00:00
627100c9-0742-a1d2-a4ef-5965aa98fd5e,cf435a9c-024f-7dcd-320f-c735de4e82a0,Google Data Analytics Professional Certificate,Google / Coursera,2026-07-26,,https://www.coursera.org/professional-certificates/google-data-analytics,2026-09-15 15:09:00
cf59eaae-4073-d2d6-3f66-0348f89f3a9e,545f68e9-0d65-1a7f-5430-1b2bab668eb4,Docker Certified Associate,Docker / Mirantis,2025-01-01,,https://training.mirantis.com/,2026-08-18 21:37:00
ddd69c15-44b0-ef47-3b04-38765d11a37e,1b1cd91d-2474-b591-08a0-14512d162ad0,AWS Certified Cloud Practitioner,Amazon Web Services,2025-06-09,2028-06-08,https://aws.amazon.com/certification/certified-cloud-practitioner/,2026-08-13 09:43:00
2cdaf6bf-7a10-5a50-5d69-d7d05bfac9c0,1002be9d-b177-a988-933a-b0a601ee2256,IBM Data Science Professional Certificate,IBM / Coursera,2026-02-13,,https://www.coursera.org/professional-certificates/ibm-data-science,2026-09-20 01:43:00
956617ea-a82d-f64a-b0ba-7d635ed24632,7e99e96d-227b-bf4d-bbc5-c00b6a3f8389,Certified Kubernetes Administrator (CKA),CNCF / Linux Foundation,2025-12-16,2028-12-15,https://training.linuxfoundation.org/certification/certified-kubernetes-administrator-cka/,2026-09-15 21:42:00
4233c1c8-2e48-e38d-5089-9d0221eec0ac,08a70b46-0ebb-6d12-3634-42c53ad490f8,Machine Learning Specialization,DeepLearning.AI / Coursera,2026-07-12,,https://www.coursera.org/specializations/machine-learning-introduction,2026-08-22 19:03:00
c6733c44-1682-54b3-a8c3-a66ab19c91b9,08a70b46-0ebb-6d12-3634-42c53ad490f8,Microsoft Certified: Power BI Data Analyst Associate (PL-300),Microsoft,2026-03-06,,https://learn.microsoft.com/en-us/credentials/certifications/data-analyst-associate/,2026-08-22 19:03:00
1273ab37-310e-8dbb-d74b-34a038ade600,f87b558d-63af-361c-3890-bb97491e27f2,Microsoft Office Specialist: Excel Associate,Microsoft,2024-09-28,,https://learn.microsoft.com/en-us/credentials/,2026-09-19 08:01:00
d1e58345-c6df-b519-fb64-a87f7e57de63,d966a5d1-35a6-284a-be15-d6ec6f482edd,AWS Certified Cloud Practitioner,Amazon Web Services,2023-11-04,2026-11-03,https://aws.amazon.com/certification/certified-cloud-practitioner/,2026-07-22 01:51:00
e24e80b3-14a1-dd2e-bb56-15480d545c54,abf8319d-d4b6-0dfd-8284-bf3bfaf59494,Cisco Certified Network Associate (CCNA),Cisco,2024-07-24,2027-07-24,https://www.cisco.com/site/us/en/learn/training-certifications/certifications/enterprise/ccna/index.html,2026-07-15 17:10:00
6d87ba45-43f5-0002-8a50-4590e59c25eb,b6a6435d-7f77-2817-4a84-c7564327fc00,Google Cybersecurity Professional Certificate,Google / Coursera,2025-01-05,,https://www.coursera.org/professional-certificates/google-cybersecurity,2026-09-08 22:44:00
67e83478-ece6-1f7c-2fcf-13042bc7e80a,eb74afe0-84c7-6917-9bf1-916d6881fa68,Microsoft Certified: Power BI Data Analyst Associate (PL-300),Microsoft,2024-06-09,,https://learn.microsoft.com/en-us/credentials/certifications/data-analyst-associate/,2026-08-31 06:43:00
6768cfb4-6f61-4255-757f-a2a79502914d,0843c658-5487-6821-0d98-f82aa19ddfd6,HashiCorp Certified: Terraform Associate,HashiCorp,2026-02-24,2029-02-23,https://developer.hashicorp.com/certifications/infrastructure-automation,2026-09-14 19:39:00
12b99188-5c4c-c843-3eca-9d387f0d722e,aaa7f71c-22bd-646e-ef59-1b15754f0940,Google Data Analytics Professional Certificate,Google / Coursera,2026-02-26,,https://www.coursera.org/professional-certificates/google-data-analytics,2026-08-07 17:21:00
856c7164-85fb-cd28-dc8a-0c3ae668dbc4,0cc24340-c66e-755a-a005-55fb15641de6,Google Data Analytics Professional Certificate,Google / Coursera,2026-03-06,,https://www.coursera.org/professional-certificates/google-data-analytics,2026-07-29 14:23:00
ed6058cf-62b2-e760-92a0-b3a11b2d706a,29d888e3-0131-7d35-560e-adc33f8a6a18,Google Cloud Digital Leader,Google Cloud,2025-07-03,2028-07-02,https://cloud.google.com/learn/certification/cloud-digital-leader,2026-07-23 19:33:00
c491027c-fdc0-5c88-5146-1063b9ea5f7c,9b30ca17-31a6-5d3d-1046-cf04b02da1f8,AWS Certified Solutions Architect – Associate,Amazon Web Services,2024-12-26,2027-12-26,https://aws.amazon.com/certification/certified-solutions-architect-associate/,2026-08-14 20:08:00
18844eae-5a6e-1113-4674-ecbe81884d1d,260c09af-9fae-55d7-272f-d068afe38746,Google Cybersecurity Professional Certificate,Google / Coursera,2024-10-05,,https://www.coursera.org/professional-certificates/google-cybersecurity,2026-08-09 20:17:00
423e9b3b-23ac-35d5-5c83-74765953addd,0ba68ecd-fd62-27d5-2efa-dcc730431615,Google Cloud Digital Leader,Google Cloud,2025-08-17,2028-08-16,https://cloud.google.com/learn/certification/cloud-digital-leader,2026-08-24 10:29:00
72042710-7ba6-6385-c600-e2b159596954,77d2a476-6b67-d666-1a9a-2f1398b22fac,PCEP – Certified Entry-Level Python Programmer,Python Institute,2024-08-26,,https://pythoninstitute.org/pcep,2026-09-10 08:32:00
b132dfbc-6949-656e-7b1f-7c7557ecac26,d2a49bd6-be2b-d36f-f9f0-7b013c45ff2e,Certified Kubernetes Administrator (CKA),CNCF / Linux Foundation,2023-09-24,2026-09-23,https://training.linuxfoundation.org/certification/certified-kubernetes-administrator-cka/,2026-09-02 16:32:00
1c3b3576-87c1-e761-f4cd-8c1504f86eee,d2a49bd6-be2b-d36f-f9f0-7b013c45ff2e,AWS Certified Solutions Architect – Associate,Amazon Web Services,2023-11-26,2026-11-25,https://aws.amazon.com/certification/certified-solutions-architect-associate/,2026-09-02 16:32:00
3dcea37a-a476-2324-0dcb-015211348958,6850548a-36ae-0af9-2561-8c64a8ee325c,PCEP – Certified Entry-Level Python Programmer,Python Institute,2023-12-03,,https://pythoninstitute.org/pcep,2026-07-03 12:33:00
2ca3f369-70e9-029b-fb29-5df993c7b069,fd98baec-5bb2-eb4a-d707-1eb11071ab44,Certified Kubernetes Administrator (CKA),CNCF / Linux Foundation,2026-06-24,2029-06-23,https://training.linuxfoundation.org/certification/certified-kubernetes-administrator-cka/,2026-07-18 02:19:00
efb90619-9537-445f-3d9c-270e9ff9c012,fd98baec-5bb2-eb4a-d707-1eb11071ab44,Google Data Analytics Professional Certificate,Google / Coursera,2025-11-13,,https://www.coursera.org/professional-certificates/google-data-analytics,2026-07-18 02:19:00
990de4a4-75bc-7eb2-1447-396d8eaa1ef9,6cd2dd91-3011-e160-4035-6e1498d465e3,Deep Learning Specialization,DeepLearning.AI / Coursera,2026-05-18,,https://www.coursera.org/specializations/deep-learning,2026-08-12 23:26:00
e7ab1c9f-d5bd-53e4-6cc6-7015e264d799,bfc3b6a5-b93d-5a78-bc3d-50a732c50fcc,Machine Learning Specialization,DeepLearning.AI / Coursera,2026-06-19,,https://www.coursera.org/specializations/machine-learning-introduction,2026-08-11 17:25:00
f8cb2c2c-3bd3-dda6-3747-5f9140a23e29,5ade4ea2-28c7-a9d8-7176-c210abc2d078,Google Cloud Digital Leader,Google Cloud,2026-06-15,2029-06-14,https://cloud.google.com/learn/certification/cloud-digital-leader,2026-08-27 02:21:00
79a555d0-e61d-2ab6-4fb6-26c0fa1724f8,c8322983-be1b-c252-48d6-a1ccba6da6f1,Google Cloud Digital Leader,Google Cloud,2026-05-15,2029-05-14,https://cloud.google.com/learn/certification/cloud-digital-leader,2026-09-01 00:17:00
81a07989-e54f-692d-18f8-0af77660974e,ce7c5c52-0445-ee1f-05e7-b8589c6df3da,Google Data Analytics Professional Certificate,Google / Coursera,2026-01-25,,https://www.coursera.org/professional-certificates/google-data-analytics,2026-07-30 13:43:00
30f147b4-32ca-a0a1-c7c1-cee5dda2dd55,ce7c5c52-0445-ee1f-05e7-b8589c6df3da,Meta Back-End Developer Professional Certificate,Meta / Coursera,2026-02-13,,https://www.coursera.org/professional-certificates/meta-back-end-developer,2026-07-30 13:43:00
d8e6aaa5-6acf-fa90-1618-1e63000fd6fb,69b315c2-b45a-5ff6-0e28-6968ecf8258d,AWS Certified Cloud Practitioner,Amazon Web Services,2024-10-24,2027-10-24,https://aws.amazon.com/certification/certified-cloud-practitioner/,2026-08-30 11:09:00
d77cacb3-36b7-ede7-6278-9a65138135ad,69b315c2-b45a-5ff6-0e28-6968ecf8258d,Google Data Analytics Professional Certificate,Google / Coursera,2026-01-30,,https://www.coursera.org/professional-certificates/google-data-analytics,2026-08-30 11:09:00
fdb8c9b3-a366-88bc-f033-8ae5b60822e3,7421a0f1-6c21-3d81-8504-21d52a42e69a,Machine Learning Specialization,DeepLearning.AI / Coursera,2026-07-25,,https://www.coursera.org/specializations/machine-learning-introduction,2026-07-23 10:01:00
c41d331c-f6fa-824d-5aae-87764fcb6269,7421a0f1-6c21-3d81-8504-21d52a42e69a,Google Cybersecurity Professional Certificate,Google / Coursera,2025-12-08,,https://www.coursera.org/professional-certificates/google-cybersecurity,2026-07-23 10:01:00
2d057a17-11f4-9c57-938f-2a02356aee73,c752bc6e-d53c-4c30-20d0-dd58b29e7ded,Certified Kubernetes Administrator (CKA),CNCF / Linux Foundation,2025-03-19,2028-03-18,https://training.linuxfoundation.org/certification/certified-kubernetes-administrator-cka/,2026-07-07 14:13:00
14e1f2e4-b253-b13d-ad4a-106a25359e1a,3872d285-09e1-36a8-0cae-f72a1390576b,Meta Back-End Developer Professional Certificate,Meta / Coursera,2026-06-15,,https://www.coursera.org/professional-certificates/meta-back-end-developer,2026-08-02 23:07:00
ca1e1564-d148-0c46-c649-6f765ce086a8,57a2664b-d59a-f3e8-d542-f69afc07ef3e,Machine Learning Specialization,DeepLearning.AI / Coursera,2024-03-11,,https://www.coursera.org/specializations/machine-learning-introduction,2026-07-26 07:38:00
8cbd849e-4c8f-7059-7d0f-fa8b1aebe917,57a2664b-d59a-f3e8-d542-f69afc07ef3e,Certified Kubernetes Administrator (CKA),CNCF / Linux Foundation,2025-07-12,2028-07-11,https://training.linuxfoundation.org/certification/certified-kubernetes-administrator-cka/,2026-07-26 07:38:00
805ca1b2-5461-3aba-b61a-1c7333322b4c,278e4ed4-d8f0-a101-411e-1475e34ebae2,Certified Kubernetes Administrator (CKA),CNCF / Linux Foundation,2025-09-27,2028-09-26,https://training.linuxfoundation.org/certification/certified-kubernetes-administrator-cka/,2026-07-22 18:53:00
dcc9e786-acaf-4176-4c3a-7b16d97c600c,b9b68f96-5e57-0402-7d93-8ee7838647e5,IBM Data Science Professional Certificate,IBM / Coursera,2024-09-14,,https://www.coursera.org/professional-certificates/ibm-data-science,2026-07-27 08:25:00
83229da9-f0e8-125e-e4fe-06e2d6014aca,069cbb95-9f38-544e-0102-cd309c463901,Meta Back-End Developer Professional Certificate,Meta / Coursera,2026-07-19,,https://www.coursera.org/professional-certificates/meta-back-end-developer,2026-07-30 10:59:00
ef04a73b-e82a-6be2-c4fe-7f27debe6313,b2b8b431-7c1d-fd20-cdea-1ed018930c22,Google Data Analytics Professional Certificate,Google / Coursera,2025-07-21,,https://www.coursera.org/professional-certificates/google-data-analytics,2026-08-09 01:17:00
890f92ee-b0ee-46d4-18c0-f8363361fe53,8f919491-eede-4bd0-47f4-e7bc94ca9f69,HashiCorp Certified: Terraform Associate,HashiCorp,2025-05-08,2028-05-07,https://developer.hashicorp.com/certifications/infrastructure-automation,2026-08-11 00:21:00
eb57ead4-2bde-19b4-7651-703cfeda7653,de0bfaa1-b565-6e15-e1eb-f20f048439e0,Microsoft Certified: Azure Fundamentals (AZ-900),Microsoft,2024-05-28,,https://learn.microsoft.com/en-us/credentials/certifications/azure-fundamentals/,2026-08-17 06:29:00
dffb1ce2-9d8f-4069-a677-4c70cd12051c,de0bfaa1-b565-6e15-e1eb-f20f048439e0,Machine Learning Specialization,DeepLearning.AI / Coursera,2026-02-04,,https://www.coursera.org/specializations/machine-learning-introduction,2026-08-17 06:29:00
599df89c-0be9-6d11-a590-b5ee485b0515,f7b98477-5f74-bed5-0d1c-8e45afc626bd,Microsoft Certified: Power BI Data Analyst Associate (PL-300),Microsoft,2025-03-28,,https://learn.microsoft.com/en-us/credentials/certifications/data-analyst-associate/,2026-07-03 07:47:00
4e1e847e-d2ba-e6fe-bfb3-205e44c9d4dd,64a5144f-e4f4-07bd-474a-8a1b45e9a6c7,freeCodeCamp Responsive Web Design,freeCodeCamp,2026-06-22,,https://www.freecodecamp.org/learn/2022/responsive-web-design/,2026-07-04 07:02:00
ef20d665-da49-e211-8d49-b3c06f37c515,d5912644-4781-c42a-72c3-e324aeb64a27,Certified Kubernetes Administrator (CKA),CNCF / Linux Foundation,2025-07-31,2028-07-30,https://training.linuxfoundation.org/certification/certified-kubernetes-administrator-cka/,2026-07-11 23:07:00
fa2c744a-d88e-dca7-f6c7-a342570c260f,ae1dd69c-5aee-4a1e-4023-b6b5e43c7325,Elements of AI,University of Helsinki,2024-06-16,,https://www.elementsofai.com/,2026-07-28 22:37:00
889c44ee-5cda-7c33-2220-6b7e608694d0,ae1dd69c-5aee-4a1e-4023-b6b5e43c7325,AWS Certified Solutions Architect – Associate,Amazon Web Services,2026-04-06,2029-04-05,https://aws.amazon.com/certification/certified-solutions-architect-associate/,2026-07-28 22:37:00
7a88755c-1845-99a3-dd38-39f4f9335e84,50659e98-1363-93db-367a-b4d10975c247,Machine Learning Specialization,DeepLearning.AI / Coursera,2026-06-23,,https://www.coursera.org/specializations/machine-learning-introduction,2026-09-07 05:09:00
1e085524-245e-f1d7-b3a7-8b1b3a268d8b,50659e98-1363-93db-367a-b4d10975c247,Microsoft Certified: Azure Fundamentals (AZ-900),Microsoft,2024-07-23,,https://learn.microsoft.com/en-us/credentials/certifications/azure-fundamentals/,2026-09-07 05:09:00
3b8d4c78-ec55-c1e2-fcc7-70c96995c772,50659e98-1363-93db-367a-b4d10975c247,AWS Certified Cloud Practitioner,Amazon Web Services,2025-03-20,2028-03-19,https://aws.amazon.com/certification/certified-cloud-practitioner/,2026-09-07 05:09:00
e56bf248-9019-510a-5ec4-8e81e130ad39,1e53609d-e5dc-bbc1-03bd-c86346302f32,Google Cloud Digital Leader,Google Cloud,2025-09-04,2028-09-03,https://cloud.google.com/learn/certification/cloud-digital-leader,2026-09-15 14:15:00
1cf9235d-ba89-adf6-989e-8397cad2b80c,70aaa863-32e1-95b8-7ee7-072ed6dc7503,Meta Back-End Developer Professional Certificate,Meta / Coursera,2026-05-29,,https://www.coursera.org/professional-certificates/meta-back-end-developer,2026-08-11 21:25:00
bd058d8f-2db6-ec45-4f6b-782a09e6cb81,70aaa863-32e1-95b8-7ee7-072ed6dc7503,Microsoft Certified: Power BI Data Analyst Associate (PL-300),Microsoft,2026-04-03,,https://learn.microsoft.com/en-us/credentials/certifications/data-analyst-associate/,2026-08-11 21:25:00
a46c1f02-a16c-9a8a-5350-a393f5bd8d7d,3483833e-3993-efc1-c2e1-caa1800751d8,Microsoft Certified: Azure Fundamentals (AZ-900),Microsoft,2023-09-16,,https://learn.microsoft.com/en-us/credentials/certifications/azure-fundamentals/,2026-08-16 11:18:00
fe9da866-d6b0-89ee-eeb9-fb01de206b5a,3483833e-3993-efc1-c2e1-caa1800751d8,Docker Certified Associate,Docker / Mirantis,2024-08-06,,https://training.mirantis.com/,2026-08-16 11:18:00
b915ebf6-5991-6ba3-410a-231a8a78dd00,af7d1655-b35e-652e-0005-783baa551494,HashiCorp Certified: Terraform Associate,HashiCorp,2024-10-29,2027-10-29,https://developer.hashicorp.com/certifications/infrastructure-automation,2026-08-30 11:43:00
0177e64f-671c-a866-5747-208fb3d29316,af7d1655-b35e-652e-0005-783baa551494,Deep Learning Specialization,DeepLearning.AI / Coursera,2024-04-16,,https://www.coursera.org/specializations/deep-learning,2026-08-30 11:43:00
6534ba91-ebf7-9846-922e-6e69ec5c61fe,4fc1eb0d-f2ce-de37-4c1d-9397124d139a,Microsoft Certified: Azure Fundamentals (AZ-900),Microsoft,2024-11-24,,https://learn.microsoft.com/en-us/credentials/certifications/azure-fundamentals/,2026-09-11 12:48:00
7d713f6c-f8da-c067-26f7-ef773fc35073,4fc1eb0d-f2ce-de37-4c1d-9397124d139a,Deep Learning Specialization,DeepLearning.AI / Coursera,2025-06-02,,https://www.coursera.org/specializations/deep-learning,2026-09-11 12:48:00
6dfebff1-9b08-93d8-b01d-4e0d77996689,4fc1eb0d-f2ce-de37-4c1d-9397124d139a,AWS Certified Solutions Architect – Associate,Amazon Web Services,2025-12-14,2028-12-13,https://aws.amazon.com/certification/certified-solutions-architect-associate/,2026-09-11 12:48:00
8b5e4ebe-3c81-c6a1-07ae-76732360ac3f,9e10a0c5-37b8-0ac9-4cef-f18c22b447e3,PCEP – Certified Entry-Level Python Programmer,Python Institute,2026-04-11,,https://pythoninstitute.org/pcep,2026-08-30 08:41:00
c4b072c6-9b50-4843-8538-895f23f868e3,be04738d-dddc-4395-5f49-c7740df5c442,Meta Front-End Developer Professional Certificate,Meta / Coursera,2025-03-05,,https://www.coursera.org/professional-certificates/meta-front-end-developer,2026-08-01 17:55:00
070f71dd-19b0-59c3-4f1c-c5ef781213bc,bb633a1c-3388-e3d6-b403-dd3484e1eea8,Google Cloud Digital Leader,Google Cloud,2025-12-01,2028-11-30,https://cloud.google.com/learn/certification/cloud-digital-leader,2026-09-16 19:14:00
7aad92c9-64dc-28e5-06c7-214fe227aea5,4c983772-7d04-addd-c577-ed844eca6c1e,HashiCorp Certified: Terraform Associate,HashiCorp,2026-04-18,2029-04-17,https://developer.hashicorp.com/certifications/infrastructure-automation,2026-07-12 22:54:00
d9816213-9087-66b0-767d-4e5116285a72,9f24620f-05a2-368f-6b46-bee4dfa5d41d,Machine Learning Specialization,DeepLearning.AI / Coursera,2024-11-30,,https://www.coursera.org/specializations/machine-learning-introduction,2026-07-22 17:30:00
eed36bbb-24aa-b103-49ed-b824b02565e6,d48e4dfa-b349-5437-f132-078a960c4f94,Splunk Core Certified User,Splunk,2026-01-31,,https://www.splunk.com/en_us/training/certification-track/splunk-core-certified-user.html,2026-08-16 14:47:00
751604bf-3d31-80eb-f91c-a9b73b30b9fc,d06f5af3-2867-4210-3531-939f6e57b370,IBM Data Science Professional Certificate,IBM / Coursera,2026-07-16,,https://www.coursera.org/professional-certificates/ibm-data-science,2026-08-30 21:15:00
f7d69507-0be1-5c07-5264-825a1d22ba94,3086de11-1615-ebff-8bb4-5e4f77d65c95,Docker Certified Associate,Docker / Mirantis,2025-11-17,,https://training.mirantis.com/,2026-08-24 17:04:00
cae42a29-d5f0-896f-cdc3-ff603d701073,3086de11-1615-ebff-8bb4-5e4f77d65c95,AWS Certified Solutions Architect – Associate,Amazon Web Services,2024-11-05,2027-11-05,https://aws.amazon.com/certification/certified-solutions-architect-associate/,2026-08-24 17:04:00
4828d40a-1d5b-ab2d-5a58-840db4535eac,2586f596-c012-6c32-97f2-29cb300a9866,IBM Data Science Professional Certificate,IBM / Coursera,2025-07-10,,https://www.coursera.org/professional-certificates/ibm-data-science,2026-09-10 17:49:00
24cb3f3a-86b9-003c-8458-4770f9c7659a,2586f596-c012-6c32-97f2-29cb300a9866,AWS Certified Cloud Practitioner,Amazon Web Services,2026-05-30,2029-05-29,https://aws.amazon.com/certification/certified-cloud-practitioner/,2026-09-10 17:49:00
bd527015-240f-1ecd-9672-ebf776c9a9f0,790f4bcb-c667-3f05-d06d-ee7d29afd897,Machine Learning Specialization,DeepLearning.AI / Coursera,2025-04-15,,https://www.coursera.org/specializations/machine-learning-introduction,2026-08-21 18:01:00
82b17ba9-72b7-cb75-6660-6bfda4a13919,bfe4027c-e85f-642e-18d2-df311f6fb15c,IBM Data Science Professional Certificate,IBM / Coursera,2025-08-03,,https://www.coursera.org/professional-certificates/ibm-data-science,2026-09-10 17:26:00
0d4b773d-41b5-1cb3-89f7-2ae227aacf0c,22b1b33c-2ce2-c385-0afd-565be34b213a,Certified Ethical Hacker (CEH),EC-Council,2024-09-22,2027-09-22,https://www.eccouncil.org/train-certify/certified-ethical-hacker-ceh/,2026-07-21 08:45:00
e4b858d5-0306-4330-6812-4230d9187ffb,22b1b33c-2ce2-c385-0afd-565be34b213a,AWS Certified Solutions Architect – Associate,Amazon Web Services,2025-04-18,2028-04-17,https://aws.amazon.com/certification/certified-solutions-architect-associate/,2026-07-21 08:45:00
f0238f8c-8423-73b7-6cbc-01b685feb48d,d5e59cca-bc6e-86fc-4fc9-b3de4f4fc9da,IBM Data Science Professional Certificate,IBM / Coursera,2025-09-27,,https://www.coursera.org/professional-certificates/ibm-data-science,2026-07-21 15:37:00
7abd22f6-b86c-62d3-8790-f92133051f8e,d5e59cca-bc6e-86fc-4fc9-b3de4f4fc9da,Microsoft Certified: Power BI Data Analyst Associate (PL-300),Microsoft,2023-11-28,,https://learn.microsoft.com/en-us/credentials/certifications/data-analyst-associate/,2026-07-21 15:37:00
383c8481-b796-397a-aae4-e5c434622eb0,8cd92275-3a9f-f69c-a77c-2059596ac0c1,Deep Learning Specialization,DeepLearning.AI / Coursera,2024-01-11,,https://www.coursera.org/specializations/deep-learning,2026-09-19 00:44:00
c3c9082b-b1bd-38e5-742b-0d0b85f14cf0,8cd92275-3a9f-f69c-a77c-2059596ac0c1,Machine Learning Specialization,DeepLearning.AI / Coursera,2026-04-11,,https://www.coursera.org/specializations/machine-learning-introduction,2026-09-19 00:44:00
e8cf5e2c-da69-0044-4902-a28f09c9b168,264abbc2-86d4-ca94-6610-c6890b54251b,Certified Kubernetes Administrator (CKA),CNCF / Linux Foundation,2025-05-21,2028-05-20,https://training.linuxfoundation.org/certification/certified-kubernetes-administrator-cka/,2026-07-09 02:09:00
2846e8bc-1791-b40b-eb67-0bee9e8c8127,eebbf8ed-0d40-d06e-3d0b-6888b5f7fad9,IBM Data Science Professional Certificate,IBM / Coursera,2025-02-14,,https://www.coursera.org/professional-certificates/ibm-data-science,2026-08-17 17:56:00
39c7ea24-d3e4-1272-0428-58326590d9cc,eebbf8ed-0d40-d06e-3d0b-6888b5f7fad9,Certified Kubernetes Administrator (CKA),CNCF / Linux Foundation,2025-11-07,2028-11-06,https://training.linuxfoundation.org/certification/certified-kubernetes-administrator-cka/,2026-08-17 17:56:00
96cae7b3-26c6-b7f0-23de-a84ca56e1ed6,eebbf8ed-0d40-d06e-3d0b-6888b5f7fad9,Microsoft Certified: Power BI Data Analyst Associate (PL-300),Microsoft,2025-02-06,,https://learn.microsoft.com/en-us/credentials/certifications/data-analyst-associate/,2026-08-17 17:56:00
c1a1a5a3-0746-36be-dea2-3ea38accb2c5,fe1e24d1-0726-dae1-f9d2-3ba6627dfd4c,Certified Kubernetes Administrator (CKA),CNCF / Linux Foundation,2025-04-30,2028-04-29,https://training.linuxfoundation.org/certification/certified-kubernetes-administrator-cka/,2026-07-15 21:50:00
6a82b8c0-ee9c-8ae5-a45b-c37f108ea5d8,6afdc4e9-1696-191f-0a8e-e64ad0eef6f5,Certified Kubernetes Administrator (CKA),CNCF / Linux Foundation,2025-12-15,2028-12-14,https://training.linuxfoundation.org/certification/certified-kubernetes-administrator-cka/,2026-09-12 09:01:00
d64dbdbd-0913-777d-477e-ff890f8faaae,1773ccae-ce93-b652-c94b-d997520ae8ff,Tableau Desktop Specialist,Tableau / Salesforce,2025-07-26,,https://www.tableau.com/learn/certification,2026-07-24 03:06:00
0845e686-fdc9-9894-900a-c850bca72249,6f0a28e3-3877-67f3-b9fd-00f8bfa3bd0c,Microsoft Certified: Azure Fundamentals (AZ-900),Microsoft,2024-02-20,,https://learn.microsoft.com/en-us/credentials/certifications/azure-fundamentals/,2026-08-22 16:13:00
ffb6c4d7-219c-5a04-cb0b-b835494ab70a,ae950f36-3dc7-94ea-06e4-fd3560d26ff0,Google Data Analytics Professional Certificate,Google / Coursera,2026-07-24,,https://www.coursera.org/professional-certificates/google-data-analytics,2026-08-29 08:21:00
1f842954-be60-6c18-cf97-0d979a95cfb0,ae950f36-3dc7-94ea-06e4-fd3560d26ff0,Machine Learning Specialization,DeepLearning.AI / Coursera,2024-05-23,,https://www.coursera.org/specializations/machine-learning-introduction,2026-08-29 08:21:00
e6088658-4c3d-abe8-7934-df1275448abc,c8ad3915-1da0-d9cc-b67b-d592f30eac2e,Meta Back-End Developer Professional Certificate,Meta / Coursera,2026-07-24,,https://www.coursera.org/professional-certificates/meta-back-end-developer,2026-07-28 16:30:00
b9c1e97c-3bbc-1c5e-96cb-e3371eef423d,c8ad3915-1da0-d9cc-b67b-d592f30eac2e,Docker Certified Associate,Docker / Mirantis,2025-09-02,,https://training.mirantis.com/,2026-07-28 16:30:00
485f8b17-0714-85e2-0331-624cf65f9736,f72cc5bb-d318-b691-6a2d-8b61689b054f,PCEP – Certified Entry-Level Python Programmer,Python Institute,2025-02-10,,https://pythoninstitute.org/pcep,2026-09-04 18:40:00
a0f85c3c-37f7-bac5-209e-b49c1befdad3,f72cc5bb-d318-b691-6a2d-8b61689b054f,Microsoft Certified: Azure Fundamentals (AZ-900),Microsoft,2025-04-21,,https://learn.microsoft.com/en-us/credentials/certifications/azure-fundamentals/,2026-09-04 18:40:00
df83146b-b3aa-094f-8e03-26fb4baef6f5,f72cc5bb-d318-b691-6a2d-8b61689b054f,Google Cybersecurity Professional Certificate,Google / Coursera,2025-03-28,,https://www.coursera.org/professional-certificates/google-cybersecurity,2026-09-04 18:40:00
7b8bd8cc-2669-42be-87ac-667cbdf6ae75,45bb827c-0c51-84db-4866-fe0ee9500752,Deep Learning Specialization,DeepLearning.AI / Coursera,2026-01-13,,https://www.coursera.org/specializations/deep-learning,2026-08-29 03:21:00
3051b02b-4082-c0c4-a363-afe2e1a794ee,af6f88c9-175d-92e7-d457-dc91d4b1ff94,Google Data Analytics Professional Certificate,Google / Coursera,2024-08-14,,https://www.coursera.org/professional-certificates/google-data-analytics,2026-08-06 22:18:00
fc5c0d3b-463c-2f50-fe48-68acf44dbaff,35737374-4ab0-eb41-6525-6e43523d787a,IBM Data Science Professional Certificate,IBM / Coursera,2026-06-04,,https://www.coursera.org/professional-certificates/ibm-data-science,2026-09-06 15:29:00
195a78b9-dd6c-1e40-5cc4-e3f54a685bfb,35737374-4ab0-eb41-6525-6e43523d787a,CompTIA Security+,CompTIA,2026-01-15,2029-01-14,https://www.comptia.org/certifications/security,2026-09-06 15:29:00
efda6c9a-c00e-8a74-f3c4-7fed7d894514,f3db088e-ca1c-f948-09bb-ed2b92f143c6,Google Cybersecurity Professional Certificate,Google / Coursera,2026-03-27,,https://www.coursera.org/professional-certificates/google-cybersecurity,2026-08-01 21:09:00
005d0d9b-7848-0fe2-0a7c-68214bead0df,0e3eccbc-5267-974b-a651-351f35a0adb1,Microsoft Certified: Azure Fundamentals (AZ-900),Microsoft,2024-01-04,,https://learn.microsoft.com/en-us/credentials/certifications/azure-fundamentals/,2026-09-04 22:34:00
a17033d3-7891-8896-f81e-0cfa990c04fa,f4542ed7-88b0-b792-0d88-ba9a642c0213,Google Data Analytics Professional Certificate,Google / Coursera,2025-01-28,,https://www.coursera.org/professional-certificates/google-data-analytics,2026-07-13 12:33:00
f34c640f-f836-550c-8ca6-8e620d775837,607ffa2d-655e-d3d0-1645-dd4eacf6eaf7,Microsoft Certified: Power BI Data Analyst Associate (PL-300),Microsoft,2024-06-13,,https://learn.microsoft.com/en-us/credentials/certifications/data-analyst-associate/,2026-08-16 14:04:00
7f3ba868-8380-0a74-7829-6d03d0768bee,3015bc74-41c2-a9c6-a36b-0f0beefdd951,Microsoft Certified: Azure Fundamentals (AZ-900),Microsoft,2026-05-26,,https://learn.microsoft.com/en-us/credentials/certifications/azure-fundamentals/,2026-07-20 07:45:00
be8640de-48a2-ca32-7493-4a39e3863997,3015bc74-41c2-a9c6-a36b-0f0beefdd951,Meta Back-End Developer Professional Certificate,Meta / Coursera,2025-10-24,,https://www.coursera.org/professional-certificates/meta-back-end-developer,2026-07-20 07:45:00
1d8a3ad5-ef7a-be9f-0721-c3acf274de9c,43a4c0b6-bf2c-11e5-9fb1-d4e1094748b8,"Oracle Certified Associate, Java SE Programmer",Oracle,2024-10-06,,https://education.oracle.com/,2026-09-05 18:05:00
5cad82fb-1c0d-e8cb-fd8b-5fc515e135fa,131802cb-7e24-602a-8d64-ea16f24fcf74,AWS Certified Solutions Architect – Associate,Amazon Web Services,2026-02-14,2029-02-13,https://aws.amazon.com/certification/certified-solutions-architect-associate/,2026-08-05 14:20:00
85e8a1b0-3275-5df1-59ae-09679b8dcb55,60393a97-cd0a-92c5-aee9-d23d795a4ba1,Google Data Analytics Professional Certificate,Google / Coursera,2025-05-20,,https://www.coursera.org/professional-certificates/google-data-analytics,2026-07-20 06:11:00
ed6f7aea-0fc9-e553-5044-9303af2c2069,c0e1a764-204d-72b2-2aff-0e25ee24a076,Certified Ethical Hacker (CEH),EC-Council,2026-01-17,2029-01-16,https://www.eccouncil.org/train-certify/certified-ethical-hacker-ceh/,2026-07-19 00:30:00
d94c366b-9a04-7b3c-ecf6-ecac7df99f96,c0e1a764-204d-72b2-2aff-0e25ee24a076,PCEP – Certified Entry-Level Python Programmer,Python Institute,2025-04-02,,https://pythoninstitute.org/pcep,2026-07-19 00:30:00
2df4902f-ee39-58d7-7ae4-cff31f5b439d,c0e1a764-204d-72b2-2aff-0e25ee24a076,CompTIA Security+,CompTIA,2025-06-20,2028-06-19,https://www.comptia.org/certifications/security,2026-07-19 00:30:00
7f6481f7-64dc-4c3f-17c2-ec569f58db72,dc11bc59-80bd-c087-719b-354ec02dfe8a,AWS Certified Solutions Architect – Associate,Amazon Web Services,2025-10-03,2028-10-02,https://aws.amazon.com/certification/certified-solutions-architect-associate/,2026-08-25 11:48:00
dafea6c3-5b8f-0621-2411-fdebe1e3f5f5,ba23647d-0954-0ccf-74c2-ac30e9f2c942,PCEP – Certified Entry-Level Python Programmer,Python Institute,2026-03-31,,https://pythoninstitute.org/pcep,2026-07-21 17:00:00
99cc404f-afa2-8555-3a3a-c4d9da2bcd26,48d5b7a8-6b0b-4c97-7570-bf823574fd85,Google Cloud Digital Leader,Google Cloud,2024-05-19,2027-05-19,https://cloud.google.com/learn/certification/cloud-digital-leader,2026-07-27 18:06:00
af74ca71-0fd1-0c5c-a48c-802547ffa6d6,48d5b7a8-6b0b-4c97-7570-bf823574fd85,PCEP – Certified Entry-Level Python Programmer,Python Institute,2024-01-17,,https://pythoninstitute.org/pcep,2026-07-27 18:06:00
6543c002-f027-b395-4b4a-918d69278abe,ba65a9c8-ba7b-04b4-2532-33167f913ecc,"Oracle Certified Associate, Java SE Programmer",Oracle,2026-06-14,,https://education.oracle.com/,2026-07-01 14:04:00
3abaef62-cef8-f2ea-a79c-2911fd44f543,7f3d5958-9b86-15b9-b59c-044618ec8622,AWS Certified Cloud Practitioner,Amazon Web Services,2026-06-07,2029-06-06,https://aws.amazon.com/certification/certified-cloud-practitioner/,2026-08-22 14:14:00
7170dffe-8b20-752d-daa5-dc5322d95a6f,64553fcb-7ceb-cf32-add5-795acb6fc5ee,AWS Certified Cloud Practitioner,Amazon Web Services,2025-08-08,2028-08-07,https://aws.amazon.com/certification/certified-cloud-practitioner/,2026-09-10 03:56:00
909dc8e6-5087-8061-b8f0-19b6318af18d,64553fcb-7ceb-cf32-add5-795acb6fc5ee,Docker Certified Associate,Docker / Mirantis,2024-11-28,,https://training.mirantis.com/,2026-09-10 03:56:00
8f121c2a-08a1-f7db-b0d3-357c91c952ed,9ea872ed-b0f7-00de-ad61-0cd8bd47ab0c,Certified Kubernetes Administrator (CKA),CNCF / Linux Foundation,2026-06-13,2029-06-12,https://training.linuxfoundation.org/certification/certified-kubernetes-administrator-cka/,2026-09-13 22:07:00
a41bd24d-e4c9-bec6-e71d-c9f97b1cb6da,0443bded-a19d-8c8d-ad72-dff7bbe6f666,Docker Certified Associate,Docker / Mirantis,2024-10-05,,https://training.mirantis.com/,2026-09-15 23:37:00
5e5342a5-ab4c-abe3-e369-f0846d4aff05,17cc431d-778a-ee6b-1674-1ef7f2dcf632,Meta Back-End Developer Professional Certificate,Meta / Coursera,2026-07-20,,https://www.coursera.org/professional-certificates/meta-back-end-developer,2026-07-01 17:40:00
329eda70-894f-9c6e-45f3-9ca413960edd,17cc431d-778a-ee6b-1674-1ef7f2dcf632,Google Data Analytics Professional Certificate,Google / Coursera,2025-04-05,,https://www.coursera.org/professional-certificates/google-data-analytics,2026-07-01 17:40:00
84ab7252-bf69-8520-ca73-28f3167fd8f4,4e5081a0-f569-825c-7f43-4d4731e04c26,Machine Learning Specialization,DeepLearning.AI / Coursera,2024-02-29,,https://www.coursera.org/specializations/machine-learning-introduction,2026-07-13 14:34:00
35ebf4ed-b9d1-95f6-0df2-e045083b5af7,48e9e7f6-6a91-ae6b-644e-08c83bac5b5f,"Oracle Certified Associate, Java SE Programmer",Oracle,2023-11-21,,https://education.oracle.com/,2026-09-02 16:15:00
b74b6c40-255b-1966-a6d9-62496cfa5be0,0c531a63-5271-b1b3-8dbf-948399a30097,Google Data Analytics Professional Certificate,Google / Coursera,2024-05-02,,https://www.coursera.org/professional-certificates/google-data-analytics,2026-08-05 18:15:00
a3be0660-41ec-59e5-8962-b4d3f25f8047,0c531a63-5271-b1b3-8dbf-948399a30097,Certified Kubernetes Administrator (CKA),CNCF / Linux Foundation,2024-01-10,2027-01-09,https://training.linuxfoundation.org/certification/certified-kubernetes-administrator-cka/,2026-08-05 18:15:00
b8088a12-ddf0-e985-9f42-69b0fba5f90f,0c531a63-5271-b1b3-8dbf-948399a30097,AWS Certified Solutions Architect – Associate,Amazon Web Services,2024-06-13,2027-06-13,https://aws.amazon.com/certification/certified-solutions-architect-associate/,2026-08-05 18:15:00
133270cd-6be4-849d-4931-6f113d6e8b66,d51a5203-c806-4534-bb26-438814a6f6ee,Google Data Analytics Professional Certificate,Google / Coursera,2025-09-06,,https://www.coursera.org/professional-certificates/google-data-analytics,2026-07-07 12:32:00
bbc548e8-0b53-834a-a584-4954cd049016,31bf40ae-bd0c-97f4-0850-49a7dffd1592,Certified Kubernetes Administrator (CKA),CNCF / Linux Foundation,2025-02-05,2028-02-05,https://training.linuxfoundation.org/certification/certified-kubernetes-administrator-cka/,2026-08-16 01:39:00
b89fc83e-fa5c-cc1e-9c81-73ee470c0cd2,bb761b00-24ba-d336-0c30-d69b8ac4a58f,AWS Certified Solutions Architect – Associate,Amazon Web Services,2026-06-02,2029-06-01,https://aws.amazon.com/certification/certified-solutions-architect-associate/,2026-09-19 19:16:00
e2c2e10d-be22-abe1-fae1-a71fd446d065,e88d7fa5-182f-e053-2545-61feaffeb92a,"Oracle Certified Associate, Java SE Programmer",Oracle,2024-03-10,,https://education.oracle.com/,2026-07-16 09:45:00
24da2d13-be8f-67d7-8aa2-b0b7d810f384,68362e64-d168-5cfe-377d-9c21f486fddf,PCEP – Certified Entry-Level Python Programmer,Python Institute,2026-05-24,,https://pythoninstitute.org/pcep,2026-09-17 03:57:00
63657c07-de3b-b3e4-cfed-fa8c9b152f7e,e609dae1-2619-5849-c09b-404901b56e37,Docker Certified Associate,Docker / Mirantis,2026-01-23,,https://training.mirantis.com/,2026-07-26 09:34:00
8abfb7ea-edb0-deaf-b2a6-cb4b93c98b7a,e609dae1-2619-5849-c09b-404901b56e37,Machine Learning Specialization,DeepLearning.AI / Coursera,2024-12-13,,https://www.coursera.org/specializations/machine-learning-introduction,2026-07-26 09:34:00
1f26bda5-1aeb-c8b5-c04c-2187b8126fe5,00e321b3-7db1-c4d0-6e0a-8ffbc3f1e722,freeCodeCamp Responsive Web Design,freeCodeCamp,2025-10-02,,https://www.freecodecamp.org/learn/2022/responsive-web-design/,2026-08-03 18:03:00
a471fd6d-cd42-5733-2b27-937699c30c1b,00e321b3-7db1-c4d0-6e0a-8ffbc3f1e722,Meta Back-End Developer Professional Certificate,Meta / Coursera,2026-05-23,,https://www.coursera.org/professional-certificates/meta-back-end-developer,2026-08-03 18:03:00
318c23df-446a-06d1-8607-2036924e9c4c,e7b0007c-89e5-e97d-f57e-d897f035e9b7,AWS Certified Cloud Practitioner,Amazon Web Services,2024-12-25,2027-12-25,https://aws.amazon.com/certification/certified-cloud-practitioner/,2026-09-08 03:28:00
0dc68897-879c-82b9-0c06-e0dd48473e0d,79b7417a-69ab-2312-00d2-2ddc6fbd6216,Docker Certified Associate,Docker / Mirantis,2026-04-10,,https://training.mirantis.com/,2026-09-09 19:29:00
86105c78-9a35-47f4-ad02-1e8af1141d16,79b7417a-69ab-2312-00d2-2ddc6fbd6216,PCEP – Certified Entry-Level Python Programmer,Python Institute,2026-08-02,,https://pythoninstitute.org/pcep,2026-09-09 19:29:00
601e8a9b-1344-920e-9599-685a0833302a,5a1a0bd1-a099-25b1-4af8-704310189ff6,Meta Back-End Developer Professional Certificate,Meta / Coursera,2025-08-14,,https://www.coursera.org/professional-certificates/meta-back-end-developer,2026-08-23 07:28:00
6d595ae8-cc91-3c95-cd1e-cb1e318c47fe,0cb5a798-610a-fa6c-4a6c-d9cb0f2fba7e,Machine Learning Specialization,DeepLearning.AI / Coursera,2026-06-27,,https://www.coursera.org/specializations/machine-learning-introduction,2026-08-03 23:18:00
4f712f2f-5842-56d6-88a6-0caff7a57f2a,c022e018-b2bc-03a8-08c8-48d7b6ca91b6,AWS Certified Cloud Practitioner,Amazon Web Services,2026-02-02,2029-02-01,https://aws.amazon.com/certification/certified-cloud-practitioner/,2026-08-26 23:37:00
fdcc0db7-a4eb-15e3-633f-220c77d06087,c022e018-b2bc-03a8-08c8-48d7b6ca91b6,Machine Learning Specialization,DeepLearning.AI / Coursera,2024-06-25,,https://www.coursera.org/specializations/machine-learning-introduction,2026-08-26 23:37:00
8dfb446d-25dc-fadf-8a30-9ba2454d1e8e,def7bc35-65a6-3885-5338-1a0c8829dd60,AWS Certified Solutions Architect – Associate,Amazon Web Services,2026-07-22,2029-07-21,https://aws.amazon.com/certification/certified-solutions-architect-associate/,2026-07-05 07:59:00
b29a059f-f5ea-3ffd-da94-726a35aeab5a,def7bc35-65a6-3885-5338-1a0c8829dd60,Certified Kubernetes Administrator (CKA),CNCF / Linux Foundation,2025-10-27,2028-10-26,https://training.linuxfoundation.org/certification/certified-kubernetes-administrator-cka/,2026-07-05 07:59:00
d11b8a12-a147-9ab2-efdd-b67e777df19f,b3a8c60b-33b1-a0cf-c9c6-f4512dda3fb8,Meta Back-End Developer Professional Certificate,Meta / Coursera,2024-10-01,,https://www.coursera.org/professional-certificates/meta-back-end-developer,2026-07-01 10:43:00
9749715a-a593-824a-11c9-0c493dd0fe72,63192eae-e155-28d2-f604-cdecfd88dfd2,Splunk Core Certified User,Splunk,2026-06-23,,https://www.splunk.com/en_us/training/certification-track/splunk-core-certified-user.html,2026-08-23 13:33:00
07b9a5e4-6063-1a75-74f4-3107a3203ded,7d74a0e1-331c-4885-4fb3-0a6a2a52d206,Microsoft Certified: Azure Fundamentals (AZ-900),Microsoft,2026-05-18,,https://learn.microsoft.com/en-us/credentials/certifications/azure-fundamentals/,2026-07-19 12:53:00
30785c6c-8ca9-78d9-a071-090ddf8ef288,ea2e079e-29be-a159-5afd-12896eb9a3fc,Google Cybersecurity Professional Certificate,Google / Coursera,2024-03-20,,https://www.coursera.org/professional-certificates/google-cybersecurity,2026-09-09 06:00:00
e106ce59-3094-5ee4-9a90-5e051931ddc9,f66ea954-62a6-a2cc-1d0e-73b63b7c99f5,Google Data Analytics Professional Certificate,Google / Coursera,2023-11-18,,https://www.coursera.org/professional-certificates/google-data-analytics,2026-08-12 18:26:00
9715e339-c975-14e7-55bd-9d7c0b7cdf7e,b483ffd8-0105-19dd-72f7-73d1272f275f,Meta Front-End Developer Professional Certificate,Meta / Coursera,2024-11-03,,https://www.coursera.org/professional-certificates/meta-front-end-developer,2026-07-14 12:41:00
8eff624e-3e0b-ae8a-207f-56cb0776d970,6a3b54b4-6d09-c6ba-8c55-efc01baee61b,PCEP – Certified Entry-Level Python Programmer,Python Institute,2026-02-17,,https://pythoninstitute.org/pcep,2026-08-24 02:01:00
ccb90cc5-0053-157e-97cb-9bc8e72d5565,2448671b-ed3f-d027-5b5e-c349f7b878a1,Tableau Desktop Specialist,Tableau / Salesforce,2026-03-29,,https://www.tableau.com/learn/certification,2026-08-16 21:05:00
0ac9c963-4b9a-8aba-6800-632ea0f38bdb,3a0c9eb0-1c32-7ec9-2882-df13d4331c17,Certified Ethical Hacker (CEH),EC-Council,2026-03-04,2029-03-03,https://www.eccouncil.org/train-certify/certified-ethical-hacker-ceh/,2026-09-16 10:09:00
c4ddbdc1-a59b-e4ff-d4dd-947db91bafae,5930c39a-713a-8674-b0ef-ad477de0c131,AWS Certified Cloud Practitioner,Amazon Web Services,2025-05-10,2028-05-09,https://aws.amazon.com/certification/certified-cloud-practitioner/,2026-07-21 03:21:00
24839b7e-6e94-c214-2201-f46a312aa065,8f14d0f9-6552-2f65-baa2-48a6c40d6efc,Meta Back-End Developer Professional Certificate,Meta / Coursera,2026-01-07,,https://www.coursera.org/professional-certificates/meta-back-end-developer,2026-09-04 18:08:00
4c1eb97f-0f04-a03a-e785-cb7d86df2420,8f14d0f9-6552-2f65-baa2-48a6c40d6efc,CompTIA Security+,CompTIA,2026-06-07,2029-06-06,https://www.comptia.org/certifications/security,2026-09-04 18:08:00
f93da93b-ba15-7b55-a32b-103c6610a183,b9c04371-8f46-ddc7-94de-77d5ccfd4453,Certified Kubernetes Administrator (CKA),CNCF / Linux Foundation,2024-09-26,2027-09-26,https://training.linuxfoundation.org/certification/certified-kubernetes-administrator-cka/,2026-08-19 18:58:00
59617b06-171a-3233-6fa7-e05645e6e501,92adafea-78b7-20ca-ac5f-91e90caec018,Deep Learning Specialization,DeepLearning.AI / Coursera,2026-04-01,,https://www.coursera.org/specializations/deep-learning,2026-08-16 09:13:00
86598ff4-9a09-55b4-62f8-aaff654c00a6,dbdc4b51-c507-f636-1631-8e967ebfd12b,HashiCorp Certified: Terraform Associate,HashiCorp,2026-02-26,2029-02-25,https://developer.hashicorp.com/certifications/infrastructure-automation,2026-07-05 08:50:00
184f58dc-7efe-1efb-0058-382ef53cda12,e26ab658-3bc2-320e-a0ee-087f85a94154,Meta Front-End Developer Professional Certificate,Meta / Coursera,2023-12-19,,https://www.coursera.org/professional-certificates/meta-front-end-developer,2026-09-02 03:20:00
2d868b05-ff81-fe7b-7c92-cece4f12702e,c8824ceb-3739-0ddd-efdb-7cf9fa4ef8d6,Docker Certified Associate,Docker / Mirantis,2026-03-25,,https://training.mirantis.com/,2026-09-18 05:51:00
c881a9d9-2476-1e3a-313d-3c55d63b4a34,c8824ceb-3739-0ddd-efdb-7cf9fa4ef8d6,freeCodeCamp Responsive Web Design,freeCodeCamp,2025-02-28,,https://www.freecodecamp.org/learn/2022/responsive-web-design/,2026-09-18 05:51:00
ea0e764c-32d9-d375-3981-affbabcbcf37,57bf16cb-a7cb-9856-d25d-c7144035f10b,Microsoft Certified: Azure Fundamentals (AZ-900),Microsoft,2026-07-09,,https://learn.microsoft.com/en-us/credentials/certifications/azure-fundamentals/,2026-07-29 18:22:00
b240be9c-9302-4d59-b7a0-d613465cbe21,66f9ac43-dda6-9c0d-886f-3838e4ccd79d,AWS Certified Solutions Architect – Associate,Amazon Web Services,2026-01-22,2029-01-21,https://aws.amazon.com/certification/certified-solutions-architect-associate/,2026-07-12 05:01:00
30b9a65f-eff2-24e5-6337-b55545f24652,66f9ac43-dda6-9c0d-886f-3838e4ccd79d,Machine Learning Specialization,DeepLearning.AI / Coursera,2026-01-14,,https://www.coursera.org/specializations/machine-learning-introduction,2026-07-12 05:01:00
0bc84981-dc13-2809-b40b-6f82936b12bc,dd757382-3ace-6c14-c01d-90f13e9f680c,Meta Front-End Developer Professional Certificate,Meta / Coursera,2025-09-26,,https://www.coursera.org/professional-certificates/meta-front-end-developer,2026-07-11 00:07:00
25cee737-da91-5e49-080f-fe32529968b9,4106b144-c814-bc2b-dcc7-bde69e02fe89,Microsoft Certified: Azure Fundamentals (AZ-900),Microsoft,2026-06-22,,https://learn.microsoft.com/en-us/credentials/certifications/azure-fundamentals/,2026-07-24 13:46:00
dc6c3f98-173a-a681-96e8-819717f69177,f46ff9b3-e1f7-14c3-18c2-b17a8a17c600,Machine Learning Specialization,DeepLearning.AI / Coursera,2026-07-25,,https://www.coursera.org/specializations/machine-learning-introduction,2026-08-08 05:37:00
c03ed0c4-bac8-fa88-2f9e-1e3610dc17f0,f46ff9b3-e1f7-14c3-18c2-b17a8a17c600,IBM Data Science Professional Certificate,IBM / Coursera,2026-04-15,,https://www.coursera.org/professional-certificates/ibm-data-science,2026-08-08 05:37:00
e6666d1f-bc54-df86-953e-7443a3b399d1,8fc7886a-be35-261e-67d8-5bb823311289,Meta Back-End Developer Professional Certificate,Meta / Coursera,2024-09-14,,https://www.coursera.org/professional-certificates/meta-back-end-developer,2026-08-02 10:55:00
6e6be126-4d35-fbd2-fb25-461273af71c9,daa1eaee-e103-9282-4a5e-e9a6c6d37f77,Machine Learning Specialization,DeepLearning.AI / Coursera,2025-03-04,,https://www.coursera.org/specializations/machine-learning-introduction,2026-08-31 03:35:00
bc0d6e4f-39a4-8673-4cb8-83079ef57a0e,add307e8-2e31-82a2-11db-f4bf862bb071,PCEP – Certified Entry-Level Python Programmer,Python Institute,2025-06-05,,https://pythoninstitute.org/pcep,2026-08-25 02:46:00
f25a7c79-a758-f560-dcc7-d9a5f92881a8,f2ff3ff9-fdfb-e42f-3e78-abef18a4693c,AWS Certified Solutions Architect – Associate,Amazon Web Services,2026-05-04,2029-05-03,https://aws.amazon.com/certification/certified-solutions-architect-associate/,2026-08-18 10:59:00
d7a81cb4-c909-140b-a832-6697e5ad57aa,f2ff3ff9-fdfb-e42f-3e78-abef18a4693c,Certified Kubernetes Administrator (CKA),CNCF / Linux Foundation,2025-08-17,2028-08-16,https://training.linuxfoundation.org/certification/certified-kubernetes-administrator-cka/,2026-08-18 10:59:00
5ae6175d-6eb4-e419-80d4-3c14de01804c,2d4c9704-0c41-02d3-84ee-5486532e6c80,Google Data Analytics Professional Certificate,Google / Coursera,2025-01-19,,https://www.coursera.org/professional-certificates/google-data-analytics,2026-07-02 13:14:00
3310056f-0496-841f-a8e8-c538445fae26,9de480b8-02c0-cd28-ca93-a46e6c360404,Machine Learning Specialization,DeepLearning.AI / Coursera,2024-06-05,,https://www.coursera.org/specializations/machine-learning-introduction,2026-08-17 02:08:00
cb1c0555-fd01-6d03-da96-ae9f98488229,e059525c-7d80-c074-4cc1-63eecb4972ae,Meta Back-End Developer Professional Certificate,Meta / Coursera,2024-11-14,,https://www.coursera.org/professional-certificates/meta-back-end-developer,2026-07-16 14:53:00
0b3b98e9-d361-1ef6-c005-4bb2ed8301cc,efa8af10-8fb1-6da2-0d11-548f61eae32c,Deep Learning Specialization,DeepLearning.AI / Coursera,2026-05-29,,https://www.coursera.org/specializations/deep-learning,2026-08-07 00:42:00
