project_id,profile_id,project_title,description,technologies,project_type,year_completed,created_at
a0ee89ae-d453-dd32-4b0d-bb418d5288f1,bd9c66b3-ad3c-2d6d-1a3d-1fa7bc8960a9,House Price Prediction,Trained regression models to predict Klang Valley property prices.,"{""Python"",""Machine Learning"",""Statistical Analysis""}",personal,2025,2026-07-13 05:09:00
a9488d99-0bbb-2599-11ce-5dd2b45ed1f0,bd9c66b3-ad3c-2d6d-1a3d-1fa7bc8960a9,Plant Disease Image Classifier,CNN model to detect leaf diseases from photos.,"{""Deep Learning"",""Python""}",competition,2025,2026-07-13 05:09:00
47294739-614f-f3d7-19db-3ad0ddd1dfb2,bd9c66b3-ad3c-2d6d-1a3d-1fa7bc8960a9,Student Performance Predictor,Predicted at-risk students from academic records.,"{""Machine Learning"",""Data Analysis"",""R""}",academic,2025,2026-07-13 05:09:00
1064005c-3985-c3cf-3f76-be1d1efa2197,c754108f-f418-8f3f-8a14-be62295b4715,Secure Login Module,"Implemented hashing, rate limiting and MFA for a web login.","{""Python"",""Flask"",""SQL""}",competition,2026,2026-07-02 05:26:00
122c9a56-01d7-4256-3860-2ab696a402f2,c754108f-f418-8f3f-8a14-be62295b4715,CTF Team Participation,Solved web and forensics challenges in a university CTF.,"{""Linux"",""Problem Solving"",""Teamwork""}",competition,2025,2026-07-02 05:26:00
ef8c485b-c07a-30f2-edd4-253b50f0fd0a,27a0c3d7-7c96-7f79-b7e9-9acaa97065e1,Retail Inventory Report Automation,Automated weekly inventory reporting from a SQL database.,"{""SQL"",""Excel""}",academic,2026,2026-09-14 03:30:00
e08596db-1d87-0966-0710-d430f071d879,cf8ebc5a-ccc5-6569-f9e8-a3692999b735,Linux Server Monitoring Scripts,"Bash scripts to monitor CPU, memory and disk usage.","{""Linux""}",competition,2025,2026-07-23 20:20:00
6f3f920c-98b8-e4cc-1bc0-44fc09cb3942,cf8ebc5a-ccc5-6569-f9e8-a3692999b735,Sentiment Analysis of Product Reviews,Classified Shopee product reviews using NLP techniques.,"{""Python"",""Natural Language Processing"",""Machine Learning""}",competition,2025,2026-07-23 20:20:00
629c2ae3-1d9a-f659-82ec-9f2dfbf6e16f,cf8ebc5a-ccc5-6569-f9e8-a3692999b735,CI/CD Pipeline for Web App,"Automated build, test and deploy with GitHub Actions and Docker.","{""Docker"",""Git"",""Linux""}",personal,2026,2026-07-23 20:20:00
464c04af-3d3f-3799-a072-95e97c0e8cd8,31c681ec-935f-2b0a-a138-4ddce2d9de5d,Azure-hosted Student Portal,Deployed a web portal to Azure App Service with a managed database.,"{""Azure"",""Cloud Computing"",""SQL""}",academic,2026,2026-07-20 07:23:00
e49d681d-51d8-7c64-55fa-1ab8458f1f19,31c681ec-935f-2b0a-a138-4ddce2d9de5d,Linux Server Monitoring Scripts,"Bash scripts to monitor CPU, memory and disk usage.","{""Linux""}",academic,2024,2026-07-20 07:23:00
b4d7e28e-271e-3ee2-b1a6-b1f1620e99d3,31c681ec-935f-2b0a-a138-4ddce2d9de5d,Serverless Image Resizer,Built an event-driven image pipeline on AWS Lambda and S3.,"{""AWS"",""Cloud Computing"",""Python""}",academic,2024,2026-07-20 07:23:00
13748146-32c5-bd89-b70b-3420f1043785,6bebac31-d4f8-fd72-f382-1cfdc083b73a,Inventory Tracker CLI,Command-line tool for small-business stock tracking.,"{""C++"",""Git""}",personal,2026,2026-07-04 03:24:00
c29cfc0c-fa02-eaec-96ef-2ad6b97e6703,e14eb70d-b380-c73a-989d-9d4ae15ca666,Campus Event Booking API,REST API for booking campus events with authentication.,"{""Python"",""FastAPI"",""SQL"",""Git""}",personal,2026,2026-07-25 11:55:00
2defe193-5c62-b3a2-3a3c-563e4bd6cee6,e14eb70d-b380-c73a-989d-9d4ae15ca666,Inventory Tracker CLI,Command-line tool for small-business stock tracking.,"{""C++"",""Git""}",academic,2025,2026-07-25 11:55:00
4ac9778d-8da8-eee4-0df5-6ac6f96b648a,e14eb70d-b380-c73a-989d-9d4ae15ca666,Library Management System,Desktop system for book loans and returns with a relational database.,"{""Java"",""SQL""}",academic,2025,2026-07-25 11:55:00
292bd156-db94-6570-1ac7-0ec0ab8ddeb4,b04d3376-77fc-9703-1fd5-a423706c5c56,Linux Server Monitoring Scripts,"Bash scripts to monitor CPU, memory and disk usage.","{""Linux""}",academic,2025,2026-09-04 03:25:00
c68a152f-db23-aa8c-3bca-bf85620a60ac,b495db4e-8245-6fb4-4ab7-706eb77350ca,Plant Disease Image Classifier,CNN model to detect leaf diseases from photos.,"{""Deep Learning"",""Python""}",academic,2026,2026-08-02 00:35:00
62d60e93-6198-5d54-cfb8-7e6fe9d68f23,b495db4e-8245-6fb4-4ab7-706eb77350ca,Club Management Web App,Web app for a student club to manage members and events.,"{""JavaScript"",""Flask"",""SQL"",""Teamwork""}",personal,2026,2026-08-02 00:35:00
9716108e-f721-69bb-8096-27182051acef,b495db4e-8245-6fb4-4ab7-706eb77350ca,House Price Prediction,Trained regression models to predict Klang Valley property prices.,"{""Python"",""Machine Learning"",""Statistical Analysis""}",personal,2024,2026-08-02 00:35:00
03edd1f8-74f9-3d17-e912-b4bf86a4bae4,b495db4e-8245-6fb4-4ab7-706eb77350ca,Personal Portfolio Website,Responsive portfolio site built with React.,"{""React"",""JavaScript""}",personal,2024,2026-08-02 00:35:00
03902c5d-6502-d6a2-ca6a-2224171e16cc,2303f6c6-d69d-42f1-ae4c-84ffa8c01f05,Serverless Image Resizer,Built an event-driven image pipeline on AWS Lambda and S3.,"{""AWS"",""Cloud Computing"",""Python""}",competition,2025,2026-08-26 10:08:00
431d029f-ac1e-86d8-bfbf-397bac3e7b0d,2303f6c6-d69d-42f1-ae4c-84ffa8c01f05,House Price Prediction,Trained regression models to predict Klang Valley property prices.,"{""Python"",""Machine Learning"",""Statistical Analysis""}",personal,2025,2026-08-26 10:08:00
72c22a16-79eb-4168-1045-56e5bee3eb79,a9ab364a-1777-e8cb-7468-5b98d2fe2fde,Campus Event Booking API,REST API for booking campus events with authentication.,"{""Python"",""FastAPI"",""SQL"",""Git""}",competition,2025,2026-07-07 20:23:00
8f9b72ae-d85c-16bd-6dda-4f8dcea60f4c,4140752c-aa44-8259-5001-8b7b6d4067f4,"Walter, Sales Dashboard",Built an interactive dashboard to track monthly sales KPIs.,"{""Power BI"",""Excel"",""Data Visualisation""}",competition,2024,2026-07-09 12:06:00
d4578ad9-a867-a096-edd8-77c89be71737,4140752c-aa44-8259-5001-8b7b6d4067f4,Weather Dashboard,Front-end app consuming a public weather API with charts.,"{""JavaScript"",""Data Visualisation""}",competition,2023,2026-07-09 12:06:00
ebe9e207-4f19-9ec0-c32d-4526b3e4110a,4140752c-aa44-8259-5001-8b7b6d4067f4,House Price Prediction,Trained regression models to predict Klang Valley property prices.,"{""Python"",""Machine Learning"",""Statistical Analysis""}",academic,2025,2026-07-09 12:06:00
7e7e7419-a0c1-4035-c5d9-5f51f387e1bd,b5a1b949-6788-4209-92ca-525a6de59332,Customer Churn Analysis,Cleaned and analysed telco customer data to identify churn drivers.,"{""Python"",""Data Analysis"",""Statistical Analysis""}",academic,2024,2026-08-11 14:51:00
9082889b-e1cd-e87f-ec95-5f87ae5ec365,b5a1b949-6788-4209-92ca-525a6de59332,Retail Inventory Report Automation,Automated weekly inventory reporting from a SQL database.,"{""SQL"",""Excel""}",competition,2026,2026-08-11 14:51:00
71348c2a-780b-3657-117b-355b70944bdb,b5a1b949-6788-4209-92ca-525a6de59332,Covid-19 Malaysia Data Explorer,Exploratory analysis of public MOH datasets with SQL and charts.,"{""SQL"",""Python"",""Data Visualisation""}",academic,2024,2026-08-11 14:51:00
3ccec76c-b836-c448-ad26-1ec55d42b9e9,b3ecb951-ab8c-bf97-20b7-1785d02ce0c1,Sentiment Analysis of Product Reviews,Classified Shopee product reviews using NLP techniques.,"{""Python"",""Natural Language Processing"",""Machine Learning""}",academic,2026,2026-08-25 02:21:00
4f3949a8-3d3a-2582-88b4-f4743be79df4,b3ecb951-ab8c-bf97-20b7-1785d02ce0c1,Weather Dashboard,Front-end app consuming a public weather API with charts.,"{""JavaScript"",""Data Visualisation""}",academic,2026,2026-08-25 02:21:00
3dba6da8-5844-f9fc-114b-9547c9dc72b8,c6b33fe6-1c76-bdf6-6c5a-6c93871c0884,CTF Team Participation,Solved web and forensics challenges in a university CTF.,"{""Linux"",""Problem Solving"",""Teamwork""}",academic,2026,2026-07-07 17:08:00
bff9507d-cd14-a03e-8359-9af65d01f55f,5e368127-cca1-b45c-1fdd-980a45f18619,Sentiment Analysis of Product Reviews,Classified Shopee product reviews using NLP techniques.,"{""Python"",""Natural Language Processing"",""Machine Learning""}",internship,2026,2026-08-19 20:34:00
3c6a3174-1136-34a5-2050-9c6208e895d7,5e368127-cca1-b45c-1fdd-980a45f18619,House Price Prediction,Trained regression models to predict Klang Valley property prices.,"{""Python"",""Machine Learning"",""Statistical Analysis""}",academic,2026,2026-08-19 20:34:00
0e2f8958-de43-1e06-e924-706980bbae52,5c8ac066-cb2f-afa3-2c91-3a7ca3404f08,Club Management Web App,Web app for a student club to manage members and events.,"{""JavaScript"",""Flask"",""SQL"",""Teamwork""}",academic,2025,2026-07-18 17:04:00
ef4afa88-5299-e505-2976-aab22a26f770,5c8ac066-cb2f-afa3-2c91-3a7ca3404f08,Personal Portfolio Website,Responsive portfolio site built with React.,"{""React"",""JavaScript""}",academic,2025,2026-07-18 17:04:00
5cce5ba9-31d4-ee09-8fd3-3afc91fdfa4f,f6729464-3f8e-a40a-6b0a-e0e39d896047,Covid-19 Malaysia Data Explorer,Exploratory analysis of public MOH datasets with SQL and charts.,"{""SQL"",""Python"",""Data Visualisation""}",internship,2023,2026-07-21 20:10:00
d3479a3b-479b-c637-8cc3-6f3bc3affcfe,f6729464-3f8e-a40a-6b0a-e0e39d896047,"Romero, Sales Dashboard",Built an interactive dashboard to track monthly sales KPIs.,"{""Power BI"",""Excel"",""Data Visualisation""}",personal,2026,2026-07-21 20:10:00
5f89ed12-64d6-dfbf-18c0-1e2bf99f0704,f6729464-3f8e-a40a-6b0a-e0e39d896047,Weather Dashboard,Front-end app consuming a public weather API with charts.,"{""JavaScript"",""Data Visualisation""}",academic,2024,2026-07-21 20:10:00
9a3b0319-32f5-7510-24ee-b4a6c14565c7,f6729464-3f8e-a40a-6b0a-e0e39d896047,Retail Inventory Report Automation,Automated weekly inventory reporting from a SQL database.,"{""SQL"",""Excel""}",competition,2025,2026-07-21 20:10:00
4588fc1b-b238-4849-8fe0-69b6eedaa802,9c2dfa97-43ad-3d62-b17c-fb21cdbc2c1c,Plant Disease Image Classifier,CNN model to detect leaf diseases from photos.,"{""Deep Learning"",""Python""}",competition,2026,2026-09-10 19:11:00
39c59df9-87f2-55d6-e7ba-26acab7a3d1c,9c2dfa97-43ad-3d62-b17c-fb21cdbc2c1c,E-commerce Store,"Full-stack store with cart, checkout and admin dashboard.","{""React"",""Node.js"",""SQL""}",academic,2025,2026-09-10 19:11:00
19bd4f93-78ef-7666-b7a4-c719548e1f6b,9c2dfa97-43ad-3d62-b17c-fb21cdbc2c1c,Personal Portfolio Website,Responsive portfolio site built with React.,"{""React"",""JavaScript""}",academic,2026,2026-09-10 19:11:00
27372b52-7a6a-2107-2231-9050f5159494,c1dd484a-aca5-8d95-915a-1c304b86b5a1,Plant Disease Image Classifier,CNN model to detect leaf diseases from photos.,"{""Deep Learning"",""Python""}",academic,2025,2026-08-25 02:35:00
705fddf5-66fa-dca0-0b53-1932bd9419aa,8a0f9508-dfe2-c0a0-a96b-3c42f6d22a7b,Secure Login Module,"Implemented hashing, rate limiting and MFA for a web login.","{""Python"",""Flask"",""SQL""}",academic,2025,2026-07-24 03:20:00
ea18d32c-7a9a-8ef5-c11b-d1c4ffe3f366,24f43c62-b523-c0de-db87-d29c4cfd0fc1,Customer Churn Analysis,Cleaned and analysed telco customer data to identify churn drivers.,"{""Python"",""Data Analysis"",""Statistical Analysis""}",academic,2026,2026-08-24 04:01:00
52555c75-8d55-119e-3d44-cb2cea45ba41,24f43c62-b523-c0de-db87-d29c4cfd0fc1,Retail Inventory Report Automation,Automated weekly inventory reporting from a SQL database.,"{""SQL"",""Excel""}",academic,2025,2026-08-24 04:01:00
cb80f288-446f-64dd-5abc-a6e5d0b1e3eb,f50d7a37-a44d-9fec-fd85-d7fa8ac97b01,Campus Event Booking API,REST API for booking campus events with authentication.,"{""Python"",""FastAPI"",""SQL"",""Git""}",competition,2026,2026-07-07 09:13:00
b27e1442-fd7f-e973-3e42-df5b90a3fbbf,f50d7a37-a44d-9fec-fd85-d7fa8ac97b01,Inventory Tracker CLI,Command-line tool for small-business stock tracking.,"{""C++"",""Git""}",personal,2026,2026-07-07 09:13:00
4ab6821c-0328-c136-629e-f3d8dd1ca267,735741e5-fe1a-1ba9-c896-9c5b45f8c28d,Azure-hosted Student Portal,Deployed a web portal to Azure App Service with a managed database.,"{""Azure"",""Cloud Computing"",""SQL""}",competition,2026,2026-08-18 23:44:00
af70de70-2b69-c95e-8567-1b58926bffa5,735741e5-fe1a-1ba9-c896-9c5b45f8c28d,Serverless Image Resizer,Built an event-driven image pipeline on AWS Lambda and S3.,"{""AWS"",""Cloud Computing"",""Python""}",competition,2025,2026-08-18 23:44:00
1ac3bf31-7b96-e2d1-0649-bcf6ff69723d,ca6caf9b-0969-7101-8b2c-550a6b15c11b,Azure-hosted Student Portal,Deployed a web portal to Azure App Service with a managed database.,"{""Azure"",""Cloud Computing"",""SQL""}",academic,2025,2026-09-08 05:16:00
38749f3c-c2d4-9b56-cbbe-d98007e67cb0,2edc017e-1df0-5d18-4e2d-62553d131a3d,Linux Server Monitoring Scripts,"Bash scripts to monitor CPU, memory and disk usage.","{""Linux""}",academic,2026,2026-08-19 23:16:00
751303b9-c7de-96ea-2b0f-be4449e64c22,2edc017e-1df0-5d18-4e2d-62553d131a3d,CI/CD Pipeline for Web App,"Automated build, test and deploy with GitHub Actions and Docker.","{""Docker"",""Git"",""Linux""}",academic,2026,2026-08-19 23:16:00
71efe72a-ae13-591e-84fa-4c7239e7a4f1,c9ce44bd-7c3f-1add-da38-5db590eeb067,Customer Churn Analysis,Cleaned and analysed telco customer data to identify churn drivers.,"{""Python"",""Data Analysis"",""Statistical Analysis""}",academic,2026,2026-07-14 06:22:00
81b13b80-65e1-b0f5-ca0e-e8c4f2dcb12b,d90f74e9-06dd-f6ca-b0c3-0a59f0f7ad22,Hopkins Sales Dashboard,Built an interactive dashboard to track monthly sales KPIs.,"{""Power BI"",""Excel"",""Data Visualisation""}",academic,2025,2026-09-17 02:23:00
1519fd38-66fb-a71d-b3a9-dcaa6c6f6d2e,d90f74e9-06dd-f6ca-b0c3-0a59f0f7ad22,Retail Inventory Report Automation,Automated weekly inventory reporting from a SQL database.,"{""SQL"",""Excel""}",competition,2026,2026-09-17 02:23:00
f6d70248-a995-ecc3-6f5b-09a60ff1c51f,01a1fb0f-268b-84b6-3ec0-a285cbc4ec0e,Home Network Vulnerability Scan,Scanned and hardened a home lab network; documented findings.,"{""Linux"",""Research Skills""}",internship,2026,2026-07-04 16:57:00
d259f960-6ee3-5607-92ea-1324ec93e596,67863fb3-f3bc-9a71-07f4-fee52c82989f,Herrera Sales Dashboard,Built an interactive dashboard to track monthly sales KPIs.,"{""Power BI"",""Excel"",""Data Visualisation""}",academic,2025,2026-09-11 03:46:00
5a9c0679-2c3d-17e2-6d39-da75aee70ab2,67863fb3-f3bc-9a71-07f4-fee52c82989f,Covid-19 Malaysia Data Explorer,Exploratory analysis of public MOH datasets with SQL and charts.,"{""SQL"",""Python"",""Data Visualisation""}",academic,2026,2026-09-11 03:46:00
08dec921-260c-b547-e228-0fe3722dce13,67863fb3-f3bc-9a71-07f4-fee52c82989f,Customer Churn Analysis,Cleaned and analysed telco customer data to identify churn drivers.,"{""Python"",""Data Analysis"",""Statistical Analysis""}",academic,2026,2026-09-11 03:46:00
7aa1c567-8cf9-eea9-e1fd-c6d169785221,67863fb3-f3bc-9a71-07f4-fee52c82989f,Retail Inventory Report Automation,Automated weekly inventory reporting from a SQL database.,"{""SQL"",""Excel""}",academic,2026,2026-09-11 03:46:00
f7164b73-c555-23ed-fe89-56c8d9cb3540,9d37efb6-eafb-3e90-54ec-84ce002ccb25,Inventory Tracker CLI,Command-line tool for small-business stock tracking.,"{""C++"",""Git""}",academic,2026,2026-07-23 20:02:00
7d3572cc-788f-d0cd-65c0-6b93c8edabdd,9d17d218-fc3b-0de5-9812-62ac5683ede0,Library Management System,Desktop system for book loans and returns with a relational database.,"{""Java"",""SQL""}",academic,2025,2026-07-04 23:43:00
61a66444-e2af-a629-5efb-336e2f546033,9d17d218-fc3b-0de5-9812-62ac5683ede0,Home Network Vulnerability Scan,Scanned and hardened a home lab network; documented findings.,"{""Linux"",""Research Skills""}",academic,2026,2026-07-04 23:43:00
39eb038a-436e-3c49-770e-09db7092d401,9d17d218-fc3b-0de5-9812-62ac5683ede0,Inventory Tracker CLI,Command-line tool for small-business stock tracking.,"{""C++"",""Git""}",academic,2025,2026-07-04 23:43:00
cee4e512-5802-b640-ab0b-4cc515f0ea19,9d17d218-fc3b-0de5-9812-62ac5683ede0,Campus Event Booking API,REST API for booking campus events with authentication.,"{""Python"",""FastAPI"",""SQL"",""Git""}",academic,2023,2026-07-04 23:43:00
5e4c4fd1-4623-63a9-32f8-dbabb462e3e8,d1403430-567e-642e-052d-fb9a5f584603,Sentiment Analysis of Product Reviews,Classified Shopee product reviews using NLP techniques.,"{""Python"",""Natural Language Processing"",""Machine Learning""}",academic,2026,2026-07-30 13:35:00
5f59fb4d-3def-a7ba-07d2-fd4dae61716a,d1403430-567e-642e-052d-fb9a5f584603,Student Performance Predictor,Predicted at-risk students from academic records.,"{""Machine Learning"",""Data Analysis"",""R""}",personal,2025,2026-07-30 13:35:00
87a37f10-61b5-12ed-ae42-3568de14553b,d0e656e5-9271-5f6e-fea8-2e3ab54401cb,Riley Sales Dashboard,Built an interactive dashboard to track monthly sales KPIs.,"{""Power BI"",""Excel"",""Data Visualisation""}",academic,2025,2026-08-31 07:55:00
9b0ada0b-9f6f-acc1-451d-38fe8532fc74,5bf7dda1-7d7c-59a5-e6c1-1650ff02f5b0,Adkins Sales Dashboard,Built an interactive dashboard to track monthly sales KPIs.,"{""Power BI"",""Excel"",""Data Visualisation""}",academic,2026,2026-07-30 16:39:00
485f7888-1e23-da4b-9e21-741fb8011026,5bf7dda1-7d7c-59a5-e6c1-1650ff02f5b0,Phishing Email Detector,Rule-based and ML approach to flag phishing emails.,"{""Python"",""Machine Learning""}",academic,2026,2026-07-30 16:39:00
282c6470-ef32-f72a-a4b5-c72302fb2869,0760801f-9c81-fc46-5bcd-236cc7774fae,CI/CD Pipeline for Web App,"Automated build, test and deploy with GitHub Actions and Docker.","{""Docker"",""Git"",""Linux""}",competition,2023,2026-07-18 01:29:00
52150ed8-7ddc-a413-c05d-b774132a5e58,0760801f-9c81-fc46-5bcd-236cc7774fae,Weather Dashboard,Front-end app consuming a public weather API with charts.,"{""JavaScript"",""Data Visualisation""}",personal,2024,2026-07-18 01:29:00
99bd6240-a853-5961-632d-03021a82833c,7e0f60b2-2a06-1609-e599-bd3c0bb81d38,Sentiment Analysis of Product Reviews,Classified Shopee product reviews using NLP techniques.,"{""Python"",""Natural Language Processing"",""Machine Learning""}",academic,2025,2026-08-03 05:51:00
33fd862d-4057-e470-be61-27a80351b09d,ceed0ffc-6c21-835d-d8e8-b97ce0a25901,Serverless Image Resizer,Built an event-driven image pipeline on AWS Lambda and S3.,"{""AWS"",""Cloud Computing"",""Python""}",academic,2026,2026-08-18 13:57:00
bd0b0fa2-8bee-f83f-96a0-6bf2c14ebd10,ceed0ffc-6c21-835d-d8e8-b97ce0a25901,Student Performance Predictor,Predicted at-risk students from academic records.,"{""Machine Learning"",""Data Analysis"",""R""}",academic,2026,2026-08-18 13:57:00
8ede9b46-407d-0aff-cb51-a9112d90e4ee,84517303-e94d-4fbe-0653-1d4748677b30,Inventory Tracker CLI,Command-line tool for small-business stock tracking.,"{""C++"",""Git""}",academic,2025,2026-09-01 10:29:00
20d2b528-5b6d-6b7c-54b2-a582f3981e9e,bab503fb-ddfc-d1d5-cb86-3deaf7222fbe,"Evans, Sales Dashboard",Built an interactive dashboard to track monthly sales KPIs.,"{""Power BI"",""Excel"",""Data Visualisation""}",academic,2026,2026-09-10 13:49:00
606cc2f5-2c81-6bf0-91f6-04068b5a8683,80499bbf-76f6-a778-2246-0ac94a7eebc2,Covid-19 Malaysia Data Explorer,Exploratory analysis of public MOH datasets with SQL and charts.,"{""SQL"",""Python"",""Data Visualisation""}",academic,2026,2026-09-03 09:21:00
84440504-13ed-280a-d5e1-4d1fe5f22dfb,80499bbf-76f6-a778-2246-0ac94a7eebc2,Customer Churn Analysis,Cleaned and analysed telco customer data to identify churn drivers.,"{""Python"",""Data Analysis"",""Statistical Analysis""}",competition,2026,2026-09-03 09:21:00
585409d9-de22-dc3f-d136-6db15a578607,80499bbf-76f6-a778-2246-0ac94a7eebc2,Anderson-Bailey Sales Dashboard,Built an interactive dashboard to track monthly sales KPIs.,"{""Power BI"",""Excel"",""Data Visualisation""}",competition,2025,2026-09-03 09:21:00
709d338b-2393-6d45-e1cc-ff0d8078636d,80499bbf-76f6-a778-2246-0ac94a7eebc2,Retail Inventory Report Automation,Automated weekly inventory reporting from a SQL database.,"{""SQL"",""Excel""}",competition,2024,2026-09-03 09:21:00
8e0eabb7-8f20-c5e7-5ec6-46eb2dc09158,6198b718-c4c7-aab4-ca20-508d7b6c7129,Serverless Image Resizer,Built an event-driven image pipeline on AWS Lambda and S3.,"{""AWS"",""Cloud Computing"",""Python""}",personal,2026,2026-08-24 13:34:00
8f026c2c-1b41-4999-8198-d1f56839f98f,ee462fcd-a829-907c-d9be-ccff33a315f3,Home Network Vulnerability Scan,Scanned and hardened a home lab network; documented findings.,"{""Linux"",""Research Skills""}",academic,2024,2026-09-05 02:36:00
a18c5492-74e0-079a-98fb-47279740b212,efd1b588-1054-b2d5-1876-35761a5ed196,Linux Server Monitoring Scripts,"Bash scripts to monitor CPU, memory and disk usage.","{""Linux""}",competition,2026,2026-09-09 10:50:00
8a27b0b0-7b4d-8646-58e0-058fe8af301f,efd1b588-1054-b2d5-1876-35761a5ed196,Club Management Web App,Web app for a student club to manage members and events.,"{""JavaScript"",""Flask"",""SQL"",""Teamwork""}",personal,2026,2026-09-09 10:50:00
180dc855-c55f-fde8-bc3e-1d1975f94230,ba23b07a-703c-1286-b717-14cd200291bb,Linux Server Monitoring Scripts,"Bash scripts to monitor CPU, memory and disk usage.","{""Linux""}",academic,2025,2026-07-03 01:50:00
efabcd73-4fe6-6636-f612-1d2cae7300eb,ba23b07a-703c-1286-b717-14cd200291bb,Serverless Image Resizer,Built an event-driven image pipeline on AWS Lambda and S3.,"{""AWS"",""Cloud Computing"",""Python""}",personal,2026,2026-07-03 01:50:00
4c7f03bb-a376-0c2d-7b31-dcdc40d91a8e,ba23b07a-703c-1286-b717-14cd200291bb,CI/CD Pipeline for Web App,"Automated build, test and deploy with GitHub Actions and Docker.","{""Docker"",""Git"",""Linux""}",competition,2025,2026-07-03 01:50:00
531350e0-6f25-37ce-a206-527c3c6841d6,ba23b07a-703c-1286-b717-14cd200291bb,Azure-hosted Student Portal,Deployed a web portal to Azure App Service with a managed database.,"{""Azure"",""Cloud Computing"",""SQL""}",academic,2025,2026-07-03 01:50:00
881af04f-3b23-feed-b9a4-de2b19e9e3a4,df9d3910-2dbb-45bd-2138-e2e6f013a170,Walsh Sales Dashboard,Built an interactive dashboard to track monthly sales KPIs.,"{""Power BI"",""Excel"",""Data Visualisation""}",competition,2026,2026-07-25 12:22:00
25e42403-64f2-502e-c94f-6ed34a2f3876,b3edd6ed-b089-4de4-e626-7164d3616b3a,Club Management Web App,Web app for a student club to manage members and events.,"{""JavaScript"",""Flask"",""SQL"",""Teamwork""}",academic,2026,2026-07-06 04:40:00
4e0fbae1-8787-c3f4-ec19-e4eb3f551740,9f7fae0c-7ba7-9d05-8c7e-29044237692a,Food Delivery Backend,"Microservice backend for order handling, containerised with Docker.","{""Node.js"",""Docker"",""SQL""}",academic,2024,2026-09-14 07:38:00
5afa0fb3-5a16-f9d9-af2f-077358c69158,9f7fae0c-7ba7-9d05-8c7e-29044237692a,Campus Event Booking API,REST API for booking campus events with authentication.,"{""Python"",""FastAPI"",""SQL"",""Git""}",academic,2024,2026-09-14 07:38:00
41f74651-a033-edad-0fdf-de19cfd835fc,9f7fae0c-7ba7-9d05-8c7e-29044237692a,Library Management System,Desktop system for book loans and returns with a relational database.,"{""Java"",""SQL""}",competition,2025,2026-09-14 07:38:00
f06b6c12-9c8b-9550-64e7-0f9a501a0ccf,3b1d0181-9cc3-c1f5-9129-bc759b08e5a8,Library Management System,Desktop system for book loans and returns with a relational database.,"{""Java"",""SQL""}",personal,2026,2026-07-12 08:29:00
c9739495-b440-b852-e033-500ea43262b3,3b1d0181-9cc3-c1f5-9129-bc759b08e5a8,Food Delivery Backend,"Microservice backend for order handling, containerised with Docker.","{""Node.js"",""Docker"",""SQL""}",competition,2026,2026-07-12 08:29:00
e0b62f90-0adb-c4ff-e0b5-5615d3b6ef1b,3b1d0181-9cc3-c1f5-9129-bc759b08e5a8,Campus Event Booking API,REST API for booking campus events with authentication.,"{""Python"",""FastAPI"",""SQL"",""Git""}",personal,2025,2026-07-12 08:29:00
8ec57d47-0a0c-64e5-bc34-1b4ffbdc532e,3b1d0181-9cc3-c1f5-9129-bc759b08e5a8,Personal Portfolio Website,Responsive portfolio site built with React.,"{""React"",""JavaScript""}",competition,2025,2026-07-12 08:29:00
0ee52f63-9caf-8df1-3584-5d71b221e1c5,da948e70-2537-41e4-0966-8d0859595d27,Secure Login Module,"Implemented hashing, rate limiting and MFA for a web login.","{""Python"",""Flask"",""SQL""}",personal,2024,2026-08-08 20:18:00
9ad2bb72-b04b-a584-b95c-ec2d7bd15655,da948e70-2537-41e4-0966-8d0859595d27,CTF Team Participation,Solved web and forensics challenges in a university CTF.,"{""Linux"",""Problem Solving"",""Teamwork""}",competition,2023,2026-08-08 20:18:00
feb9ea24-933c-8d00-8680-0a0b42791490,da948e70-2537-41e4-0966-8d0859595d27,Campus Event Booking API,REST API for booking campus events with authentication.,"{""Python"",""FastAPI"",""SQL"",""Git""}",personal,2025,2026-08-08 20:18:00
7f6bf62c-a1c1-6b96-baab-d9f2850b7073,da948e70-2537-41e4-0966-8d0859595d27,Home Network Vulnerability Scan,Scanned and hardened a home lab network; documented findings.,"{""Linux"",""Research Skills""}",competition,2026,2026-08-08 20:18:00
46d28109-495c-7ac8-314a-abdd33579b27,17b4e75b-e9d1-8ec2-33bc-b8a9c71d4564,Inventory Tracker CLI,Command-line tool for small-business stock tracking.,"{""C++"",""Git""}",academic,2026,2026-09-03 14:15:00
10e94dce-6241-cba3-7b7c-e7ccf950f7fa,c438eae0-b5d0-b595-a4f8-9e23af39f2ce,CI/CD Pipeline for Web App,"Automated build, test and deploy with GitHub Actions and Docker.","{""Docker"",""Git"",""Linux""}",academic,2025,2026-07-20 06:03:00
df6b9b3f-ff59-4778-49d9-3a08277e0fbc,4cbb7460-510c-8c48-e09e-f2a3ae77e249,Weather Dashboard,Front-end app consuming a public weather API with charts.,"{""JavaScript"",""Data Visualisation""}",academic,2025,2026-08-14 12:02:00
cf13cb3d-4ab0-5699-fd88-8cbda8049463,fbcbd6ec-86c2-ad8f-bb36-07b0baed6f49,Retail Inventory Report Automation,Automated weekly inventory reporting from a SQL database.,"{""SQL"",""Excel""}",competition,2024,2026-08-06 00:52:00
13ad3ead-816e-bf32-2077-5ce4151f62f9,fbcbd6ec-86c2-ad8f-bb36-07b0baed6f49,House Price Prediction,Trained regression models to predict Klang Valley property prices.,"{""Python"",""Machine Learning"",""Statistical Analysis""}",academic,2025,2026-08-06 00:52:00
db9c9b7c-4674-a0eb-47ed-c6dd9da4ec0f,fbcbd6ec-86c2-ad8f-bb36-07b0baed6f49,Home Network Vulnerability Scan,Scanned and hardened a home lab network; documented findings.,"{""Linux"",""Research Skills""}",academic,2024,2026-08-06 00:52:00
46c112a5-fec8-8839-ec35-c3de7414e3e1,96b6a287-ac00-f929-bbfb-f76c3de667f9,Home Network Vulnerability Scan,Scanned and hardened a home lab network; documented findings.,"{""Linux"",""Research Skills""}",academic,2026,2026-09-09 09:21:00
c6f06a71-46fc-4ff2-12f1-78bdc7de01a9,96b6a287-ac00-f929-bbfb-f76c3de667f9,Secure Login Module,"Implemented hashing, rate limiting and MFA for a web login.","{""Python"",""Flask"",""SQL""}",academic,2024,2026-09-09 09:21:00
974e8f83-d5d9-a385-2bb2-4cbc9c794cdb,638644e0-7d3e-5830-3d0d-5c8f97cb4585,House Price Prediction,Trained regression models to predict Klang Valley property prices.,"{""Python"",""Machine Learning"",""Statistical Analysis""}",academic,2026,2026-09-03 03:13:00
387770f0-9d99-d4c5-cc96-bf4398507072,638644e0-7d3e-5830-3d0d-5c8f97cb4585,Sentiment Analysis of Product Reviews,Classified Shopee product reviews using NLP techniques.,"{""Python"",""Natural Language Processing"",""Machine Learning""}",academic,2026,2026-09-03 03:13:00
bce8e033-fb70-fbf3-d5fd-46d7cfbfd796,638644e0-7d3e-5830-3d0d-5c8f97cb4585,Plant Disease Image Classifier,CNN model to detect leaf diseases from photos.,"{""Deep Learning"",""Python""}",personal,2025,2026-09-03 03:13:00
f3e816b5-a353-ea98-cb68-a34eca1fbff2,ad463549-bf41-13cb-32e1-5f176b47ed61,Inventory Tracker CLI,Command-line tool for small-business stock tracking.,"{""C++"",""Git""}",academic,2025,2026-07-30 12:45:00
8592a38f-db62-a1f7-6964-eb1616232e87,ad463549-bf41-13cb-32e1-5f176b47ed61,Library Management System,Desktop system for book loans and returns with a relational database.,"{""Java"",""SQL""}",competition,2025,2026-07-30 12:45:00
03b68657-4777-be21-7677-a166d644e9ae,ad463549-bf41-13cb-32e1-5f176b47ed61,Campus Event Booking API,REST API for booking campus events with authentication.,"{""Python"",""FastAPI"",""SQL"",""Git""}",competition,2026,2026-07-30 12:45:00
9425fc3a-6964-a112-55fc-0f2ba50939f1,86d4aba8-805f-0892-7c79-5dd973d12f3e,Personal Portfolio Website,Responsive portfolio site built with React.,"{""React"",""JavaScript""}",academic,2026,2026-08-08 00:25:00
87b8f95c-b265-a6c2-aa75-7eeb97e642d6,86d4aba8-805f-0892-7c79-5dd973d12f3e,Weather Dashboard,Front-end app consuming a public weather API with charts.,"{""JavaScript"",""Data Visualisation""}",academic,2025,2026-08-08 00:25:00
ca12ba49-e5f5-cdc8-21c7-c0f6913767ab,86d4aba8-805f-0892-7c79-5dd973d12f3e,Secure Login Module,"Implemented hashing, rate limiting and MFA for a web login.","{""Python"",""Flask"",""SQL""}",personal,2025,2026-08-08 00:25:00
ba5e4066-ce40-924a-29ee-29f449e3eb48,5b7e24ca-722b-4439-3869-d3c9d743b5a8,Azure-hosted Student Portal,Deployed a web portal to Azure App Service with a managed database.,"{""Azure"",""Cloud Computing"",""SQL""}",personal,2025,2026-07-26 04:54:00
160934d1-9912-5090-9651-6ec2d5e4157d,5b7e24ca-722b-4439-3869-d3c9d743b5a8,CI/CD Pipeline for Web App,"Automated build, test and deploy with GitHub Actions and Docker.","{""Docker"",""Git"",""Linux""}",personal,2024,2026-07-26 04:54:00
138ef8cc-ea81-04ad-75e2-c2fa6ad73453,f4852088-e97f-b025-a2e1-17986b65450b,Phishing Email Detector,Rule-based and ML approach to flag phishing emails.,"{""Python"",""Machine Learning""}",competition,2023,2026-09-07 06:48:00
5cd14b22-b0e8-b2fa-4fc3-4759592448ee,f4852088-e97f-b025-a2e1-17986b65450b,Home Network Vulnerability Scan,Scanned and hardened a home lab network; documented findings.,"{""Linux"",""Research Skills""}",academic,2026,2026-09-07 06:48:00
075cc8eb-4dff-c9aa-b5bb-abce2c15c4ad,f4852088-e97f-b025-a2e1-17986b65450b,CTF Team Participation,Solved web and forensics challenges in a university CTF.,"{""Linux"",""Problem Solving"",""Teamwork""}",competition,2025,2026-09-07 06:48:00
b023dbc3-2471-a957-b1b9-fd9ddb583dd9,f4852088-e97f-b025-a2e1-17986b65450b,Secure Login Module,"Implemented hashing, rate limiting and MFA for a web login.","{""Python"",""Flask"",""SQL""}",academic,2024,2026-09-07 06:48:00
4d8131f5-2719-bfdb-53b3-618bade05648,fa549893-e476-231a-ecdf-d364bdce7f65,Library Management System,Desktop system for book loans and returns with a relational database.,"{""Java"",""SQL""}",personal,2026,2026-08-13 15:50:00
7e000029-c47f-9b05-851b-5f38c0697f1d,fa549893-e476-231a-ecdf-d364bdce7f65,Campus Event Booking API,REST API for booking campus events with authentication.,"{""Python"",""FastAPI"",""SQL"",""Git""}",academic,2026,2026-08-13 15:50:00
4c1d2e43-0c2b-03e4-43e1-346d49902258,e90f4137-15be-bdd0-97b0-27ce4fe5c13b,Chambers Sales Dashboard,Built an interactive dashboard to track monthly sales KPIs.,"{""Power BI"",""Excel"",""Data Visualisation""}",competition,2024,2026-07-22 09:40:00
b7bba2aa-178a-8c73-f53b-a020be2de8c8,e90f4137-15be-bdd0-97b0-27ce4fe5c13b,Serverless Image Resizer,Built an event-driven image pipeline on AWS Lambda and S3.,"{""AWS"",""Cloud Computing"",""Python""}",academic,2026,2026-07-22 09:40:00
cd1a810d-9101-71d2-1138-978b45fb3e8a,e90f4137-15be-bdd0-97b0-27ce4fe5c13b,Customer Churn Analysis,Cleaned and analysed telco customer data to identify churn drivers.,"{""Python"",""Data Analysis"",""Statistical Analysis""}",competition,2025,2026-07-22 09:40:00
5e24296e-b736-3ad9-79a8-226b5ced7017,23fbc01f-d7be-7b4f-b967-6dc6d6fdd1a5,Linux Server Monitoring Scripts,"Bash scripts to monitor CPU, memory and disk usage.","{""Linux""}",academic,2024,2026-07-17 02:48:00
cc876b1c-a987-799b-bd4c-938cd76ac5a8,23fbc01f-d7be-7b4f-b967-6dc6d6fdd1a5,"Lee, Sales Dashboard",Built an interactive dashboard to track monthly sales KPIs.,"{""Power BI"",""Excel"",""Data Visualisation""}",competition,2024,2026-07-17 02:48:00
c5fae047-6f66-9013-869d-4cb7b7f5155a,690a7b80-af8d-888d-9811-70c1d8d2660e,Sentiment Analysis of Product Reviews,Classified Shopee product reviews using NLP techniques.,"{""Python"",""Natural Language Processing"",""Machine Learning""}",academic,2024,2026-08-03 14:55:00
e48623dd-6f8e-f978-5021-71bd8458526b,8e978ce1-1864-3b6a-12b3-c5eb41980029,Phishing Email Detector,Rule-based and ML approach to flag phishing emails.,"{""Python"",""Machine Learning""}",academic,2025,2026-08-30 21:05:00
0df81d2b-260c-037e-305d-0ef70d9ff83d,8e978ce1-1864-3b6a-12b3-c5eb41980029,Student Performance Predictor,Predicted at-risk students from academic records.,"{""Machine Learning"",""Data Analysis"",""R""}",academic,2026,2026-08-30 21:05:00
6fb9de37-7796-048f-b4b9-fb7329debccc,8e978ce1-1864-3b6a-12b3-c5eb41980029,House Price Prediction,Trained regression models to predict Klang Valley property prices.,"{""Python"",""Machine Learning"",""Statistical Analysis""}",personal,2025,2026-08-30 21:05:00
3fa7c199-d76f-0813-4ce7-94d7e724b119,f455af73-c0a7-ad9c-a5ac-cd5a48f18eed,Linux Server Monitoring Scripts,"Bash scripts to monitor CPU, memory and disk usage.","{""Linux""}",academic,2026,2026-08-10 08:22:00
b3dd7820-bd20-c36a-2705-24cbe704b115,1ddea07d-651a-6277-017f-319f04961795,Linux Server Monitoring Scripts,"Bash scripts to monitor CPU, memory and disk usage.","{""Linux""}",internship,2024,2026-08-22 07:27:00
3e1cfa14-95d1-6384-7313-7fa5dc1b9eb1,1ddea07d-651a-6277-017f-319f04961795,CI/CD Pipeline for Web App,"Automated build, test and deploy with GitHub Actions and Docker.","{""Docker"",""Git"",""Linux""}",personal,2023,2026-08-22 07:27:00
d8fe3fb8-a162-8abf-1a48-280302040c81,1ddea07d-651a-6277-017f-319f04961795,Azure-hosted Student Portal,Deployed a web portal to Azure App Service with a managed database.,"{""Azure"",""Cloud Computing"",""SQL""}",academic,2025,2026-08-22 07:27:00
def14d58-1e39-2331-a142-d68f2ac38bd3,ad4b24ec-5b67-3a25-42c4-5041e1831003,Student Performance Predictor,Predicted at-risk students from academic records.,"{""Machine Learning"",""Data Analysis"",""R""}",academic,2025,2026-07-09 20:31:00
818270d2-c310-1e2e-7107-514fb54a31ba,ad4b24ec-5b67-3a25-42c4-5041e1831003,Covid-19 Malaysia Data Explorer,Exploratory analysis of public MOH datasets with SQL and charts.,"{""SQL"",""Python"",""Data Visualisation""}",academic,2026,2026-07-09 20:31:00
1f7bd82f-2345-0e72-d1b4-856255a8d6a1,ad4b24ec-5b67-3a25-42c4-5041e1831003,"Ramirez, Sales Dashboard",Built an interactive dashboard to track monthly sales KPIs.,"{""Power BI"",""Excel"",""Data Visualisation""}",academic,2026,2026-07-09 20:31:00
fba2a5f1-56c7-6990-7401-73c10155aa51,cfd42949-e33e-a976-5862-5813b28d7506,Library Management System,Desktop system for book loans and returns with a relational database.,"{""Java"",""SQL""}",competition,2026,2026-07-11 10:15:00
68518341-0766-699f-7bf2-aa0610c1de9c,1d59598c-174d-6b87-41d6-676a61cb78c3,Home Network Vulnerability Scan,Scanned and hardened a home lab network; documented findings.,"{""Linux"",""Research Skills""}",personal,2026,2026-09-08 14:44:00
a6cc0a57-8e01-4eb3-c352-8ba43f0e924b,1d59598c-174d-6b87-41d6-676a61cb78c3,Mccarthy Sales Dashboard,Built an interactive dashboard to track monthly sales KPIs.,"{""Power BI"",""Excel"",""Data Visualisation""}",academic,2025,2026-09-08 14:44:00
fdf0861e-05eb-074d-ad90-0360d900b745,3106e8ce-5b9a-289a-b58d-fc59ebe0c8c1,Serverless Image Resizer,Built an event-driven image pipeline on AWS Lambda and S3.,"{""AWS"",""Cloud Computing"",""Python""}",academic,2024,2026-07-29 16:59:00
743480a1-e212-f7e1-8f63-c2bbae411155,3106e8ce-5b9a-289a-b58d-fc59ebe0c8c1,CI/CD Pipeline for Web App,"Automated build, test and deploy with GitHub Actions and Docker.","{""Docker"",""Git"",""Linux""}",competition,2025,2026-07-29 16:59:00
682904ca-febf-4c56-d826-c4966ebb7a17,3106e8ce-5b9a-289a-b58d-fc59ebe0c8c1,Weather Dashboard,Front-end app consuming a public weather API with charts.,"{""JavaScript"",""Data Visualisation""}",academic,2025,2026-07-29 16:59:00
c24f3f4c-846a-f2e6-5c89-6b2a7eddfc17,3106e8ce-5b9a-289a-b58d-fc59ebe0c8c1,Club Management Web App,Web app for a student club to manage members and events.,"{""JavaScript"",""Flask"",""SQL"",""Teamwork""}",competition,2026,2026-07-29 16:59:00
72e89652-884c-0a55-6b89-3000eb1bb47f,3106e8ce-5b9a-289a-b58d-fc59ebe0c8c1,Personal Portfolio Website,Responsive portfolio site built with React.,"{""React"",""JavaScript""}",academic,2025,2026-07-29 16:59:00
a19f2485-31c4-6c9e-70be-96304a6333e3,1182e8e7-c907-0c97-3385-db3be893786d,Secure Login Module,"Implemented hashing, rate limiting and MFA for a web login.","{""Python"",""Flask"",""SQL""}",academic,2025,2026-09-16 08:38:00
2c94df5a-48ba-d5fb-32a4-a8a432f9b771,1182e8e7-c907-0c97-3385-db3be893786d,Phishing Email Detector,Rule-based and ML approach to flag phishing emails.,"{""Python"",""Machine Learning""}",academic,2025,2026-09-16 08:38:00
3a4d45fd-ed36-0bb7-46c3-c90cc92efe01,44b1a1ee-7948-36f2-7eaa-b0a1f4ac27ef,Inventory Tracker CLI,Command-line tool for small-business stock tracking.,"{""C++"",""Git""}",academic,2023,2026-07-27 16:29:00
325769cd-5571-276b-3347-4b1b8bc85d37,44b1a1ee-7948-36f2-7eaa-b0a1f4ac27ef,Library Management System,Desktop system for book loans and returns with a relational database.,"{""Java"",""SQL""}",academic,2023,2026-07-27 16:29:00
ff7ca58f-9aa1-f98b-b4a4-feee30cdf149,44b1a1ee-7948-36f2-7eaa-b0a1f4ac27ef,Home Network Vulnerability Scan,Scanned and hardened a home lab network; documented findings.,"{""Linux"",""Research Skills""}",academic,2025,2026-07-27 16:29:00
757e2b43-af51-6850-b77e-5f7a80a233e3,0835075f-2d79-8f3e-8d8b-4c60acc54c62,Sentiment Analysis of Product Reviews,Classified Shopee product reviews using NLP techniques.,"{""Python"",""Natural Language Processing"",""Machine Learning""}",academic,2024,2026-07-26 11:22:00
9ad75b94-6634-63e9-d317-d8c91060573a,0835075f-2d79-8f3e-8d8b-4c60acc54c62,Serverless Image Resizer,Built an event-driven image pipeline on AWS Lambda and S3.,"{""AWS"",""Cloud Computing"",""Python""}",academic,2026,2026-07-26 11:22:00
07275940-6bf3-6656-041b-1878176519e7,2babba12-294f-513f-d770-a46e4775d7ab,Sentiment Analysis of Product Reviews,Classified Shopee product reviews using NLP techniques.,"{""Python"",""Natural Language Processing"",""Machine Learning""}",academic,2024,2026-07-17 03:14:00
f5705436-3877-2265-102c-01a3ab404598,2babba12-294f-513f-d770-a46e4775d7ab,Secure Login Module,"Implemented hashing, rate limiting and MFA for a web login.","{""Python"",""Flask"",""SQL""}",academic,2026,2026-07-17 03:14:00
d0ccc1a5-1b91-2adc-8333-34f66a6a0149,2babba12-294f-513f-d770-a46e4775d7ab,Campus Event Booking API,REST API for booking campus events with authentication.,"{""Python"",""FastAPI"",""SQL"",""Git""}",academic,2024,2026-07-17 03:14:00
2a064fd2-4fbc-0984-7792-2d9eb998e2d3,cab21438-8557-ec6c-0a23-b722c2afba28,Inventory Tracker CLI,Command-line tool for small-business stock tracking.,"{""C++"",""Git""}",academic,2026,2026-08-06 09:48:00
490ce315-4d98-0202-3fbc-75e09b191112,cab21438-8557-ec6c-0a23-b722c2afba28,Food Delivery Backend,"Microservice backend for order handling, containerised with Docker.","{""Node.js"",""Docker"",""SQL""}",personal,2025,2026-08-06 09:48:00
bfacc63e-44de-950f-2488-dee3d0713f73,b4e10c33-a186-1de1-5c85-a58cd0290d6b,Covid-19 Malaysia Data Explorer,Exploratory analysis of public MOH datasets with SQL and charts.,"{""SQL"",""Python"",""Data Visualisation""}",internship,2025,2026-09-17 00:32:00
7de1936b-d0fe-e4f1-2b1c-2d3dfcadb3fd,b4e10c33-a186-1de1-5c85-a58cd0290d6b,Linux Server Monitoring Scripts,"Bash scripts to monitor CPU, memory and disk usage.","{""Linux""}",academic,2023,2026-09-17 00:32:00
deaf0fa9-24a6-3a6c-b641-d44931f09021,238c8712-eccf-3b91-e352-09a0d5de293b,Retail Inventory Report Automation,Automated weekly inventory reporting from a SQL database.,"{""SQL"",""Excel""}",academic,2026,2026-08-06 08:52:00
d51528af-4d25-298f-164b-85f0cbfc721c,238c8712-eccf-3b91-e352-09a0d5de293b,Home Network Vulnerability Scan,Scanned and hardened a home lab network; documented findings.,"{""Linux"",""Research Skills""}",academic,2025,2026-08-06 08:52:00
1d9d1d80-f47e-3ca0-723f-d85ae57b084d,238c8712-eccf-3b91-e352-09a0d5de293b,CTF Team Participation,Solved web and forensics challenges in a university CTF.,"{""Linux"",""Problem Solving"",""Teamwork""}",personal,2024,2026-08-06 08:52:00
a8e50e05-f1b7-bd1e-c0d5-28282ba17f78,238c8712-eccf-3b91-e352-09a0d5de293b,Phishing Email Detector,Rule-based and ML approach to flag phishing emails.,"{""Python"",""Machine Learning""}",academic,2024,2026-08-06 08:52:00
a5044925-fffc-ff63-7bf3-f8f5624b31d7,0d6ed01e-f1ef-a963-2dfc-6b9c794febef,Plant Disease Image Classifier,CNN model to detect leaf diseases from photos.,"{""Deep Learning"",""Python""}",academic,2024,2026-09-14 23:48:00
b6b98240-1041-6cbc-5342-34cf1974fb71,0d6ed01e-f1ef-a963-2dfc-6b9c794febef,Sentiment Analysis of Product Reviews,Classified Shopee product reviews using NLP techniques.,"{""Python"",""Natural Language Processing"",""Machine Learning""}",competition,2024,2026-09-14 23:48:00
64cfd9b9-050e-1961-b363-d272d0181ce6,0d6ed01e-f1ef-a963-2dfc-6b9c794febef,E-commerce Store,"Full-stack store with cart, checkout and admin dashboard.","{""React"",""Node.js"",""SQL""}",academic,2026,2026-09-14 23:48:00
f736df7e-351c-586a-c0c3-d59ec0e5ea1a,0d6ed01e-f1ef-a963-2dfc-6b9c794febef,Student Performance Predictor,Predicted at-risk students from academic records.,"{""Machine Learning"",""Data Analysis"",""R""}",academic,2023,2026-09-14 23:48:00
e1a29ffa-b7ed-70cf-f111-be9e8545b11f,59518620-8769-ee24-1875-589a7d57a51f,Azure-hosted Student Portal,Deployed a web portal to Azure App Service with a managed database.,"{""Azure"",""Cloud Computing"",""SQL""}",academic,2026,2026-09-16 12:22:00
c544a049-6811-5a5c-4e3f-d50bf28c635f,59518620-8769-ee24-1875-589a7d57a51f,Student Performance Predictor,Predicted at-risk students from academic records.,"{""Machine Learning"",""Data Analysis"",""R""}",academic,2023,2026-09-16 12:22:00
f5aed2e9-7ab3-137c-f2c8-c25e32f1227c,0244e4d7-5ac2-a176-66ed-ef302fa80808,Covid-19 Malaysia Data Explorer,Exploratory analysis of public MOH datasets with SQL and charts.,"{""SQL"",""Python"",""Data Visualisation""}",academic,2026,2026-07-12 03:03:00
ccc10250-7edd-8483-8cd4-e7bc7d338ca2,0244e4d7-5ac2-a176-66ed-ef302fa80808,Home Network Vulnerability Scan,Scanned and hardened a home lab network; documented findings.,"{""Linux"",""Research Skills""}",academic,2025,2026-07-12 03:03:00
9e7776ae-8bec-9a50-f11a-fc00132b4f36,00231f70-0a77-b5cc-2e87-46510c2ca7fa,Customer Churn Analysis,Cleaned and analysed telco customer data to identify churn drivers.,"{""Python"",""Data Analysis"",""Statistical Analysis""}",personal,2025,2026-08-07 01:06:00
0b373468-2757-1245-b884-590288973a4a,00231f70-0a77-b5cc-2e87-46510c2ca7fa,Retail Inventory Report Automation,Automated weekly inventory reporting from a SQL database.,"{""SQL"",""Excel""}",personal,2025,2026-08-07 01:06:00
b9ede33f-bad4-f3e0-3b52-35257230b85b,a1f78157-58f3-4359-a60d-a1aa005bbf73,Sentiment Analysis of Product Reviews,Classified Shopee product reviews using NLP techniques.,"{""Python"",""Natural Language Processing"",""Machine Learning""}",personal,2025,2026-08-03 13:33:00
2f5dff13-759a-9725-2e77-abe37ef74fdb,a1f78157-58f3-4359-a60d-a1aa005bbf73,House Price Prediction,Trained regression models to predict Klang Valley property prices.,"{""Python"",""Machine Learning"",""Statistical Analysis""}",personal,2025,2026-08-03 13:33:00
a5c6c5ae-2e2f-2127-babf-3375f17fb786,a1f78157-58f3-4359-a60d-a1aa005bbf73,Plant Disease Image Classifier,CNN model to detect leaf diseases from photos.,"{""Deep Learning"",""Python""}",academic,2026,2026-08-03 13:33:00
ea8e55a5-4566-5e79-1a9a-ab54e01a5b5e,396c8f79-e983-c62e-004f-5362244f4ce3,Phishing Email Detector,Rule-based and ML approach to flag phishing emails.,"{""Python"",""Machine Learning""}",academic,2025,2026-07-19 21:03:00
008ec990-c9f2-79a8-138c-f37acc76864a,396c8f79-e983-c62e-004f-5362244f4ce3,Inventory Tracker CLI,Command-line tool for small-business stock tracking.,"{""C++"",""Git""}",academic,2026,2026-07-19 21:03:00
565bb785-b8f9-85fc-6959-8983785e02ee,23ac64e5-d1aa-ab53-c755-66c2dde4cd87,CI/CD Pipeline for Web App,"Automated build, test and deploy with GitHub Actions and Docker.","{""Docker"",""Git"",""Linux""}",academic,2026,2026-08-23 17:16:00
e19383a9-0f5c-365a-27e8-3b871c7bf8eb,23ac64e5-d1aa-ab53-c755-66c2dde4cd87,Linux Server Monitoring Scripts,"Bash scripts to monitor CPU, memory and disk usage.","{""Linux""}",academic,2026,2026-08-23 17:16:00
6c726915-d52a-85c8-6579-dc2202c837b6,23ac64e5-d1aa-ab53-c755-66c2dde4cd87,Serverless Image Resizer,Built an event-driven image pipeline on AWS Lambda and S3.,"{""AWS"",""Cloud Computing"",""Python""}",competition,2025,2026-08-23 17:16:00
4e583dde-807a-b658-9272-dc48eb4d6df5,23ac64e5-d1aa-ab53-c755-66c2dde4cd87,Azure-hosted Student Portal,Deployed a web portal to Azure App Service with a managed database.,"{""Azure"",""Cloud Computing"",""SQL""}",competition,2026,2026-08-23 17:16:00
a0b6d265-9120-6a37-2703-c75df540838e,961b9221-7a19-9807-61d2-1319cbcb3293,Home Network Vulnerability Scan,Scanned and hardened a home lab network; documented findings.,"{""Linux"",""Research Skills""}",competition,2025,2026-07-05 18:54:00
8c111ba4-4f3e-2a2c-ded6-4d2ac42d5f03,961b9221-7a19-9807-61d2-1319cbcb3293,Retail Inventory Report Automation,Automated weekly inventory reporting from a SQL database.,"{""SQL"",""Excel""}",academic,2025,2026-07-05 18:54:00
2f1fc132-426b-2236-e4a0-7521ab6dd0aa,108134dc-5427-0925-66ca-0baf3310880a,Student Performance Predictor,Predicted at-risk students from academic records.,"{""Machine Learning"",""Data Analysis"",""R""}",competition,2024,2026-07-29 08:58:00
9fb30a4d-c071-2a38-bffc-4f097f1464b3,4e954929-e58b-2d2d-4d4c-3b8004251c71,Serverless Image Resizer,Built an event-driven image pipeline on AWS Lambda and S3.,"{""AWS"",""Cloud Computing"",""Python""}",personal,2025,2026-08-28 23:07:00
6baf1e8f-da09-5b0c-4a37-2da3aaef0d3e,4e954929-e58b-2d2d-4d4c-3b8004251c71,Retail Inventory Report Automation,Automated weekly inventory reporting from a SQL database.,"{""SQL"",""Excel""}",personal,2025,2026-08-28 23:07:00
78360477-db39-4550-3210-3c491d4ff1c8,4e954929-e58b-2d2d-4d4c-3b8004251c71,Azure-hosted Student Portal,Deployed a web portal to Azure App Service with a managed database.,"{""Azure"",""Cloud Computing"",""SQL""}",competition,2026,2026-08-28 23:07:00
fc1bb61a-a36d-4d54-05ec-8e9fa09fc700,a097efe3-c31d-b215-d7d0-dc99645ae8ee,Plant Disease Image Classifier,CNN model to detect leaf diseases from photos.,"{""Deep Learning"",""Python""}",internship,2024,2026-09-09 14:25:00
1b696031-1f68-3d6f-988c-89dbed5cea4e,a097efe3-c31d-b215-d7d0-dc99645ae8ee,House Price Prediction,Trained regression models to predict Klang Valley property prices.,"{""Python"",""Machine Learning"",""Statistical Analysis""}",academic,2026,2026-09-09 14:25:00
5c8488db-d839-40c9-7e86-d7f813cf44fe,a097efe3-c31d-b215-d7d0-dc99645ae8ee,Student Performance Predictor,Predicted at-risk students from academic records.,"{""Machine Learning"",""Data Analysis"",""R""}",academic,2023,2026-09-09 14:25:00
69eb337c-059e-f8d8-cba2-0d387db4990d,a097efe3-c31d-b215-d7d0-dc99645ae8ee,Inventory Tracker CLI,Command-line tool for small-business stock tracking.,"{""C++"",""Git""}",personal,2023,2026-09-09 14:25:00
cd7182b4-d471-104f-1859-c5ae784aee43,62b61594-10f4-c941-8fc7-ad793b8ede31,House Price Prediction,Trained regression models to predict Klang Valley property prices.,"{""Python"",""Machine Learning"",""Statistical Analysis""}",academic,2024,2026-07-28 12:30:00
146b9fbc-667c-f788-5887-f3d2c0f1fa3a,62b61594-10f4-c941-8fc7-ad793b8ede31,Plant Disease Image Classifier,CNN model to detect leaf diseases from photos.,"{""Deep Learning"",""Python""}",academic,2025,2026-07-28 12:30:00
b24b007b-4c66-d04f-64b1-1c490c0cf61e,62b61594-10f4-c941-8fc7-ad793b8ede31,Student Performance Predictor,Predicted at-risk students from academic records.,"{""Machine Learning"",""Data Analysis"",""R""}",personal,2026,2026-07-28 12:30:00
b3133c8e-9ec6-c95e-e1f2-17be39f99c64,87e81b25-a971-5404-79ea-e46107516daa,Sentiment Analysis of Product Reviews,Classified Shopee product reviews using NLP techniques.,"{""Python"",""Natural Language Processing"",""Machine Learning""}",academic,2026,2026-09-09 11:52:00
e128b9a8-d2f6-29ca-bbe2-77ba384a9967,87e81b25-a971-5404-79ea-e46107516daa,Plant Disease Image Classifier,CNN model to detect leaf diseases from photos.,"{""Deep Learning"",""Python""}",personal,2025,2026-09-09 11:52:00
a30bd3b5-58fe-7bd2-341d-85cdc9257285,87e81b25-a971-5404-79ea-e46107516daa,Student Performance Predictor,Predicted at-risk students from academic records.,"{""Machine Learning"",""Data Analysis"",""R""}",academic,2025,2026-09-09 11:52:00
29a099de-aa10-e595-8ee2-51809fb109a3,6e43b319-f929-9271-b220-58f9bdb2fd9e,Sentiment Analysis of Product Reviews,Classified Shopee product reviews using NLP techniques.,"{""Python"",""Natural Language Processing"",""Machine Learning""}",academic,2026,2026-08-19 06:48:00
37a2a180-0a7b-e6e7-7430-0ccc03fddd08,6e43b319-f929-9271-b220-58f9bdb2fd9e,Plant Disease Image Classifier,CNN model to detect leaf diseases from photos.,"{""Deep Learning"",""Python""}",academic,2026,2026-08-19 06:48:00
fd397fe7-b819-b15d-4f96-8a84a0d44d24,9490029d-3e1e-0693-c960-b8514d696e19,House Price Prediction,Trained regression models to predict Klang Valley property prices.,"{""Python"",""Machine Learning"",""Statistical Analysis""}",academic,2025,2026-09-09 04:18:00
96bf02dd-52f6-af5a-b2a0-f8512121cc4f,71c966b3-9eb0-3954-a83d-b2dfe4aa212a,E-commerce Store,"Full-stack store with cart, checkout and admin dashboard.","{""React"",""Node.js"",""SQL""}",competition,2026,2026-08-30 00:38:00
da1eb729-078e-be4e-0b80-79d7114c440d,71c966b3-9eb0-3954-a83d-b2dfe4aa212a,Food Delivery Backend,"Microservice backend for order handling, containerised with Docker.","{""Node.js"",""Docker"",""SQL""}",competition,2026,2026-08-30 00:38:00
79f633e8-ade8-1084-ef29-f4137fdae666,71c966b3-9eb0-3954-a83d-b2dfe4aa212a,Personal Portfolio Website,Responsive portfolio site built with React.,"{""React"",""JavaScript""}",academic,2025,2026-08-30 00:38:00
ba68e69f-2c8b-2151-e179-2fcde658eb6a,71c966b3-9eb0-3954-a83d-b2dfe4aa212a,Club Management Web App,Web app for a student club to manage members and events.,"{""JavaScript"",""Flask"",""SQL"",""Teamwork""}",academic,2025,2026-08-30 00:38:00
06bf1fb7-0e2b-d8c9-ee66-2c46057d4e28,0843280a-07ac-a3fe-a73a-366e43577225,Plant Disease Image Classifier,CNN model to detect leaf diseases from photos.,"{""Deep Learning"",""Python""}",academic,2026,2026-08-12 11:01:00
04a1dd66-bce8-8f22-af00-1605ae93b319,0843280a-07ac-a3fe-a73a-366e43577225,House Price Prediction,Trained regression models to predict Klang Valley property prices.,"{""Python"",""Machine Learning"",""Statistical Analysis""}",competition,2026,2026-08-12 11:01:00
b38adf82-6e02-0a88-200f-8ed9b2086418,0843280a-07ac-a3fe-a73a-366e43577225,Sentiment Analysis of Product Reviews,Classified Shopee product reviews using NLP techniques.,"{""Python"",""Natural Language Processing"",""Machine Learning""}",personal,2026,2026-08-12 11:01:00
ad8f6932-eeb6-87c3-b8a6-ebf6f3d54f3e,7fb866b2-0573-3d10-1d3e-be5bf3fac150,Library Management System,Desktop system for book loans and returns with a relational database.,"{""Java"",""SQL""}",competition,2026,2026-08-08 11:53:00
c4ddfe54-917c-4f11-b81e-d083929614b5,7fb866b2-0573-3d10-1d3e-be5bf3fac150,Food Delivery Backend,"Microservice backend for order handling, containerised with Docker.","{""Node.js"",""Docker"",""SQL""}",personal,2026,2026-08-08 11:53:00
397e241d-fe08-a540-ef7e-1940f5687574,343c1752-3caa-a31e-13d3-c72682d33948,House Price Prediction,Trained regression models to predict Klang Valley property prices.,"{""Python"",""Machine Learning"",""Statistical Analysis""}",academic,2025,2026-07-11 06:54:00
ac852cc7-5eb0-0e6f-97d2-030097f31baf,b0a6e457-0620-5f4a-6e71-8848d577c131,Personal Portfolio Website,Responsive portfolio site built with React.,"{""React"",""JavaScript""}",internship,2023,2026-09-05 03:04:00
968c77f1-b8f7-ef48-8238-03582d3dab8a,b0a6e457-0620-5f4a-6e71-8848d577c131,Student Performance Predictor,Predicted at-risk students from academic records.,"{""Machine Learning"",""Data Analysis"",""R""}",academic,2026,2026-09-05 03:04:00
32d5ad87-21bd-1db7-4858-73c17f297630,cdbb6c1f-5a8d-785e-f7eb-a7e91dd07ec8,Customer Churn Analysis,Cleaned and analysed telco customer data to identify churn drivers.,"{""Python"",""Data Analysis"",""Statistical Analysis""}",academic,2026,2026-08-11 14:20:00
55525e11-b469-3821-c7ca-7ddc171acd35,c610024b-20c8-667f-b46f-014565e92e49,Library Management System,Desktop system for book loans and returns with a relational database.,"{""Java"",""SQL""}",academic,2026,2026-09-02 05:30:00
c2b579c2-910f-445d-d6f3-4d9bb918a6e8,4a8e9dd2-6067-9824-78ad-b1829381ebb3,Customer Churn Analysis,Cleaned and analysed telco customer data to identify churn drivers.,"{""Python"",""Data Analysis"",""Statistical Analysis""}",personal,2026,2026-09-10 18:30:00
d5963842-567e-8c74-bd92-232a4fbb831a,4a8e9dd2-6067-9824-78ad-b1829381ebb3,Covid-19 Malaysia Data Explorer,Exploratory analysis of public MOH datasets with SQL and charts.,"{""SQL"",""Python"",""Data Visualisation""}",academic,2025,2026-09-10 18:30:00
44a524d9-016d-26d9-df15-e6676812a17c,4a8e9dd2-6067-9824-78ad-b1829381ebb3,Retail Inventory Report Automation,Automated weekly inventory reporting from a SQL database.,"{""SQL"",""Excel""}",competition,2026,2026-09-10 18:30:00
df0fea06-bcbd-6eeb-ceab-2f76f776f4e8,b3932fb8-4fd4-c793-016f-2931fa1b1bac,Food Delivery Backend,"Microservice backend for order handling, containerised with Docker.","{""Node.js"",""Docker"",""SQL""}",competition,2026,2026-08-28 20:17:00
f151ff15-a46e-e99e-ae4e-d89fd659d69f,ab6d9aa8-aaef-dbe1-d674-998a6a97cbce,Plant Disease Image Classifier,CNN model to detect leaf diseases from photos.,"{""Deep Learning"",""Python""}",academic,2026,2026-07-19 18:06:00
44f4d74f-c629-9ca6-6d07-67746bc5bcd4,60beb85d-9053-317b-5f4d-ec1d52af891a,Student Performance Predictor,Predicted at-risk students from academic records.,"{""Machine Learning"",""Data Analysis"",""R""}",competition,2023,2026-09-19 21:14:00
ec1f5d97-2a98-3090-831f-d30229fd9b08,60beb85d-9053-317b-5f4d-ec1d52af891a,Home Network Vulnerability Scan,Scanned and hardened a home lab network; documented findings.,"{""Linux"",""Research Skills""}",competition,2023,2026-09-19 21:14:00
a25580ef-bdf7-f8f0-4236-d2f96ccb9163,a5448d55-13c7-f140-ea22-4efd65ef2c84,Retail Inventory Report Automation,Automated weekly inventory reporting from a SQL database.,"{""SQL"",""Excel""}",academic,2026,2026-07-06 16:12:00
55c6b8d6-b647-2ba8-793a-650cc7efd8e2,a5448d55-13c7-f140-ea22-4efd65ef2c84,Customer Churn Analysis,Cleaned and analysed telco customer data to identify churn drivers.,"{""Python"",""Data Analysis"",""Statistical Analysis""}",competition,2026,2026-07-06 16:12:00
2d78f04b-df93-55ac-ec85-66f0282f0aa6,8e72d17c-48ac-dcf8-f92d-edcdc05afd94,Linux Server Monitoring Scripts,"Bash scripts to monitor CPU, memory and disk usage.","{""Linux""}",academic,2025,2026-07-17 21:55:00
2c19ee3d-a7fc-1bad-76ca-1cbec34fb3a9,8e72d17c-48ac-dcf8-f92d-edcdc05afd94,House Price Prediction,Trained regression models to predict Klang Valley property prices.,"{""Python"",""Machine Learning"",""Statistical Analysis""}",competition,2025,2026-07-17 21:55:00
754f595f-12f6-38e6-b197-603ca45c7178,ddf7d263-6806-5678-ad47-8200ae991937,Linux Server Monitoring Scripts,"Bash scripts to monitor CPU, memory and disk usage.","{""Linux""}",academic,2025,2026-07-10 23:14:00
71d60744-b06f-0681-4b98-42c557aa5681,ddf7d263-6806-5678-ad47-8200ae991937,Linux Server Monitoring Scripts,"Bash scripts to monitor CPU, memory and disk usage.","{""Linux""}",academic,2025,2026-07-10 23:14:00
23d86a4f-c2e6-0c05-0926-8f85982c7129,ddf7d263-6806-5678-ad47-8200ae991937,Retail Inventory Report Automation,Automated weekly inventory reporting from a SQL database.,"{""SQL"",""Excel""}",academic,2025,2026-07-10 23:14:00
104c9b6e-eadf-1b58-d4a8-4169bbbbfd67,1e9d8b00-ca0d-e08e-ba90-2275c72bf2e8,Home Network Vulnerability Scan,Scanned and hardened a home lab network; documented findings.,"{""Linux"",""Research Skills""}",academic,2024,2026-07-03 02:53:00
3e72e402-3a43-17a1-352d-ed780f94db38,1e9d8b00-ca0d-e08e-ba90-2275c72bf2e8,Library Management System,Desktop system for book loans and returns with a relational database.,"{""Java"",""SQL""}",competition,2025,2026-07-03 02:53:00
ba09a484-556e-d0d1-4e65-3eee251dd64e,4dfcf384-ac48-2af2-6e98-8798c2ac0d6d,CTF Team Participation,Solved web and forensics challenges in a university CTF.,"{""Linux"",""Problem Solving"",""Teamwork""}",academic,2026,2026-09-07 15:14:00
c33ffef7-64bf-2e8c-9033-89b46ce052ef,4dfcf384-ac48-2af2-6e98-8798c2ac0d6d,Azure-hosted Student Portal,Deployed a web portal to Azure App Service with a managed database.,"{""Azure"",""Cloud Computing"",""SQL""}",personal,2026,2026-09-07 15:14:00
cc5015cf-7c81-ed5a-ce5a-43726574708d,d30606ae-69ed-5072-bb81-c774c67651b3,Library Management System,Desktop system for book loans and returns with a relational database.,"{""Java"",""SQL""}",personal,2026,2026-08-09 04:35:00
fee33607-6fec-cac2-90d2-abfe0425c430,d30606ae-69ed-5072-bb81-c774c67651b3,Food Delivery Backend,"Microservice backend for order handling, containerised with Docker.","{""Node.js"",""Docker"",""SQL""}",academic,2026,2026-08-09 04:35:00
a266530e-5570-cefc-9327-1b56485b841f,d30606ae-69ed-5072-bb81-c774c67651b3,Inventory Tracker CLI,Command-line tool for small-business stock tracking.,"{""C++"",""Git""}",competition,2026,2026-08-09 04:35:00
20c13845-025f-c70f-9088-44002d675be3,e9ccedab-81b7-4f35-2cd3-248df8205c5f,Secure Login Module,"Implemented hashing, rate limiting and MFA for a web login.","{""Python"",""Flask"",""SQL""}",internship,2024,2026-07-17 01:41:00
5420d149-4d15-6c62-a8cc-6e3bbae3438e,6a4279c3-fbbe-0e9d-76e5-1a1279c6c757,Serverless Image Resizer,Built an event-driven image pipeline on AWS Lambda and S3.,"{""AWS"",""Cloud Computing"",""Python""}",academic,2026,2026-09-08 00:01:00
53f42383-21b7-8e70-e647-bcfcc2886352,6a4279c3-fbbe-0e9d-76e5-1a1279c6c757,Azure-hosted Student Portal,Deployed a web portal to Azure App Service with a managed database.,"{""Azure"",""Cloud Computing"",""SQL""}",competition,2026,2026-09-08 00:01:00
52696eeb-77cf-1eb6-79fe-e842e4cc7065,65c65e05-2ebf-af4c-8135-92e7f8c00141,Home Network Vulnerability Scan,Scanned and hardened a home lab network; documented findings.,"{""Linux"",""Research Skills""}",competition,2026,2026-07-20 08:13:00
ab09ec62-8e46-1d8b-b555-d6ee40571cf3,65c65e05-2ebf-af4c-8135-92e7f8c00141,Club Management Web App,Web app for a student club to manage members and events.,"{""JavaScript"",""Flask"",""SQL"",""Teamwork""}",academic,2025,2026-07-20 08:13:00
a48687d4-cb29-5e19-d694-a5279720b88f,7cbff645-cb61-716c-dd91-cf6bb1020282,Food Delivery Backend,"Microservice backend for order handling, containerised with Docker.","{""Node.js"",""Docker"",""SQL""}",internship,2023,2026-09-17 05:26:00
b1f0b429-d54f-bd02-3976-c6377e9716ad,0413d049-52a0-628b-2b25-a58af5953b2e,Food Delivery Backend,"Microservice backend for order handling, containerised with Docker.","{""Node.js"",""Docker"",""SQL""}",academic,2024,2026-09-04 08:54:00
c42c40ce-24ec-755d-683a-755ef23e9b0b,771d030f-3955-b110-fc2e-0301d232231d,Phishing Email Detector,Rule-based and ML approach to flag phishing emails.,"{""Python"",""Machine Learning""}",competition,2026,2026-09-18 23:56:00
5bbccb30-c124-b471-b64d-158c0d8f808d,771d030f-3955-b110-fc2e-0301d232231d,Inventory Tracker CLI,Command-line tool for small-business stock tracking.,"{""C++"",""Git""}",academic,2026,2026-09-18 23:56:00
565fa125-eb85-105d-9cfa-2010ff51cc96,dbfeed4a-5ff5-40ca-9038-ab45916d9a42,Library Management System,Desktop system for book loans and returns with a relational database.,"{""Java"",""SQL""}",competition,2025,2026-09-19 02:00:00
b6caf840-12ad-bc1b-51ff-def6b6608a31,524ec63c-1ab4-9e05-7dc1-dda00619feb0,Retail Inventory Report Automation,Automated weekly inventory reporting from a SQL database.,"{""SQL"",""Excel""}",academic,2024,2026-08-07 08:20:00
ec0dd9ba-0b94-729c-03fd-e24e9ceeaf74,524ec63c-1ab4-9e05-7dc1-dda00619feb0,CI/CD Pipeline for Web App,"Automated build, test and deploy with GitHub Actions and Docker.","{""Docker"",""Git"",""Linux""}",competition,2026,2026-08-07 08:20:00
919cf735-0b33-b7a0-5163-4a91b993b65f,8974e16a-2ef0-963c-1106-2a357d10bf9f,Personal Portfolio Website,Responsive portfolio site built with React.,"{""React"",""JavaScript""}",academic,2025,2026-08-07 03:18:00
7647f43f-59a1-4829-2cef-781debfdb100,8974e16a-2ef0-963c-1106-2a357d10bf9f,Campus Event Booking API,REST API for booking campus events with authentication.,"{""Python"",""FastAPI"",""SQL"",""Git""}",academic,2026,2026-08-07 03:18:00
2ba321ef-7a14-cf98-611e-6047790a474e,ee7ae3bb-5034-0715-1706-c3cdda440dee,Library Management System,Desktop system for book loans and returns with a relational database.,"{""Java"",""SQL""}",internship,2026,2026-07-26 14:08:00
72847156-2e8c-a6bf-9268-b5df95bb6e09,ee7ae3bb-5034-0715-1706-c3cdda440dee,Food Delivery Backend,"Microservice backend for order handling, containerised with Docker.","{""Node.js"",""Docker"",""SQL""}",academic,2026,2026-07-26 14:08:00
15c33fae-fce1-76a1-56fb-9a22e2b6ef5d,ee7ae3bb-5034-0715-1706-c3cdda440dee,Linux Server Monitoring Scripts,"Bash scripts to monitor CPU, memory and disk usage.","{""Linux""}",competition,2025,2026-07-26 14:08:00
64c40063-ad68-53c6-4cd3-a6a49fc08086,ee7ae3bb-5034-0715-1706-c3cdda440dee,Covid-19 Malaysia Data Explorer,Exploratory analysis of public MOH datasets with SQL and charts.,"{""SQL"",""Python"",""Data Visualisation""}",academic,2024,2026-07-26 14:08:00
f2e20d2f-caf3-c094-b61e-d8af4ad76a0d,ee7ae3bb-5034-0715-1706-c3cdda440dee,Retail Inventory Report Automation,Automated weekly inventory reporting from a SQL database.,"{""SQL"",""Excel""}",academic,2025,2026-07-26 14:08:00
97a182a2-d606-be66-a2a2-d1a66508f5c4,3baada26-af83-8c06-caa5-d22a6ed7149f,Azure-hosted Student Portal,Deployed a web portal to Azure App Service with a managed database.,"{""Azure"",""Cloud Computing"",""SQL""}",academic,2024,2026-08-12 06:20:00
403e3ee2-6d30-a1b9-37df-c57149102c10,3baada26-af83-8c06-caa5-d22a6ed7149f,CI/CD Pipeline for Web App,"Automated build, test and deploy with GitHub Actions and Docker.","{""Docker"",""Git"",""Linux""}",competition,2026,2026-08-12 06:20:00
aefbe3b3-f7d7-f5c0-e3fb-7b87a7a3bc7a,3baada26-af83-8c06-caa5-d22a6ed7149f,Serverless Image Resizer,Built an event-driven image pipeline on AWS Lambda and S3.,"{""AWS"",""Cloud Computing"",""Python""}",competition,2024,2026-08-12 06:20:00
25ca147f-fe33-ebd7-e8e9-1639c69aa024,392c5f42-3f20-3c22-7947-7aa80f1c0455,CTF Team Participation,Solved web and forensics challenges in a university CTF.,"{""Linux"",""Problem Solving"",""Teamwork""}",internship,2025,2026-09-10 13:59:00
506801b9-c22a-899a-71b3-1c9198063af9,392c5f42-3f20-3c22-7947-7aa80f1c0455,Phishing Email Detector,Rule-based and ML approach to flag phishing emails.,"{""Python"",""Machine Learning""}",competition,2024,2026-09-10 13:59:00
e5de9e28-53ba-140f-321e-246255a0db97,39bbab8a-b281-738e-d7c7-d8e6a495430e,Food Delivery Backend,"Microservice backend for order handling, containerised with Docker.","{""Node.js"",""Docker"",""SQL""}",academic,2025,2026-07-30 14:12:00
f7bd7750-9a76-50dd-720f-228807609502,39bbab8a-b281-738e-d7c7-d8e6a495430e,Library Management System,Desktop system for book loans and returns with a relational database.,"{""Java"",""SQL""}",academic,2026,2026-07-30 14:12:00
cdfc9ce7-6330-0ee1-0aaa-3c511cd97b17,39bbab8a-b281-738e-d7c7-d8e6a495430e,Inventory Tracker CLI,Command-line tool for small-business stock tracking.,"{""C++"",""Git""}",academic,2024,2026-07-30 14:12:00
36df253c-ac98-c942-b093-71b5d53ae164,39bbab8a-b281-738e-d7c7-d8e6a495430e,Campus Event Booking API,REST API for booking campus events with authentication.,"{""Python"",""FastAPI"",""SQL"",""Git""}",academic,2025,2026-07-30 14:12:00
a0493ed9-a5d8-3148-0deb-083b76ba4572,39bbab8a-b281-738e-d7c7-d8e6a495430e,Club Management Web App,Web app for a student club to manage members and events.,"{""JavaScript"",""Flask"",""SQL"",""Teamwork""}",academic,2025,2026-07-30 14:12:00
8a09c8b4-c0f2-b34e-7365-949b777028e6,7d10257c-b3f4-5487-f3bf-de5f8f16fac0,CI/CD Pipeline for Web App,"Automated build, test and deploy with GitHub Actions and Docker.","{""Docker"",""Git"",""Linux""}",academic,2026,2026-08-16 12:01:00
fb932692-dc16-0e3d-eb15-9f5b81a05782,7d10257c-b3f4-5487-f3bf-de5f8f16fac0,Sentiment Analysis of Product Reviews,Classified Shopee product reviews using NLP techniques.,"{""Python"",""Natural Language Processing"",""Machine Learning""}",academic,2025,2026-08-16 12:01:00
97eaf79c-20dd-c8b1-af0f-134e02a29fcc,7fffa983-0811-90e9-fa1d-8ded7dc807a2,Weather Dashboard,Front-end app consuming a public weather API with charts.,"{""JavaScript"",""Data Visualisation""}",personal,2024,2026-08-30 22:05:00
10fb436c-6ad5-401e-07e9-fb0b998deba3,1227b7ac-cdca-6bef-dbd3-4a948a996027,Club Management Web App,Web app for a student club to manage members and events.,"{""JavaScript"",""Flask"",""SQL"",""Teamwork""}",academic,2025,2026-07-19 11:19:00
64ad2b39-4702-fe75-5e98-efdf0a3a1171,1227b7ac-cdca-6bef-dbd3-4a948a996027,Weather Dashboard,Front-end app consuming a public weather API with charts.,"{""JavaScript"",""Data Visualisation""}",academic,2026,2026-07-19 11:19:00
4ee26290-eb59-003a-53bc-06119af4ab8a,1227b7ac-cdca-6bef-dbd3-4a948a996027,E-commerce Store,"Full-stack store with cart, checkout and admin dashboard.","{""React"",""Node.js"",""SQL""}",academic,2026,2026-07-19 11:19:00
f4585d04-0476-fc34-9dc5-9ddb8aad970f,c2978392-5c80-7220-1f77-765f2e5ce13a,Sentiment Analysis of Product Reviews,Classified Shopee product reviews using NLP techniques.,"{""Python"",""Natural Language Processing"",""Machine Learning""}",personal,2024,2026-07-15 03:43:00
6809f986-d86a-f8f9-3f06-8051187eb974,c2978392-5c80-7220-1f77-765f2e5ce13a,Club Management Web App,Web app for a student club to manage members and events.,"{""JavaScript"",""Flask"",""SQL"",""Teamwork""}",personal,2024,2026-07-15 03:43:00
38684ee5-eae9-81cb-2c6d-523be4529643,c2978392-5c80-7220-1f77-765f2e5ce13a,E-commerce Store,"Full-stack store with cart, checkout and admin dashboard.","{""React"",""Node.js"",""SQL""}",competition,2024,2026-07-15 03:43:00
d139e6d8-44e0-1371-19fc-9448c5d899df,0c485217-5d54-9496-61a6-51c5faaa53fc,Inventory Tracker CLI,Command-line tool for small-business stock tracking.,"{""C++"",""Git""}",academic,2024,2026-09-18 08:44:00
b924312e-5e72-3c24-c2c7-bd498dae27d7,0c485217-5d54-9496-61a6-51c5faaa53fc,E-commerce Store,"Full-stack store with cart, checkout and admin dashboard.","{""React"",""Node.js"",""SQL""}",academic,2025,2026-09-18 08:44:00
dbdcfb3d-29d4-056e-10f4-55e5fdb3e9a9,e22f3884-1f90-71b1-95eb-44d98459f302,Club Management Web App,Web app for a student club to manage members and events.,"{""JavaScript"",""Flask"",""SQL"",""Teamwork""}",academic,2024,2026-09-04 10:14:00
54842b4d-4f4c-ea72-e493-c4152a4bf5dc,7c8c9267-3c55-ad3a-4ed9-92e01e4415f4,CTF Team Participation,Solved web and forensics challenges in a university CTF.,"{""Linux"",""Problem Solving"",""Teamwork""}",academic,2024,2026-09-01 22:31:00
31372ca1-ec2c-4f79-d249-38d2000df764,7c8c9267-3c55-ad3a-4ed9-92e01e4415f4,Library Management System,Desktop system for book loans and returns with a relational database.,"{""Java"",""SQL""}",academic,2026,2026-09-01 22:31:00
7b98ac6e-1ac6-e2bf-00b3-647856516ab6,cdba8621-da62-a307-d753-ba9908087cc4,Inventory Tracker CLI,Command-line tool for small-business stock tracking.,"{""C++"",""Git""}",competition,2025,2026-08-30 07:28:00
a89e4fa6-ae2b-cab8-551f-e4f725d69a97,cdba8621-da62-a307-d753-ba9908087cc4,Food Delivery Backend,"Microservice backend for order handling, containerised with Docker.","{""Node.js"",""Docker"",""SQL""}",academic,2024,2026-08-30 07:28:00
972a355c-fe5e-9b1c-875b-2fe1e3bbeeb7,cdba8621-da62-a307-d753-ba9908087cc4,Personal Portfolio Website,Responsive portfolio site built with React.,"{""React"",""JavaScript""}",academic,2026,2026-08-30 07:28:00
974a25a0-b817-68f8-f6d2-0b487477c444,cdba8621-da62-a307-d753-ba9908087cc4,Library Management System,Desktop system for book loans and returns with a relational database.,"{""Java"",""SQL""}",personal,2023,2026-08-30 07:28:00
c1df5a89-ecba-0cb1-fdb9-9dc17a8b737a,c229a415-cb5f-8951-c534-f723c75694ac,Phishing Email Detector,Rule-based and ML approach to flag phishing emails.,"{""Python"",""Machine Learning""}",competition,2024,2026-07-23 12:52:00
1a8385f9-6eb1-de50-c1ba-c834caec1d2d,c229a415-cb5f-8951-c534-f723c75694ac,"Mcgee, Sales Dashboard",Built an interactive dashboard to track monthly sales KPIs.,"{""Power BI"",""Excel"",""Data Visualisation""}",academic,2025,2026-07-23 12:52:00
4c2bfa96-a86c-1d88-8d67-e82ce8048c91,b226f24a-230d-27b8-ff97-588ef6cdd0d1,E-commerce Store,"Full-stack store with cart, checkout and admin dashboard.","{""React"",""Node.js"",""SQL""}",academic,2025,2026-08-05 20:36:00
17ccb76c-6b90-5645-e0c2-442eeb38fcdf,b226f24a-230d-27b8-ff97-588ef6cdd0d1,Retail Inventory Report Automation,Automated weekly inventory reporting from a SQL database.,"{""SQL"",""Excel""}",academic,2025,2026-08-05 20:36:00
fa2d0e68-533a-83b3-5e66-d8fade69c076,6b93cfe0-b4f7-af31-1fe8-fbe4e3bab56c,Customer Churn Analysis,Cleaned and analysed telco customer data to identify churn drivers.,"{""Python"",""Data Analysis"",""Statistical Analysis""}",academic,2025,2026-07-01 12:54:00
db95e988-3398-b604-a9c2-371e71836f01,6b93cfe0-b4f7-af31-1fe8-fbe4e3bab56c,Retail Inventory Report Automation,Automated weekly inventory reporting from a SQL database.,"{""SQL"",""Excel""}",competition,2026,2026-07-01 12:54:00
3585ac00-d3c8-74bd-3223-9f5d2dec9b01,c2cb0bc7-f032-9337-a10d-27dcbf153b90,E-commerce Store,"Full-stack store with cart, checkout and admin dashboard.","{""React"",""Node.js"",""SQL""}",academic,2026,2026-09-08 14:42:00
9e5f992d-39c2-9259-7310-453da962a21a,c2cb0bc7-f032-9337-a10d-27dcbf153b90,Club Management Web App,Web app for a student club to manage members and events.,"{""JavaScript"",""Flask"",""SQL"",""Teamwork""}",personal,2024,2026-09-08 14:42:00
fe24fcd4-46bc-55db-ae6c-3a9b2a257ecc,d1138946-bcd4-2854-b663-0e4c94a64978,Serverless Image Resizer,Built an event-driven image pipeline on AWS Lambda and S3.,"{""AWS"",""Cloud Computing"",""Python""}",academic,2025,2026-09-07 16:54:00
aa35b738-c67a-56e3-06fe-8fcfc7b13265,d1138946-bcd4-2854-b663-0e4c94a64978,CI/CD Pipeline for Web App,"Automated build, test and deploy with GitHub Actions and Docker.","{""Docker"",""Git"",""Linux""}",academic,2024,2026-09-07 16:54:00
a5d274e8-8740-108c-300c-0f07c38bdbdd,681f9515-0d93-d08b-7842-cbc6a0011ba6,Phishing Email Detector,Rule-based and ML approach to flag phishing emails.,"{""Python"",""Machine Learning""}",personal,2026,2026-09-18 04:03:00
b2574bf7-2439-6800-10c6-9c57ac49b6e2,681f9515-0d93-d08b-7842-cbc6a0011ba6,Secure Login Module,"Implemented hashing, rate limiting and MFA for a web login.","{""Python"",""Flask"",""SQL""}",academic,2024,2026-09-18 04:03:00
fdcdd45c-53d3-2d79-f632-090ac22664f4,3d231e3b-4a97-a245-da5b-f081fe3d81d8,House Price Prediction,Trained regression models to predict Klang Valley property prices.,"{""Python"",""Machine Learning"",""Statistical Analysis""}",competition,2026,2026-08-15 15:37:00
dd3024fc-b864-aaf7-8d73-e7aac766dd63,3d231e3b-4a97-a245-da5b-f081fe3d81d8,Plant Disease Image Classifier,CNN model to detect leaf diseases from photos.,"{""Deep Learning"",""Python""}",competition,2026,2026-08-15 15:37:00
ff4ca29e-06cd-3e3b-d202-6202356d9896,3d231e3b-4a97-a245-da5b-f081fe3d81d8,Sentiment Analysis of Product Reviews,Classified Shopee product reviews using NLP techniques.,"{""Python"",""Natural Language Processing"",""Machine Learning""}",academic,2024,2026-08-15 15:37:00
8df5b9a0-e577-e1b6-4dd3-59823dfa45fa,dff4cc91-3164-6c14-f1a0-051f0acae683,Inventory Tracker CLI,Command-line tool for small-business stock tracking.,"{""C++"",""Git""}",academic,2025,2026-09-05 15:56:00
c1cb8d69-8fa7-bdec-e5a6-1a06a8422325,91c98ab6-4f41-8193-e328-9c3a801cbac1,Weather Dashboard,Front-end app consuming a public weather API with charts.,"{""JavaScript"",""Data Visualisation""}",academic,2025,2026-07-25 12:41:00
a9e0917f-e324-f5db-6850-18bff5c3e7f5,91c98ab6-4f41-8193-e328-9c3a801cbac1,Covid-19 Malaysia Data Explorer,Exploratory analysis of public MOH datasets with SQL and charts.,"{""SQL"",""Python"",""Data Visualisation""}",academic,2026,2026-07-25 12:41:00
cc7570cc-8e32-ebbf-04fb-7e52583475e1,0c443b8c-0686-34e7-dabd-385cd2c569ab,Food Delivery Backend,"Microservice backend for order handling, containerised with Docker.","{""Node.js"",""Docker"",""SQL""}",competition,2026,2026-08-19 03:00:00
293572d3-fb63-33cb-0c35-bf2dec4fa141,0c443b8c-0686-34e7-dabd-385cd2c569ab,Campus Event Booking API,REST API for booking campus events with authentication.,"{""Python"",""FastAPI"",""SQL"",""Git""}",personal,2026,2026-08-19 03:00:00
acb4b5c3-8623-a5ca-efc3-584265b411ed,0c443b8c-0686-34e7-dabd-385cd2c569ab,Library Management System,Desktop system for book loans and returns with a relational database.,"{""Java"",""SQL""}",academic,2026,2026-08-19 03:00:00
df9a7704-adc2-5f16-64b3-0768fdfd984e,fef44a33-ae78-dd3f-8b23-96072d5e114d,Secure Login Module,"Implemented hashing, rate limiting and MFA for a web login.","{""Python"",""Flask"",""SQL""}",academic,2024,2026-07-31 04:32:00
1adac950-efe3-155d-7281-1822fd26ce31,fef44a33-ae78-dd3f-8b23-96072d5e114d,Torres Sales Dashboard,Built an interactive dashboard to track monthly sales KPIs.,"{""Power BI"",""Excel"",""Data Visualisation""}",academic,2026,2026-07-31 04:32:00
e50c27d4-a9df-bb1d-07a7-611de20da100,a81f3e5b-f8dc-2c64-c4e4-37538a0d9af8,CTF Team Participation,Solved web and forensics challenges in a university CTF.,"{""Linux"",""Problem Solving"",""Teamwork""}",internship,2025,2026-08-05 21:59:00
e9f410c9-1cfa-78a2-d517-fa40ed233795,eea21c48-fd48-1505-b8f0-9270567fd2e9,Inventory Tracker CLI,Command-line tool for small-business stock tracking.,"{""C++"",""Git""}",academic,2025,2026-07-23 04:38:00
dde630e0-cbee-2346-5d1c-153ef6ebcacf,b232398b-1f3c-4a38-ff62-499af2ae7fce,Inventory Tracker CLI,Command-line tool for small-business stock tracking.,"{""C++"",""Git""}",academic,2026,2026-07-18 01:18:00
4df67205-20ff-622c-8085-1d532d82ab6a,b232398b-1f3c-4a38-ff62-499af2ae7fce,Food Delivery Backend,"Microservice backend for order handling, containerised with Docker.","{""Node.js"",""Docker"",""SQL""}",competition,2026,2026-07-18 01:18:00
affee02e-7508-e10c-1035-ddda2cf0c77d,8d80c2fe-b7b1-0072-3436-873728ffa490,Campus Event Booking API,REST API for booking campus events with authentication.,"{""Python"",""FastAPI"",""SQL"",""Git""}",academic,2026,2026-07-23 01:05:00
077e0371-ed14-0bfa-d67e-0f37f4e9b38e,8d80c2fe-b7b1-0072-3436-873728ffa490,Inventory Tracker CLI,Command-line tool for small-business stock tracking.,"{""C++"",""Git""}",academic,2025,2026-07-23 01:05:00
ba5b70e7-df3b-d35c-35c5-edf0f43f847a,7d2b8714-8de0-b52a-c2d0-af1f43eb756f,Home Network Vulnerability Scan,Scanned and hardened a home lab network; documented findings.,"{""Linux"",""Research Skills""}",academic,2024,2026-09-04 02:16:00
c77afed5-2adf-f941-93c2-9f31a495dbf9,7d2b8714-8de0-b52a-c2d0-af1f43eb756f,Phishing Email Detector,Rule-based and ML approach to flag phishing emails.,"{""Python"",""Machine Learning""}",academic,2024,2026-09-04 02:16:00
7a5c28ca-32e7-2520-4d83-b05517ac720e,7d2b8714-8de0-b52a-c2d0-af1f43eb756f,Club Management Web App,Web app for a student club to manage members and events.,"{""JavaScript"",""Flask"",""SQL"",""Teamwork""}",academic,2023,2026-09-04 02:16:00
6c823a41-30d5-69ed-4684-ac7324522ef6,05d04902-48d1-be77-1710-d2f519b7a8e8,Home Network Vulnerability Scan,Scanned and hardened a home lab network; documented findings.,"{""Linux"",""Research Skills""}",personal,2024,2026-08-13 09:17:00
c337ed45-4e93-f53a-632a-992b5ddf6f80,05d04902-48d1-be77-1710-d2f519b7a8e8,E-commerce Store,"Full-stack store with cart, checkout and admin dashboard.","{""React"",""Node.js"",""SQL""}",academic,2026,2026-08-13 09:17:00
be1e0254-e35a-ac0c-132f-dba1f106f955,05d04902-48d1-be77-1710-d2f519b7a8e8,Plant Disease Image Classifier,CNN model to detect leaf diseases from photos.,"{""Deep Learning"",""Python""}",academic,2025,2026-08-13 09:17:00
dc01ef9d-881c-f24c-5953-b5d42e859607,6c7e80ad-2970-9912-7d2e-11bd1708f96e,E-commerce Store,"Full-stack store with cart, checkout and admin dashboard.","{""React"",""Node.js"",""SQL""}",internship,2026,2026-09-05 12:19:00
40f6754a-989d-f5ed-6df2-b925b41287fb,6c7e80ad-2970-9912-7d2e-11bd1708f96e,Club Management Web App,Web app for a student club to manage members and events.,"{""JavaScript"",""Flask"",""SQL"",""Teamwork""}",personal,2026,2026-09-05 12:19:00
abc9fbb3-fff0-3027-32ef-5b5d55717909,6c7e80ad-2970-9912-7d2e-11bd1708f96e,Personal Portfolio Website,Responsive portfolio site built with React.,"{""React"",""JavaScript""}",academic,2023,2026-09-05 12:19:00
05bcde63-f667-a91a-71c7-ebf1f9dbe07e,9859df42-974a-2447-ab73-860c83f079b3,CTF Team Participation,Solved web and forensics challenges in a university CTF.,"{""Linux"",""Problem Solving"",""Teamwork""}",academic,2023,2026-09-18 00:13:00
07d1316f-821a-8ac9-a957-2b45ed84859d,9859df42-974a-2447-ab73-860c83f079b3,E-commerce Store,"Full-stack store with cart, checkout and admin dashboard.","{""React"",""Node.js"",""SQL""}",competition,2025,2026-09-18 00:13:00
88fc929a-4dda-6b87-4291-b38ce4e7e7a3,9859df42-974a-2447-ab73-860c83f079b3,Covid-19 Malaysia Data Explorer,Exploratory analysis of public MOH datasets with SQL and charts.,"{""SQL"",""Python"",""Data Visualisation""}",competition,2026,2026-09-18 00:13:00
253ce114-8d18-5c2a-d554-fadf76339d1d,2fc3bb1c-577b-8d97-001b-d08ee4fa2e93,House Price Prediction,Trained regression models to predict Klang Valley property prices.,"{""Python"",""Machine Learning"",""Statistical Analysis""}",academic,2026,2026-07-06 17:41:00
feca6f41-d908-d319-8458-401969e83561,2fc3bb1c-577b-8d97-001b-d08ee4fa2e93,Sentiment Analysis of Product Reviews,Classified Shopee product reviews using NLP techniques.,"{""Python"",""Natural Language Processing"",""Machine Learning""}",personal,2026,2026-07-06 17:41:00
606462ae-a068-3570-64ff-3d41eb4b3bd8,2fc3bb1c-577b-8d97-001b-d08ee4fa2e93,Plant Disease Image Classifier,CNN model to detect leaf diseases from photos.,"{""Deep Learning"",""Python""}",academic,2025,2026-07-06 17:41:00
a2b3ee1b-d1aa-0c74-f944-981759b0d399,7b2ff249-6565-8fc1-fb62-f1dc842a4b95,E-commerce Store,"Full-stack store with cart, checkout and admin dashboard.","{""React"",""Node.js"",""SQL""}",internship,2026,2026-07-11 14:54:00
0db1565d-6d70-799e-430b-105742fbacf1,f65a5aa3-6314-0fcc-c8b6-b9a29b5358d4,Sentiment Analysis of Product Reviews,Classified Shopee product reviews using NLP techniques.,"{""Python"",""Natural Language Processing"",""Machine Learning""}",academic,2026,2026-08-13 06:41:00
4ba408a8-d15d-4c43-1567-8e9b8c38c18b,cad75ebe-9169-4fbb-3cff-13aa3c477d0c,CTF Team Participation,Solved web and forensics challenges in a university CTF.,"{""Linux"",""Problem Solving"",""Teamwork""}",academic,2025,2026-09-02 10:01:00
9a68990e-2412-e47e-29a7-f0412d519614,b39844f4-e194-fb21-6e7e-2fbc21f8b225,Food Delivery Backend,"Microservice backend for order handling, containerised with Docker.","{""Node.js"",""Docker"",""SQL""}",personal,2026,2026-09-10 15:22:00
72a35369-6de4-6fed-bece-128609f68439,bb926370-d619-e0ce-69d5-ddf51d95cdea,Retail Inventory Report Automation,Automated weekly inventory reporting from a SQL database.,"{""SQL"",""Excel""}",competition,2026,2026-07-20 01:11:00
8abcb652-ee52-ab7b-4cb0-fe85e4184c38,bb926370-d619-e0ce-69d5-ddf51d95cdea,Covid-19 Malaysia Data Explorer,Exploratory analysis of public MOH datasets with SQL and charts.,"{""SQL"",""Python"",""Data Visualisation""}",academic,2026,2026-07-20 01:11:00
7e083461-d5b2-6840-f4b3-593f0b382c49,67f7aba4-0617-4c62-a243-b9ab2b0e817c,Azure-hosted Student Portal,Deployed a web portal to Azure App Service with a managed database.,"{""Azure"",""Cloud Computing"",""SQL""}",internship,2025,2026-08-05 08:50:00
0cad2d63-8cfd-980c-984f-541976b4c117,67f7aba4-0617-4c62-a243-b9ab2b0e817c,CI/CD Pipeline for Web App,"Automated build, test and deploy with GitHub Actions and Docker.","{""Docker"",""Git"",""Linux""}",academic,2024,2026-08-05 08:50:00
ca0e0bc2-3805-9440-2642-765fc772fdb6,f4d7b8cd-e3c7-8964-b776-cbf620141450,Sentiment Analysis of Product Reviews,Classified Shopee product reviews using NLP techniques.,"{""Python"",""Natural Language Processing"",""Machine Learning""}",competition,2026,2026-08-06 19:28:00
14e0a8d3-8cf4-31de-8cdc-67155512a507,417e5edc-13e6-9df3-2fc0-fe9c854a05f9,Retail Inventory Report Automation,Automated weekly inventory reporting from a SQL database.,"{""SQL"",""Excel""}",academic,2026,2026-09-15 13:18:00
ee2c92b2-d9b9-7b79-5bf2-e8db7f7eb2ed,f20d3aea-a998-a3ee-22a1-12b53a880cec,E-commerce Store,"Full-stack store with cart, checkout and admin dashboard.","{""React"",""Node.js"",""SQL""}",internship,2025,2026-08-05 18:30:00
227b0512-62a5-aa21-2b3f-de5dd8b4d672,0394fc90-7ca2-101f-6b77-fbe41e57072d,Food Delivery Backend,"Microservice backend for order handling, containerised with Docker.","{""Node.js"",""Docker"",""SQL""}",academic,2024,2026-09-10 21:34:00
3768c08e-4177-497a-2598-7d51f7f9efbc,0394fc90-7ca2-101f-6b77-fbe41e57072d,Library Management System,Desktop system for book loans and returns with a relational database.,"{""Java"",""SQL""}",academic,2025,2026-09-10 21:34:00
6fc41bf6-3d6b-ff76-f790-df8a5c493e43,f95f299a-75ff-b57f-f27d-f93c481faf4b,Library Management System,Desktop system for book loans and returns with a relational database.,"{""Java"",""SQL""}",academic,2026,2026-08-17 07:45:00
ae405d26-e84f-52ad-f607-68a01ab01dc1,4d5593a3-65a6-b335-619c-03d193622966,Phishing Email Detector,Rule-based and ML approach to flag phishing emails.,"{""Python"",""Machine Learning""}",personal,2026,2026-08-28 18:25:00
b1b25b70-a0a6-e38e-ce5e-137f87723818,77d0da32-31ea-2821-3034-7270681ff528,Retail Inventory Report Automation,Automated weekly inventory reporting from a SQL database.,"{""SQL"",""Excel""}",academic,2025,2026-07-07 06:28:00
019db91e-3c7f-1fd1-d3e2-63471ac33967,a27e5970-0452-ba51-8223-c495b64a46f5,Library Management System,Desktop system for book loans and returns with a relational database.,"{""Java"",""SQL""}",personal,2026,2026-08-02 14:15:00
8fca9026-a738-30e8-1f3d-0200c5acf275,a27e5970-0452-ba51-8223-c495b64a46f5,Inventory Tracker CLI,Command-line tool for small-business stock tracking.,"{""C++"",""Git""}",academic,2026,2026-08-02 14:15:00
1d8385f3-33f8-cf8c-4f0b-6127b166681c,6e143f9d-b769-6e0e-c07c-5f323e5fe7f5,Sentiment Analysis of Product Reviews,Classified Shopee product reviews using NLP techniques.,"{""Python"",""Natural Language Processing"",""Machine Learning""}",competition,2026,2026-09-18 22:46:00
f42d157f-07e7-9181-3039-6a9f4f0b5593,6e143f9d-b769-6e0e-c07c-5f323e5fe7f5,Student Performance Predictor,Predicted at-risk students from academic records.,"{""Machine Learning"",""Data Analysis"",""R""}",personal,2025,2026-09-18 22:46:00
28960c25-0bb1-bad8-250d-235f1feba1e7,6e143f9d-b769-6e0e-c07c-5f323e5fe7f5,Plant Disease Image Classifier,CNN model to detect leaf diseases from photos.,"{""Deep Learning"",""Python""}",academic,2024,2026-09-18 22:46:00
935bcc84-fd03-0266-37f1-5695ef67e86a,54959740-f8ed-8b6a-4c6c-ed6d3f7dd313,E-commerce Store,"Full-stack store with cart, checkout and admin dashboard.","{""React"",""Node.js"",""SQL""}",personal,2026,2026-08-09 17:47:00
1989cdb9-4505-13d0-ef0a-bbd0dbaea49d,54959740-f8ed-8b6a-4c6c-ed6d3f7dd313,CI/CD Pipeline for Web App,"Automated build, test and deploy with GitHub Actions and Docker.","{""Docker"",""Git"",""Linux""}",competition,2026,2026-08-09 17:47:00
107d4224-493a-55d2-e3a7-1aee702adf3b,e2908a40-0c4d-862e-5ef8-fa9b8cfca54b,Bell Sales Dashboard,Built an interactive dashboard to track monthly sales KPIs.,"{""Power BI"",""Excel"",""Data Visualisation""}",academic,2026,2026-08-22 14:22:00
0ef6465e-518b-a376-d76a-bc033534f521,e2908a40-0c4d-862e-5ef8-fa9b8cfca54b,Customer Churn Analysis,Cleaned and analysed telco customer data to identify churn drivers.,"{""Python"",""Data Analysis"",""Statistical Analysis""}",academic,2025,2026-08-22 14:22:00
9c0851d4-8f20-2a19-d0a8-36ae2977fb6e,e2908a40-0c4d-862e-5ef8-fa9b8cfca54b,Retail Inventory Report Automation,Automated weekly inventory reporting from a SQL database.,"{""SQL"",""Excel""}",academic,2024,2026-08-22 14:22:00
3fc543c9-7c47-9df2-3f55-f644f278b488,b8e2e864-e0f0-c823-d077-8d1f707904e0,Plant Disease Image Classifier,CNN model to detect leaf diseases from photos.,"{""Deep Learning"",""Python""}",competition,2024,2026-08-29 12:28:00
2147129e-1987-e27b-2fb1-ce81cb5fb5b5,b8e2e864-e0f0-c823-d077-8d1f707904e0,Sentiment Analysis of Product Reviews,Classified Shopee product reviews using NLP techniques.,"{""Python"",""Natural Language Processing"",""Machine Learning""}",competition,2023,2026-08-29 12:28:00
3c573da8-0abe-20fe-8375-9222f74c72c0,b8e2e864-e0f0-c823-d077-8d1f707904e0,House Price Prediction,Trained regression models to predict Klang Valley property prices.,"{""Python"",""Machine Learning"",""Statistical Analysis""}",academic,2026,2026-08-29 12:28:00
f9db00b0-e40f-1972-ea94-a772ab6b897b,b8e2e864-e0f0-c823-d077-8d1f707904e0,Student Performance Predictor,Predicted at-risk students from academic records.,"{""Machine Learning"",""Data Analysis"",""R""}",competition,2023,2026-08-29 12:28:00
56f2ce96-8d1d-122a-ab37-ff0aa574625f,e2c53f4d-149f-25e3-6b19-b289047d4bc7,Retail Inventory Report Automation,Automated weekly inventory reporting from a SQL database.,"{""SQL"",""Excel""}",academic,2026,2026-07-20 05:38:00
00fc3ce3-18ab-202b-df7a-d7b03044f297,cbbc04a3-378a-91e6-882a-6ff540c063fc,E-commerce Store,"Full-stack store with cart, checkout and admin dashboard.","{""React"",""Node.js"",""SQL""}",competition,2026,2026-08-07 01:34:00
878ab369-e2e4-4a01-3e88-98974528bbd1,cbbc04a3-378a-91e6-882a-6ff540c063fc,Library Management System,Desktop system for book loans and returns with a relational database.,"{""Java"",""SQL""}",academic,2024,2026-08-07 01:34:00
ecc69033-296e-44d5-b069-acba8d9b4935,cbbc04a3-378a-91e6-882a-6ff540c063fc,E-commerce Store,"Full-stack store with cart, checkout and admin dashboard.","{""React"",""Node.js"",""SQL""}",academic,2025,2026-08-07 01:34:00
88b30922-65ea-60d8-737b-69610f44a6f1,cbbc04a3-378a-91e6-882a-6ff540c063fc,Food Delivery Backend,"Microservice backend for order handling, containerised with Docker.","{""Node.js"",""Docker"",""SQL""}",academic,2023,2026-08-07 01:34:00
5e5f27a9-607a-93ea-640a-c369b3953089,62b97bbf-7e35-cb46-7b76-9a50e54984ae,Sentiment Analysis of Product Reviews,Classified Shopee product reviews using NLP techniques.,"{""Python"",""Natural Language Processing"",""Machine Learning""}",academic,2024,2026-09-19 21:38:00
9a117c5a-8d89-57fb-4a35-718466747987,cd7f9010-318b-eb4e-8251-afd9f41facd1,Sentiment Analysis of Product Reviews,Classified Shopee product reviews using NLP techniques.,"{""Python"",""Natural Language Processing"",""Machine Learning""}",academic,2026,2026-08-23 00:46:00
40ae802f-d564-7056-88de-40474543646b,cd7f9010-318b-eb4e-8251-afd9f41facd1,Jordan-Campbell Sales Dashboard,Built an interactive dashboard to track monthly sales KPIs.,"{""Power BI"",""Excel"",""Data Visualisation""}",competition,2025,2026-08-23 00:46:00
df4b4c19-6faa-039b-98ec-5b6a9c7cf745,a754251d-04fe-52e3-e98a-470cb894550a,Customer Churn Analysis,Cleaned and analysed telco customer data to identify churn drivers.,"{""Python"",""Data Analysis"",""Statistical Analysis""}",internship,2025,2026-08-24 06:56:00
2e48e95b-dae8-6239-f05e-6b172f2a2499,a754251d-04fe-52e3-e98a-470cb894550a,Covid-19 Malaysia Data Explorer,Exploratory analysis of public MOH datasets with SQL and charts.,"{""SQL"",""Python"",""Data Visualisation""}",personal,2024,2026-08-24 06:56:00
d8173ad5-ca1a-c0b5-d550-f98f1cb4e0cf,8e416029-58b4-8e1d-9e13-87b03f12cf6c,Campus Event Booking API,REST API for booking campus events with authentication.,"{""Python"",""FastAPI"",""SQL"",""Git""}",competition,2026,2026-08-11 14:50:00
92320a95-fae0-1ea2-ce47-71b8b3cbc1c4,8e416029-58b4-8e1d-9e13-87b03f12cf6c,CTF Team Participation,Solved web and forensics challenges in a university CTF.,"{""Linux"",""Problem Solving"",""Teamwork""}",competition,2026,2026-08-11 14:50:00
f01919d0-bc72-8732-46e5-3c2963ce0666,10b7ca01-eea0-e30e-96be-e52e65c1efd6,Campus Event Booking API,REST API for booking campus events with authentication.,"{""Python"",""FastAPI"",""SQL"",""Git""}",academic,2025,2026-07-29 16:09:00
2bb2c51f-7023-6aca-5ee6-fdea9534ee94,10b7ca01-eea0-e30e-96be-e52e65c1efd6,Club Management Web App,Web app for a student club to manage members and events.,"{""JavaScript"",""Flask"",""SQL"",""Teamwork""}",competition,2026,2026-07-29 16:09:00
02abe229-146f-1928-95a1-55dec98a2fa2,5628c13e-ea9b-85eb-f1fc-8f26466d19a5,Student Performance Predictor,Predicted at-risk students from academic records.,"{""Machine Learning"",""Data Analysis"",""R""}",internship,2024,2026-09-13 06:30:00
3fd6f99e-ea03-486f-57d6-6988013319d1,01d23fc9-b44d-f4b5-0f73-56179e61f0dc,Weather Dashboard,Front-end app consuming a public weather API with charts.,"{""JavaScript"",""Data Visualisation""}",personal,2026,2026-08-17 06:36:00
11958966-41a5-0d68-4140-4d41cea72521,01d23fc9-b44d-f4b5-0f73-56179e61f0dc,Club Management Web App,Web app for a student club to manage members and events.,"{""JavaScript"",""Flask"",""SQL"",""Teamwork""}",academic,2026,2026-08-17 06:36:00
ffc9ff30-9f9a-8a33-1ad6-ff7be4af65aa,01d23fc9-b44d-f4b5-0f73-56179e61f0dc,Phishing Email Detector,Rule-based and ML approach to flag phishing emails.,"{""Python"",""Machine Learning""}",academic,2023,2026-08-17 06:36:00
e9c3d371-9f68-8611-0330-57449ae416ba,74240302-e48b-b336-bfa5-567789a29dad,Inventory Tracker CLI,Command-line tool for small-business stock tracking.,"{""C++"",""Git""}",internship,2023,2026-08-28 18:04:00
79927753-0cdd-df92-3711-987961a8d644,f46a9817-194a-589d-4f3f-be079dba68ea,CTF Team Participation,Solved web and forensics challenges in a university CTF.,"{""Linux"",""Problem Solving"",""Teamwork""}",academic,2026,2026-08-29 09:57:00
0e5bf328-2b7a-523e-a71d-c051b1c80969,f46a9817-194a-589d-4f3f-be079dba68ea,Secure Login Module,"Implemented hashing, rate limiting and MFA for a web login.","{""Python"",""Flask"",""SQL""}",personal,2025,2026-08-29 09:57:00
cadc3379-c788-e847-55d1-0dfc9834e02f,f46a9817-194a-589d-4f3f-be079dba68ea,House Price Prediction,Trained regression models to predict Klang Valley property prices.,"{""Python"",""Machine Learning"",""Statistical Analysis""}",academic,2024,2026-08-29 09:57:00
6d8ec757-8e56-2fbe-7a9d-bea0415b4add,6bb0c8a0-2ec0-f10a-aca5-abd4354f7ca8,Campus Event Booking API,REST API for booking campus events with authentication.,"{""Python"",""FastAPI"",""SQL"",""Git""}",competition,2026,2026-07-18 01:03:00
d7b798ec-fd2e-93ed-8b17-74d44cda028a,8c6d5cde-04a7-083d-0547-6e170f9b0aca,Serverless Image Resizer,Built an event-driven image pipeline on AWS Lambda and S3.,"{""AWS"",""Cloud Computing"",""Python""}",competition,2026,2026-08-22 00:28:00
3eb4a3ee-6375-4082-420d-2799fffe5b8b,8c6d5cde-04a7-083d-0547-6e170f9b0aca,E-commerce Store,"Full-stack store with cart, checkout and admin dashboard.","{""React"",""Node.js"",""SQL""}",personal,2026,2026-08-22 00:28:00
fbcdcfde-3354-3803-2cff-fc6be849c066,4b6ec9d5-0227-e56b-0474-1ebc7455c604,Dixon Sales Dashboard,Built an interactive dashboard to track monthly sales KPIs.,"{""Power BI"",""Excel"",""Data Visualisation""}",internship,2026,2026-09-10 13:45:00
0784781d-2006-1fdb-16ee-251359d12415,4b6ec9d5-0227-e56b-0474-1ebc7455c604,Club Management Web App,Web app for a student club to manage members and events.,"{""JavaScript"",""Flask"",""SQL"",""Teamwork""}",personal,2024,2026-09-10 13:45:00
3fc38d4c-76ae-71ce-2591-855b87fc7d1a,3c3c3182-2024-4fcf-2544-5d8cf93adb04,CTF Team Participation,Solved web and forensics challenges in a university CTF.,"{""Linux"",""Problem Solving"",""Teamwork""}",competition,2025,2026-08-09 10:49:00
6d3f9e04-1b14-a2aa-6a5e-52e1f20bdb32,e276db30-1ade-cee4-bfcc-8e33c7da450f,Personal Portfolio Website,Responsive portfolio site built with React.,"{""React"",""JavaScript""}",personal,2024,2026-09-17 10:44:00
1b6d5342-e9b2-286b-4d2a-5ec7029db4a0,10f897ab-5b44-102f-aec1-6f6caea74c2e,Personal Portfolio Website,Responsive portfolio site built with React.,"{""React"",""JavaScript""}",internship,2024,2026-09-12 21:26:00
02a213b0-22d7-e45d-402c-04cb6db96fa2,8002a34f-d3b0-60d8-0fa7-45c7341d706a,Inventory Tracker CLI,Command-line tool for small-business stock tracking.,"{""C++"",""Git""}",personal,2025,2026-08-04 07:15:00
dc131f79-114e-16d5-f212-8a487a6d9868,8002a34f-d3b0-60d8-0fa7-45c7341d706a,Campus Event Booking API,REST API for booking campus events with authentication.,"{""Python"",""FastAPI"",""SQL"",""Git""}",academic,2024,2026-08-04 07:15:00
ebbc9e9a-f786-7063-8c69-d4b8ba045dfb,8002a34f-d3b0-60d8-0fa7-45c7341d706a,Plant Disease Image Classifier,CNN model to detect leaf diseases from photos.,"{""Deep Learning"",""Python""}",academic,2024,2026-08-04 07:15:00
e4a3482f-37c7-83d1-2018-ed3f9a8ed6e8,8002a34f-d3b0-60d8-0fa7-45c7341d706a,Food Delivery Backend,"Microservice backend for order handling, containerised with Docker.","{""Node.js"",""Docker"",""SQL""}",academic,2025,2026-08-04 07:15:00
e31896d5-7216-006c-31ab-2c49ec817e3e,8daf7c97-93be-6e0f-6776-43888d6fccd5,Plant Disease Image Classifier,CNN model to detect leaf diseases from photos.,"{""Deep Learning"",""Python""}",academic,2026,2026-07-14 23:30:00
8ace87b7-4250-f956-478c-d79d0856cc4b,a4ff58a2-8d8f-194c-2a8c-5fdbdcee656d,Covid-19 Malaysia Data Explorer,Exploratory analysis of public MOH datasets with SQL and charts.,"{""SQL"",""Python"",""Data Visualisation""}",academic,2026,2026-09-01 18:02:00
59370710-2829-1eeb-e614-a0d92c60d815,a4ff58a2-8d8f-194c-2a8c-5fdbdcee656d,"Brown, Sales Dashboard",Built an interactive dashboard to track monthly sales KPIs.,"{""Power BI"",""Excel"",""Data Visualisation""}",competition,2024,2026-09-01 18:02:00
df632d7a-5ba3-d1da-1863-f1595ab2c279,710dc918-d9f2-3b37-8475-f2480ca37885,Club Management Web App,Web app for a student club to manage members and events.,"{""JavaScript"",""Flask"",""SQL"",""Teamwork""}",competition,2025,2026-07-18 17:54:00
aa5f0169-8afb-9b2d-b766-c0f6779f00d5,710dc918-d9f2-3b37-8475-f2480ca37885,Library Management System,Desktop system for book loans and returns with a relational database.,"{""Java"",""SQL""}",academic,2025,2026-07-18 17:54:00
a2f445e8-5563-1bf4-850f-5739e227d70e,710dc918-d9f2-3b37-8475-f2480ca37885,Inventory Tracker CLI,Command-line tool for small-business stock tracking.,"{""C++"",""Git""}",academic,2024,2026-07-18 17:54:00
8a9ed16f-bd23-21ad-d45c-e2cf312dd27a,710dc918-d9f2-3b37-8475-f2480ca37885,Food Delivery Backend,"Microservice backend for order handling, containerised with Docker.","{""Node.js"",""Docker"",""SQL""}",competition,2026,2026-07-18 17:54:00
6db68f14-e147-a5cf-4706-8498d19c2f8c,e2d4c43c-de0a-6e83-fba8-6e1e34a148ba,Weather Dashboard,Front-end app consuming a public weather API with charts.,"{""JavaScript"",""Data Visualisation""}",competition,2023,2026-07-03 06:56:00
750056ea-3657-e50a-469b-4fde430d741a,32a6f3f1-2c46-e25e-77b5-520fb02ed1d7,Secure Login Module,"Implemented hashing, rate limiting and MFA for a web login.","{""Python"",""Flask"",""SQL""}",competition,2026,2026-07-02 09:06:00
d7deaa33-738d-21e8-c0a0-07018acfbadc,32a6f3f1-2c46-e25e-77b5-520fb02ed1d7,CTF Team Participation,Solved web and forensics challenges in a university CTF.,"{""Linux"",""Problem Solving"",""Teamwork""}",personal,2024,2026-07-02 09:06:00
77a4802c-d95d-48ed-6a02-0dcae566a39e,32a6f3f1-2c46-e25e-77b5-520fb02ed1d7,Phishing Email Detector,Rule-based and ML approach to flag phishing emails.,"{""Python"",""Machine Learning""}",personal,2025,2026-07-02 09:06:00
e6bd7f5e-cf23-7be0-ecb3-a74d8daf1352,32a6f3f1-2c46-e25e-77b5-520fb02ed1d7,Home Network Vulnerability Scan,Scanned and hardened a home lab network; documented findings.,"{""Linux"",""Research Skills""}",academic,2025,2026-07-02 09:06:00
d498ede9-d286-16ac-6c42-6e1a88ad3de9,c3d6a993-6c2e-b0c5-8f9f-f3d6db40265c,Campus Event Booking API,REST API for booking campus events with authentication.,"{""Python"",""FastAPI"",""SQL"",""Git""}",personal,2025,2026-07-04 22:53:00
c0947fb5-5385-0d92-86cd-c5b7d7aaa061,612e5c86-1a5b-558b-0d43-1870ebcfbcfa,Linux Server Monitoring Scripts,"Bash scripts to monitor CPU, memory and disk usage.","{""Linux""}",academic,2026,2026-09-04 12:10:00
693ec251-666a-b560-b659-4e2ef066e6f7,a62683ed-6070-e32e-9c2b-e6973ffb1f97,Weather Dashboard,Front-end app consuming a public weather API with charts.,"{""JavaScript"",""Data Visualisation""}",academic,2026,2026-08-18 19:51:00
673a38f7-6193-ab08-09d7-3a756d8a0997,a62683ed-6070-e32e-9c2b-e6973ffb1f97,Personal Portfolio Website,Responsive portfolio site built with React.,"{""React"",""JavaScript""}",academic,2026,2026-08-18 19:51:00
48c43b53-dee7-30eb-08a4-36d9da581e29,9c64edbe-7370-ca9f-7ed4-a540b5ca2226,Covid-19 Malaysia Data Explorer,Exploratory analysis of public MOH datasets with SQL and charts.,"{""SQL"",""Python"",""Data Visualisation""}",academic,2025,2026-08-08 13:08:00
129226f9-f6e0-a26e-39bc-e1005167a3df,f0aea873-9181-ae73-f00c-9f5fea55ee32,Plant Disease Image Classifier,CNN model to detect leaf diseases from photos.,"{""Deep Learning"",""Python""}",internship,2024,2026-09-08 10:09:00
61f350e5-96ac-48c9-3581-6cb4ae5438c8,82463029-5aa0-e815-cb77-16038eefa874,E-commerce Store,"Full-stack store with cart, checkout and admin dashboard.","{""React"",""Node.js"",""SQL""}",academic,2025,2026-07-11 12:15:00
b60f1d69-5d05-0f70-45cb-86d6f3b48009,d283dfa3-b90f-0b18-d6ce-f9758a753c9e,Linux Server Monitoring Scripts,"Bash scripts to monitor CPU, memory and disk usage.","{""Linux""}",personal,2026,2026-07-11 12:08:00
325a08ff-e538-ef54-a3fc-8e0deb250927,d283dfa3-b90f-0b18-d6ce-f9758a753c9e,CI/CD Pipeline for Web App,"Automated build, test and deploy with GitHub Actions and Docker.","{""Docker"",""Git"",""Linux""}",academic,2025,2026-07-11 12:08:00
7e3507db-f290-d346-d091-fc34eacfae57,4417639f-6dce-abef-a21f-1f28a5a07046,Customer Churn Analysis,Cleaned and analysed telco customer data to identify churn drivers.,"{""Python"",""Data Analysis"",""Statistical Analysis""}",personal,2025,2026-07-02 16:23:00
f3aa6da6-972d-5b66-a152-75d6fb426ef0,4417639f-6dce-abef-a21f-1f28a5a07046,Secure Login Module,"Implemented hashing, rate limiting and MFA for a web login.","{""Python"",""Flask"",""SQL""}",academic,2025,2026-07-02 16:23:00
48116cd7-9adf-a294-f66f-db7a8e8cdc0b,4417639f-6dce-abef-a21f-1f28a5a07046,Covid-19 Malaysia Data Explorer,Exploratory analysis of public MOH datasets with SQL and charts.,"{""SQL"",""Python"",""Data Visualisation""}",academic,2026,2026-07-02 16:23:00
042b949e-8eb4-40cb-1fd5-c6dd172f2203,4417639f-6dce-abef-a21f-1f28a5a07046,Retail Inventory Report Automation,Automated weekly inventory reporting from a SQL database.,"{""SQL"",""Excel""}",academic,2026,2026-07-02 16:23:00
aebfaef7-c940-138d-3673-99cd7aa38b4e,3c2c5529-8dc1-2eba-1f80-8e1ce29acf4c,House Price Prediction,Trained regression models to predict Klang Valley property prices.,"{""Python"",""Machine Learning"",""Statistical Analysis""}",competition,2026,2026-09-02 18:00:00
452f03c9-7efd-b8da-e5d6-ab9b21dcde12,ac663647-36a4-4599-3ef0-58b3fc141344,Library Management System,Desktop system for book loans and returns with a relational database.,"{""Java"",""SQL""}",academic,2025,2026-07-18 01:49:00
819f7810-5de8-2b8c-c234-50bbc81076dd,ac663647-36a4-4599-3ef0-58b3fc141344,Food Delivery Backend,"Microservice backend for order handling, containerised with Docker.","{""Node.js"",""Docker"",""SQL""}",personal,2026,2026-07-18 01:49:00
009e9ed2-ed0e-9484-91b5-6e0b5f0a41ed,ac663647-36a4-4599-3ef0-58b3fc141344,Inventory Tracker CLI,Command-line tool for small-business stock tracking.,"{""C++"",""Git""}",personal,2025,2026-07-18 01:49:00
b4e2fbce-3ebf-8bd9-0a3e-1572d7bfc03e,ac663647-36a4-4599-3ef0-58b3fc141344,Campus Event Booking API,REST API for booking campus events with authentication.,"{""Python"",""FastAPI"",""SQL"",""Git""}",academic,2025,2026-07-18 01:49:00
9c934831-96b6-e7da-8325-9434c5143fd5,bb822a13-5193-6ec1-e69f-4f215b385a6a,Inventory Tracker CLI,Command-line tool for small-business stock tracking.,"{""C++"",""Git""}",academic,2024,2026-08-05 20:16:00
33a3b10e-d54b-cec5-d918-7ff5cd3a9adb,bb822a13-5193-6ec1-e69f-4f215b385a6a,Campus Event Booking API,REST API for booking campus events with authentication.,"{""Python"",""FastAPI"",""SQL"",""Git""}",academic,2024,2026-08-05 20:16:00
3bbedece-c689-3b88-8337-0bc204595ccb,bb822a13-5193-6ec1-e69f-4f215b385a6a,Food Delivery Backend,"Microservice backend for order handling, containerised with Docker.","{""Node.js"",""Docker"",""SQL""}",competition,2025,2026-08-05 20:16:00
f003ea91-ce54-c3a9-83a9-5baeb242c5dc,0b56ec02-db4b-04d1-cf09-ba78df35afc6,Weather Dashboard,Front-end app consuming a public weather API with charts.,"{""JavaScript"",""Data Visualisation""}",competition,2026,2026-09-15 13:46:00
2b16b591-3843-b480-c436-44fea58e5128,0b56ec02-db4b-04d1-cf09-ba78df35afc6,Food Delivery Backend,"Microservice backend for order handling, containerised with Docker.","{""Node.js"",""Docker"",""SQL""}",academic,2025,2026-09-15 13:46:00
866e8085-3492-abcf-6938-edd8717bb519,fc03a706-774c-c9de-cf56-e78b47d34d63,E-commerce Store,"Full-stack store with cart, checkout and admin dashboard.","{""React"",""Node.js"",""SQL""}",competition,2026,2026-07-11 06:24:00
26a3da0d-144b-45a4-660a-3c587a9ede9d,fc03a706-774c-c9de-cf56-e78b47d34d63,Personal Portfolio Website,Responsive portfolio site built with React.,"{""React"",""JavaScript""}",academic,2026,2026-07-11 06:24:00
668d7b72-32cd-c1d0-0c99-a75bd9d01c72,a87fce58-ce2e-2e2a-d701-597c2bba1b17,Library Management System,Desktop system for book loans and returns with a relational database.,"{""Java"",""SQL""}",academic,2026,2026-07-28 12:25:00
586a9f10-1f51-21a6-ba26-dbc32d3b4adc,706e3f71-a99c-a3da-25b5-97c6ab5b2ca1,Retail Inventory Report Automation,Automated weekly inventory reporting from a SQL database.,"{""SQL"",""Excel""}",academic,2025,2026-09-10 16:06:00
ebec8b0a-1513-a64b-a67a-2cc7488f39a6,706e3f71-a99c-a3da-25b5-97c6ab5b2ca1,Club Management Web App,Web app for a student club to manage members and events.,"{""JavaScript"",""Flask"",""SQL"",""Teamwork""}",academic,2026,2026-09-10 16:06:00
06e308f5-4b34-3a6f-463b-a8941ecbd35e,6f7d696b-69f2-ebec-6a5d-69d9fd6d361c,Customer Churn Analysis,Cleaned and analysed telco customer data to identify churn drivers.,"{""Python"",""Data Analysis"",""Statistical Analysis""}",academic,2026,2026-07-01 13:45:00
7edc2ce1-70d9-1273-3e6d-9f974910f373,8ca0a958-e000-5105-417d-4986aeefc38e,Home Network Vulnerability Scan,Scanned and hardened a home lab network; documented findings.,"{""Linux"",""Research Skills""}",competition,2026,2026-09-08 03:17:00
cdec945e-8741-0f48-b2c8-0d8b0d40a2ea,8ca0a958-e000-5105-417d-4986aeefc38e,CI/CD Pipeline for Web App,"Automated build, test and deploy with GitHub Actions and Docker.","{""Docker"",""Git"",""Linux""}",academic,2025,2026-09-08 03:17:00
fbacb2e8-186f-4fa5-04e3-4cb124445246,d26c8105-6d85-33a2-dd1d-125f248dbf75,Home Network Vulnerability Scan,Scanned and hardened a home lab network; documented findings.,"{""Linux"",""Research Skills""}",competition,2026,2026-08-03 15:07:00
24019b6a-84f1-4a20-bd7c-ff65d94b413c,d26c8105-6d85-33a2-dd1d-125f248dbf75,CI/CD Pipeline for Web App,"Automated build, test and deploy with GitHub Actions and Docker.","{""Docker"",""Git"",""Linux""}",academic,2024,2026-08-03 15:07:00
7529a2f6-a415-8988-281a-7dd114f098c0,7904ffb1-443f-f733-1af0-1dd64cd66378,House Price Prediction,Trained regression models to predict Klang Valley property prices.,"{""Python"",""Machine Learning"",""Statistical Analysis""}",academic,2026,2026-09-14 08:49:00
e93a2086-b3d8-149e-69e2-7089a45c26e9,bb5ed054-62f8-0d94-23d2-f968e56fd112,Home Network Vulnerability Scan,Scanned and hardened a home lab network; documented findings.,"{""Linux"",""Research Skills""}",academic,2024,2026-07-17 13:10:00
73955c95-68f5-a140-9ed3-f7e116a36d0d,bb5ed054-62f8-0d94-23d2-f968e56fd112,Secure Login Module,"Implemented hashing, rate limiting and MFA for a web login.","{""Python"",""Flask"",""SQL""}",competition,2026,2026-07-17 13:10:00
97783a80-ed9a-c1dc-f070-2886d65b7bc2,4fc1c667-d932-1ab3-0c2c-ef310660d917,Weather Dashboard,Front-end app consuming a public weather API with charts.,"{""JavaScript"",""Data Visualisation""}",academic,2026,2026-09-07 04:10:00
7b057bd0-c986-3afd-52ec-c7ed14703aa5,4fc1c667-d932-1ab3-0c2c-ef310660d917,Club Management Web App,Web app for a student club to manage members and events.,"{""JavaScript"",""Flask"",""SQL"",""Teamwork""}",personal,2023,2026-09-07 04:10:00
153fb118-0af7-21a9-a9d0-716a05c62ffa,6d090422-5be0-162e-e8ea-1605ea36fb09,Club Management Web App,Web app for a student club to manage members and events.,"{""JavaScript"",""Flask"",""SQL"",""Teamwork""}",academic,2026,2026-09-12 05:24:00
fca0cd72-014d-d114-38f4-9961d6bdb561,6d090422-5be0-162e-e8ea-1605ea36fb09,Weather Dashboard,Front-end app consuming a public weather API with charts.,"{""JavaScript"",""Data Visualisation""}",academic,2025,2026-09-12 05:24:00
49b48c9b-433c-2de9-a7e1-9facee09a932,c79eeb8e-f799-3edc-5195-4d5631b9b512,Library Management System,Desktop system for book loans and returns with a relational database.,"{""Java"",""SQL""}",competition,2024,2026-07-19 14:37:00
20ff1efc-a0f9-90b4-e23f-cbccbb966a3d,c79eeb8e-f799-3edc-5195-4d5631b9b512,Retail Inventory Report Automation,Automated weekly inventory reporting from a SQL database.,"{""SQL"",""Excel""}",personal,2025,2026-07-19 14:37:00
ed248309-8e32-fd20-ac94-1700828b6347,c79eeb8e-f799-3edc-5195-4d5631b9b512,Carlson-Smith Sales Dashboard,Built an interactive dashboard to track monthly sales KPIs.,"{""Power BI"",""Excel"",""Data Visualisation""}",academic,2026,2026-07-19 14:37:00
73c1f6a2-5e71-b662-2a1f-7077470d8b46,cd7e3ac6-52b7-3f7e-2e2b-6b8de8ce4dc4,Club Management Web App,Web app for a student club to manage members and events.,"{""JavaScript"",""Flask"",""SQL"",""Teamwork""}",academic,2025,2026-07-03 03:08:00
acf7d36b-5683-0bf8-cb79-dcb59ede807c,cd7e3ac6-52b7-3f7e-2e2b-6b8de8ce4dc4,Customer Churn Analysis,Cleaned and analysed telco customer data to identify churn drivers.,"{""Python"",""Data Analysis"",""Statistical Analysis""}",academic,2025,2026-07-03 03:08:00
a0a5741e-a6a0-b2d0-6293-ff3bf65e166d,9e7677dd-5fa8-f48a-362e-75cf3e573ce2,Campus Event Booking API,REST API for booking campus events with authentication.,"{""Python"",""FastAPI"",""SQL"",""Git""}",academic,2026,2026-07-12 05:36:00
70eb6a37-4a24-e243-6078-e10054dd07dc,9e7677dd-5fa8-f48a-362e-75cf3e573ce2,Food Delivery Backend,"Microservice backend for order handling, containerised with Docker.","{""Node.js"",""Docker"",""SQL""}",academic,2026,2026-07-12 05:36:00
9d6ca021-1e46-ecdc-bd76-8a7dc8497cca,9e7677dd-5fa8-f48a-362e-75cf3e573ce2,Student Performance Predictor,Predicted at-risk students from academic records.,"{""Machine Learning"",""Data Analysis"",""R""}",personal,2026,2026-07-12 05:36:00
4797222c-fe50-fbba-2ede-3ede7ce3da45,d9f91100-8090-7f22-a059-b9f3a8a0edf5,CTF Team Participation,Solved web and forensics challenges in a university CTF.,"{""Linux"",""Problem Solving"",""Teamwork""}",internship,2024,2026-07-18 01:20:00
d73e5632-7caf-d9ae-1c28-4b82728768d1,b55f0e5d-e502-fd39-b0e0-565ab72423d6,Personal Portfolio Website,Responsive portfolio site built with React.,"{""React"",""JavaScript""}",personal,2025,2026-09-07 02:23:00
09860e01-9bb2-e446-ed59-2398f649ff09,b55f0e5d-e502-fd39-b0e0-565ab72423d6,Covid-19 Malaysia Data Explorer,Exploratory analysis of public MOH datasets with SQL and charts.,"{""SQL"",""Python"",""Data Visualisation""}",academic,2024,2026-09-07 02:23:00
b1a4675d-86f1-06d9-9b37-16cfe5bfca33,b55f0e5d-e502-fd39-b0e0-565ab72423d6,Customer Churn Analysis,Cleaned and analysed telco customer data to identify churn drivers.,"{""Python"",""Data Analysis"",""Statistical Analysis""}",academic,2025,2026-09-07 02:23:00
1b50e4d6-17e9-a413-6f99-34201a531cf9,b55f0e5d-e502-fd39-b0e0-565ab72423d6,Li-Thompson Sales Dashboard,Built an interactive dashboard to track monthly sales KPIs.,"{""Power BI"",""Excel"",""Data Visualisation""}",personal,2026,2026-09-07 02:23:00
b5b3ecb5-5d61-362d-604e-86b11bbbefac,eb7b8ad8-74b4-9650-7819-bc8179a130ba,Weather Dashboard,Front-end app consuming a public weather API with charts.,"{""JavaScript"",""Data Visualisation""}",competition,2026,2026-08-07 13:47:00
4bc65ea5-681e-c744-748b-d9d3c508c7e7,eb7b8ad8-74b4-9650-7819-bc8179a130ba,E-commerce Store,"Full-stack store with cart, checkout and admin dashboard.","{""React"",""Node.js"",""SQL""}",personal,2026,2026-08-07 13:47:00
0cb484d4-aa00-8ba5-6420-a2868bcd7eb4,92095726-489f-c777-1b98-94c52fd81782,Personal Portfolio Website,Responsive portfolio site built with React.,"{""React"",""JavaScript""}",academic,2025,2026-08-02 22:07:00
062a9d31-96d7-aa01-1605-2cda51d33ded,92095726-489f-c777-1b98-94c52fd81782,Weather Dashboard,Front-end app consuming a public weather API with charts.,"{""JavaScript"",""Data Visualisation""}",personal,2025,2026-08-02 22:07:00
ffaaaf7b-7970-5db6-3b97-810d9b3d4cfa,231956a8-fc2b-edfc-23ec-b3901514b88a,Inventory Tracker CLI,Command-line tool for small-business stock tracking.,"{""C++"",""Git""}",internship,2025,2026-09-12 19:20:00
7c5ed0a2-cff2-87e1-67d1-35ce1a95a394,231956a8-fc2b-edfc-23ec-b3901514b88a,CTF Team Participation,Solved web and forensics challenges in a university CTF.,"{""Linux"",""Problem Solving"",""Teamwork""}",academic,2026,2026-09-12 19:20:00
b7e90497-011d-eb99-0b28-82a5c61c3397,61539a40-7efa-38a5-d600-8c5a9a6f5a60,Student Performance Predictor,Predicted at-risk students from academic records.,"{""Machine Learning"",""Data Analysis"",""R""}",internship,2025,2026-09-10 21:36:00
a94e4372-3a88-35a8-db2c-9f5bbdcd00a9,bc1a591f-cae8-29a6-f1f8-049a7835f883,Home Network Vulnerability Scan,Scanned and hardened a home lab network; documented findings.,"{""Linux"",""Research Skills""}",academic,2026,2026-07-13 06:54:00
6a9f2613-dacc-0bfc-28f7-24f6a146704d,bc1a591f-cae8-29a6-f1f8-049a7835f883,CTF Team Participation,Solved web and forensics challenges in a university CTF.,"{""Linux"",""Problem Solving"",""Teamwork""}",competition,2025,2026-07-13 06:54:00
502d3593-8480-76ab-4cba-06edd47262cf,bc1a591f-cae8-29a6-f1f8-049a7835f883,Plant Disease Image Classifier,CNN model to detect leaf diseases from photos.,"{""Deep Learning"",""Python""}",personal,2025,2026-07-13 06:54:00
077928c3-937b-94e7-5a43-8639a825610c,3ddf5688-0139-bb86-af85-203cf830bea5,Student Performance Predictor,Predicted at-risk students from academic records.,"{""Machine Learning"",""Data Analysis"",""R""}",internship,2024,2026-08-13 04:05:00
d12e73a1-75f1-afb8-e28a-11d12f45428a,3ddf5688-0139-bb86-af85-203cf830bea5,Customer Churn Analysis,Cleaned and analysed telco customer data to identify churn drivers.,"{""Python"",""Data Analysis"",""Statistical Analysis""}",personal,2025,2026-08-13 04:05:00
aaf76d3b-ce5e-2a7e-2ee4-cbbde7f6dec2,3ddf5688-0139-bb86-af85-203cf830bea5,Retail Inventory Report Automation,Automated weekly inventory reporting from a SQL database.,"{""SQL"",""Excel""}",personal,2026,2026-08-13 04:05:00
bf9cd75c-0637-66dd-9729-0c024af53dfe,2c59adbb-f298-b8b0-1996-dcafcdc7bd02,Serverless Image Resizer,Built an event-driven image pipeline on AWS Lambda and S3.,"{""AWS"",""Cloud Computing"",""Python""}",internship,2025,2026-07-28 18:34:00
33ffe304-b50e-33d7-d9d0-9e8b85765c2a,2c59adbb-f298-b8b0-1996-dcafcdc7bd02,Azure-hosted Student Portal,Deployed a web portal to Azure App Service with a managed database.,"{""Azure"",""Cloud Computing"",""SQL""}",academic,2024,2026-07-28 18:34:00
cba8dd6e-ea54-79f2-399b-29fc5f5cf4f9,2c59adbb-f298-b8b0-1996-dcafcdc7bd02,CI/CD Pipeline for Web App,"Automated build, test and deploy with GitHub Actions and Docker.","{""Docker"",""Git"",""Linux""}",personal,2026,2026-07-28 18:34:00
326dbb01-bd7f-d94a-8cd8-277bc55cdd19,9ac63645-022d-a24e-45ae-f0920c2a89d8,CTF Team Participation,Solved web and forensics challenges in a university CTF.,"{""Linux"",""Problem Solving"",""Teamwork""}",academic,2025,2026-08-29 08:11:00
aff8d43e-37a8-8934-23c9-44abbabc7d4b,58180fb9-653a-c312-9de8-eab0244ae9f0,Retail Inventory Report Automation,Automated weekly inventory reporting from a SQL database.,"{""SQL"",""Excel""}",academic,2025,2026-07-25 00:28:00
64176a88-c996-e7fc-4c10-03df4d4b0444,58180fb9-653a-c312-9de8-eab0244ae9f0,Phishing Email Detector,Rule-based and ML approach to flag phishing emails.,"{""Python"",""Machine Learning""}",personal,2025,2026-07-25 00:28:00
da89f0cc-8bd9-59db-4776-fcba1c41c9cf,8b1035df-14fb-11b7-181c-b16f9439f63e,CI/CD Pipeline for Web App,"Automated build, test and deploy with GitHub Actions and Docker.","{""Docker"",""Git"",""Linux""}",internship,2024,2026-07-21 18:35:00
8d8a5399-184c-bb24-bcde-7407844bf02f,8b1035df-14fb-11b7-181c-b16f9439f63e,Azure-hosted Student Portal,Deployed a web portal to Azure App Service with a managed database.,"{""Azure"",""Cloud Computing"",""SQL""}",personal,2025,2026-07-21 18:35:00
a1c06f17-3615-1724-7e15-878913b445ba,8b1035df-14fb-11b7-181c-b16f9439f63e,Serverless Image Resizer,Built an event-driven image pipeline on AWS Lambda and S3.,"{""AWS"",""Cloud Computing"",""Python""}",academic,2025,2026-07-21 18:35:00
505f1c4d-1804-53a0-3bd7-5053517eaaa6,e4588c5e-f608-f37b-c6f6-4c515278db82,CI/CD Pipeline for Web App,"Automated build, test and deploy with GitHub Actions and Docker.","{""Docker"",""Git"",""Linux""}",competition,2025,2026-07-10 05:29:00
cd0d01ef-c595-806e-e50e-bfaf0238a72d,e4588c5e-f608-f37b-c6f6-4c515278db82,Serverless Image Resizer,Built an event-driven image pipeline on AWS Lambda and S3.,"{""AWS"",""Cloud Computing"",""Python""}",competition,2024,2026-07-10 05:29:00
f53b1b90-c671-8ba3-5671-dcd8bca40fc2,e4588c5e-f608-f37b-c6f6-4c515278db82,Linux Server Monitoring Scripts,"Bash scripts to monitor CPU, memory and disk usage.","{""Linux""}",competition,2026,2026-07-10 05:29:00
89d33a59-944c-aad6-c9cb-6705e1c61e1f,e4588c5e-f608-f37b-c6f6-4c515278db82,Azure-hosted Student Portal,Deployed a web portal to Azure App Service with a managed database.,"{""Azure"",""Cloud Computing"",""SQL""}",academic,2025,2026-07-10 05:29:00
2cac003c-f4f1-83e5-a259-2eb5090501a0,83c6e86c-bc5f-eb6a-ab16-35f01e3640b1,Covid-19 Malaysia Data Explorer,Exploratory analysis of public MOH datasets with SQL and charts.,"{""SQL"",""Python"",""Data Visualisation""}",competition,2026,2026-08-23 18:21:00
ffbd04fd-efc1-2e17-a9f9-9d4f9545201e,83c6e86c-bc5f-eb6a-ab16-35f01e3640b1,Customer Churn Analysis,Cleaned and analysed telco customer data to identify churn drivers.,"{""Python"",""Data Analysis"",""Statistical Analysis""}",personal,2026,2026-08-23 18:21:00
fc678db7-4657-6fee-ef3f-6b9a3657197b,d53690b0-d239-abdf-570b-ee9734469c32,Azure-hosted Student Portal,Deployed a web portal to Azure App Service with a managed database.,"{""Azure"",""Cloud Computing"",""SQL""}",internship,2026,2026-09-11 06:37:00
f67ebec9-842f-2c4b-6096-29e6aabe05a3,d53690b0-d239-abdf-570b-ee9734469c32,Linux Server Monitoring Scripts,"Bash scripts to monitor CPU, memory and disk usage.","{""Linux""}",competition,2026,2026-09-11 06:37:00
b367618f-6898-e551-0432-dd0574fcfa93,d53690b0-d239-abdf-570b-ee9734469c32,CI/CD Pipeline for Web App,"Automated build, test and deploy with GitHub Actions and Docker.","{""Docker"",""Git"",""Linux""}",competition,2025,2026-09-11 06:37:00
99e0859c-609b-7c1a-93fe-ba888c9d0e58,d8302225-0885-dbcf-f57e-cb8e4cf83b40,Personal Portfolio Website,Responsive portfolio site built with React.,"{""React"",""JavaScript""}",academic,2026,2026-09-07 20:02:00
ebb06b15-a488-0369-4b40-0975c253dac4,d8302225-0885-dbcf-f57e-cb8e4cf83b40,Weather Dashboard,Front-end app consuming a public weather API with charts.,"{""JavaScript"",""Data Visualisation""}",academic,2023,2026-09-07 20:02:00
6044abd0-8630-b789-59ab-d41c75acb371,d8302225-0885-dbcf-f57e-cb8e4cf83b40,Club Management Web App,Web app for a student club to manage members and events.,"{""JavaScript"",""Flask"",""SQL"",""Teamwork""}",academic,2026,2026-09-07 20:02:00
0d360498-258c-e2bf-6a3a-6b2153da2de8,d8302225-0885-dbcf-f57e-cb8e4cf83b40,E-commerce Store,"Full-stack store with cart, checkout and admin dashboard.","{""React"",""Node.js"",""SQL""}",academic,2026,2026-09-07 20:02:00
48009596-ae14-aa40-4dd5-dda940f46987,d8302225-0885-dbcf-f57e-cb8e4cf83b40,Plant Disease Image Classifier,CNN model to detect leaf diseases from photos.,"{""Deep Learning"",""Python""}",personal,2024,2026-09-07 20:02:00
ffe1d65a-daff-e5fa-0766-32767766fa13,c6e6921d-a6d8-7a72-352b-a3e3c43b5ba7,House Price Prediction,Trained regression models to predict Klang Valley property prices.,"{""Python"",""Machine Learning"",""Statistical Analysis""}",academic,2025,2026-07-08 10:06:00
4ec320f7-d09f-6ec0-3eda-0f9bbc511628,c6e6921d-a6d8-7a72-352b-a3e3c43b5ba7,Conner Sales Dashboard,Built an interactive dashboard to track monthly sales KPIs.,"{""Power BI"",""Excel"",""Data Visualisation""}",academic,2024,2026-07-08 10:06:00
17158cbe-342b-6225-1873-7a1d4d6d1f82,4eba2d22-7c0b-b276-4eee-848008405335,Retail Inventory Report Automation,Automated weekly inventory reporting from a SQL database.,"{""SQL"",""Excel""}",personal,2026,2026-09-10 05:09:00
839d2774-5af7-a91c-242f-caa40237b7a6,4eba2d22-7c0b-b276-4eee-848008405335,CTF Team Participation,Solved web and forensics challenges in a university CTF.,"{""Linux"",""Problem Solving"",""Teamwork""}",academic,2024,2026-09-10 05:09:00
1ea34e54-4db7-255b-e2e7-855ffcea8251,e7940b08-78e0-e9ac-279c-e2d1507c2d8d,CTF Team Participation,Solved web and forensics challenges in a university CTF.,"{""Linux"",""Problem Solving"",""Teamwork""}",academic,2026,2026-08-07 22:42:00
2c6aa91f-0757-912b-8d6b-456e49bcbc58,5863229c-02d8-eb63-00fe-6cccbee9d208,Personal Portfolio Website,Responsive portfolio site built with React.,"{""React"",""JavaScript""}",personal,2024,2026-07-17 13:31:00
d8e1fe32-5bce-01c4-c87e-332c6b23686b,5863229c-02d8-eb63-00fe-6cccbee9d208,Campus Event Booking API,REST API for booking campus events with authentication.,"{""Python"",""FastAPI"",""SQL"",""Git""}",academic,2024,2026-07-17 13:31:00
00698a2a-e6ac-8886-8959-765bb78707bd,0c3b491f-bb27-dcbb-9038-3703cf12b313,Customer Churn Analysis,Cleaned and analysed telco customer data to identify churn drivers.,"{""Python"",""Data Analysis"",""Statistical Analysis""}",academic,2025,2026-07-30 19:30:00
2c2c5d5b-27bd-668b-a3a9-41c1a6f71504,c2b787b1-52bf-3c8a-719a-704d6db4f3b8,Customer Churn Analysis,Cleaned and analysed telco customer data to identify churn drivers.,"{""Python"",""Data Analysis"",""Statistical Analysis""}",academic,2026,2026-09-19 01:49:00
bebf5e40-cab8-aadd-8a9c-7a82c26317e8,c2b787b1-52bf-3c8a-719a-704d6db4f3b8,House Price Prediction,Trained regression models to predict Klang Valley property prices.,"{""Python"",""Machine Learning"",""Statistical Analysis""}",academic,2026,2026-09-19 01:49:00
74c1f9b4-108e-7b32-813f-51fc9b6e2c87,aecc015a-ecec-b339-a064-c0ccbd279fd8,Covid-19 Malaysia Data Explorer,Exploratory analysis of public MOH datasets with SQL and charts.,"{""SQL"",""Python"",""Data Visualisation""}",competition,2023,2026-07-06 14:49:00
77b42cd6-5fc4-87a2-a611-49c9e0232429,e5c8c601-dbcc-ee78-9ccc-3ea8c486ca71,Food Delivery Backend,"Microservice backend for order handling, containerised with Docker.","{""Node.js"",""Docker"",""SQL""}",personal,2026,2026-08-08 12:50:00
8951f2a5-2502-5d89-dc57-0f3f3cdfa052,e5c8c601-dbcc-ee78-9ccc-3ea8c486ca71,Inventory Tracker CLI,Command-line tool for small-business stock tracking.,"{""C++"",""Git""}",academic,2025,2026-08-08 12:50:00
4f54c90e-db76-11cd-e928-966877d51bca,b42176c0-e763-b8fe-65da-b531190dcc47,House Price Prediction,Trained regression models to predict Klang Valley property prices.,"{""Python"",""Machine Learning"",""Statistical Analysis""}",academic,2026,2026-08-01 07:41:00
d9df734f-67ba-704b-6ea5-87533a09bb30,b42176c0-e763-b8fe-65da-b531190dcc47,Student Performance Predictor,Predicted at-risk students from academic records.,"{""Machine Learning"",""Data Analysis"",""R""}",academic,2026,2026-08-01 07:41:00
9159c84f-ba28-7777-c59a-a49db657294f,b42176c0-e763-b8fe-65da-b531190dcc47,Sentiment Analysis of Product Reviews,Classified Shopee product reviews using NLP techniques.,"{""Python"",""Natural Language Processing"",""Machine Learning""}",academic,2025,2026-08-01 07:41:00
61cadf6b-429a-8d6f-148c-a70bf068d554,60a69e36-45d9-6457-a10d-b698a111bdbc,Student Performance Predictor,Predicted at-risk students from academic records.,"{""Machine Learning"",""Data Analysis"",""R""}",academic,2026,2026-07-28 15:10:00
3e6ba669-85b0-b47d-a970-b21142d3388c,60a69e36-45d9-6457-a10d-b698a111bdbc,Campus Event Booking API,REST API for booking campus events with authentication.,"{""Python"",""FastAPI"",""SQL"",""Git""}",academic,2025,2026-07-28 15:10:00
549657d6-9244-704e-1637-401e307c68e0,46be81c7-caec-3e30-5de9-1f0f749b5bee,Personal Portfolio Website,Responsive portfolio site built with React.,"{""React"",""JavaScript""}",competition,2024,2026-07-30 15:47:00
17bd2124-8a99-4696-1df8-252ed7fc8bd6,dd9c829a-76fc-5c77-751f-0dda6759a88b,Personal Portfolio Website,Responsive portfolio site built with React.,"{""React"",""JavaScript""}",personal,2025,2026-08-05 16:39:00
7bd06794-2985-cdd3-4a1d-5528d85a254f,dd9c829a-76fc-5c77-751f-0dda6759a88b,Home Network Vulnerability Scan,Scanned and hardened a home lab network; documented findings.,"{""Linux"",""Research Skills""}",academic,2026,2026-08-05 16:39:00
e3c80e02-b7d6-a62f-9468-9f11d150190b,dd9c829a-76fc-5c77-751f-0dda6759a88b,Weather Dashboard,Front-end app consuming a public weather API with charts.,"{""JavaScript"",""Data Visualisation""}",competition,2026,2026-08-05 16:39:00
4e3698a4-994a-04ce-23fc-b5bdc74d9c94,a7355dab-e6a8-57d1-f782-8ca18a25cb4a,Weather Dashboard,Front-end app consuming a public weather API with charts.,"{""JavaScript"",""Data Visualisation""}",personal,2026,2026-08-06 15:53:00
263eb969-b47c-f9be-3a12-7eae3cff9604,b50c39ce-88ef-c6f6-65dc-8a7e3756befe,E-commerce Store,"Full-stack store with cart, checkout and admin dashboard.","{""React"",""Node.js"",""SQL""}",academic,2024,2026-08-13 00:12:00
329cbd35-d9da-ea9d-a5be-f82e934a145f,b50c39ce-88ef-c6f6-65dc-8a7e3756befe,Secure Login Module,"Implemented hashing, rate limiting and MFA for a web login.","{""Python"",""Flask"",""SQL""}",academic,2025,2026-08-13 00:12:00
57fad2ab-1a67-6c83-e8d4-6a3597e864ca,b50c39ce-88ef-c6f6-65dc-8a7e3756befe,Azure-hosted Student Portal,Deployed a web portal to Azure App Service with a managed database.,"{""Azure"",""Cloud Computing"",""SQL""}",academic,2024,2026-08-13 00:12:00
275ec353-9809-c9e5-42fe-b5895db00973,b6045b36-c0af-daf5-67f6-3583e76cc750,E-commerce Store,"Full-stack store with cart, checkout and admin dashboard.","{""React"",""Node.js"",""SQL""}",academic,2024,2026-07-30 02:41:00
532bbb65-b4a6-747e-bccf-caf9d78f95c3,c310b79e-a5ba-be26-c2fc-1353f67bd794,Campus Event Booking API,REST API for booking campus events with authentication.,"{""Python"",""FastAPI"",""SQL"",""Git""}",personal,2024,2026-09-01 01:16:00
a42c150f-2d10-b3d5-48bd-6976ebcbb289,c310b79e-a5ba-be26-c2fc-1353f67bd794,Food Delivery Backend,"Microservice backend for order handling, containerised with Docker.","{""Node.js"",""Docker"",""SQL""}",academic,2026,2026-09-01 01:16:00
b49078bd-b95f-d288-24c3-82be9943d04b,c310b79e-a5ba-be26-c2fc-1353f67bd794,Inventory Tracker CLI,Command-line tool for small-business stock tracking.,"{""C++"",""Git""}",competition,2025,2026-09-01 01:16:00
d2f9a8de-2816-7a6f-7cff-9981b6ebcf09,0cd06a34-d97e-049e-1896-88febb94777a,Library Management System,Desktop system for book loans and returns with a relational database.,"{""Java"",""SQL""}",internship,2024,2026-09-07 02:05:00
dd63a743-f192-5d87-ab34-26b9ac58c5d2,0cd06a34-d97e-049e-1896-88febb94777a,Food Delivery Backend,"Microservice backend for order handling, containerised with Docker.","{""Node.js"",""Docker"",""SQL""}",competition,2024,2026-09-07 02:05:00
486032b2-6b83-7aae-5a09-550f35f591b7,0cd06a34-d97e-049e-1896-88febb94777a,Campus Event Booking API,REST API for booking campus events with authentication.,"{""Python"",""FastAPI"",""SQL"",""Git""}",academic,2025,2026-09-07 02:05:00
9b0aec94-8599-3420-198a-ed065bf64136,66c62fc8-7ef8-3fa6-d8bd-2133916a50b7,House Price Prediction,Trained regression models to predict Klang Valley property prices.,"{""Python"",""Machine Learning"",""Statistical Analysis""}",personal,2025,2026-07-18 19:34:00
53ca59b9-c72a-4b39-73cc-a92d27bb607f,66c62fc8-7ef8-3fa6-d8bd-2133916a50b7,Sentiment Analysis of Product Reviews,Classified Shopee product reviews using NLP techniques.,"{""Python"",""Natural Language Processing"",""Machine Learning""}",academic,2026,2026-07-18 19:34:00
f2b10b8d-d8d4-eb99-50b9-5cecbbcfae06,3e8b8467-120c-108e-b964-502130ff1f0f,House Price Prediction,Trained regression models to predict Klang Valley property prices.,"{""Python"",""Machine Learning"",""Statistical Analysis""}",competition,2026,2026-08-01 00:46:00
7c77bbed-b9ed-8eee-4dc4-1ea9e36d9559,3e8b8467-120c-108e-b964-502130ff1f0f,Student Performance Predictor,Predicted at-risk students from academic records.,"{""Machine Learning"",""Data Analysis"",""R""}",competition,2026,2026-08-01 00:46:00
4307877f-386f-0c33-0b96-9596f804be96,3e8b8467-120c-108e-b964-502130ff1f0f,Sentiment Analysis of Product Reviews,Classified Shopee product reviews using NLP techniques.,"{""Python"",""Natural Language Processing"",""Machine Learning""}",academic,2026,2026-08-01 00:46:00
a64e3e94-e5ef-53ce-031a-1a4077a0c83f,0454f5a1-62a3-9105-d55d-59ed011a4361,Club Management Web App,Web app for a student club to manage members and events.,"{""JavaScript"",""Flask"",""SQL"",""Teamwork""}",academic,2023,2026-08-14 16:58:00
cc454c0b-74bc-14f1-e45c-500eebddcd37,0454f5a1-62a3-9105-d55d-59ed011a4361,Library Management System,Desktop system for book loans and returns with a relational database.,"{""Java"",""SQL""}",academic,2023,2026-08-14 16:58:00
274770a1-9f29-f7df-d5e9-76193e5ca817,0052b9cc-e828-bb22-3e69-e1295c359d67,Serverless Image Resizer,Built an event-driven image pipeline on AWS Lambda and S3.,"{""AWS"",""Cloud Computing"",""Python""}",academic,2026,2026-07-08 19:37:00
b388181a-42c2-1e1f-17ad-582ea9ed947f,0052b9cc-e828-bb22-3e69-e1295c359d67,Home Network Vulnerability Scan,Scanned and hardened a home lab network; documented findings.,"{""Linux"",""Research Skills""}",competition,2025,2026-07-08 19:37:00
aa51ca71-4381-95c7-0fb5-600a12d5e6b5,aacf1558-1c70-20b5-d1ab-143fcbd880b8,Linux Server Monitoring Scripts,"Bash scripts to monitor CPU, memory and disk usage.","{""Linux""}",academic,2026,2026-07-10 23:10:00
a0cd1abb-3eb9-1bc0-a0ca-f7b8f2dd2f15,aacf1558-1c70-20b5-d1ab-143fcbd880b8,Serverless Image Resizer,Built an event-driven image pipeline on AWS Lambda and S3.,"{""AWS"",""Cloud Computing"",""Python""}",personal,2026,2026-07-10 23:10:00
205eb64b-2374-eca2-9b1c-d04611f91ad2,aacf1558-1c70-20b5-d1ab-143fcbd880b8,Food Delivery Backend,"Microservice backend for order handling, containerised with Docker.","{""Node.js"",""Docker"",""SQL""}",academic,2026,2026-07-10 23:10:00
b8b32bad-3a35-7a4f-c502-01ee77e9873b,557d5543-d745-f3fb-15cd-e4097a995fba,Inventory Tracker CLI,Command-line tool for small-business stock tracking.,"{""C++"",""Git""}",competition,2026,2026-07-09 06:51:00
9430c2bb-da4b-866e-7d26-3e0efa0c0499,557d5543-d745-f3fb-15cd-e4097a995fba,Food Delivery Backend,"Microservice backend for order handling, containerised with Docker.","{""Node.js"",""Docker"",""SQL""}",academic,2025,2026-07-09 06:51:00
b0a931d1-353e-e9c4-2c44-5e5fe08a8205,2f138be4-263b-8860-5953-d9c08b75f3fd,Inventory Tracker CLI,Command-line tool for small-business stock tracking.,"{""C++"",""Git""}",academic,2026,2026-07-10 06:03:00
21064520-2277-caa3-73a8-f499fefbfce1,2f138be4-263b-8860-5953-d9c08b75f3fd,Library Management System,Desktop system for book loans and returns with a relational database.,"{""Java"",""SQL""}",personal,2025,2026-07-10 06:03:00
151bd690-3896-ac17-0a56-22ec66e0afcd,3e9a521d-b2b8-b4de-28e8-78985f5ab599,Phishing Email Detector,Rule-based and ML approach to flag phishing emails.,"{""Python"",""Machine Learning""}",competition,2024,2026-08-12 02:10:00
4135cb68-0516-55be-3cea-efbcf8289fda,3e9a521d-b2b8-b4de-28e8-78985f5ab599,Library Management System,Desktop system for book loans and returns with a relational database.,"{""Java"",""SQL""}",competition,2023,2026-08-12 02:10:00
788c1b36-97cf-6e6d-c25d-0c74b4ea3411,3e9a521d-b2b8-b4de-28e8-78985f5ab599,Food Delivery Backend,"Microservice backend for order handling, containerised with Docker.","{""Node.js"",""Docker"",""SQL""}",competition,2023,2026-08-12 02:10:00
d7e8b652-d97b-d2f2-e38b-784dcc9d2242,3e9a521d-b2b8-b4de-28e8-78985f5ab599,CTF Team Participation,Solved web and forensics challenges in a university CTF.,"{""Linux"",""Problem Solving"",""Teamwork""}",personal,2023,2026-08-12 02:10:00
0b102144-f687-df9e-d999-89111c3de334,ad40134e-8557-c6aa-3614-10a8386754a2,Home Network Vulnerability Scan,Scanned and hardened a home lab network; documented findings.,"{""Linux"",""Research Skills""}",academic,2025,2026-08-15 13:58:00
9aa0b64c-967e-8e7b-94e6-8bda68a721b5,7a197bbb-60df-ea78-1271-6f048d5a9e8d,Azure-hosted Student Portal,Deployed a web portal to Azure App Service with a managed database.,"{""Azure"",""Cloud Computing"",""SQL""}",internship,2024,2026-07-06 01:41:00
1645864a-3965-b77d-2ff2-0b42ba612f2d,7a197bbb-60df-ea78-1271-6f048d5a9e8d,Linux Server Monitoring Scripts,"Bash scripts to monitor CPU, memory and disk usage.","{""Linux""}",academic,2023,2026-07-06 01:41:00
3ce68c4e-7566-dbfe-289b-73ce3210b523,7a197bbb-60df-ea78-1271-6f048d5a9e8d,House Price Prediction,Trained regression models to predict Klang Valley property prices.,"{""Python"",""Machine Learning"",""Statistical Analysis""}",personal,2025,2026-07-06 01:41:00
2f0aff9d-af86-e24e-f26b-0d7d2f09b22c,52e74fa7-5ea5-c313-5ef8-707541b51e5b,CI/CD Pipeline for Web App,"Automated build, test and deploy with GitHub Actions and Docker.","{""Docker"",""Git"",""Linux""}",competition,2025,2026-07-17 22:55:00
1aabc3e8-6681-5708-05fb-2b20ad315ef7,52e74fa7-5ea5-c313-5ef8-707541b51e5b,Retail Inventory Report Automation,Automated weekly inventory reporting from a SQL database.,"{""SQL"",""Excel""}",academic,2026,2026-07-17 22:55:00
1a4f3f75-e5fe-5596-df49-fae77c63de56,cb7e7784-02b5-0216-83eb-6cce8af194e6,Linux Server Monitoring Scripts,"Bash scripts to monitor CPU, memory and disk usage.","{""Linux""}",internship,2026,2026-08-10 01:06:00
f2f51ee4-b97a-df6c-1a7c-6479a61bf785,cb7e7784-02b5-0216-83eb-6cce8af194e6,Serverless Image Resizer,Built an event-driven image pipeline on AWS Lambda and S3.,"{""AWS"",""Cloud Computing"",""Python""}",personal,2026,2026-08-10 01:06:00
f99c58ae-6cb5-c8f3-3995-5dd139e0f5bd,cb7e7784-02b5-0216-83eb-6cce8af194e6,Azure-hosted Student Portal,Deployed a web portal to Azure App Service with a managed database.,"{""Azure"",""Cloud Computing"",""SQL""}",academic,2025,2026-08-10 01:06:00
bc944672-70fd-c01c-f958-fff425361fff,013a7943-eacf-cefb-c462-23936070fd1e,E-commerce Store,"Full-stack store with cart, checkout and admin dashboard.","{""React"",""Node.js"",""SQL""}",academic,2025,2026-08-28 19:16:00
07bedb4c-84b9-cc5a-4098-40ba9d00841e,10627761-fdb5-36ad-a9da-5dd755370e6d,Azure-hosted Student Portal,Deployed a web portal to Azure App Service with a managed database.,"{""Azure"",""Cloud Computing"",""SQL""}",personal,2026,2026-09-13 16:07:00
8e347312-8a57-4378-9dec-c064d082804c,537b8436-6ed9-a39d-5a88-1ca43b4d3447,Lowe-Dillon Sales Dashboard,Built an interactive dashboard to track monthly sales KPIs.,"{""Power BI"",""Excel"",""Data Visualisation""}",academic,2024,2026-07-23 06:27:00
eaffb333-28ca-a46d-beec-3c0c35a8e1b8,537b8436-6ed9-a39d-5a88-1ca43b4d3447,Azure-hosted Student Portal,Deployed a web portal to Azure App Service with a managed database.,"{""Azure"",""Cloud Computing"",""SQL""}",academic,2024,2026-07-23 06:27:00
c9a34d3b-2074-649b-4b00-bb02faebf24a,537b8436-6ed9-a39d-5a88-1ca43b4d3447,Covid-19 Malaysia Data Explorer,Exploratory analysis of public MOH datasets with SQL and charts.,"{""SQL"",""Python"",""Data Visualisation""}",personal,2026,2026-07-23 06:27:00
c969cfac-d766-92bd-6416-e20b8713a3d5,d0d93b8b-582a-00f0-8cfe-021d2b933a75,Secure Login Module,"Implemented hashing, rate limiting and MFA for a web login.","{""Python"",""Flask"",""SQL""}",personal,2025,2026-08-27 09:46:00
474e3b69-f721-0f63-f6c2-c7be4c098021,d0d93b8b-582a-00f0-8cfe-021d2b933a75,Inventory Tracker CLI,Command-line tool for small-business stock tracking.,"{""C++"",""Git""}",personal,2025,2026-08-27 09:46:00
58503809-9fcf-df54-3968-d9ea8f248157,a7eb7d25-a2c9-8d78-2119-d4ff056bc7bf,Club Management Web App,Web app for a student club to manage members and events.,"{""JavaScript"",""Flask"",""SQL"",""Teamwork""}",academic,2023,2026-08-28 11:25:00
9826e4a6-e669-4f3f-8dbe-81e1161aa203,2c1c0a75-3df1-e70e-dbb5-d0f9aee65375,House Price Prediction,Trained regression models to predict Klang Valley property prices.,"{""Python"",""Machine Learning"",""Statistical Analysis""}",personal,2024,2026-08-06 09:19:00
fa3680b5-bad8-29e9-f696-69eebdb31ff5,2c1c0a75-3df1-e70e-dbb5-d0f9aee65375,Library Management System,Desktop system for book loans and returns with a relational database.,"{""Java"",""SQL""}",academic,2025,2026-08-06 09:19:00
75901dc5-a72c-3d57-dc12-e54bb51dd156,11b7664a-fd92-2b6f-b21e-2700e1476a7f,Covid-19 Malaysia Data Explorer,Exploratory analysis of public MOH datasets with SQL and charts.,"{""SQL"",""Python"",""Data Visualisation""}",academic,2025,2026-07-11 09:23:00
d5d2d13b-06ae-5314-64f5-b0c51e1fbf0c,11b7664a-fd92-2b6f-b21e-2700e1476a7f,"Mendoza, Sales Dashboard",Built an interactive dashboard to track monthly sales KPIs.,"{""Power BI"",""Excel"",""Data Visualisation""}",personal,2024,2026-07-11 09:23:00
585f7f91-553a-019f-7516-191b1b0bd2c9,dca78898-84f6-1a6e-4f91-820aeb59baa7,House Price Prediction,Trained regression models to predict Klang Valley property prices.,"{""Python"",""Machine Learning"",""Statistical Analysis""}",internship,2024,2026-09-03 03:31:00
202e608c-afde-8320-445d-c28ee83783fc,65f2d47e-bdd4-27f3-2cea-49944219ae92,Personal Portfolio Website,Responsive portfolio site built with React.,"{""React"",""JavaScript""}",competition,2026,2026-09-03 17:43:00
88faf505-3b54-3bdb-87c6-c8f8cc3f6853,65f2d47e-bdd4-27f3-2cea-49944219ae92,Azure-hosted Student Portal,Deployed a web portal to Azure App Service with a managed database.,"{""Azure"",""Cloud Computing"",""SQL""}",academic,2026,2026-09-03 17:43:00
73738569-a187-f6df-adde-c0fad6759c5e,65f2d47e-bdd4-27f3-2cea-49944219ae92,Gutierrez Sales Dashboard,Built an interactive dashboard to track monthly sales KPIs.,"{""Power BI"",""Excel"",""Data Visualisation""}",competition,2025,2026-09-03 17:43:00
b8bb90a5-ffff-450c-7f3e-1f923dbdac3b,f5b48747-77ff-9820-f5cb-5605fce77237,Personal Portfolio Website,Responsive portfolio site built with React.,"{""React"",""JavaScript""}",academic,2024,2026-08-05 11:29:00
780067c0-0e77-2f09-0136-1b8b755faddc,f5b48747-77ff-9820-f5cb-5605fce77237,Campus Event Booking API,REST API for booking campus events with authentication.,"{""Python"",""FastAPI"",""SQL"",""Git""}",competition,2026,2026-08-05 11:29:00
ee71a35e-5596-eef9-2c2e-53573e042026,f5b48747-77ff-9820-f5cb-5605fce77237,Serverless Image Resizer,Built an event-driven image pipeline on AWS Lambda and S3.,"{""AWS"",""Cloud Computing"",""Python""}",academic,2025,2026-08-05 11:29:00
5bb06f00-cc6d-ffe7-b859-e8400fd55224,39cbf01f-fa08-c994-fddf-bfe09c886793,Phishing Email Detector,Rule-based and ML approach to flag phishing emails.,"{""Python"",""Machine Learning""}",competition,2025,2026-08-02 20:47:00
31b203cb-3578-3e64-ee42-972299b90023,39cbf01f-fa08-c994-fddf-bfe09c886793,Home Network Vulnerability Scan,Scanned and hardened a home lab network; documented findings.,"{""Linux"",""Research Skills""}",personal,2026,2026-08-02 20:47:00
14a89212-c785-4729-5ce0-cd25cc4110a4,28479019-ab31-0d48-9ee7-c59e76ac5ae6,Inventory Tracker CLI,Command-line tool for small-business stock tracking.,"{""C++"",""Git""}",personal,2025,2026-07-27 13:57:00
6f34f064-6f97-ebe0-6568-49f902fdadd4,28479019-ab31-0d48-9ee7-c59e76ac5ae6,"Rodgers, Sales Dashboard",Built an interactive dashboard to track monthly sales KPIs.,"{""Power BI"",""Excel"",""Data Visualisation""}",academic,2025,2026-07-27 13:57:00
c1657c6e-ec89-9be4-4de0-7f104f3e2166,a9850f62-0404-ed5e-174e-6248da27f919,Plant Disease Image Classifier,CNN model to detect leaf diseases from photos.,"{""Deep Learning"",""Python""}",academic,2026,2026-08-19 07:55:00
083dd6f7-638d-5efe-5b0d-2428af9f9ce0,8a2cc93d-c0ef-4f70-ec1f-fcbd87569963,Phishing Email Detector,Rule-based and ML approach to flag phishing emails.,"{""Python"",""Machine Learning""}",academic,2025,2026-08-01 18:00:00
184aa35b-9359-a813-1eed-acf05606e905,00533212-66ae-02c5-a958-90e7b71247c4,CTF Team Participation,Solved web and forensics challenges in a university CTF.,"{""Linux"",""Problem Solving"",""Teamwork""}",internship,2025,2026-08-10 19:46:00
14dc2143-7022-38e6-8841-d98b696ab0c0,00533212-66ae-02c5-a958-90e7b71247c4,Club Management Web App,Web app for a student club to manage members and events.,"{""JavaScript"",""Flask"",""SQL"",""Teamwork""}",academic,2026,2026-08-10 19:46:00
a45acb19-02ef-934e-8948-db2201fe513a,00533212-66ae-02c5-a958-90e7b71247c4,Food Delivery Backend,"Microservice backend for order handling, containerised with Docker.","{""Node.js"",""Docker"",""SQL""}",academic,2025,2026-08-10 19:46:00
c1292a5f-2417-6169-10aa-899c16cc39dd,ed1928e5-9bd3-cc80-d800-690a9d5530b0,Secure Login Module,"Implemented hashing, rate limiting and MFA for a web login.","{""Python"",""Flask"",""SQL""}",academic,2024,2026-08-11 21:11:00
10013c45-e0e9-f830-63f6-6d7399a6ee70,6667c06b-f0f4-63a9-ced3-6e6645233269,House Price Prediction,Trained regression models to predict Klang Valley property prices.,"{""Python"",""Machine Learning"",""Statistical Analysis""}",competition,2025,2026-09-16 06:32:00
1de3a9a0-53b2-0d16-33dd-88e65269fd43,845d0f4f-beef-6c30-e6b5-20f5ae73e215,Inventory Tracker CLI,Command-line tool for small-business stock tracking.,"{""C++"",""Git""}",academic,2026,2026-07-07 08:14:00
8db4b491-2fc2-cda8-c1d9-a1f38e9e053a,845d0f4f-beef-6c30-e6b5-20f5ae73e215,Campus Event Booking API,REST API for booking campus events with authentication.,"{""Python"",""FastAPI"",""SQL"",""Git""}",competition,2026,2026-07-07 08:14:00
8dd42f36-3afb-9430-5d92-f083561eedeb,845d0f4f-beef-6c30-e6b5-20f5ae73e215,Library Management System,Desktop system for book loans and returns with a relational database.,"{""Java"",""SQL""}",academic,2025,2026-07-07 08:14:00
e66f2dbc-0964-1f53-c2af-7baba989b468,60ac0afb-7304-109b-f78b-f1c1ac15f7e3,Secure Login Module,"Implemented hashing, rate limiting and MFA for a web login.","{""Python"",""Flask"",""SQL""}",personal,2024,2026-07-18 14:31:00
7cf52bcc-79ea-ed2a-7e0c-04e38508e146,b9d0832f-b5d7-9e8e-8f21-e8ec4e92f237,E-commerce Store,"Full-stack store with cart, checkout and admin dashboard.","{""React"",""Node.js"",""SQL""}",personal,2025,2026-08-18 17:36:00
d55cec3a-3568-0809-1268-358f6cd65311,b9d0832f-b5d7-9e8e-8f21-e8ec4e92f237,Personal Portfolio Website,Responsive portfolio site built with React.,"{""React"",""JavaScript""}",academic,2026,2026-08-18 17:36:00
95b70a31-12ae-6855-987a-3e9aff986fe4,b9d0832f-b5d7-9e8e-8f21-e8ec4e92f237,Covid-19 Malaysia Data Explorer,Exploratory analysis of public MOH datasets with SQL and charts.,"{""SQL"",""Python"",""Data Visualisation""}",personal,2025,2026-08-18 17:36:00
71a57d0b-ae99-21db-ea3d-cbd25ca641ec,396351d0-7b30-6b99-e7de-53d5fb329ae3,Linux Server Monitoring Scripts,"Bash scripts to monitor CPU, memory and disk usage.","{""Linux""}",internship,2025,2026-08-29 05:55:00
ae690e2b-1d9a-06fd-1e58-f6e601d2289d,396351d0-7b30-6b99-e7de-53d5fb329ae3,Serverless Image Resizer,Built an event-driven image pipeline on AWS Lambda and S3.,"{""AWS"",""Cloud Computing"",""Python""}",personal,2026,2026-08-29 05:55:00
2ed1b373-cef1-a123-a016-f69f34a25407,396351d0-7b30-6b99-e7de-53d5fb329ae3,CI/CD Pipeline for Web App,"Automated build, test and deploy with GitHub Actions and Docker.","{""Docker"",""Git"",""Linux""}",personal,2026,2026-08-29 05:55:00
822597ce-6803-5617-571f-fabd820abe75,396351d0-7b30-6b99-e7de-53d5fb329ae3,Phishing Email Detector,Rule-based and ML approach to flag phishing emails.,"{""Python"",""Machine Learning""}",academic,2026,2026-08-29 05:55:00
68368237-3f67-9b26-1ef1-0ccd9b6f01a3,093c7786-a5d4-8c65-51d8-ed0cdd1096b3,CTF Team Participation,Solved web and forensics challenges in a university CTF.,"{""Linux"",""Problem Solving"",""Teamwork""}",academic,2026,2026-08-01 00:06:00
cfb96160-46d5-9102-eb36-b206b2562cfc,093c7786-a5d4-8c65-51d8-ed0cdd1096b3,Phishing Email Detector,Rule-based and ML approach to flag phishing emails.,"{""Python"",""Machine Learning""}",competition,2024,2026-08-01 00:06:00
b32b836d-1a3a-6d88-ac13-7205f5bf829e,4503f517-5f07-46c1-a7c1-ca53dcb9dc82,Retail Inventory Report Automation,Automated weekly inventory reporting from a SQL database.,"{""SQL"",""Excel""}",competition,2025,2026-08-13 09:46:00
7226206e-8023-f539-ef67-91b669461a1f,4503f517-5f07-46c1-a7c1-ca53dcb9dc82,Inventory Tracker CLI,Command-line tool for small-business stock tracking.,"{""C++"",""Git""}",academic,2026,2026-08-13 09:46:00
c22cb468-10ee-6e65-942a-e6d07d416061,4503f517-5f07-46c1-a7c1-ca53dcb9dc82,Covid-19 Malaysia Data Explorer,Exploratory analysis of public MOH datasets with SQL and charts.,"{""SQL"",""Python"",""Data Visualisation""}",competition,2023,2026-08-13 09:46:00
f9f4d6b0-8ef5-04c8-17ea-3df9370a5c57,278e4cfc-579f-875d-d329-4a71b697492f,Campus Event Booking API,REST API for booking campus events with authentication.,"{""Python"",""FastAPI"",""SQL"",""Git""}",academic,2026,2026-07-16 21:20:00
aa0fa575-1411-1c2b-3352-855120c61af6,278e4cfc-579f-875d-d329-4a71b697492f,"Marks, Sales Dashboard",Built an interactive dashboard to track monthly sales KPIs.,"{""Power BI"",""Excel"",""Data Visualisation""}",academic,2026,2026-07-16 21:20:00
546989cf-c6a5-9693-704a-aa017256c86f,bde2c14d-4305-7119-4da7-2051d84fb1fe,Personal Portfolio Website,Responsive portfolio site built with React.,"{""React"",""JavaScript""}",academic,2024,2026-08-13 09:30:00
dfb695fa-930d-721e-5f42-332a4581a3cf,bde2c14d-4305-7119-4da7-2051d84fb1fe,Club Management Web App,Web app for a student club to manage members and events.,"{""JavaScript"",""Flask"",""SQL"",""Teamwork""}",personal,2026,2026-08-13 09:30:00
25fc8b3f-7287-52ed-83aa-1ba73781d9a6,bde2c14d-4305-7119-4da7-2051d84fb1fe,Weather Dashboard,Front-end app consuming a public weather API with charts.,"{""JavaScript"",""Data Visualisation""}",academic,2024,2026-08-13 09:30:00
c2567f37-6ad9-1975-80b3-b45407ac1143,b184add3-1cf9-159b-f2cc-ad215e29579d,Covid-19 Malaysia Data Explorer,Exploratory analysis of public MOH datasets with SQL and charts.,"{""SQL"",""Python"",""Data Visualisation""}",academic,2025,2026-07-08 20:34:00
4fa4414f-2b34-2a75-9104-b9519c0095bb,e1c8cc3e-bf6b-4fd7-3f9b-754c677862ae,CI/CD Pipeline for Web App,"Automated build, test and deploy with GitHub Actions and Docker.","{""Docker"",""Git"",""Linux""}",academic,2026,2026-09-08 16:56:00
53575c83-e3b4-8576-e9d2-310eccd23c50,a94a2ef6-1f2a-09b9-e5ba-54e7f56fc67d,Secure Login Module,"Implemented hashing, rate limiting and MFA for a web login.","{""Python"",""Flask"",""SQL""}",personal,2026,2026-07-24 13:44:00
6210f992-d971-c2db-1760-105385c5d6c0,5b15e527-f7d0-46d0-69f0-3ffee7820d38,Plant Disease Image Classifier,CNN model to detect leaf diseases from photos.,"{""Deep Learning"",""Python""}",academic,2026,2026-07-19 17:33:00
300814d2-cbb5-ab50-cca7-fa3b5d6f07b4,5b15e527-f7d0-46d0-69f0-3ffee7820d38,Customer Churn Analysis,Cleaned and analysed telco customer data to identify churn drivers.,"{""Python"",""Data Analysis"",""Statistical Analysis""}",academic,2024,2026-07-19 17:33:00
45cbf44e-5ede-07dd-dd73-31b5a1305691,5b15e527-f7d0-46d0-69f0-3ffee7820d38,Cooper-Brown Sales Dashboard,Built an interactive dashboard to track monthly sales KPIs.,"{""Power BI"",""Excel"",""Data Visualisation""}",academic,2024,2026-07-19 17:33:00
0e5a4751-d154-c0d5-791b-cb2654b26492,5b15e527-f7d0-46d0-69f0-3ffee7820d38,Retail Inventory Report Automation,Automated weekly inventory reporting from a SQL database.,"{""SQL"",""Excel""}",academic,2025,2026-07-19 17:33:00
9228b90c-5584-3b6a-bd73-f845faa7676f,9ab3d403-5ac7-74f5-096c-638a5ffe6918,Phishing Email Detector,Rule-based and ML approach to flag phishing emails.,"{""Python"",""Machine Learning""}",academic,2024,2026-07-31 10:02:00
3d2d7f73-5e9b-8b75-35f8-39a6306c130f,f1a19dab-7303-a903-8274-9f61431b9f9f,Library Management System,Desktop system for book loans and returns with a relational database.,"{""Java"",""SQL""}",competition,2026,2026-09-03 00:23:00
8e8b30da-7a77-c757-8e1b-e390c3c075f1,f1a19dab-7303-a903-8274-9f61431b9f9f,Campus Event Booking API,REST API for booking campus events with authentication.,"{""Python"",""FastAPI"",""SQL"",""Git""}",academic,2024,2026-09-03 00:23:00
fec64185-93fd-b225-7105-f0920d2d39cb,2d88cdbf-e97a-f873-00d4-c31129a48136,Phishing Email Detector,Rule-based and ML approach to flag phishing emails.,"{""Python"",""Machine Learning""}",competition,2024,2026-07-30 20:39:00
a3a6d436-b1a0-1162-45ea-94bef4e333c8,2b1cd0d3-dace-f960-48d5-a1c51ef9aad8,Weather Dashboard,Front-end app consuming a public weather API with charts.,"{""JavaScript"",""Data Visualisation""}",personal,2025,2026-07-16 14:32:00
a795ed09-8f4b-8b0f-1d1a-123db8258e42,2b1cd0d3-dace-f960-48d5-a1c51ef9aad8,Plant Disease Image Classifier,CNN model to detect leaf diseases from photos.,"{""Deep Learning"",""Python""}",academic,2024,2026-07-16 14:32:00
589f5072-0e99-6979-b84c-570d77b34648,311381e9-a5ea-2820-619e-a1dfe867eaeb,Phishing Email Detector,Rule-based and ML approach to flag phishing emails.,"{""Python"",""Machine Learning""}",academic,2026,2026-09-19 14:40:00
b92491d9-0191-bb80-5ffd-22147abf9970,311381e9-a5ea-2820-619e-a1dfe867eaeb,Secure Login Module,"Implemented hashing, rate limiting and MFA for a web login.","{""Python"",""Flask"",""SQL""}",academic,2025,2026-09-19 14:40:00
9ca9257f-9c03-0e6d-93ef-3396a89b7c8a,311381e9-a5ea-2820-619e-a1dfe867eaeb,CTF Team Participation,Solved web and forensics challenges in a university CTF.,"{""Linux"",""Problem Solving"",""Teamwork""}",competition,2025,2026-09-19 14:40:00
bb64915f-6e96-8d8c-d100-544b0dc856a6,cade2081-e308-2448-1029-2c1270fc3404,E-commerce Store,"Full-stack store with cart, checkout and admin dashboard.","{""React"",""Node.js"",""SQL""}",academic,2024,2026-09-19 07:19:00
3c20dbe6-06d9-2835-06be-ac5ad49d3c77,cade2081-e308-2448-1029-2c1270fc3404,Club Management Web App,Web app for a student club to manage members and events.,"{""JavaScript"",""Flask"",""SQL"",""Teamwork""}",academic,2026,2026-09-19 07:19:00
368c9dea-ca32-8ebf-20f8-8eac1392a86d,c284d2f5-78ec-798b-b883-2e4e0c1d7fd5,Inventory Tracker CLI,Command-line tool for small-business stock tracking.,"{""C++"",""Git""}",personal,2026,2026-07-20 08:22:00
41d21a32-6b1e-c96c-8595-c6c314f2125d,ed584d65-967b-35b8-cd70-38f4f8d822ef,Campus Event Booking API,REST API for booking campus events with authentication.,"{""Python"",""FastAPI"",""SQL"",""Git""}",personal,2025,2026-07-18 12:36:00
abf8106d-a63f-50af-e016-3b1c17669e7a,ae1a309e-ef55-4b80-edd8-ece81af3c49c,Secure Login Module,"Implemented hashing, rate limiting and MFA for a web login.","{""Python"",""Flask"",""SQL""}",academic,2026,2026-08-24 18:50:00
11039e7e-a311-9c9c-1bf5-e3a04201709b,ae1a309e-ef55-4b80-edd8-ece81af3c49c,Library Management System,Desktop system for book loans and returns with a relational database.,"{""Java"",""SQL""}",academic,2026,2026-08-24 18:50:00
1a3ade24-7d22-02dc-02f6-ed3e6111fe2d,ae1a309e-ef55-4b80-edd8-ece81af3c49c,Campus Event Booking API,REST API for booking campus events with authentication.,"{""Python"",""FastAPI"",""SQL"",""Git""}",academic,2025,2026-08-24 18:50:00
62f3c49a-023a-c2b0-6f4c-7ffd0c7ebc71,a51432f8-e03a-aa06-5550-7cf0a0eab37e,Personal Portfolio Website,Responsive portfolio site built with React.,"{""React"",""JavaScript""}",academic,2023,2026-08-13 09:57:00
203b5f17-6f34-3313-8bdc-b8d94c32e1a1,a51432f8-e03a-aa06-5550-7cf0a0eab37e,Weather Dashboard,Front-end app consuming a public weather API with charts.,"{""JavaScript"",""Data Visualisation""}",academic,2026,2026-08-13 09:57:00
d7bcb8d2-5aa2-4f1a-9f88-ac2ab614c52a,f025bd70-ab1e-26b7-5c4e-3ef222d5df3d,Covid-19 Malaysia Data Explorer,Exploratory analysis of public MOH datasets with SQL and charts.,"{""SQL"",""Python"",""Data Visualisation""}",academic,2026,2026-07-15 01:16:00
59ccb1cb-f232-0d50-76ed-51d8b8b98baf,ab7abdeb-7430-ba0d-b0b9-64acaf327821,Covid-19 Malaysia Data Explorer,Exploratory analysis of public MOH datasets with SQL and charts.,"{""SQL"",""Python"",""Data Visualisation""}",competition,2026,2026-08-18 05:42:00
32552d1e-2ad7-71f7-329c-844e0790fd2a,ab7abdeb-7430-ba0d-b0b9-64acaf327821,Customer Churn Analysis,Cleaned and analysed telco customer data to identify churn drivers.,"{""Python"",""Data Analysis"",""Statistical Analysis""}",personal,2026,2026-08-18 05:42:00
efeef98d-cfa0-bb71-a547-f8186531d59c,425e3ac3-b053-8ba8-f455-8bdeae962d14,House Price Prediction,Trained regression models to predict Klang Valley property prices.,"{""Python"",""Machine Learning"",""Statistical Analysis""}",academic,2024,2026-07-19 12:37:00
81066321-1776-3f1c-f31a-21ef4a299380,425e3ac3-b053-8ba8-f455-8bdeae962d14,Student Performance Predictor,Predicted at-risk students from academic records.,"{""Machine Learning"",""Data Analysis"",""R""}",academic,2025,2026-07-19 12:37:00
68427a42-367d-d28c-89a6-3692cfaaa5f9,c6012ed5-f883-f532-d56c-02870cd837a6,Boone-Davis Sales Dashboard,Built an interactive dashboard to track monthly sales KPIs.,"{""Power BI"",""Excel"",""Data Visualisation""}",academic,2025,2026-07-27 20:41:00
c9153fb5-902d-0493-5065-239e1f677eff,53357525-bd32-9999-0197-106fd51b62b3,Club Management Web App,Web app for a student club to manage members and events.,"{""JavaScript"",""Flask"",""SQL"",""Teamwork""}",competition,2026,2026-08-25 23:38:00
309e7f64-b240-9091-8b42-a74516c63710,7cd6aaf9-8053-d634-8eed-838597e18094,"Ramsey, Sales Dashboard",Built an interactive dashboard to track monthly sales KPIs.,"{""Power BI"",""Excel"",""Data Visualisation""}",academic,2025,2026-08-29 21:18:00
ebf9c85b-1bc6-46fb-1438-07dee59728c0,7cd6aaf9-8053-d634-8eed-838597e18094,Food Delivery Backend,"Microservice backend for order handling, containerised with Docker.","{""Node.js"",""Docker"",""SQL""}",academic,2025,2026-08-29 21:18:00
b3dddfb4-541b-8d4d-ad7c-54793c50e9ab,460e372b-ac2d-0f39-10c7-9b7c48a84b3a,Retail Inventory Report Automation,Automated weekly inventory reporting from a SQL database.,"{""SQL"",""Excel""}",internship,2024,2026-07-08 13:49:00
7d511b32-387a-0203-a4a0-3177a12d7387,460e372b-ac2d-0f39-10c7-9b7c48a84b3a,Library Management System,Desktop system for book loans and returns with a relational database.,"{""Java"",""SQL""}",personal,2026,2026-07-08 13:49:00
209503e7-7004-a82a-109b-6cbe65d8a43f,460e372b-ac2d-0f39-10c7-9b7c48a84b3a,Secure Login Module,"Implemented hashing, rate limiting and MFA for a web login.","{""Python"",""Flask"",""SQL""}",academic,2026,2026-07-08 13:49:00
25b900fe-40bc-e9dc-17c8-9a739696dcc3,1ca6edcc-eb40-e2bc-732e-1a5138968e31,Campus Event Booking API,REST API for booking campus events with authentication.,"{""Python"",""FastAPI"",""SQL"",""Git""}",competition,2025,2026-09-15 17:16:00
26768716-a116-9da6-76a0-a1bb0e6e8d63,1ca6edcc-eb40-e2bc-732e-1a5138968e31,Food Delivery Backend,"Microservice backend for order handling, containerised with Docker.","{""Node.js"",""Docker"",""SQL""}",academic,2026,2026-09-15 17:16:00
283ef39c-51b3-2aa5-3d2d-9067800ecda4,1ca6edcc-eb40-e2bc-732e-1a5138968e31,Inventory Tracker CLI,Command-line tool for small-business stock tracking.,"{""C++"",""Git""}",personal,2026,2026-09-15 17:16:00
ab2cece2-51d1-ceb4-8b9d-2d91ebf73308,1ca6edcc-eb40-e2bc-732e-1a5138968e31,Library Management System,Desktop system for book loans and returns with a relational database.,"{""Java"",""SQL""}",competition,2025,2026-09-15 17:16:00
30b072b1-abd2-029b-fa9b-d379e47a5a85,f883dac3-2f1b-621c-28e5-c281905f4447,Sentiment Analysis of Product Reviews,Classified Shopee product reviews using NLP techniques.,"{""Python"",""Natural Language Processing"",""Machine Learning""}",academic,2025,2026-08-11 12:09:00
b75f6198-1642-4dd0-086e-94a75e892d9a,f883dac3-2f1b-621c-28e5-c281905f4447,House Price Prediction,Trained regression models to predict Klang Valley property prices.,"{""Python"",""Machine Learning"",""Statistical Analysis""}",competition,2026,2026-08-11 12:09:00
42a30365-8e97-05d1-2211-f6b8e5d43fe5,f883dac3-2f1b-621c-28e5-c281905f4447,Phishing Email Detector,Rule-based and ML approach to flag phishing emails.,"{""Python"",""Machine Learning""}",competition,2025,2026-08-11 12:09:00
aacefec5-3ac3-a702-1630-80bdccccef95,5a7aea76-0bc4-e069-1af8-8e4665d370e5,Retail Inventory Report Automation,Automated weekly inventory reporting from a SQL database.,"{""SQL"",""Excel""}",academic,2025,2026-08-19 11:58:00
94f314d8-a7f9-fde9-1aee-4fdeb0b4f9ca,5d22cfba-1972-aec9-9476-f6173d8ecdff,Levy-May Sales Dashboard,Built an interactive dashboard to track monthly sales KPIs.,"{""Power BI"",""Excel"",""Data Visualisation""}",internship,2024,2026-08-01 22:28:00
04079115-c79b-5043-3bde-5f617142aa48,5c66f44b-2901-6181-6266-c153736c1975,Food Delivery Backend,"Microservice backend for order handling, containerised with Docker.","{""Node.js"",""Docker"",""SQL""}",academic,2026,2026-07-12 16:31:00
9aaa8e2f-a905-c5a0-bcff-a96272a50d54,c05c2cf8-1709-a4cc-1ba1-f57c5c6aec85,Library Management System,Desktop system for book loans and returns with a relational database.,"{""Java"",""SQL""}",academic,2023,2026-07-04 23:34:00
fb8fce92-8adb-4c5c-3f17-8495f0a60bc9,c05c2cf8-1709-a4cc-1ba1-f57c5c6aec85,Food Delivery Backend,"Microservice backend for order handling, containerised with Docker.","{""Node.js"",""Docker"",""SQL""}",academic,2023,2026-07-04 23:34:00
ff2dea4b-198c-63e5-1fd1-ee4fe9f64460,c05c2cf8-1709-a4cc-1ba1-f57c5c6aec85,Retail Inventory Report Automation,Automated weekly inventory reporting from a SQL database.,"{""SQL"",""Excel""}",competition,2023,2026-07-04 23:34:00
43058924-1ddf-7494-0f21-385dc790396a,b6c00396-3208-e490-6c76-d0efaa7d8c3e,CI/CD Pipeline for Web App,"Automated build, test and deploy with GitHub Actions and Docker.","{""Docker"",""Git"",""Linux""}",academic,2026,2026-09-07 18:45:00
41639896-323d-1faf-b091-0f5065fac328,b6c00396-3208-e490-6c76-d0efaa7d8c3e,House Price Prediction,Trained regression models to predict Klang Valley property prices.,"{""Python"",""Machine Learning"",""Statistical Analysis""}",academic,2026,2026-09-07 18:45:00
34a16bf5-4efc-6158-2b01-774ef094c040,a5285f17-c3c1-a61a-5fe9-88897eef8777,Customer Churn Analysis,Cleaned and analysed telco customer data to identify churn drivers.,"{""Python"",""Data Analysis"",""Statistical Analysis""}",competition,2026,2026-07-09 00:51:00
bc837c6e-6bb4-32d5-6cff-81bf03641bcf,a5285f17-c3c1-a61a-5fe9-88897eef8777,Plant Disease Image Classifier,CNN model to detect leaf diseases from photos.,"{""Deep Learning"",""Python""}",academic,2026,2026-07-09 00:51:00
80fbdb3e-9bda-998e-c3cf-a636b3cbbe72,9e2dcf10-6177-4e24-c34a-c9c46520a744,CTF Team Participation,Solved web and forensics challenges in a university CTF.,"{""Linux"",""Problem Solving"",""Teamwork""}",academic,2026,2026-08-03 14:35:00
9324e145-7a55-0fe5-7fb8-baba507bf7d5,9e2dcf10-6177-4e24-c34a-c9c46520a744,E-commerce Store,"Full-stack store with cart, checkout and admin dashboard.","{""React"",""Node.js"",""SQL""}",academic,2026,2026-08-03 14:35:00
c2c2d3bc-af86-ebc5-9007-11eb46148c45,f1f98512-bada-78c1-c387-68b974021562,Club Management Web App,Web app for a student club to manage members and events.,"{""JavaScript"",""Flask"",""SQL"",""Teamwork""}",academic,2026,2026-08-16 20:00:00
a66d4843-8775-c84a-163a-f6964807f4b6,0f3eb869-4568-1792-0592-6d6a2ae674ae,Customer Churn Analysis,Cleaned and analysed telco customer data to identify churn drivers.,"{""Python"",""Data Analysis"",""Statistical Analysis""}",academic,2026,2026-08-20 17:23:00
041191dc-ad4e-cb45-2e44-9b74aa3b7e3f,0f3eb869-4568-1792-0592-6d6a2ae674ae,Covid-19 Malaysia Data Explorer,Exploratory analysis of public MOH datasets with SQL and charts.,"{""SQL"",""Python"",""Data Visualisation""}",personal,2025,2026-08-20 17:23:00
8a5044fa-8da6-b7db-e91c-b1d778a240a9,0f3eb869-4568-1792-0592-6d6a2ae674ae,"Li, Sales Dashboard",Built an interactive dashboard to track monthly sales KPIs.,"{""Power BI"",""Excel"",""Data Visualisation""}",academic,2025,2026-08-20 17:23:00
977c530e-15aa-772b-e4dd-f2e49a431344,efaecf4f-eebb-4c06-1b7c-1a9e283d60f3,Sentiment Analysis of Product Reviews,Classified Shopee product reviews using NLP techniques.,"{""Python"",""Natural Language Processing"",""Machine Learning""}",competition,2026,2026-08-23 18:45:00
77d5242d-be22-9c05-5bcb-7f2a58f77937,d422c59b-084e-c551-b609-b146e67aa688,Customer Churn Analysis,Cleaned and analysed telco customer data to identify churn drivers.,"{""Python"",""Data Analysis"",""Statistical Analysis""}",personal,2025,2026-08-01 12:36:00
cff32669-39e9-b2a9-588c-ce05aad7e7d3,6cc37514-9257-e288-15d4-8ee832bd08a9,CTF Team Participation,Solved web and forensics challenges in a university CTF.,"{""Linux"",""Problem Solving"",""Teamwork""}",academic,2026,2026-07-08 20:51:00
3045ac44-69c9-4fc0-0317-135431516408,6cc37514-9257-e288-15d4-8ee832bd08a9,Phishing Email Detector,Rule-based and ML approach to flag phishing emails.,"{""Python"",""Machine Learning""}",academic,2025,2026-07-08 20:51:00
643f6e6a-5fab-af5c-746c-0e6b7d86678b,6cc37514-9257-e288-15d4-8ee832bd08a9,Secure Login Module,"Implemented hashing, rate limiting and MFA for a web login.","{""Python"",""Flask"",""SQL""}",academic,2026,2026-07-08 20:51:00
191ff163-d499-81fc-739d-e36c6a20022b,b854ac7c-a6a3-74d9-646c-a6f33a81481e,Secure Login Module,"Implemented hashing, rate limiting and MFA for a web login.","{""Python"",""Flask"",""SQL""}",personal,2026,2026-08-09 01:23:00
8056d992-671e-72bc-5e80-d9bf0df4ab5d,b854ac7c-a6a3-74d9-646c-a6f33a81481e,Phishing Email Detector,Rule-based and ML approach to flag phishing emails.,"{""Python"",""Machine Learning""}",academic,2025,2026-08-09 01:23:00
f189683d-19a6-914f-8c93-f3f7f097f270,beac2657-6678-b006-b863-271558bff12f,Sentiment Analysis of Product Reviews,Classified Shopee product reviews using NLP techniques.,"{""Python"",""Natural Language Processing"",""Machine Learning""}",academic,2026,2026-07-28 04:15:00
7a0b5af9-da38-aab5-6561-6fee6d4ada4c,beac2657-6678-b006-b863-271558bff12f,House Price Prediction,Trained regression models to predict Klang Valley property prices.,"{""Python"",""Machine Learning"",""Statistical Analysis""}",competition,2026,2026-07-28 04:15:00
7f037ac4-ba7c-9fc7-4f1c-9a2da17c6143,fb2427c0-365c-4100-549c-afee292c05f0,Club Management Web App,Web app for a student club to manage members and events.,"{""JavaScript"",""Flask"",""SQL"",""Teamwork""}",personal,2026,2026-08-24 23:19:00
f82bb285-a2df-cb1e-92e0-75f2d1fdf3a6,fb2427c0-365c-4100-549c-afee292c05f0,E-commerce Store,"Full-stack store with cart, checkout and admin dashboard.","{""React"",""Node.js"",""SQL""}",competition,2026,2026-08-24 23:19:00
51659f1b-87f8-15f6-930a-606b1b78d573,fb2427c0-365c-4100-549c-afee292c05f0,Weather Dashboard,Front-end app consuming a public weather API with charts.,"{""JavaScript"",""Data Visualisation""}",academic,2026,2026-08-24 23:19:00
d32cdaf0-3927-c2d8-38f3-44d11e021d08,d16f6817-9ca5-16d6-906d-c63b36634891,Azure-hosted Student Portal,Deployed a web portal to Azure App Service with a managed database.,"{""Azure"",""Cloud Computing"",""SQL""}",competition,2025,2026-09-09 16:26:00
700e0065-5753-a760-0e75-7fbe6a3ae864,d16f6817-9ca5-16d6-906d-c63b36634891,Covid-19 Malaysia Data Explorer,Exploratory analysis of public MOH datasets with SQL and charts.,"{""SQL"",""Python"",""Data Visualisation""}",personal,2026,2026-09-09 16:26:00
3fe97204-e4a5-c9c4-79f0-51d36ecab5d0,7a04166d-6a09-7adb-d76e-5aa5938107e2,Home Network Vulnerability Scan,Scanned and hardened a home lab network; documented findings.,"{""Linux"",""Research Skills""}",academic,2026,2026-08-16 12:14:00
496ef277-6d85-efcc-75bf-169d51dc3fb5,7a04166d-6a09-7adb-d76e-5aa5938107e2,E-commerce Store,"Full-stack store with cart, checkout and admin dashboard.","{""React"",""Node.js"",""SQL""}",academic,2024,2026-08-16 12:14:00
7836a506-4773-b37f-fe5b-0a42a6c59759,87cc9f07-da6d-46d1-7873-44abb8f39f1a,Library Management System,Desktop system for book loans and returns with a relational database.,"{""Java"",""SQL""}",competition,2026,2026-07-18 22:44:00
fdaa1cf5-921f-caca-1892-533f86cfe03d,87cc9f07-da6d-46d1-7873-44abb8f39f1a,Inventory Tracker CLI,Command-line tool for small-business stock tracking.,"{""C++"",""Git""}",academic,2026,2026-07-18 22:44:00
f3906c60-9268-c73d-b951-c5ec2dc95107,87cc9f07-da6d-46d1-7873-44abb8f39f1a,Retail Inventory Report Automation,Automated weekly inventory reporting from a SQL database.,"{""SQL"",""Excel""}",competition,2025,2026-07-18 22:44:00
003ffcd6-b27c-2198-c0f0-605982ab748e,87cc9f07-da6d-46d1-7873-44abb8f39f1a,Campus Event Booking API,REST API for booking campus events with authentication.,"{""Python"",""FastAPI"",""SQL"",""Git""}",academic,2025,2026-07-18 22:44:00
402e4222-946b-835d-af69-789b3d9b6ef6,87cc9f07-da6d-46d1-7873-44abb8f39f1a,Serverless Image Resizer,Built an event-driven image pipeline on AWS Lambda and S3.,"{""AWS"",""Cloud Computing"",""Python""}",academic,2026,2026-07-18 22:44:00
51728688-d64b-40b8-5ce2-a1cf462cd446,64e5cdc7-be85-300c-285e-db0278163f76,Serverless Image Resizer,Built an event-driven image pipeline on AWS Lambda and S3.,"{""AWS"",""Cloud Computing"",""Python""}",academic,2026,2026-07-21 02:32:00
41c39685-5ad2-de25-649a-a3e6a4719b72,00eaf991-8c2b-cb77-6479-4eeadf78f5e3,Secure Login Module,"Implemented hashing, rate limiting and MFA for a web login.","{""Python"",""Flask"",""SQL""}",academic,2026,2026-09-16 23:40:00
8fe88ea9-bb39-3f33-d7cd-52cd27842066,00eaf991-8c2b-cb77-6479-4eeadf78f5e3,CTF Team Participation,Solved web and forensics challenges in a university CTF.,"{""Linux"",""Problem Solving"",""Teamwork""}",competition,2026,2026-09-16 23:40:00
1940f06f-bd95-af35-aa9b-c58b378f2cc8,38185ffb-2295-f29d-7146-96760141eaf2,CI/CD Pipeline for Web App,"Automated build, test and deploy with GitHub Actions and Docker.","{""Docker"",""Git"",""Linux""}",academic,2026,2026-08-30 17:59:00
42f9d857-2643-a4f5-50aa-528375be2f92,38185ffb-2295-f29d-7146-96760141eaf2,Retail Inventory Report Automation,Automated weekly inventory reporting from a SQL database.,"{""SQL"",""Excel""}",personal,2026,2026-08-30 17:59:00
3f4b9506-6901-90da-3b4a-165b2e588458,056fc94b-4035-9cc0-afea-34bbc5f7f8ab,Azure-hosted Student Portal,Deployed a web portal to Azure App Service with a managed database.,"{""Azure"",""Cloud Computing"",""SQL""}",academic,2026,2026-09-09 04:48:00
54f1bd69-dbe8-2e35-89bc-3f0d43813514,056fc94b-4035-9cc0-afea-34bbc5f7f8ab,Personal Portfolio Website,Responsive portfolio site built with React.,"{""React"",""JavaScript""}",academic,2026,2026-09-09 04:48:00
dd57065b-eed4-035b-22af-b20265cbb014,1ef47373-4b23-f06e-0bf7-3e360f12430b,Retail Inventory Report Automation,Automated weekly inventory reporting from a SQL database.,"{""SQL"",""Excel""}",personal,2025,2026-08-21 01:52:00
90b0bc07-fa53-82d2-6970-8c43dcc88aac,057d4194-9ecf-8c9b-6f93-01f634441e35,CI/CD Pipeline for Web App,"Automated build, test and deploy with GitHub Actions and Docker.","{""Docker"",""Git"",""Linux""}",academic,2026,2026-08-14 10:07:00
51e1458d-13b2-ad0f-606f-deeaaee9063b,620423f1-08f5-3973-0663-7e426e4e8497,Phishing Email Detector,Rule-based and ML approach to flag phishing emails.,"{""Python"",""Machine Learning""}",personal,2025,2026-08-16 11:58:00
20a44284-2421-9447-cff9-f60826b2f8ae,620423f1-08f5-3973-0663-7e426e4e8497,Weather Dashboard,Front-end app consuming a public weather API with charts.,"{""JavaScript"",""Data Visualisation""}",academic,2024,2026-08-16 11:58:00
75006324-0d33-fd06-28a0-1441c6fed175,f2e943a9-fb1e-1f84-606c-74d156cf7658,Azure-hosted Student Portal,Deployed a web portal to Azure App Service with a managed database.,"{""Azure"",""Cloud Computing"",""SQL""}",academic,2026,2026-09-15 05:08:00
b97100e4-b0b3-b882-e6c5-a9fa95b4a962,f2e943a9-fb1e-1f84-606c-74d156cf7658,Library Management System,Desktop system for book loans and returns with a relational database.,"{""Java"",""SQL""}",competition,2026,2026-09-15 05:08:00
9cef01ef-34b3-4319-884c-e5441f6d9530,e26f6587-4ff2-5f79-3ed2-8bad939ca12e,E-commerce Store,"Full-stack store with cart, checkout and admin dashboard.","{""React"",""Node.js"",""SQL""}",academic,2026,2026-09-05 16:29:00
040c6ba7-c8a5-33cd-cfb3-abfe2d2502cc,2249655d-2132-2b90-9daf-e686f0f0e58d,Linux Server Monitoring Scripts,"Bash scripts to monitor CPU, memory and disk usage.","{""Linux""}",competition,2025,2026-09-01 00:23:00
a037fd67-b024-c758-e674-867154cb33d0,2249655d-2132-2b90-9daf-e686f0f0e58d,Azure-hosted Student Portal,Deployed a web portal to Azure App Service with a managed database.,"{""Azure"",""Cloud Computing"",""SQL""}",academic,2025,2026-09-01 00:23:00
b6927bad-0066-8ea0-0207-377382e17e9c,d4a44cfa-e222-a2ba-610a-eb6c955a8d3d,Retail Inventory Report Automation,Automated weekly inventory reporting from a SQL database.,"{""SQL"",""Excel""}",academic,2026,2026-09-03 08:10:00
a7078710-3957-e42d-b046-505685c8955a,698ca52b-fab6-819c-b53e-4fe3e32bf644,Personal Portfolio Website,Responsive portfolio site built with React.,"{""React"",""JavaScript""}",personal,2024,2026-07-20 12:04:00
bfc93c9a-6a4a-78e3-b9dc-97f6f2816bb9,698ca52b-fab6-819c-b53e-4fe3e32bf644,Club Management Web App,Web app for a student club to manage members and events.,"{""JavaScript"",""Flask"",""SQL"",""Teamwork""}",personal,2025,2026-07-20 12:04:00
6f3f3f76-3fed-3d79-1078-7df628173345,b26cd381-7804-249e-75f7-b3dc70cf8953,CTF Team Participation,Solved web and forensics challenges in a university CTF.,"{""Linux"",""Problem Solving"",""Teamwork""}",personal,2024,2026-09-06 05:13:00
156648ab-7b66-4a9c-7fed-cad75c15b36c,b26cd381-7804-249e-75f7-b3dc70cf8953,E-commerce Store,"Full-stack store with cart, checkout and admin dashboard.","{""React"",""Node.js"",""SQL""}",academic,2024,2026-09-06 05:13:00
a01a79a1-b34c-693c-2c3b-6afa4412dc03,b26cd381-7804-249e-75f7-b3dc70cf8953,Weather Dashboard,Front-end app consuming a public weather API with charts.,"{""JavaScript"",""Data Visualisation""}",academic,2026,2026-09-06 05:13:00
ecc444f1-9dba-cf5a-1d4c-289b8082fb54,02b294be-879f-aa84-51ef-7bf20310f80a,House Price Prediction,Trained regression models to predict Klang Valley property prices.,"{""Python"",""Machine Learning"",""Statistical Analysis""}",personal,2024,2026-08-24 01:36:00
8ca6790d-34ec-a6ca-4a48-93977c23ee89,02b294be-879f-aa84-51ef-7bf20310f80a,Home Network Vulnerability Scan,Scanned and hardened a home lab network; documented findings.,"{""Linux"",""Research Skills""}",academic,2024,2026-08-24 01:36:00
99c10362-23f7-8f82-b44a-26377195b192,8f6559e4-7d76-5345-867d-28bc00061bf4,Campus Event Booking API,REST API for booking campus events with authentication.,"{""Python"",""FastAPI"",""SQL"",""Git""}",academic,2023,2026-09-04 07:14:00
3b37f8fd-9cb6-1e93-7102-6c76edd82e5c,8f6559e4-7d76-5345-867d-28bc00061bf4,Personal Portfolio Website,Responsive portfolio site built with React.,"{""React"",""JavaScript""}",academic,2023,2026-09-04 07:14:00
2888e146-844c-9783-72da-02d025d0bd74,8f6559e4-7d76-5345-867d-28bc00061bf4,House Price Prediction,Trained regression models to predict Klang Valley property prices.,"{""Python"",""Machine Learning"",""Statistical Analysis""}",personal,2025,2026-09-04 07:14:00
ef2ec509-0bc1-ee33-69ec-66a9aaad67ba,732cccb9-8d83-b04e-3e09-78798c2993cd,Plant Disease Image Classifier,CNN model to detect leaf diseases from photos.,"{""Deep Learning"",""Python""}",personal,2026,2026-09-05 20:23:00
c8df9c54-72eb-4428-5b10-e35c906a49ef,732cccb9-8d83-b04e-3e09-78798c2993cd,Food Delivery Backend,"Microservice backend for order handling, containerised with Docker.","{""Node.js"",""Docker"",""SQL""}",academic,2026,2026-09-05 20:23:00
c9dbd387-39aa-eb92-ad80-c22eeb99b830,ae3750ce-c43b-18b0-6d99-6b2b1e6f1679,Weather Dashboard,Front-end app consuming a public weather API with charts.,"{""JavaScript"",""Data Visualisation""}",competition,2025,2026-08-25 12:02:00
23dde678-7cbb-aa4d-4afa-449f67487e97,ae3750ce-c43b-18b0-6d99-6b2b1e6f1679,Personal Portfolio Website,Responsive portfolio site built with React.,"{""React"",""JavaScript""}",competition,2025,2026-08-25 12:02:00
2c284830-471a-4ceb-e4d0-7cd8096d3904,fecdd103-6292-fb95-68aa-a4f9ed6f576f,Inventory Tracker CLI,Command-line tool for small-business stock tracking.,"{""C++"",""Git""}",academic,2026,2026-07-15 14:17:00
6ada3e53-e58b-2476-166a-8f4672a2d829,fecdd103-6292-fb95-68aa-a4f9ed6f576f,Library Management System,Desktop system for book loans and returns with a relational database.,"{""Java"",""SQL""}",academic,2025,2026-07-15 14:17:00
42e05a09-6e1d-adaa-2f73-6fd95eb6f2d8,fecdd103-6292-fb95-68aa-a4f9ed6f576f,Food Delivery Backend,"Microservice backend for order handling, containerised with Docker.","{""Node.js"",""Docker"",""SQL""}",academic,2023,2026-07-15 14:17:00
c0a7fa27-7532-ac23-b4d5-7cd5a3e1de7c,868d2c9b-e076-eab8-a5b0-eca4461c5e81,Covid-19 Malaysia Data Explorer,Exploratory analysis of public MOH datasets with SQL and charts.,"{""SQL"",""Python"",""Data Visualisation""}",competition,2026,2026-07-02 23:58:00
31a24804-9c4e-a246-9b6a-b5dd44bb84b2,868d2c9b-e076-eab8-a5b0-eca4461c5e81,Retail Inventory Report Automation,Automated weekly inventory reporting from a SQL database.,"{""SQL"",""Excel""}",academic,2026,2026-07-02 23:58:00
4f99b788-24bf-cb38-cf4b-100d2cb1e1bd,0eee21c3-89a9-b21c-229a-a1476c62487f,Garcia Sales Dashboard,Built an interactive dashboard to track monthly sales KPIs.,"{""Power BI"",""Excel"",""Data Visualisation""}",personal,2026,2026-09-15 16:34:00
eedfa621-2504-fda1-21bf-724e9ae97391,0eee21c3-89a9-b21c-229a-a1476c62487f,Linux Server Monitoring Scripts,"Bash scripts to monitor CPU, memory and disk usage.","{""Linux""}",competition,2026,2026-09-15 16:34:00
e4964807-d883-88fe-f362-b7caaf165f69,aa3af6b7-bd2a-9da3-ca5c-6f9ad873ef5a,Club Management Web App,Web app for a student club to manage members and events.,"{""JavaScript"",""Flask"",""SQL"",""Teamwork""}",academic,2026,2026-08-31 09:14:00
89792a78-8180-098a-15d7-5f31a410f7a9,aa3af6b7-bd2a-9da3-ca5c-6f9ad873ef5a,E-commerce Store,"Full-stack store with cart, checkout and admin dashboard.","{""React"",""Node.js"",""SQL""}",academic,2024,2026-08-31 09:14:00
8dc8556c-ba8b-d808-d0cf-de2e66aad539,6c65ffc0-be13-e321-5397-b17a6a09e05b,Weather Dashboard,Front-end app consuming a public weather API with charts.,"{""JavaScript"",""Data Visualisation""}",competition,2025,2026-07-22 15:35:00
7918450b-ffa2-03b5-e0e7-a0f940e3fe26,f3ce346f-aa27-9626-1729-5279db69f162,Campus Event Booking API,REST API for booking campus events with authentication.,"{""Python"",""FastAPI"",""SQL"",""Git""}",academic,2023,2026-07-21 10:00:00
c0bdac2d-e8d9-d2b4-4656-0d3a24fd8cde,f3ce346f-aa27-9626-1729-5279db69f162,Inventory Tracker CLI,Command-line tool for small-business stock tracking.,"{""C++"",""Git""}",personal,2026,2026-07-21 10:00:00
0c7cf072-51dc-70e0-dcd3-2f05cc0969b3,6da0d5a3-8918-68eb-7bc8-a925a393d432,CTF Team Participation,Solved web and forensics challenges in a university CTF.,"{""Linux"",""Problem Solving"",""Teamwork""}",academic,2026,2026-08-18 10:49:00
f465d277-4767-433e-93a7-57b8f96ebcc7,7e8f0cff-7ddf-d0cc-8c22-41eaaf126682,Home Network Vulnerability Scan,Scanned and hardened a home lab network; documented findings.,"{""Linux"",""Research Skills""}",academic,2025,2026-08-20 19:04:00
bab2686f-d2a1-7172-23b1-f09f360c9040,7e8f0cff-7ddf-d0cc-8c22-41eaaf126682,Secure Login Module,"Implemented hashing, rate limiting and MFA for a web login.","{""Python"",""Flask"",""SQL""}",academic,2024,2026-08-20 19:04:00
226825d1-d5a0-59ba-5416-f272f1ed2676,7e2e5641-7cd7-aea8-3af9-40f50e9c4a6b,Inventory Tracker CLI,Command-line tool for small-business stock tracking.,"{""C++"",""Git""}",internship,2025,2026-09-02 04:31:00
ce9c0640-6274-7d41-3806-1da4e41f9988,7e2e5641-7cd7-aea8-3af9-40f50e9c4a6b,Personal Portfolio Website,Responsive portfolio site built with React.,"{""React"",""JavaScript""}",academic,2026,2026-09-02 04:31:00
87c4a4b6-3142-2ec0-f758-2e221549ae7d,6339a865-0d5a-9251-89f1-b1a9a10fbf9e,Phishing Email Detector,Rule-based and ML approach to flag phishing emails.,"{""Python"",""Machine Learning""}",personal,2025,2026-08-04 23:47:00
fcdc8e27-16d4-4c19-1441-3349bd0cf773,6339a865-0d5a-9251-89f1-b1a9a10fbf9e,Secure Login Module,"Implemented hashing, rate limiting and MFA for a web login.","{""Python"",""Flask"",""SQL""}",competition,2026,2026-08-04 23:47:00
a86a82c5-ae67-5096-2d48-302f5a57ea29,6339a865-0d5a-9251-89f1-b1a9a10fbf9e,Home Network Vulnerability Scan,Scanned and hardened a home lab network; documented findings.,"{""Linux"",""Research Skills""}",academic,2026,2026-08-04 23:47:00
6cd38b42-6eba-52c0-752d-db01ce85f204,67b9b1f9-e5a4-72ca-414c-2daf8b5ec0e5,Azure-hosted Student Portal,Deployed a web portal to Azure App Service with a managed database.,"{""Azure"",""Cloud Computing"",""SQL""}",personal,2025,2026-08-08 04:07:00
b565a6bb-00d3-4b0b-2f09-dae6f8b81c8b,5afdf463-08b7-7c51-458d-971c1c696395,CTF Team Participation,Solved web and forensics challenges in a university CTF.,"{""Linux"",""Problem Solving"",""Teamwork""}",academic,2025,2026-07-18 21:27:00
028678bb-c7c4-d17c-373f-bc4ef3b734e3,5afdf463-08b7-7c51-458d-971c1c696395,Inventory Tracker CLI,Command-line tool for small-business stock tracking.,"{""C++"",""Git""}",academic,2025,2026-07-18 21:27:00
b4ef32c2-a001-ce13-8729-302a21783ec8,5afdf463-08b7-7c51-458d-971c1c696395,Sentiment Analysis of Product Reviews,Classified Shopee product reviews using NLP techniques.,"{""Python"",""Natural Language Processing"",""Machine Learning""}",personal,2026,2026-07-18 21:27:00
81ec29f5-ac18-ab42-53b5-4502926079d3,5afdf463-08b7-7c51-458d-971c1c696395,House Price Prediction,Trained regression models to predict Klang Valley property prices.,"{""Python"",""Machine Learning"",""Statistical Analysis""}",personal,2026,2026-07-18 21:27:00
6502ddf1-24c1-dac4-7742-2169b0e3a7dd,b8942998-3532-ea2e-acf8-5ea78ec0793d,Campus Event Booking API,REST API for booking campus events with authentication.,"{""Python"",""FastAPI"",""SQL"",""Git""}",academic,2025,2026-09-07 02:05:00
aa7f8f77-e133-288b-829c-7fa5bbda6f89,b8942998-3532-ea2e-acf8-5ea78ec0793d,Azure-hosted Student Portal,Deployed a web portal to Azure App Service with a managed database.,"{""Azure"",""Cloud Computing"",""SQL""}",personal,2025,2026-09-07 02:05:00
0b499144-02b7-50d6-a743-fe00706b6138,45553ab3-433d-3d6a-0bf0-7d81e338cce9,Wilson-Lambert Sales Dashboard,Built an interactive dashboard to track monthly sales KPIs.,"{""Power BI"",""Excel"",""Data Visualisation""}",personal,2023,2026-07-19 06:18:00
e45c5952-499a-1d8a-e386-fd96a2d0d985,e03eeb6f-67e7-0efb-9292-057ffb894819,CTF Team Participation,Solved web and forensics challenges in a university CTF.,"{""Linux"",""Problem Solving"",""Teamwork""}",competition,2026,2026-08-19 10:51:00
063c91f9-4eb5-7e55-7c16-470d2e112dcc,f27c75ed-d491-4931-a2ad-03d60d0a5493,Personal Portfolio Website,Responsive portfolio site built with React.,"{""React"",""JavaScript""}",competition,2025,2026-07-08 17:58:00
29ee9153-71c5-0017-00ae-e456c8b7f765,f27c75ed-d491-4931-a2ad-03d60d0a5493,Phishing Email Detector,Rule-based and ML approach to flag phishing emails.,"{""Python"",""Machine Learning""}",competition,2025,2026-07-08 17:58:00
8d4ad8fc-6bb3-d752-f3cb-9cba5f71f537,3422bb5a-d9cc-21d2-2d9c-60cd5ea03d42,Secure Login Module,"Implemented hashing, rate limiting and MFA for a web login.","{""Python"",""Flask"",""SQL""}",competition,2026,2026-08-22 15:46:00
4b25d84a-ea88-9978-1bde-7063fe02fb73,3422bb5a-d9cc-21d2-2d9c-60cd5ea03d42,Phishing Email Detector,Rule-based and ML approach to flag phishing emails.,"{""Python"",""Machine Learning""}",academic,2026,2026-08-22 15:46:00
7a9ab477-9435-46c9-8cf3-8f0c9e0bea8f,3422bb5a-d9cc-21d2-2d9c-60cd5ea03d42,Home Network Vulnerability Scan,Scanned and hardened a home lab network; documented findings.,"{""Linux"",""Research Skills""}",academic,2026,2026-08-22 15:46:00
3f26a88f-88b3-2fcf-f1bd-9ff2e5bac1f4,e877770e-ae51-9a9b-8113-2981caedf979,Food Delivery Backend,"Microservice backend for order handling, containerised with Docker.","{""Node.js"",""Docker"",""SQL""}",academic,2026,2026-09-14 10:36:00
ea7e103c-7536-ef30-b12a-3f14eafdf7ed,e877770e-ae51-9a9b-8113-2981caedf979,Campus Event Booking API,REST API for booking campus events with authentication.,"{""Python"",""FastAPI"",""SQL"",""Git""}",academic,2026,2026-09-14 10:36:00
78e0b9b8-6b86-a951-b7f7-45b9fb90ab38,6f488673-6893-9da2-7a43-84199ddd7ecc,Personal Portfolio Website,Responsive portfolio site built with React.,"{""React"",""JavaScript""}",academic,2024,2026-07-03 00:02:00
665d76d7-e6a6-9cf6-c62d-3e03d22a5e84,98e81d6f-0c05-5bb3-01a0-78f51565fe66,Library Management System,Desktop system for book loans and returns with a relational database.,"{""Java"",""SQL""}",personal,2026,2026-09-14 20:01:00
adc2ecf7-883f-3134-a090-0fea0f225a77,98e81d6f-0c05-5bb3-01a0-78f51565fe66,Campus Event Booking API,REST API for booking campus events with authentication.,"{""Python"",""FastAPI"",""SQL"",""Git""}",academic,2026,2026-09-14 20:01:00
e9b0f619-ab40-0503-36a1-514117dc6230,98e81d6f-0c05-5bb3-01a0-78f51565fe66,Covid-19 Malaysia Data Explorer,Exploratory analysis of public MOH datasets with SQL and charts.,"{""SQL"",""Python"",""Data Visualisation""}",academic,2026,2026-09-14 20:01:00
3d182a90-4ade-9ff9-a601-fc429c3ff9cd,7847074d-9abc-d9bf-f5dd-342259415c99,Plant Disease Image Classifier,CNN model to detect leaf diseases from photos.,"{""Deep Learning"",""Python""}",academic,2026,2026-07-07 15:08:00
0542c050-9e8f-862b-537e-574edb5caace,7847074d-9abc-d9bf-f5dd-342259415c99,Food Delivery Backend,"Microservice backend for order handling, containerised with Docker.","{""Node.js"",""Docker"",""SQL""}",competition,2026,2026-07-07 15:08:00
8594f053-d259-ed81-d100-3543e3472f19,da2de42e-7242-e3dd-48b8-2b0aedb36225,Food Delivery Backend,"Microservice backend for order handling, containerised with Docker.","{""Node.js"",""Docker"",""SQL""}",competition,2026,2026-08-17 06:56:00
200f7f61-a2f1-a234-1ee1-408659dd6bf4,da2de42e-7242-e3dd-48b8-2b0aedb36225,Azure-hosted Student Portal,Deployed a web portal to Azure App Service with a managed database.,"{""Azure"",""Cloud Computing"",""SQL""}",academic,2025,2026-08-17 06:56:00
6467f6d2-2f74-562f-fcbb-e18600421dd9,0f0cffa1-71d7-c324-a5a5-8349016b0531,Secure Login Module,"Implemented hashing, rate limiting and MFA for a web login.","{""Python"",""Flask"",""SQL""}",academic,2026,2026-07-20 20:55:00
5ec1a0a7-7620-cb85-4dd9-5cdbb1c340d0,0f0cffa1-71d7-c324-a5a5-8349016b0531,Phishing Email Detector,Rule-based and ML approach to flag phishing emails.,"{""Python"",""Machine Learning""}",personal,2026,2026-07-20 20:55:00
23a70d01-b9a1-4cd2-314c-f28ce1e54c0b,0f0cffa1-71d7-c324-a5a5-8349016b0531,CTF Team Participation,Solved web and forensics challenges in a university CTF.,"{""Linux"",""Problem Solving"",""Teamwork""}",academic,2026,2026-07-20 20:55:00
fc783aaf-673c-9053-9f29-1fe85924a824,0f00aaa8-9380-8821-54e7-b6000ec41539,Customer Churn Analysis,Cleaned and analysed telco customer data to identify churn drivers.,"{""Python"",""Data Analysis"",""Statistical Analysis""}",academic,2026,2026-09-13 06:50:00
fc8c1b53-726e-0a16-2d4d-b217ff091a75,0f00aaa8-9380-8821-54e7-b6000ec41539,Covid-19 Malaysia Data Explorer,Exploratory analysis of public MOH datasets with SQL and charts.,"{""SQL"",""Python"",""Data Visualisation""}",competition,2026,2026-09-13 06:50:00
09273852-f1ed-e614-c783-1656df69d891,0f00aaa8-9380-8821-54e7-b6000ec41539,Weaver-Sherman Sales Dashboard,Built an interactive dashboard to track monthly sales KPIs.,"{""Power BI"",""Excel"",""Data Visualisation""}",academic,2023,2026-09-13 06:50:00
0cd6d356-7802-9a36-dd8c-e3ffe379b8e2,e8649a16-4145-0000-9dc1-127139056a43,Weather Dashboard,Front-end app consuming a public weather API with charts.,"{""JavaScript"",""Data Visualisation""}",academic,2025,2026-07-13 09:00:00
583a4a34-fa89-5211-be79-3a1f84d53993,e8649a16-4145-0000-9dc1-127139056a43,House Price Prediction,Trained regression models to predict Klang Valley property prices.,"{""Python"",""Machine Learning"",""Statistical Analysis""}",academic,2026,2026-07-13 09:00:00
7c09fd85-7ac8-5a5c-a5c4-bcc09f81eb5f,e8649a16-4145-0000-9dc1-127139056a43,Plant Disease Image Classifier,CNN model to detect leaf diseases from photos.,"{""Deep Learning"",""Python""}",academic,2025,2026-07-13 09:00:00
5fb06df7-3902-452e-e2f0-56843280d327,1982e948-c757-5d20-46c6-5b1e9a1e0227,Food Delivery Backend,"Microservice backend for order handling, containerised with Docker.","{""Node.js"",""Docker"",""SQL""}",academic,2025,2026-09-19 03:37:00
b86e307a-5379-59b8-c573-b9015360cf2c,1982e948-c757-5d20-46c6-5b1e9a1e0227,Campus Event Booking API,REST API for booking campus events with authentication.,"{""Python"",""FastAPI"",""SQL"",""Git""}",academic,2026,2026-09-19 03:37:00
7293d172-0e8f-c2d2-848e-fc4435aed717,ff0ba26b-bd15-17d2-8cfe-63459554be4c,House Price Prediction,Trained regression models to predict Klang Valley property prices.,"{""Python"",""Machine Learning"",""Statistical Analysis""}",personal,2023,2026-07-30 07:29:00
a6f60921-cc25-682e-97b6-08ab91ff4231,ff0ba26b-bd15-17d2-8cfe-63459554be4c,Linux Server Monitoring Scripts,"Bash scripts to monitor CPU, memory and disk usage.","{""Linux""}",academic,2026,2026-07-30 07:29:00
6263c57b-f37f-b4a9-0974-cda513014af9,ff0ba26b-bd15-17d2-8cfe-63459554be4c,Azure-hosted Student Portal,Deployed a web portal to Azure App Service with a managed database.,"{""Azure"",""Cloud Computing"",""SQL""}",academic,2025,2026-07-30 07:29:00
bf331bdf-d925-80e1-868e-565ccf8c5554,d528f013-cd5e-2dcb-359c-8f9245a178fa,Serverless Image Resizer,Built an event-driven image pipeline on AWS Lambda and S3.,"{""AWS"",""Cloud Computing"",""Python""}",academic,2023,2026-07-23 23:43:00
e4061e17-b147-f7a5-f423-731fb6a16e80,d528f013-cd5e-2dcb-359c-8f9245a178fa,Azure-hosted Student Portal,Deployed a web portal to Azure App Service with a managed database.,"{""Azure"",""Cloud Computing"",""SQL""}",academic,2023,2026-07-23 23:43:00
09217e89-1177-d8ac-f960-d5965351413a,dd968c25-1322-c4b9-0140-27e54fcdefd4,Student Performance Predictor,Predicted at-risk students from academic records.,"{""Machine Learning"",""Data Analysis"",""R""}",personal,2024,2026-08-05 22:14:00
3e8766a7-7c3f-de52-1e98-acdff0387322,dd968c25-1322-c4b9-0140-27e54fcdefd4,Plant Disease Image Classifier,CNN model to detect leaf diseases from photos.,"{""Deep Learning"",""Python""}",academic,2025,2026-08-05 22:14:00
34fa08a0-19ba-06ee-5682-58c4f2968dbc,dd968c25-1322-c4b9-0140-27e54fcdefd4,Sentiment Analysis of Product Reviews,Classified Shopee product reviews using NLP techniques.,"{""Python"",""Natural Language Processing"",""Machine Learning""}",academic,2026,2026-08-05 22:14:00
0299b709-2a27-a96c-f4f1-c64dc8da7e18,fa3fea1e-6013-cf28-184c-d43f008f90ae,Food Delivery Backend,"Microservice backend for order handling, containerised with Docker.","{""Node.js"",""Docker"",""SQL""}",competition,2026,2026-09-10 05:36:00
733a3248-17e2-ec72-be35-6d09412dd84d,7870c89c-4e15-24f2-599f-9fed952e3305,Campus Event Booking API,REST API for booking campus events with authentication.,"{""Python"",""FastAPI"",""SQL"",""Git""}",academic,2024,2026-08-02 13:36:00
4c9650e8-58af-8235-9374-94cbe850a9b4,7870c89c-4e15-24f2-599f-9fed952e3305,Library Management System,Desktop system for book loans and returns with a relational database.,"{""Java"",""SQL""}",competition,2023,2026-08-02 13:36:00
636c121f-18a1-85bb-0815-a485add0ce0c,7870c89c-4e15-24f2-599f-9fed952e3305,Linux Server Monitoring Scripts,"Bash scripts to monitor CPU, memory and disk usage.","{""Linux""}",academic,2025,2026-08-02 13:36:00
f8b7e94a-4b11-9ac2-7c2b-518efa6fe0a2,c7696a46-090a-f3e0-8772-dff7dab92589,Azure-hosted Student Portal,Deployed a web portal to Azure App Service with a managed database.,"{""Azure"",""Cloud Computing"",""SQL""}",competition,2025,2026-09-16 10:27:00
3a9cdb46-c007-59af-ca88-682ce2c57f3e,cadd5626-7885-c68f-1a70-300195405966,Customer Churn Analysis,Cleaned and analysed telco customer data to identify churn drivers.,"{""Python"",""Data Analysis"",""Statistical Analysis""}",competition,2025,2026-07-31 23:36:00
ee8686f6-52d8-f420-f6d3-e8a0d3272d8a,cadd5626-7885-c68f-1a70-300195405966,Phishing Email Detector,Rule-based and ML approach to flag phishing emails.,"{""Python"",""Machine Learning""}",academic,2025,2026-07-31 23:36:00
7a2ed795-b9b0-d82b-2f57-04e094a43b72,2ba41da8-c820-ac8a-86e0-31408e456886,Serverless Image Resizer,Built an event-driven image pipeline on AWS Lambda and S3.,"{""AWS"",""Cloud Computing"",""Python""}",personal,2026,2026-08-04 08:38:00
ed03efb0-3bde-a4d8-e0b6-d03a341645df,2ba41da8-c820-ac8a-86e0-31408e456886,Food Delivery Backend,"Microservice backend for order handling, containerised with Docker.","{""Node.js"",""Docker"",""SQL""}",competition,2025,2026-08-04 08:38:00
8ef30f13-c7ec-4955-b212-3326cf5115ae,2ba41da8-c820-ac8a-86e0-31408e456886,House Price Prediction,Trained regression models to predict Klang Valley property prices.,"{""Python"",""Machine Learning"",""Statistical Analysis""}",academic,2026,2026-08-04 08:38:00
30302cff-c211-5191-f967-02936a7ff301,7dc0242f-62be-486b-4789-46719374f923,Azure-hosted Student Portal,Deployed a web portal to Azure App Service with a managed database.,"{""Azure"",""Cloud Computing"",""SQL""}",academic,2026,2026-07-10 14:08:00
91aab53e-8ead-4b89-685b-089e3d7c5be5,7dc0242f-62be-486b-4789-46719374f923,Secure Login Module,"Implemented hashing, rate limiting and MFA for a web login.","{""Python"",""Flask"",""SQL""}",academic,2026,2026-07-10 14:08:00
130f5a12-4ab1-ee3b-7979-fda4c5c96d5a,7dc0242f-62be-486b-4789-46719374f923,Customer Churn Analysis,Cleaned and analysed telco customer data to identify churn drivers.,"{""Python"",""Data Analysis"",""Statistical Analysis""}",personal,2025,2026-07-10 14:08:00
dddb3209-00c9-ec93-fb0b-a48ceafe3984,5536bd5f-9e2b-5770-2c4d-8acd845c7a3e,Personal Portfolio Website,Responsive portfolio site built with React.,"{""React"",""JavaScript""}",competition,2025,2026-08-20 12:42:00
adacbf26-34e5-5d9c-ca6b-802b9fe8c455,5536bd5f-9e2b-5770-2c4d-8acd845c7a3e,Weather Dashboard,Front-end app consuming a public weather API with charts.,"{""JavaScript"",""Data Visualisation""}",competition,2024,2026-08-20 12:42:00
7890152d-ad1e-8be8-2a9d-a55808436964,5536bd5f-9e2b-5770-2c4d-8acd845c7a3e,E-commerce Store,"Full-stack store with cart, checkout and admin dashboard.","{""React"",""Node.js"",""SQL""}",competition,2025,2026-08-20 12:42:00
8f503719-3410-8ea2-4c52-d3cae6f3c4c8,32b5a6a4-f9a7-203c-86e1-abafdd0f8a48,Library Management System,Desktop system for book loans and returns with a relational database.,"{""Java"",""SQL""}",competition,2026,2026-07-14 10:47:00
6757b8d6-7266-31dc-9687-8772d7280fd9,32b5a6a4-f9a7-203c-86e1-abafdd0f8a48,Personal Portfolio Website,Responsive portfolio site built with React.,"{""React"",""JavaScript""}",academic,2026,2026-07-14 10:47:00
d9d11b0d-c3e6-729b-bc1d-405c708c5348,992c28a2-f31b-a715-85f0-119069f5af52,Food Delivery Backend,"Microservice backend for order handling, containerised with Docker.","{""Node.js"",""Docker"",""SQL""}",personal,2026,2026-08-18 03:15:00
8fcc25c8-c3fe-9c83-39f9-780acba7e8fe,992c28a2-f31b-a715-85f0-119069f5af52,Library Management System,Desktop system for book loans and returns with a relational database.,"{""Java"",""SQL""}",personal,2024,2026-08-18 03:15:00
eacc91a8-d06d-9b2d-72f5-ee377af9d8e1,3f00196f-5af8-3ec8-04ce-b8ebd2a43f25,Serverless Image Resizer,Built an event-driven image pipeline on AWS Lambda and S3.,"{""AWS"",""Cloud Computing"",""Python""}",academic,2025,2026-08-11 09:53:00
0098e4bd-a582-4c20-bf79-547dce5cce93,5e949995-6d93-26e4-ffc9-371ea2710f88,CI/CD Pipeline for Web App,"Automated build, test and deploy with GitHub Actions and Docker.","{""Docker"",""Git"",""Linux""}",internship,2026,2026-07-09 13:21:00
cb8af604-7461-fd48-b62b-c40df80587ae,5e949995-6d93-26e4-ffc9-371ea2710f88,Library Management System,Desktop system for book loans and returns with a relational database.,"{""Java"",""SQL""}",academic,2025,2026-07-09 13:21:00
ac33764d-7694-2f3b-0b1a-20fac64d6764,5e949995-6d93-26e4-ffc9-371ea2710f88,Campus Event Booking API,REST API for booking campus events with authentication.,"{""Python"",""FastAPI"",""SQL"",""Git""}",academic,2025,2026-07-09 13:21:00
661e551e-a1fe-5bfa-0557-b73f94bd54a7,677a740e-4adb-6881-85cb-135aae2f9cbf,Anderson Sales Dashboard,Built an interactive dashboard to track monthly sales KPIs.,"{""Power BI"",""Excel"",""Data Visualisation""}",academic,2024,2026-08-07 20:39:00
9d27143a-30ad-3bfa-7eb3-cbe9fee060ee,677a740e-4adb-6881-85cb-135aae2f9cbf,E-commerce Store,"Full-stack store with cart, checkout and admin dashboard.","{""React"",""Node.js"",""SQL""}",academic,2026,2026-08-07 20:39:00
e2eb185f-0573-25ef-97b2-6935732a1405,1d9d49a6-7964-e3d6-47e0-b4a4fc493658,E-commerce Store,"Full-stack store with cart, checkout and admin dashboard.","{""React"",""Node.js"",""SQL""}",personal,2025,2026-07-08 23:40:00
ae716f47-518d-1cf3-fb48-5bbd65d6bab3,a278c88a-fc78-1c5a-d1f8-4d79241cc262,Club Management Web App,Web app for a student club to manage members and events.,"{""JavaScript"",""Flask"",""SQL"",""Teamwork""}",academic,2026,2026-09-03 14:35:00
18fc0b4f-c483-a6c5-fedf-2c3fa4e5f226,31019662-55ef-5723-91bb-ca038c9c0a38,Customer Churn Analysis,Cleaned and analysed telco customer data to identify churn drivers.,"{""Python"",""Data Analysis"",""Statistical Analysis""}",academic,2025,2026-07-23 19:50:00
4e94b783-a687-2c8b-0ed6-1c0c393da26d,31019662-55ef-5723-91bb-ca038c9c0a38,Linux Server Monitoring Scripts,"Bash scripts to monitor CPU, memory and disk usage.","{""Linux""}",academic,2024,2026-07-23 19:50:00
f32ab3d4-b81f-a85e-9aa2-0b9c0630b934,462c2c93-3335-7b7e-ee59-cad04357cf15,E-commerce Store,"Full-stack store with cart, checkout and admin dashboard.","{""React"",""Node.js"",""SQL""}",competition,2026,2026-08-26 03:00:00
f19ea54c-e8f9-46f3-91e6-66877cc9bebf,1bf56c95-a7e1-9ab0-9425-b29dc4008d41,Jones Sales Dashboard,Built an interactive dashboard to track monthly sales KPIs.,"{""Power BI"",""Excel"",""Data Visualisation""}",academic,2025,2026-08-29 16:35:00
cd575a79-cb17-cec3-075f-2996313a83d3,1bf56c95-a7e1-9ab0-9425-b29dc4008d41,Retail Inventory Report Automation,Automated weekly inventory reporting from a SQL database.,"{""SQL"",""Excel""}",academic,2026,2026-08-29 16:35:00
a29d5875-90f0-d802-2aa4-9db928f4100b,1bf56c95-a7e1-9ab0-9425-b29dc4008d41,E-commerce Store,"Full-stack store with cart, checkout and admin dashboard.","{""React"",""Node.js"",""SQL""}",competition,2026,2026-08-29 16:35:00
7bd03a15-bd19-e7cb-8939-882d4d049b8d,a2e0f852-b2bd-4452-04bf-be6a353ca07e,Campus Event Booking API,REST API for booking campus events with authentication.,"{""Python"",""FastAPI"",""SQL"",""Git""}",academic,2026,2026-08-05 04:58:00
6bbf548f-2c9f-9936-de66-6672938982e0,a2e0f852-b2bd-4452-04bf-be6a353ca07e,Inventory Tracker CLI,Command-line tool for small-business stock tracking.,"{""C++"",""Git""}",academic,2024,2026-08-05 04:58:00
31db836b-2829-dda9-276b-5b69ad8e9637,b1c4ef50-4eea-7844-2394-38b7e7763526,Inventory Tracker CLI,Command-line tool for small-business stock tracking.,"{""C++"",""Git""}",academic,2023,2026-09-18 21:16:00
54f38394-850f-7be3-97d7-30e2ddb6a7e4,da4dd3c5-1b1c-8af3-a615-217d55b9998e,Campus Event Booking API,REST API for booking campus events with authentication.,"{""Python"",""FastAPI"",""SQL"",""Git""}",academic,2026,2026-08-21 07:07:00
92cd15bb-6a66-75a2-af38-3b28392d920f,da4dd3c5-1b1c-8af3-a615-217d55b9998e,Inventory Tracker CLI,Command-line tool for small-business stock tracking.,"{""C++"",""Git""}",academic,2026,2026-08-21 07:07:00
fe1da55b-faee-fe01-e70f-56b0cb720630,b8f0aea6-d26b-1581-2447-367ac04c5594,"Mitchell, Sales Dashboard",Built an interactive dashboard to track monthly sales KPIs.,"{""Power BI"",""Excel"",""Data Visualisation""}",personal,2026,2026-08-12 18:48:00
24f8516a-d0d3-8a9b-2232-10ca1bdb0585,a5412d3b-09f6-269a-bf62-ca27f7661dec,"Liu, Sales Dashboard",Built an interactive dashboard to track monthly sales KPIs.,"{""Power BI"",""Excel"",""Data Visualisation""}",academic,2026,2026-09-15 01:57:00
c57eaf63-b73c-d95c-0081-afdd45027989,a5412d3b-09f6-269a-bf62-ca27f7661dec,Retail Inventory Report Automation,Automated weekly inventory reporting from a SQL database.,"{""SQL"",""Excel""}",personal,2023,2026-09-15 01:57:00
bcfd8669-42e1-2288-2548-d5c922e8cbaa,a5412d3b-09f6-269a-bf62-ca27f7661dec,Covid-19 Malaysia Data Explorer,Exploratory analysis of public MOH datasets with SQL and charts.,"{""SQL"",""Python"",""Data Visualisation""}",academic,2025,2026-09-15 01:57:00
b0fc171b-3b3f-b30f-260e-cf4405b9573d,a5412d3b-09f6-269a-bf62-ca27f7661dec,Customer Churn Analysis,Cleaned and analysed telco customer data to identify churn drivers.,"{""Python"",""Data Analysis"",""Statistical Analysis""}",academic,2024,2026-09-15 01:57:00
bd6d2160-3fe6-9b45-8c36-df3244d522d9,ed1d1ea9-ce7f-41fb-e7d8-6b10bb3abc80,Food Delivery Backend,"Microservice backend for order handling, containerised with Docker.","{""Node.js"",""Docker"",""SQL""}",competition,2024,2026-08-04 20:36:00
9e7d146b-07b8-bdee-e90c-bc49a68a262b,6c9ea692-334c-0920-3f94-3466091024e7,Azure-hosted Student Portal,Deployed a web portal to Azure App Service with a managed database.,"{""Azure"",""Cloud Computing"",""SQL""}",personal,2026,2026-07-26 14:19:00
29dd4973-2fb3-a898-fccf-b409bf583d5f,6c9ea692-334c-0920-3f94-3466091024e7,Food Delivery Backend,"Microservice backend for order handling, containerised with Docker.","{""Node.js"",""Docker"",""SQL""}",academic,2026,2026-07-26 14:19:00
1e13498e-1f46-2f03-55bf-8a6ff6f1002a,0f1a616f-12c9-543f-214d-b1a615e9c8ff,Campus Event Booking API,REST API for booking campus events with authentication.,"{""Python"",""FastAPI"",""SQL"",""Git""}",academic,2023,2026-07-10 09:59:00
d8980053-788b-c274-b993-8f44dd71f1df,0f1a616f-12c9-543f-214d-b1a615e9c8ff,Food Delivery Backend,"Microservice backend for order handling, containerised with Docker.","{""Node.js"",""Docker"",""SQL""}",personal,2024,2026-07-10 09:59:00
f3c30463-11f0-1c4a-5593-06bb099b4746,2a2c750c-1d40-6357-814c-31b2aed99198,E-commerce Store,"Full-stack store with cart, checkout and admin dashboard.","{""React"",""Node.js"",""SQL""}",internship,2024,2026-09-14 13:37:00
3d474260-ac64-79bd-006b-d7b04557a34a,b1d250bc-b742-7eb6-154f-82435bc75849,"Marquez, Sales Dashboard",Built an interactive dashboard to track monthly sales KPIs.,"{""Power BI"",""Excel"",""Data Visualisation""}",academic,2026,2026-07-29 15:31:00
f233c530-abee-976d-a7bb-4627a885a123,b1d250bc-b742-7eb6-154f-82435bc75849,Retail Inventory Report Automation,Automated weekly inventory reporting from a SQL database.,"{""SQL"",""Excel""}",competition,2024,2026-07-29 15:31:00
c647557b-0548-8f63-6978-1b66c1e59c43,b1d250bc-b742-7eb6-154f-82435bc75849,Serverless Image Resizer,Built an event-driven image pipeline on AWS Lambda and S3.,"{""AWS"",""Cloud Computing"",""Python""}",personal,2024,2026-07-29 15:31:00
1aca94c5-84a3-8a26-0044-18f37f1895be,32f6a44a-deec-a657-a445-86ea56c81807,CTF Team Participation,Solved web and forensics challenges in a university CTF.,"{""Linux"",""Problem Solving"",""Teamwork""}",competition,2024,2026-07-17 15:03:00
5b0f3227-698a-7ada-cb92-5e92d9f70788,7fa9aae9-04ba-dcf4-9000-72e315991dbf,Hale-Blair Sales Dashboard,Built an interactive dashboard to track monthly sales KPIs.,"{""Power BI"",""Excel"",""Data Visualisation""}",academic,2026,2026-08-03 19:39:00
512b171b-9676-e8a4-87c8-604cb510ffa9,7fa9aae9-04ba-dcf4-9000-72e315991dbf,Azure-hosted Student Portal,Deployed a web portal to Azure App Service with a managed database.,"{""Azure"",""Cloud Computing"",""SQL""}",academic,2025,2026-08-03 19:39:00
eaa31841-a37c-75b6-b3d3-842b402395b4,2a7b0c8f-97f8-b7d9-eeb7-61db49173d53,Sentiment Analysis of Product Reviews,Classified Shopee product reviews using NLP techniques.,"{""Python"",""Natural Language Processing"",""Machine Learning""}",academic,2026,2026-07-26 19:04:00
b07dbb51-048c-16fd-5635-2487a041fba8,2a7b0c8f-97f8-b7d9-eeb7-61db49173d53,Student Performance Predictor,Predicted at-risk students from academic records.,"{""Machine Learning"",""Data Analysis"",""R""}",academic,2026,2026-07-26 19:04:00
47e52f3a-78c5-7200-40d1-fc87f8db62bb,e2302224-250b-6c28-4ebc-a2d6b55f1265,Weather Dashboard,Front-end app consuming a public weather API with charts.,"{""JavaScript"",""Data Visualisation""}",internship,2024,2026-07-30 02:57:00
9da657bf-265b-5501-3951-252abc0db6b7,e2302224-250b-6c28-4ebc-a2d6b55f1265,E-commerce Store,"Full-stack store with cart, checkout and admin dashboard.","{""React"",""Node.js"",""SQL""}",academic,2026,2026-07-30 02:57:00
b2c3e309-b56d-9e50-e056-7141811b9639,f6d000dd-6e79-7647-c581-a359a516198f,Plant Disease Image Classifier,CNN model to detect leaf diseases from photos.,"{""Deep Learning"",""Python""}",personal,2026,2026-08-19 01:20:00
a7b1e576-ba82-9862-8fec-03b3f1e2c528,f6d000dd-6e79-7647-c581-a359a516198f,Student Performance Predictor,Predicted at-risk students from academic records.,"{""Machine Learning"",""Data Analysis"",""R""}",academic,2025,2026-08-19 01:20:00
82ede591-3d70-6c96-db8d-57d945c676c3,f6d000dd-6e79-7647-c581-a359a516198f,House Price Prediction,Trained regression models to predict Klang Valley property prices.,"{""Python"",""Machine Learning"",""Statistical Analysis""}",personal,2025,2026-08-19 01:20:00
178d75e6-7170-78c5-d794-0fda6475d3f4,102478ac-328e-99cd-7ec8-6fd6b8f57bcf,Retail Inventory Report Automation,Automated weekly inventory reporting from a SQL database.,"{""SQL"",""Excel""}",personal,2023,2026-09-12 08:34:00
557fe059-2414-d868-9c14-499675d334a8,102478ac-328e-99cd-7ec8-6fd6b8f57bcf,Covid-19 Malaysia Data Explorer,Exploratory analysis of public MOH datasets with SQL and charts.,"{""SQL"",""Python"",""Data Visualisation""}",competition,2025,2026-09-12 08:34:00
26bdd79a-ff20-6219-50c1-355ff4e40961,102478ac-328e-99cd-7ec8-6fd6b8f57bcf,Customer Churn Analysis,Cleaned and analysed telco customer data to identify churn drivers.,"{""Python"",""Data Analysis"",""Statistical Analysis""}",academic,2024,2026-09-12 08:34:00
f462a3d0-ee4c-eb4e-675f-c9eca964ff08,c1aeebca-da38-38bb-c351-999e9222a5de,Club Management Web App,Web app for a student club to manage members and events.,"{""JavaScript"",""Flask"",""SQL"",""Teamwork""}",academic,2023,2026-07-14 08:59:00
23bdec0a-9085-8205-3160-fa4dc2e8574f,c1aeebca-da38-38bb-c351-999e9222a5de,Campus Event Booking API,REST API for booking campus events with authentication.,"{""Python"",""FastAPI"",""SQL"",""Git""}",personal,2026,2026-07-14 08:59:00
949fdeff-fe04-1767-de17-a70f23fe9e9e,c1aeebca-da38-38bb-c351-999e9222a5de,Inventory Tracker CLI,Command-line tool for small-business stock tracking.,"{""C++"",""Git""}",academic,2025,2026-07-14 08:59:00
51268a9b-6a92-774d-a4b8-a0df7d7784e4,c4cf769e-b363-8c5a-cdc9-62721449603c,House Price Prediction,Trained regression models to predict Klang Valley property prices.,"{""Python"",""Machine Learning"",""Statistical Analysis""}",academic,2026,2026-07-31 23:12:00
c4e84692-d077-7d4f-657d-bc3db1908f10,4eea696c-ed54-3aa0-2c3b-e788beb98ddb,Mora-White Sales Dashboard,Built an interactive dashboard to track monthly sales KPIs.,"{""Power BI"",""Excel"",""Data Visualisation""}",academic,2023,2026-09-08 09:35:00
81e26143-fb77-35ed-128f-b3b927b9747b,4eea696c-ed54-3aa0-2c3b-e788beb98ddb,Covid-19 Malaysia Data Explorer,Exploratory analysis of public MOH datasets with SQL and charts.,"{""SQL"",""Python"",""Data Visualisation""}",academic,2025,2026-09-08 09:35:00
0af7b8a0-b755-4839-e015-0c0c87d83f68,4eea696c-ed54-3aa0-2c3b-e788beb98ddb,Secure Login Module,"Implemented hashing, rate limiting and MFA for a web login.","{""Python"",""Flask"",""SQL""}",competition,2026,2026-09-08 09:35:00
085faac9-0396-2951-9704-ac6024f7a71d,4eea696c-ed54-3aa0-2c3b-e788beb98ddb,Customer Churn Analysis,Cleaned and analysed telco customer data to identify churn drivers.,"{""Python"",""Data Analysis"",""Statistical Analysis""}",competition,2025,2026-09-08 09:35:00
32c06c46-7be1-c5a6-1895-4c66234222b3,54d3edb4-2703-fb66-65b2-5d353b3f3679,Azure-hosted Student Portal,Deployed a web portal to Azure App Service with a managed database.,"{""Azure"",""Cloud Computing"",""SQL""}",academic,2026,2026-09-01 15:06:00
ed1a5acd-7ac3-7ca3-8645-2f11c6e1ece9,54d3edb4-2703-fb66-65b2-5d353b3f3679,CI/CD Pipeline for Web App,"Automated build, test and deploy with GitHub Actions and Docker.","{""Docker"",""Git"",""Linux""}",academic,2026,2026-09-01 15:06:00
e4207f84-05c2-3771-297f-a0b9a9c47f93,54d3edb4-2703-fb66-65b2-5d353b3f3679,Serverless Image Resizer,Built an event-driven image pipeline on AWS Lambda and S3.,"{""AWS"",""Cloud Computing"",""Python""}",competition,2026,2026-09-01 15:06:00
1c253408-cab3-dc85-1164-ac8ae5c3c662,2f1b8c90-a28f-3731-5b2e-a9d6c7eaf180,Personal Portfolio Website,Responsive portfolio site built with React.,"{""React"",""JavaScript""}",academic,2025,2026-07-20 01:30:00
0f5e0b75-9538-c52a-3d68-8e9420ddb3c5,2f1b8c90-a28f-3731-5b2e-a9d6c7eaf180,Club Management Web App,Web app for a student club to manage members and events.,"{""JavaScript"",""Flask"",""SQL"",""Teamwork""}",competition,2026,2026-07-20 01:30:00
ec1eed93-ef8f-5c2f-5e73-688ba5adc325,2f1b8c90-a28f-3731-5b2e-a9d6c7eaf180,CTF Team Participation,Solved web and forensics challenges in a university CTF.,"{""Linux"",""Problem Solving"",""Teamwork""}",academic,2025,2026-07-20 01:30:00
673890e0-35d1-e15e-2156-98284d2a2ac5,2f1b8c90-a28f-3731-5b2e-a9d6c7eaf180,E-commerce Store,"Full-stack store with cart, checkout and admin dashboard.","{""React"",""Node.js"",""SQL""}",academic,2026,2026-07-20 01:30:00
2c0dfcc5-7883-7acb-26bf-08da1ab55a80,84386aaf-a3fd-8f6f-1a33-47cba3dca0c6,Covid-19 Malaysia Data Explorer,Exploratory analysis of public MOH datasets with SQL and charts.,"{""SQL"",""Python"",""Data Visualisation""}",academic,2026,2026-08-24 01:54:00
a058ed2a-931f-84a8-2ef5-ce34a36893cd,84386aaf-a3fd-8f6f-1a33-47cba3dca0c6,Azure-hosted Student Portal,Deployed a web portal to Azure App Service with a managed database.,"{""Azure"",""Cloud Computing"",""SQL""}",academic,2025,2026-08-24 01:54:00
5db3f775-5de1-ec2f-0d61-510d42221944,84386aaf-a3fd-8f6f-1a33-47cba3dca0c6,Weather Dashboard,Front-end app consuming a public weather API with charts.,"{""JavaScript"",""Data Visualisation""}",personal,2025,2026-08-24 01:54:00
6e2f5154-85e4-0918-565a-d6d70707caf0,40e00833-8514-0240-8a7f-81ddea4f5853,Linux Server Monitoring Scripts,"Bash scripts to monitor CPU, memory and disk usage.","{""Linux""}",academic,2026,2026-07-28 22:32:00
2df36601-2d9a-648f-e619-4e21453e5f1b,40e00833-8514-0240-8a7f-81ddea4f5853,Serverless Image Resizer,Built an event-driven image pipeline on AWS Lambda and S3.,"{""AWS"",""Cloud Computing"",""Python""}",academic,2025,2026-07-28 22:32:00
0b9584bb-af50-1e71-ca3f-43571423b29c,40e00833-8514-0240-8a7f-81ddea4f5853,CI/CD Pipeline for Web App,"Automated build, test and deploy with GitHub Actions and Docker.","{""Docker"",""Git"",""Linux""}",academic,2025,2026-07-28 22:32:00
c0b3098d-51fa-5314-6793-d952e952584b,a6319b8e-a603-8076-c202-0122a9789239,CTF Team Participation,Solved web and forensics challenges in a university CTF.,"{""Linux"",""Problem Solving"",""Teamwork""}",academic,2026,2026-08-03 19:01:00
9aee8616-7c37-460c-677d-89a2ac5c965b,a6319b8e-a603-8076-c202-0122a9789239,Customer Churn Analysis,Cleaned and analysed telco customer data to identify churn drivers.,"{""Python"",""Data Analysis"",""Statistical Analysis""}",academic,2026,2026-08-03 19:01:00
2e0130f3-1d32-9e92-5637-8f6a8238dd16,a6319b8e-a603-8076-c202-0122a9789239,Haynes-Watson Sales Dashboard,Built an interactive dashboard to track monthly sales KPIs.,"{""Power BI"",""Excel"",""Data Visualisation""}",academic,2026,2026-08-03 19:01:00
25870e9f-7005-fe0c-2d4f-8c5db922183f,7fadd0bc-2865-c565-4291-4a5253e601ac,Serverless Image Resizer,Built an event-driven image pipeline on AWS Lambda and S3.,"{""AWS"",""Cloud Computing"",""Python""}",academic,2026,2026-08-01 17:24:00
ed2a42ff-5461-bb1c-664d-2b78f92f34b4,c7dba592-fd1a-b6b5-b3ca-a376d09795e3,Jones-Bradley Sales Dashboard,Built an interactive dashboard to track monthly sales KPIs.,"{""Power BI"",""Excel"",""Data Visualisation""}",academic,2025,2026-07-23 19:06:00
aa17025d-b1ef-7818-948e-72706ec0e91d,c7dba592-fd1a-b6b5-b3ca-a376d09795e3,Customer Churn Analysis,Cleaned and analysed telco customer data to identify churn drivers.,"{""Python"",""Data Analysis"",""Statistical Analysis""}",personal,2024,2026-07-23 19:06:00
debfd7b5-bcc7-303f-e1da-a14e7547c87b,c7dba592-fd1a-b6b5-b3ca-a376d09795e3,Secure Login Module,"Implemented hashing, rate limiting and MFA for a web login.","{""Python"",""Flask"",""SQL""}",academic,2026,2026-07-23 19:06:00
610c33dc-98d1-6c74-f538-414ef1091b4d,c7dba592-fd1a-b6b5-b3ca-a376d09795e3,Retail Inventory Report Automation,Automated weekly inventory reporting from a SQL database.,"{""SQL"",""Excel""}",academic,2023,2026-07-23 19:06:00
9ae45979-98cf-e11a-4b18-247bf1019dc3,efd13d60-3e3c-54d1-360f-b1f2fdb59d06,Personal Portfolio Website,Responsive portfolio site built with React.,"{""React"",""JavaScript""}",academic,2025,2026-08-08 12:40:00
198d59ed-56b5-d490-6b11-1b61baca678d,efd13d60-3e3c-54d1-360f-b1f2fdb59d06,Club Management Web App,Web app for a student club to manage members and events.,"{""JavaScript"",""Flask"",""SQL"",""Teamwork""}",academic,2024,2026-08-08 12:40:00
4a71046d-b13c-a8e1-7748-390c6a0ddc18,efd13d60-3e3c-54d1-360f-b1f2fdb59d06,Weather Dashboard,Front-end app consuming a public weather API with charts.,"{""JavaScript"",""Data Visualisation""}",academic,2024,2026-08-08 12:40:00
9b41d9ff-df17-5ab2-1baa-8f47943607e6,7a0d5ff9-60ee-552c-d86b-ed9a202de51c,Azure-hosted Student Portal,Deployed a web portal to Azure App Service with a managed database.,"{""Azure"",""Cloud Computing"",""SQL""}",academic,2026,2026-08-24 05:06:00
ee615266-8306-4029-5caa-378383229450,7a0d5ff9-60ee-552c-d86b-ed9a202de51c,CI/CD Pipeline for Web App,"Automated build, test and deploy with GitHub Actions and Docker.","{""Docker"",""Git"",""Linux""}",personal,2024,2026-08-24 05:06:00
a50f3513-aac7-2a9c-13b0-ea0d520a6bce,fa923fde-df89-7a84-b8e2-c5e24f5d9769,Azure-hosted Student Portal,Deployed a web portal to Azure App Service with a managed database.,"{""Azure"",""Cloud Computing"",""SQL""}",competition,2025,2026-09-13 22:42:00
d1264de7-c43c-d8ec-5a87-e27aa7d4ca94,fa923fde-df89-7a84-b8e2-c5e24f5d9769,House Price Prediction,Trained regression models to predict Klang Valley property prices.,"{""Python"",""Machine Learning"",""Statistical Analysis""}",personal,2026,2026-09-13 22:42:00
d399b415-2b69-b3d1-7cd7-a80a05eacd77,fa923fde-df89-7a84-b8e2-c5e24f5d9769,Retail Inventory Report Automation,Automated weekly inventory reporting from a SQL database.,"{""SQL"",""Excel""}",competition,2025,2026-09-13 22:42:00
f9dea644-d4fb-c996-26e0-47c6d15bfda0,355d3715-16d5-86c1-4b6a-24ad234bf2fe,Azure-hosted Student Portal,Deployed a web portal to Azure App Service with a managed database.,"{""Azure"",""Cloud Computing"",""SQL""}",internship,2026,2026-08-22 07:35:00
6f0fb41e-e273-2213-0451-bd09aba866b3,355d3715-16d5-86c1-4b6a-24ad234bf2fe,Campus Event Booking API,REST API for booking campus events with authentication.,"{""Python"",""FastAPI"",""SQL"",""Git""}",academic,2025,2026-08-22 07:35:00
604f3c30-edb9-b282-8730-8a951128c95c,355d3715-16d5-86c1-4b6a-24ad234bf2fe,Club Management Web App,Web app for a student club to manage members and events.,"{""JavaScript"",""Flask"",""SQL"",""Teamwork""}",academic,2024,2026-08-22 07:35:00
1ca5b32c-ec3e-8df4-ae1a-cb910069dad2,e51d86f2-856c-df86-2370-c9e97ab09e1b,Plant Disease Image Classifier,CNN model to detect leaf diseases from photos.,"{""Deep Learning"",""Python""}",academic,2024,2026-08-13 17:02:00
d9665bc2-8cf2-0c90-4ee4-8302c6173918,e51d86f2-856c-df86-2370-c9e97ab09e1b,CTF Team Participation,Solved web and forensics challenges in a university CTF.,"{""Linux"",""Problem Solving"",""Teamwork""}",academic,2025,2026-08-13 17:02:00
5dcedf37-0e93-ce9e-4561-e8f77253486e,e51d86f2-856c-df86-2370-c9e97ab09e1b,Student Performance Predictor,Predicted at-risk students from academic records.,"{""Machine Learning"",""Data Analysis"",""R""}",academic,2024,2026-08-13 17:02:00
4ac7d726-ef68-9d2b-6adc-1e64f619016e,290e9997-6afb-0cf2-4921-c5857d35c657,Azure-hosted Student Portal,Deployed a web portal to Azure App Service with a managed database.,"{""Azure"",""Cloud Computing"",""SQL""}",academic,2025,2026-08-08 21:26:00
ce337def-c0f8-86bd-5ea4-d9b3469abb47,4bb64f5a-b74d-79e0-081b-0b205f0c3ee5,Inventory Tracker CLI,Command-line tool for small-business stock tracking.,"{""C++"",""Git""}",academic,2025,2026-08-12 09:00:00
fd6b3059-a1cf-040f-e5c6-e572393e1d02,4bb64f5a-b74d-79e0-081b-0b205f0c3ee5,Library Management System,Desktop system for book loans and returns with a relational database.,"{""Java"",""SQL""}",competition,2025,2026-08-12 09:00:00
502bc33a-99d7-a574-d90b-8d03613fa3c6,2c8fbe55-7164-92ba-8c14-a123771844b2,Azure-hosted Student Portal,Deployed a web portal to Azure App Service with a managed database.,"{""Azure"",""Cloud Computing"",""SQL""}",competition,2025,2026-08-09 13:04:00
7c003344-28fd-a294-f82a-ad3689c09ff0,2c8fbe55-7164-92ba-8c14-a123771844b2,Food Delivery Backend,"Microservice backend for order handling, containerised with Docker.","{""Node.js"",""Docker"",""SQL""}",competition,2026,2026-08-09 13:04:00
482c4407-4e24-02c5-0dde-9cd9e1129825,a13fe1be-16ac-56d0-840f-c16f8fa84ec0,Personal Portfolio Website,Responsive portfolio site built with React.,"{""React"",""JavaScript""}",academic,2024,2026-07-30 16:58:00
83d0f5bd-7da5-a008-9a8d-ad361cba268e,a13fe1be-16ac-56d0-840f-c16f8fa84ec0,Weather Dashboard,Front-end app consuming a public weather API with charts.,"{""JavaScript"",""Data Visualisation""}",academic,2025,2026-07-30 16:58:00
5a6f16b3-960c-8cec-4162-9fd5e1760a31,a13fe1be-16ac-56d0-840f-c16f8fa84ec0,CI/CD Pipeline for Web App,"Automated build, test and deploy with GitHub Actions and Docker.","{""Docker"",""Git"",""Linux""}",academic,2025,2026-07-30 16:58:00
d7b7620c-7758-89b9-4b74-48b85a0f9dc0,d1328e84-aaf6-267b-567d-589ba2d9cd29,Secure Login Module,"Implemented hashing, rate limiting and MFA for a web login.","{""Python"",""Flask"",""SQL""}",personal,2024,2026-07-17 12:58:00
5d9eece8-75c5-2940-a3e1-7b99f7b8beb7,86ed18f2-da10-3739-341c-aa81b771abff,Library Management System,Desktop system for book loans and returns with a relational database.,"{""Java"",""SQL""}",competition,2026,2026-08-07 01:12:00
2ac19445-e7a8-3e08-e924-8d5215643cf3,a01d3239-20ab-96a9-71df-2c8d9885adb1,Library Management System,Desktop system for book loans and returns with a relational database.,"{""Java"",""SQL""}",academic,2025,2026-07-28 15:19:00
064e1e70-70cf-2d86-3b83-7d0d27237c1a,3d39451b-4fef-f537-dc66-a4dd78b2ae15,Covid-19 Malaysia Data Explorer,Exploratory analysis of public MOH datasets with SQL and charts.,"{""SQL"",""Python"",""Data Visualisation""}",internship,2026,2026-09-09 18:13:00
bb25911a-a3a1-6aad-bdfd-f0b6c5b1789b,c1be9c4b-b95c-1497-4b53-aa96248fae82,Secure Login Module,"Implemented hashing, rate limiting and MFA for a web login.","{""Python"",""Flask"",""SQL""}",academic,2025,2026-09-15 23:34:00
05308fdf-1b02-2118-e655-b0ab7069267b,0fcd96d9-53ea-e349-872a-fef3ac01316d,Customer Churn Analysis,Cleaned and analysed telco customer data to identify churn drivers.,"{""Python"",""Data Analysis"",""Statistical Analysis""}",academic,2024,2026-08-26 01:25:00
62ba0d67-a400-4f91-9cc8-93f9de537673,0fcd96d9-53ea-e349-872a-fef3ac01316d,Library Management System,Desktop system for book loans and returns with a relational database.,"{""Java"",""SQL""}",competition,2025,2026-08-26 01:25:00
56b72970-e910-7c1f-86d2-5d7200d3df6e,75788cd5-d560-8029-697f-ec0f43b4e0b9,Serverless Image Resizer,Built an event-driven image pipeline on AWS Lambda and S3.,"{""AWS"",""Cloud Computing"",""Python""}",personal,2023,2026-08-30 16:22:00
5ff2d515-f700-9e39-3ebf-642f371be782,050f08a6-7c14-1e97-dfd4-e0c2e5f33e3d,Plant Disease Image Classifier,CNN model to detect leaf diseases from photos.,"{""Deep Learning"",""Python""}",academic,2026,2026-07-20 20:09:00
7f6bb6f5-7150-55a7-80d0-d17a49987625,050f08a6-7c14-1e97-dfd4-e0c2e5f33e3d,House Price Prediction,Trained regression models to predict Klang Valley property prices.,"{""Python"",""Machine Learning"",""Statistical Analysis""}",personal,2026,2026-07-20 20:09:00
1710a59d-668f-06dd-0442-07c82791fffc,050f08a6-7c14-1e97-dfd4-e0c2e5f33e3d,Inventory Tracker CLI,Command-line tool for small-business stock tracking.,"{""C++"",""Git""}",academic,2025,2026-07-20 20:09:00
6a57330e-c3e2-b9ff-bbf9-ba1af698a2fd,c53bd1ac-9813-1e59-c4bb-12264e1c47d7,Phishing Email Detector,Rule-based and ML approach to flag phishing emails.,"{""Python"",""Machine Learning""}",competition,2026,2026-09-19 18:23:00
261511a5-a267-a276-e6d1-3d2c9ad3a383,c53bd1ac-9813-1e59-c4bb-12264e1c47d7,Linux Server Monitoring Scripts,"Bash scripts to monitor CPU, memory and disk usage.","{""Linux""}",academic,2025,2026-09-19 18:23:00
71fca1d0-cf52-7cb5-64c1-5ed6df0fd2d0,e5fafaa9-33b5-cb68-6059-f8d9106fc253,Personal Portfolio Website,Responsive portfolio site built with React.,"{""React"",""JavaScript""}",academic,2024,2026-08-17 23:59:00
e51036fe-a0fb-58a8-abf2-d031befd8fe7,ecff1f17-2fe8-1dae-2db2-b1118b0f2649,Phishing Email Detector,Rule-based and ML approach to flag phishing emails.,"{""Python"",""Machine Learning""}",academic,2026,2026-08-05 14:10:00
2425a7ce-9dcb-7b28-9976-875ba4e4e5bb,6dc1eb13-56fc-b115-1627-b7b9563f393b,CI/CD Pipeline for Web App,"Automated build, test and deploy with GitHub Actions and Docker.","{""Docker"",""Git"",""Linux""}",academic,2026,2026-09-10 01:14:00
aaa90e31-2736-2677-4b13-0b6a8ef05e08,6dc1eb13-56fc-b115-1627-b7b9563f393b,CI/CD Pipeline for Web App,"Automated build, test and deploy with GitHub Actions and Docker.","{""Docker"",""Git"",""Linux""}",competition,2026,2026-09-10 01:14:00
a84572f5-65a2-ea25-38e4-3bf950827c4e,6dc1eb13-56fc-b115-1627-b7b9563f393b,Linux Server Monitoring Scripts,"Bash scripts to monitor CPU, memory and disk usage.","{""Linux""}",academic,2026,2026-09-10 01:14:00
335d2323-3e96-9abd-66c0-87f118dafcff,d1b3f6b1-6d73-4f93-16c6-8aada8bfb083,CTF Team Participation,Solved web and forensics challenges in a university CTF.,"{""Linux"",""Problem Solving"",""Teamwork""}",competition,2024,2026-07-09 00:01:00
2a53ca70-1637-2087-4ed4-0f6c3a7d2d30,83e9859f-1d6a-1c2a-2474-faaf89f1cc00,Plant Disease Image Classifier,CNN model to detect leaf diseases from photos.,"{""Deep Learning"",""Python""}",personal,2024,2026-09-18 04:02:00
a3df1639-c6dc-a0af-e6ce-a76dec117d68,83e9859f-1d6a-1c2a-2474-faaf89f1cc00,House Price Prediction,Trained regression models to predict Klang Valley property prices.,"{""Python"",""Machine Learning"",""Statistical Analysis""}",competition,2026,2026-09-18 04:02:00
de1657e2-a5b5-dc21-1129-4bfb6aaf3e33,af26365a-bc6a-e409-7a33-e6262ee4ab9d,Library Management System,Desktop system for book loans and returns with a relational database.,"{""Java"",""SQL""}",competition,2026,2026-07-18 10:48:00
915b3cd3-c044-d3f1-b1db-640924baf17e,18bd689c-1802-1fa0-42f3-707a23ca9cae,Food Delivery Backend,"Microservice backend for order handling, containerised with Docker.","{""Node.js"",""Docker"",""SQL""}",personal,2025,2026-08-26 22:53:00
f0a62a3e-a2fd-5c8f-f328-719b1d10949e,18bd689c-1802-1fa0-42f3-707a23ca9cae,Campus Event Booking API,REST API for booking campus events with authentication.,"{""Python"",""FastAPI"",""SQL"",""Git""}",personal,2025,2026-08-26 22:53:00
d8ffa063-ec4e-f44a-c528-ecf1d5fd0aee,e4b4a59d-5735-025f-b562-a92314b654c4,Phishing Email Detector,Rule-based and ML approach to flag phishing emails.,"{""Python"",""Machine Learning""}",personal,2024,2026-07-04 01:44:00
f8e1ef3b-e25e-c2a5-ad14-7e4118b626fe,e4b4a59d-5735-025f-b562-a92314b654c4,Club Management Web App,Web app for a student club to manage members and events.,"{""JavaScript"",""Flask"",""SQL"",""Teamwork""}",personal,2025,2026-07-04 01:44:00
31e989f6-f7a8-5263-921b-bb82973a37df,e4b4a59d-5735-025f-b562-a92314b654c4,Personal Portfolio Website,Responsive portfolio site built with React.,"{""React"",""JavaScript""}",academic,2026,2026-07-04 01:44:00
75b70b82-a103-9b5d-1cfb-0c3f45d88d95,c0a18525-4e50-0c39-64ab-0c196beb8c0f,Azure-hosted Student Portal,Deployed a web portal to Azure App Service with a managed database.,"{""Azure"",""Cloud Computing"",""SQL""}",competition,2026,2026-09-12 18:35:00
3e9ee127-9a61-2f5a-7a74-4baf9cd3f073,c0a18525-4e50-0c39-64ab-0c196beb8c0f,Student Performance Predictor,Predicted at-risk students from academic records.,"{""Machine Learning"",""Data Analysis"",""R""}",competition,2026,2026-09-12 18:35:00
c7a96087-4614-1175-895b-13de8734f09e,f63a5201-69ce-ba2d-da76-bedd89cdd093,Linux Server Monitoring Scripts,"Bash scripts to monitor CPU, memory and disk usage.","{""Linux""}",academic,2024,2026-08-31 11:34:00
4d17e35f-948f-e521-2427-b821362336a2,f63a5201-69ce-ba2d-da76-bedd89cdd093,Retail Inventory Report Automation,Automated weekly inventory reporting from a SQL database.,"{""SQL"",""Excel""}",personal,2024,2026-08-31 11:34:00
67281b74-7794-4be1-43b0-496a2eb77f0a,f63a5201-69ce-ba2d-da76-bedd89cdd093,"Foster, Sales Dashboard",Built an interactive dashboard to track monthly sales KPIs.,"{""Power BI"",""Excel"",""Data Visualisation""}",academic,2025,2026-08-31 11:34:00
