user_id,email,password_hash,role,full_name,is_active,created_at,updated_at
23b8c1e9-3924-56de-3eb1-3b9046685257,student0001@synthetic.seagas.test,$2b$10$fB2n9NJfT34TppJMWmoux.sg580c/5wC2JQ4r.uBaFaEa8/6HiA0O,student,Aryan Maharaj,True,2026-07-13 05:09:00,2026-07-13 05:09:00
c333e861-5fb8-d16c-2720-797d32ebd689,student0002@synthetic.seagas.test,$2b$10$fB2n9NJfT34TppJMWmoux.sg580c/5wC2JQ4r.uBaFaEa8/6HiA0O,student,Girik Kamdar,True,2026-07-02 05:26:00,2026-07-02 05:26:00
8e46d534-c88a-618e-fed4-057dbb026576,student0003@synthetic.seagas.test,$2b$10$fB2n9NJfT34TppJMWmoux.sg580c/5wC2JQ4r.uBaFaEa8/6HiA0O,student,Ong Jia Hui,True,2026-09-14 03:30:00,2026-09-14 03:30:00
dd56cc94-3c9a-d14c-ee0c-aeb5ecfedb99,student0004@synthetic.seagas.test,$2b$10$fB2n9NJfT34TppJMWmoux.sg580c/5wC2JQ4r.uBaFaEa8/6HiA0O,student,Soh Wei Jie,True,2026-07-23 20:20:00,2026-07-23 20:20:00
6a18ce4c-7496-2764-12a4-def0c4bbb7a9,student0005@synthetic.seagas.test,$2b$10$fB2n9NJfT34TppJMWmoux.sg580c/5wC2JQ4r.uBaFaEa8/6HiA0O,student,Irfan Zikri bin Hassan,True,2026-07-20 07:23:00,2026-07-20 07:23:00
473bd358-610e-6a64-e130-1617c2dff335,student0006@synthetic.seagas.test,$2b$10$fB2n9NJfT34TppJMWmoux.sg580c/5wC2JQ4r.uBaFaEa8/6HiA0O,student,Lee Ming Jun,True,2026-07-04 03:24:00,2026-07-04 03:24:00
4797b2c9-5720-7246-4223-623bcc3ebdde,student0007@synthetic.seagas.test,$2b$10$fB2n9NJfT34TppJMWmoux.sg580c/5wC2JQ4r.uBaFaEa8/6HiA0O,student,Tan Li Ying,True,2026-07-25 11:55:00,2026-07-25 11:55:00
49e2623d-ebd3-4616-91b7-8d8ed3016989,student0008@synthetic.seagas.test,$2b$10$fB2n9NJfT34TppJMWmoux.sg580c/5wC2JQ4r.uBaFaEa8/6HiA0O,student,Koh Xin Yi,True,2026-09-04 03:25:00,2026-09-04 03:25:00
eec259dc-7f95-897c-276a-a6ced50755d9,student0009@synthetic.seagas.test,$2b$10$fB2n9NJfT34TppJMWmoux.sg580c/5wC2JQ4r.uBaFaEa8/6HiA0O,student,Chin Ming Jun,True,2026-08-02 00:35:00,2026-08-02 00:35:00
c478f6f1-b88e-c318-c16d-83edad81f8bd,student0010@synthetic.seagas.test,$2b$10$fB2n9NJfT34TppJMWmoux.sg580c/5wC2JQ4r.uBaFaEa8/6HiA0O,student,Nur Aisyah binti Abdullah,True,2026-08-26 10:08:00,2026-08-26 10:08:00
d918b3e5-f2f2-5eef-1f45-dbfdf7dc67e0,student0011@synthetic.seagas.test,$2b$10$fB2n9NJfT34TppJMWmoux.sg580c/5wC2JQ4r.uBaFaEa8/6HiA0O,student,Foo Wei Jie,True,2026-07-07 20:23:00,2026-07-07 20:23:00
50032b35-1857-8baf-bac7-e2b96a7e4c36,student0012@synthetic.seagas.test,$2b$10$fB2n9NJfT34TppJMWmoux.sg580c/5wC2JQ4r.uBaFaEa8/6HiA0O,student,Wong Ming Jun,True,2026-07-09 12:06:00,2026-07-09 12:06:00
9364f3d0-5024-bdc6-dcb3-3df313eecdc6,student0013@synthetic.seagas.test,$2b$10$fB2n9NJfT34TppJMWmoux.sg580c/5wC2JQ4r.uBaFaEa8/6HiA0O,student,Irfan Zikri bin Ahmad,True,2026-08-11 14:51:00,2026-08-11 14:51:00
54170a17-caaa-5bbe-a4bb-f962606e0e1c,student0014@synthetic.seagas.test,$2b$10$fB2n9NJfT34TppJMWmoux.sg580c/5wC2JQ4r.uBaFaEa8/6HiA0O,student,Hannah Zulaikha binti Ismail,True,2026-08-25 02:21:00,2026-08-25 02:21:00
9bdf90f2-ba2c-0f19-f0b2-a5d18c7e6f42,student0015@synthetic.seagas.test,$2b$10$fB2n9NJfT34TppJMWmoux.sg580c/5wC2JQ4r.uBaFaEa8/6HiA0O,student,Chong Kai Wen,True,2026-07-07 17:08:00,2026-07-07 17:08:00
54f90429-a7de-02cc-dda4-f4a70c3ce284,student0016@synthetic.seagas.test,$2b$10$fB2n9NJfT34TppJMWmoux.sg580c/5wC2JQ4r.uBaFaEa8/6HiA0O,student,Koh Shu Ting,True,2026-08-19 20:34:00,2026-08-19 20:34:00
b34191b8-ed65-22b4-b5a5-f8e6b6391f04,student0017@synthetic.seagas.test,$2b$10$fB2n9NJfT34TppJMWmoux.sg580c/5wC2JQ4r.uBaFaEa8/6HiA0O,student,Ng Mei Ling,True,2026-07-18 17:04:00,2026-07-18 17:04:00
dd39d793-6257-a4a2-f204-be894a4b5563,student0018@synthetic.seagas.test,$2b$10$fB2n9NJfT34TppJMWmoux.sg580c/5wC2JQ4r.uBaFaEa8/6HiA0O,student,Xiti Gokhale,True,2026-07-21 20:10:00,2026-07-21 20:10:00
a4afe7bd-ae45-5cc6-b88e-830fde1e994a,student0019@synthetic.seagas.test,$2b$10$fB2n9NJfT34TppJMWmoux.sg580c/5wC2JQ4r.uBaFaEa8/6HiA0O,student,Teh Xin Yi,True,2026-09-10 19:11:00,2026-09-10 19:11:00
ca6fbff8-564c-fbd2-bc92-fd81039b058c,student0020@synthetic.seagas.test,$2b$10$fB2n9NJfT34TppJMWmoux.sg580c/5wC2JQ4r.uBaFaEa8/6HiA0O,student,Foo Pei Shan,True,2026-08-25 02:35:00,2026-08-25 02:35:00
aec76a82-148b-4376-602a-4e5760a399d4,student0021@synthetic.seagas.test,$2b$10$fB2n9NJfT34TppJMWmoux.sg580c/5wC2JQ4r.uBaFaEa8/6HiA0O,student,Low Kai Wen,True,2026-07-24 03:20:00,2026-07-24 03:20:00
39b02e2a-d96e-684f-3db0-174e7938878a,student0022@synthetic.seagas.test,$2b$10$fB2n9NJfT34TppJMWmoux.sg580c/5wC2JQ4r.uBaFaEa8/6HiA0O,student,Hannah Zulaikha binti Ibrahim,True,2026-08-24 04:01:00,2026-08-24 04:01:00
e3ad64d4-eab9-eb02-2f1d-c1217d024c6d,student0023@synthetic.seagas.test,$2b$10$fB2n9NJfT34TppJMWmoux.sg580c/5wC2JQ4r.uBaFaEa8/6HiA0O,student,Lim Zi Xuan,True,2026-07-07 09:13:00,2026-07-07 09:13:00
a255e1bb-0795-8c1f-538d-6b8cc607b1e9,student0024@synthetic.seagas.test,$2b$10$fB2n9NJfT34TppJMWmoux.sg580c/5wC2JQ4r.uBaFaEa8/6HiA0O,student,Low Jing Wen,True,2026-08-18 23:44:00,2026-08-18 23:44:00
b113d50b-dea0-50c6-eb9e-d274ec6a37ad,student0025@synthetic.seagas.test,$2b$10$fB2n9NJfT34TppJMWmoux.sg580c/5wC2JQ4r.uBaFaEa8/6HiA0O,student,Adrienne Zimmerman,True,2026-09-08 05:16:00,2026-09-08 05:16:00
1e2c2e7d-502c-f0ee-224a-66a6ac0f6801,student0026@synthetic.seagas.test,$2b$10$fB2n9NJfT34TppJMWmoux.sg580c/5wC2JQ4r.uBaFaEa8/6HiA0O,student,Wong Li Ying,True,2026-08-19 23:16:00,2026-08-19 23:16:00
47f53019-8843-8de2-59cf-0b0d91f0647d,student0027@synthetic.seagas.test,$2b$10$fB2n9NJfT34TppJMWmoux.sg580c/5wC2JQ4r.uBaFaEa8/6HiA0O,student,Laura Sanchez,True,2026-08-07 18:52:00,2026-08-07 18:52:00
216e9fe5-93f3-7596-8c1c-8b0556771f36,student0028@synthetic.seagas.test,$2b$10$fB2n9NJfT34TppJMWmoux.sg580c/5wC2JQ4r.uBaFaEa8/6HiA0O,student,Lim Jia Hui,True,2026-07-14 06:22:00,2026-07-14 06:22:00
c76a8e0f-48f0-91f0-9b8b-38aeb89f3a92,student0029@synthetic.seagas.test,$2b$10$fB2n9NJfT34TppJMWmoux.sg580c/5wC2JQ4r.uBaFaEa8/6HiA0O,student,Aina Sofea binti Kamarudin,True,2026-09-17 02:23:00,2026-09-17 02:23:00
207e863f-5f32-d5d8-2abe-1585425e0259,student0030@synthetic.seagas.test,$2b$10$fB2n9NJfT34TppJMWmoux.sg580c/5wC2JQ4r.uBaFaEa8/6HiA0O,student,Muhammad Aiman bin Yusof,True,2026-08-24 18:17:00,2026-08-24 18:17:00
c2aef674-8beb-4e78-e683-73a3bb82b796,student0031@synthetic.seagas.test,$2b$10$fB2n9NJfT34TppJMWmoux.sg580c/5wC2JQ4r.uBaFaEa8/6HiA0O,student,Guneet Bhat,True,2026-07-04 16:57:00,2026-07-04 16:57:00
fd9cfbb0-d1f1-6485-429a-4a7c4c80d33a,student0032@synthetic.seagas.test,$2b$10$fB2n9NJfT34TppJMWmoux.sg580c/5wC2JQ4r.uBaFaEa8/6HiA0O,student,Yuvraj Handa,True,2026-09-11 03:46:00,2026-09-11 03:46:00
7a5d7c82-86c5-547c-051a-00393803dcee,student0033@synthetic.seagas.test,$2b$10$fB2n9NJfT34TppJMWmoux.sg580c/5wC2JQ4r.uBaFaEa8/6HiA0O,student,Wong Hui Min,True,2026-07-23 20:02:00,2026-07-23 20:02:00
17d5b563-fa60-ede1-e5eb-772df11c0ac5,student0034@synthetic.seagas.test,$2b$10$fB2n9NJfT34TppJMWmoux.sg580c/5wC2JQ4r.uBaFaEa8/6HiA0O,student,Niharika Sunder,True,2026-07-04 23:43:00,2026-07-04 23:43:00
e5a3d8e9-44c1-f1b5-ebbb-d76379a7e63b,student0035@synthetic.seagas.test,$2b$10$fB2n9NJfT34TppJMWmoux.sg580c/5wC2JQ4r.uBaFaEa8/6HiA0O,student,Syafiq Rahman bin Ismail,True,2026-07-30 13:35:00,2026-07-30 13:35:00
95410a9d-090a-aa93-bc9a-79986365fc2a,student0036@synthetic.seagas.test,$2b$10$fB2n9NJfT34TppJMWmoux.sg580c/5wC2JQ4r.uBaFaEa8/6HiA0O,student,Teh Jing Wen,True,2026-08-31 07:55:00,2026-08-31 07:55:00
57bd56c9-2240-063b-fed7-47beafd0d2f7,student0037@synthetic.seagas.test,$2b$10$fB2n9NJfT34TppJMWmoux.sg580c/5wC2JQ4r.uBaFaEa8/6HiA0O,student,Irfan Zikri bin Ahmad,True,2026-07-30 16:39:00,2026-07-30 16:39:00
613758c3-9c7f-aca6-2e67-1784702b7014,student0038@synthetic.seagas.test,$2b$10$fB2n9NJfT34TppJMWmoux.sg580c/5wC2JQ4r.uBaFaEa8/6HiA0O,student,Dakshesh Trivedi,True,2026-07-18 01:29:00,2026-07-18 01:29:00
1b37ef19-b3bc-912f-5fb7-474e85a0d089,student0039@synthetic.seagas.test,$2b$10$fB2n9NJfT34TppJMWmoux.sg580c/5wC2JQ4r.uBaFaEa8/6HiA0O,student,Soh Kai Wen,True,2026-08-03 05:51:00,2026-08-03 05:51:00
4932936e-88ad-dab1-d765-4a18e4d466eb,student0040@synthetic.seagas.test,$2b$10$fB2n9NJfT34TppJMWmoux.sg580c/5wC2JQ4r.uBaFaEa8/6HiA0O,student,Ng Wei Jie,True,2026-08-18 13:57:00,2026-08-18 13:57:00
b9567731-8a4c-fe1f-41af-eb2a62c8c3f4,student0041@synthetic.seagas.test,$2b$10$fB2n9NJfT34TppJMWmoux.sg580c/5wC2JQ4r.uBaFaEa8/6HiA0O,student,Luqman Hakim bin Zainal,True,2026-09-01 10:29:00,2026-09-01 10:29:00
ea06f94b-e310-ff72-ad62-d0944c4d6e40,student0042@synthetic.seagas.test,$2b$10$fB2n9NJfT34TppJMWmoux.sg580c/5wC2JQ4r.uBaFaEa8/6HiA0O,student,Nur Aisyah binti Kamarudin,True,2026-09-10 13:49:00,2026-09-10 13:49:00
db6f1c33-bbb4-c0ce-96f0-1335c5ab48da,student0043@synthetic.seagas.test,$2b$10$fB2n9NJfT34TppJMWmoux.sg580c/5wC2JQ4r.uBaFaEa8/6HiA0O,student,Koh Yong Sheng,True,2026-09-03 09:21:00,2026-09-03 09:21:00
cd638ba8-f03c-664b-3abf-9c656dd013f3,student0044@synthetic.seagas.test,$2b$10$fB2n9NJfT34TppJMWmoux.sg580c/5wC2JQ4r.uBaFaEa8/6HiA0O,student,Khoo Kai Wen,True,2026-08-24 13:34:00,2026-08-24 13:34:00
02bdeabe-7060-78eb-7e8e-ed12a3ea21a2,student0045@synthetic.seagas.test,$2b$10$fB2n9NJfT34TppJMWmoux.sg580c/5wC2JQ4r.uBaFaEa8/6HiA0O,student,Muhammad Aiman bin Osman,True,2026-09-05 02:36:00,2026-09-05 02:36:00
37f3f32b-5a81-762a-5059-f77b79ff89d9,student0046@synthetic.seagas.test,$2b$10$fB2n9NJfT34TppJMWmoux.sg580c/5wC2JQ4r.uBaFaEa8/6HiA0O,student,Chandani Chawla,True,2026-07-26 02:01:00,2026-07-26 02:01:00
f58ab7c7-cccf-4130-2556-03d4323132fa,student0047@synthetic.seagas.test,$2b$10$fB2n9NJfT34TppJMWmoux.sg580c/5wC2JQ4r.uBaFaEa8/6HiA0O,student,Soh Ming Jun,True,2026-07-19 06:31:00,2026-07-19 06:31:00
65a4c79b-2aba-a4f9-35e8-0364147f1f67,student0048@synthetic.seagas.test,$2b$10$fB2n9NJfT34TppJMWmoux.sg580c/5wC2JQ4r.uBaFaEa8/6HiA0O,student,Aishani D’Alia,True,2026-09-09 10:50:00,2026-09-09 10:50:00
44e9f8fb-4838-a888-1a2e-9864f8eaca36,student0049@synthetic.seagas.test,$2b$10$fB2n9NJfT34TppJMWmoux.sg580c/5wC2JQ4r.uBaFaEa8/6HiA0O,student,Lee Yi Ting,True,2026-07-03 01:50:00,2026-07-03 01:50:00
d5cf3b4c-0b34-fc84-1111-ee29a8ad1539,student0050@synthetic.seagas.test,$2b$10$fB2n9NJfT34TppJMWmoux.sg580c/5wC2JQ4r.uBaFaEa8/6HiA0O,student,Ng Ming Jun,True,2026-07-25 12:22:00,2026-07-25 12:22:00
7cffae92-2c43-5667-7b87-4b4acafbc4fe,student0051@synthetic.seagas.test,$2b$10$fB2n9NJfT34TppJMWmoux.sg580c/5wC2JQ4r.uBaFaEa8/6HiA0O,student,Syazwani Ain binti Abdullah,True,2026-07-06 04:40:00,2026-07-06 04:40:00
c017466e-85f4-c0a2-8be2-7516342c5348,student0052@synthetic.seagas.test,$2b$10$fB2n9NJfT34TppJMWmoux.sg580c/5wC2JQ4r.uBaFaEa8/6HiA0O,student,Muhammad Aiman bin Ibrahim,True,2026-09-14 07:38:00,2026-09-14 07:38:00
44511ba0-9df0-34d3-9caa-d37cfc6795e2,student0053@synthetic.seagas.test,$2b$10$fB2n9NJfT34TppJMWmoux.sg580c/5wC2JQ4r.uBaFaEa8/6HiA0O,student,Muhammad Aiman bin Yusof,True,2026-07-12 08:29:00,2026-07-12 08:29:00
a73d2746-0e18-ab96-25f4-1dd62f51ac6e,student0054@synthetic.seagas.test,$2b$10$fB2n9NJfT34TppJMWmoux.sg580c/5wC2JQ4r.uBaFaEa8/6HiA0O,student,Khoo En Qi,True,2026-08-08 20:18:00,2026-08-08 20:18:00
0992b886-c8f2-16c1-5fcc-997d1cbb304b,student0055@synthetic.seagas.test,$2b$10$fB2n9NJfT34TppJMWmoux.sg580c/5wC2JQ4r.uBaFaEa8/6HiA0O,student,Tan Ming Jun,True,2026-09-03 14:15:00,2026-09-03 14:15:00
4f75d45a-74a1-2a0d-18e6-3a5577e0ee02,student0056@synthetic.seagas.test,$2b$10$fB2n9NJfT34TppJMWmoux.sg580c/5wC2JQ4r.uBaFaEa8/6HiA0O,student,Teh Chee Keong,True,2026-07-20 06:03:00,2026-07-20 06:03:00
34a63e76-3217-3525-7279-101c93f3503d,student0057@synthetic.seagas.test,$2b$10$fB2n9NJfT34TppJMWmoux.sg580c/5wC2JQ4r.uBaFaEa8/6HiA0O,student,Farah Nabila binti Ibrahim,True,2026-08-14 12:02:00,2026-08-14 12:02:00
245fd841-147f-0413-b0c4-6ddcf63471f8,student0058@synthetic.seagas.test,$2b$10$fB2n9NJfT34TppJMWmoux.sg580c/5wC2JQ4r.uBaFaEa8/6HiA0O,student,Udant Bajwa,True,2026-08-06 00:52:00,2026-08-06 00:52:00
bfc46c0e-acdf-e0ff-c5ed-3982760b3673,student0059@synthetic.seagas.test,$2b$10$fB2n9NJfT34TppJMWmoux.sg580c/5wC2JQ4r.uBaFaEa8/6HiA0O,student,Nurul Izzah binti Yusof,True,2026-09-09 09:21:00,2026-09-09 09:21:00
ff12fe28-b840-d136-067e-4b72316e8645,student0060@synthetic.seagas.test,$2b$10$fB2n9NJfT34TppJMWmoux.sg580c/5wC2JQ4r.uBaFaEa8/6HiA0O,student,Yeoh Wen Hao,True,2026-09-03 03:13:00,2026-09-03 03:13:00
5372ebed-946b-4482-97bb-9fbf71dfc82c,student0061@synthetic.seagas.test,$2b$10$fB2n9NJfT34TppJMWmoux.sg580c/5wC2JQ4r.uBaFaEa8/6HiA0O,student,Aachal Basu,True,2026-07-30 12:45:00,2026-07-30 12:45:00
5860c4f4-5f70-b951-1038-f6760df1172a,student0062@synthetic.seagas.test,$2b$10$fB2n9NJfT34TppJMWmoux.sg580c/5wC2JQ4r.uBaFaEa8/6HiA0O,student,Luqman Hakim bin Kamarudin,True,2026-08-08 00:25:00,2026-08-08 00:25:00
9e15ebcc-66d1-37f6-0659-010a4ede79b6,student0063@synthetic.seagas.test,$2b$10$fB2n9NJfT34TppJMWmoux.sg580c/5wC2JQ4r.uBaFaEa8/6HiA0O,student,Lim En Qi,True,2026-07-26 04:54:00,2026-07-26 04:54:00
5c75352c-45cd-b96b-0d8a-16f329ce9bfa,student0064@synthetic.seagas.test,$2b$10$fB2n9NJfT34TppJMWmoux.sg580c/5wC2JQ4r.uBaFaEa8/6HiA0O,student,Chong Wen Hao,True,2026-09-07 06:48:00,2026-09-07 06:48:00
1a0a7680-fa42-156e-972e-c23eb1edf3d3,student0065@synthetic.seagas.test,$2b$10$fB2n9NJfT34TppJMWmoux.sg580c/5wC2JQ4r.uBaFaEa8/6HiA0O,student,Low Mei Ling,True,2026-08-13 15:50:00,2026-08-13 15:50:00
a5e8c198-3c10-316d-3f63-a0653e85c8c4,student0066@synthetic.seagas.test,$2b$10$fB2n9NJfT34TppJMWmoux.sg580c/5wC2JQ4r.uBaFaEa8/6HiA0O,student,Siti Nurhaliza binti Yusof,True,2026-07-22 09:40:00,2026-07-22 09:40:00
f17312f4-659a-e9f2-171e-5028e2be80e1,student0067@synthetic.seagas.test,$2b$10$fB2n9NJfT34TppJMWmoux.sg580c/5wC2JQ4r.uBaFaEa8/6HiA0O,student,Khoo Li Ying,True,2026-07-17 02:48:00,2026-07-17 02:48:00
214dc588-c35e-a18a-a630-b287d4a39a51,student0068@synthetic.seagas.test,$2b$10$fB2n9NJfT34TppJMWmoux.sg580c/5wC2JQ4r.uBaFaEa8/6HiA0O,student,Syafiq Rahman bin Rahman,True,2026-08-03 14:55:00,2026-08-03 14:55:00
98e1d54c-bc71-5183-6c5c-cba7b55d2fc1,student0069@synthetic.seagas.test,$2b$10$fB2n9NJfT34TppJMWmoux.sg580c/5wC2JQ4r.uBaFaEa8/6HiA0O,student,Yap Chee Keong,True,2026-08-30 21:05:00,2026-08-30 21:05:00
67037089-c78c-d2c3-6374-ed1429b67b14,student0070@synthetic.seagas.test,$2b$10$fB2n9NJfT34TppJMWmoux.sg580c/5wC2JQ4r.uBaFaEa8/6HiA0O,student,Syafiq Rahman bin Ibrahim,True,2026-08-10 08:22:00,2026-08-10 08:22:00
88ccddbc-6f0d-7229-1b38-7c72ac648459,student0071@synthetic.seagas.test,$2b$10$fB2n9NJfT34TppJMWmoux.sg580c/5wC2JQ4r.uBaFaEa8/6HiA0O,student,Chin Shu Ting,True,2026-08-22 07:27:00,2026-08-22 07:27:00
5bd972c7-04a4-34e7-ffcf-956e0c0b6cd1,student0072@synthetic.seagas.test,$2b$10$fB2n9NJfT34TppJMWmoux.sg580c/5wC2JQ4r.uBaFaEa8/6HiA0O,student,Liew Jia Hui,True,2026-07-09 20:31:00,2026-07-09 20:31:00
71305648-a6eb-e702-9e41-8884c9d0c0fc,student0073@synthetic.seagas.test,$2b$10$fB2n9NJfT34TppJMWmoux.sg580c/5wC2JQ4r.uBaFaEa8/6HiA0O,student,Amirul Hakim bin Abdullah,True,2026-07-11 10:15:00,2026-07-11 10:15:00
ebf45b9d-5e8c-8bbf-8f1c-5f8cf1ae8af9,student0074@synthetic.seagas.test,$2b$10$fB2n9NJfT34TppJMWmoux.sg580c/5wC2JQ4r.uBaFaEa8/6HiA0O,student,Ng Yong Sheng,True,2026-09-12 18:53:00,2026-09-12 18:53:00
513ff9a9-8724-91ca-dc11-eb1306289878,student0075@synthetic.seagas.test,$2b$10$fB2n9NJfT34TppJMWmoux.sg580c/5wC2JQ4r.uBaFaEa8/6HiA0O,student,Cynthia Rogers,True,2026-09-08 14:44:00,2026-09-08 14:44:00
ae38cf46-47f8-6de4-c227-e0f205106943,student0076@synthetic.seagas.test,$2b$10$fB2n9NJfT34TppJMWmoux.sg580c/5wC2JQ4r.uBaFaEa8/6HiA0O,student,Foo Wen Hao,True,2026-07-29 16:59:00,2026-07-29 16:59:00
a3fb6609-334b-92a2-f9fc-9c3f32063388,student0077@synthetic.seagas.test,$2b$10$fB2n9NJfT34TppJMWmoux.sg580c/5wC2JQ4r.uBaFaEa8/6HiA0O,student,Chin Shu Ting,True,2026-09-16 08:38:00,2026-09-16 08:38:00
b734d467-7bb9-5b07-b1cb-62d0868592d2,student0078@synthetic.seagas.test,$2b$10$fB2n9NJfT34TppJMWmoux.sg580c/5wC2JQ4r.uBaFaEa8/6HiA0O,student,Syazwani Ain binti Ahmad,True,2026-07-27 16:29:00,2026-07-27 16:29:00
1ab444a7-2be2-6bd1-17de-ace84dfd3ecd,student0079@synthetic.seagas.test,$2b$10$fB2n9NJfT34TppJMWmoux.sg580c/5wC2JQ4r.uBaFaEa8/6HiA0O,student,Nur Aisyah binti Rahman,True,2026-07-26 11:22:00,2026-07-26 11:22:00
d2077bc4-7885-8b6d-23e7-cd20700ea842,student0080@synthetic.seagas.test,$2b$10$fB2n9NJfT34TppJMWmoux.sg580c/5wC2JQ4r.uBaFaEa8/6HiA0O,student,Nurul Izzah binti Abdullah,True,2026-07-17 03:14:00,2026-07-17 03:14:00
c976ec61-a4c3-1af7-514a-36bf47334b73,student0081@synthetic.seagas.test,$2b$10$fB2n9NJfT34TppJMWmoux.sg580c/5wC2JQ4r.uBaFaEa8/6HiA0O,student,Jamie Walton,True,2026-08-06 09:48:00,2026-08-06 09:48:00
ebe55cc4-08d5-7cf7-7a4c-38ef3e0ad66d,student0082@synthetic.seagas.test,$2b$10$fB2n9NJfT34TppJMWmoux.sg580c/5wC2JQ4r.uBaFaEa8/6HiA0O,student,Nurul Izzah binti Abdullah,True,2026-09-17 00:32:00,2026-09-17 00:32:00
b9a807ba-66dc-e997-b2c4-54a4dedbcef9,student0083@synthetic.seagas.test,$2b$10$fB2n9NJfT34TppJMWmoux.sg580c/5wC2JQ4r.uBaFaEa8/6HiA0O,student,Ng Li Ying,True,2026-08-06 08:52:00,2026-08-06 08:52:00
35eabd3e-b77d-ff3a-d3f0-405827177e59,student0084@synthetic.seagas.test,$2b$10$fB2n9NJfT34TppJMWmoux.sg580c/5wC2JQ4r.uBaFaEa8/6HiA0O,student,Lim Jun Hao,True,2026-09-01 22:22:00,2026-09-01 22:22:00
f96277e5-5b07-8b11-1896-95870e6bbde0,student0085@synthetic.seagas.test,$2b$10$fB2n9NJfT34TppJMWmoux.sg580c/5wC2JQ4r.uBaFaEa8/6HiA0O,student,Liew Hui Min,True,2026-09-14 23:48:00,2026-09-14 23:48:00
ce8a5306-d243-8d1b-96bd-5e9f4e7a081e,student0086@synthetic.seagas.test,$2b$10$fB2n9NJfT34TppJMWmoux.sg580c/5wC2JQ4r.uBaFaEa8/6HiA0O,student,Hannah Zulaikha binti Abdullah,True,2026-09-16 12:22:00,2026-09-16 12:22:00
b8f16861-e3e3-e73b-5987-5c7d0151ccb0,student0087@synthetic.seagas.test,$2b$10$fB2n9NJfT34TppJMWmoux.sg580c/5wC2JQ4r.uBaFaEa8/6HiA0O,student,Chin Mei Ling,True,2026-07-12 03:03:00,2026-07-12 03:03:00
e525aeaf-51e1-1799-3f39-562d6b06e92f,student0088@synthetic.seagas.test,$2b$10$fB2n9NJfT34TppJMWmoux.sg580c/5wC2JQ4r.uBaFaEa8/6HiA0O,student,Yap Mei Ling,True,2026-08-07 01:06:00,2026-08-07 01:06:00
1dbe4a3c-88db-3692-35c0-c003d2cb03eb,student0089@synthetic.seagas.test,$2b$10$fB2n9NJfT34TppJMWmoux.sg580c/5wC2JQ4r.uBaFaEa8/6HiA0O,student,Ahmad Danial bin Kamarudin,True,2026-08-03 13:33:00,2026-08-03 13:33:00
6a5018b5-d623-c671-e2ee-d64b82f47196,student0090@synthetic.seagas.test,$2b$10$fB2n9NJfT34TppJMWmoux.sg580c/5wC2JQ4r.uBaFaEa8/6HiA0O,student,Soh Pei Shan,True,2026-07-19 21:03:00,2026-07-19 21:03:00
d96da200-d947-c72a-5c61-3985596ed71c,student0091@synthetic.seagas.test,$2b$10$fB2n9NJfT34TppJMWmoux.sg580c/5wC2JQ4r.uBaFaEa8/6HiA0O,student,Wong Jing Wen,True,2026-08-23 17:16:00,2026-08-23 17:16:00
96512240-0610-3d84-2672-a20cc66a5821,student0092@synthetic.seagas.test,$2b$10$fB2n9NJfT34TppJMWmoux.sg580c/5wC2JQ4r.uBaFaEa8/6HiA0O,student,Harini Mammen,True,2026-07-05 18:54:00,2026-07-05 18:54:00
6ee095d5-c4a9-d8ac-659e-2debec285a93,student0093@synthetic.seagas.test,$2b$10$fB2n9NJfT34TppJMWmoux.sg580c/5wC2JQ4r.uBaFaEa8/6HiA0O,student,Foo Ming Jun,True,2026-07-29 08:58:00,2026-07-29 08:58:00
5d21a235-d053-d7f4-5ec9-1fdc03add1a4,student0094@synthetic.seagas.test,$2b$10$fB2n9NJfT34TppJMWmoux.sg580c/5wC2JQ4r.uBaFaEa8/6HiA0O,student,Ng Ming Jun,True,2026-08-28 23:07:00,2026-08-28 23:07:00
c8c6a8b1-93b1-ee1d-a1a6-1f321e4dacd6,student0095@synthetic.seagas.test,$2b$10$fB2n9NJfT34TppJMWmoux.sg580c/5wC2JQ4r.uBaFaEa8/6HiA0O,student,Urvashi Wali,True,2026-09-09 14:25:00,2026-09-09 14:25:00
e61415dd-5251-d645-cb94-cf8d9145aa38,student0096@synthetic.seagas.test,$2b$10$fB2n9NJfT34TppJMWmoux.sg580c/5wC2JQ4r.uBaFaEa8/6HiA0O,student,Ong Li Ying,True,2026-07-28 12:30:00,2026-07-28 12:30:00
444a2a48-2fe1-2ed8-75fa-0ebee4e39c20,student0097@synthetic.seagas.test,$2b$10$fB2n9NJfT34TppJMWmoux.sg580c/5wC2JQ4r.uBaFaEa8/6HiA0O,student,Goh Kai Wen,True,2026-09-09 11:52:00,2026-09-09 11:52:00
93dc8eea-3e8e-e36a-07e9-5e6d7f71eef6,student0098@synthetic.seagas.test,$2b$10$fB2n9NJfT34TppJMWmoux.sg580c/5wC2JQ4r.uBaFaEa8/6HiA0O,student,Lee Mei Ling,True,2026-08-19 06:48:00,2026-08-19 06:48:00
e8273dee-9d7e-4eb7-23fd-6adec17fcf19,student0099@synthetic.seagas.test,$2b$10$fB2n9NJfT34TppJMWmoux.sg580c/5wC2JQ4r.uBaFaEa8/6HiA0O,student,Wong En Qi,True,2026-09-09 04:18:00,2026-09-09 04:18:00
a68213c7-a525-dcd0-08b9-b2e94d81c859,student0100@synthetic.seagas.test,$2b$10$fB2n9NJfT34TppJMWmoux.sg580c/5wC2JQ4r.uBaFaEa8/6HiA0O,student,Low Yi Ting,True,2026-08-30 00:38:00,2026-08-30 00:38:00
fc24a159-eada-2885-efda-70bf78920f72,student0101@synthetic.seagas.test,$2b$10$fB2n9NJfT34TppJMWmoux.sg580c/5wC2JQ4r.uBaFaEa8/6HiA0O,student,Goh Mei Ling,True,2026-08-12 11:01:00,2026-08-12 11:01:00
7429cf81-c3a2-15ff-a660-604f70b6052f,student0102@synthetic.seagas.test,$2b$10$fB2n9NJfT34TppJMWmoux.sg580c/5wC2JQ4r.uBaFaEa8/6HiA0O,student,Arif Imran bin Ibrahim,True,2026-08-08 11:53:00,2026-08-08 11:53:00
1cf98855-719d-b54f-81c6-af4013d5ac4f,student0103@synthetic.seagas.test,$2b$10$fB2n9NJfT34TppJMWmoux.sg580c/5wC2JQ4r.uBaFaEa8/6HiA0O,student,Low Zhi Hao,True,2026-07-11 06:54:00,2026-07-11 06:54:00
08b92ed4-de94-da10-205b-9db819dad534,student0104@synthetic.seagas.test,$2b$10$fB2n9NJfT34TppJMWmoux.sg580c/5wC2JQ4r.uBaFaEa8/6HiA0O,student,Lee Yi Ting,True,2026-09-05 03:04:00,2026-09-05 03:04:00
ab30f1b1-bb4c-5947-4748-b576fe3a4f96,student0105@synthetic.seagas.test,$2b$10$fB2n9NJfT34TppJMWmoux.sg580c/5wC2JQ4r.uBaFaEa8/6HiA0O,student,Teh Zi Xuan,True,2026-08-11 14:20:00,2026-08-11 14:20:00
b26c8876-58fa-e8c7-1d10-b6f6a91decb2,student0106@synthetic.seagas.test,$2b$10$fB2n9NJfT34TppJMWmoux.sg580c/5wC2JQ4r.uBaFaEa8/6HiA0O,student,Bishakha Bali,True,2026-09-02 05:30:00,2026-09-02 05:30:00
a7f2f07e-f821-947c-43a7-320c198493ce,student0107@synthetic.seagas.test,$2b$10$fB2n9NJfT34TppJMWmoux.sg580c/5wC2JQ4r.uBaFaEa8/6HiA0O,student,Teh Zhi Hao,True,2026-09-10 18:30:00,2026-09-10 18:30:00
fe4995a4-112a-0ef5-7872-420e267d46e7,student0108@synthetic.seagas.test,$2b$10$fB2n9NJfT34TppJMWmoux.sg580c/5wC2JQ4r.uBaFaEa8/6HiA0O,student,Ng Jing Wen,True,2026-08-28 20:17:00,2026-08-28 20:17:00
61e8baa5-30e4-541b-f07c-fca7ebacd8e1,student0109@synthetic.seagas.test,$2b$10$fB2n9NJfT34TppJMWmoux.sg580c/5wC2JQ4r.uBaFaEa8/6HiA0O,student,Andrea Martin,True,2026-07-27 00:05:00,2026-07-27 00:05:00
673659ef-aa1c-5dca-f0c7-915e03a0b96b,student0110@synthetic.seagas.test,$2b$10$fB2n9NJfT34TppJMWmoux.sg580c/5wC2JQ4r.uBaFaEa8/6HiA0O,student,Ong Li Ying,True,2026-07-19 18:06:00,2026-07-19 18:06:00
9639e2b7-779d-7db4-23ca-ef2f79a759de,student0111@synthetic.seagas.test,$2b$10$fB2n9NJfT34TppJMWmoux.sg580c/5wC2JQ4r.uBaFaEa8/6HiA0O,student,Alya Maisarah binti Ismail,True,2026-09-19 21:14:00,2026-09-19 21:14:00
c06e6481-9963-37aa-9c4e-166200684d9c,student0112@synthetic.seagas.test,$2b$10$fB2n9NJfT34TppJMWmoux.sg580c/5wC2JQ4r.uBaFaEa8/6HiA0O,student,Chin Mei Ling,True,2026-07-06 16:12:00,2026-07-06 16:12:00
6696dea0-6c2a-eb89-4d4e-f3fabfcff645,student0113@synthetic.seagas.test,$2b$10$fB2n9NJfT34TppJMWmoux.sg580c/5wC2JQ4r.uBaFaEa8/6HiA0O,student,Lee Zhi Hao,True,2026-07-15 15:32:00,2026-07-15 15:32:00
05fe16de-c3d3-1e5c-feee-71386a5731f7,student0114@synthetic.seagas.test,$2b$10$fB2n9NJfT34TppJMWmoux.sg580c/5wC2JQ4r.uBaFaEa8/6HiA0O,student,Nur Iman binti Kamarudin,True,2026-07-17 21:55:00,2026-07-17 21:55:00
08464aa4-bfa4-cfdd-01c3-1adc11e12ee9,student0115@synthetic.seagas.test,$2b$10$fB2n9NJfT34TppJMWmoux.sg580c/5wC2JQ4r.uBaFaEa8/6HiA0O,student,Chin Pei Shan,True,2026-07-10 23:14:00,2026-07-10 23:14:00
9bcfe969-473f-b005-266c-3392396c6135,student0116@synthetic.seagas.test,$2b$10$fB2n9NJfT34TppJMWmoux.sg580c/5wC2JQ4r.uBaFaEa8/6HiA0O,student,Syafiq Rahman bin Osman,True,2026-07-03 02:53:00,2026-07-03 02:53:00
10c88179-2dc5-8521-29c2-f1f97eebf539,student0117@synthetic.seagas.test,$2b$10$fB2n9NJfT34TppJMWmoux.sg580c/5wC2JQ4r.uBaFaEa8/6HiA0O,student,Tee Hui Min,True,2026-09-07 15:14:00,2026-09-07 15:14:00
fa286316-5315-6a23-12f0-ed7dbff49c48,student0118@synthetic.seagas.test,$2b$10$fB2n9NJfT34TppJMWmoux.sg580c/5wC2JQ4r.uBaFaEa8/6HiA0O,student,Wong Kok Leong,True,2026-08-09 04:35:00,2026-08-09 04:35:00
17c522e0-1fe9-048d-d083-08b097187943,student0119@synthetic.seagas.test,$2b$10$fB2n9NJfT34TppJMWmoux.sg580c/5wC2JQ4r.uBaFaEa8/6HiA0O,student,Nurul Izzah binti Hassan,True,2026-07-17 01:41:00,2026-07-17 01:41:00
f7feb735-1cc6-f0a0-10fa-b909fcfa1e61,student0120@synthetic.seagas.test,$2b$10$fB2n9NJfT34TppJMWmoux.sg580c/5wC2JQ4r.uBaFaEa8/6HiA0O,student,Wishi Sathe,True,2026-09-08 00:01:00,2026-09-08 00:01:00
ddf194d4-f75e-f2cf-153d-5754f086424a,student0121@synthetic.seagas.test,$2b$10$fB2n9NJfT34TppJMWmoux.sg580c/5wC2JQ4r.uBaFaEa8/6HiA0O,student,Hannah Zulaikha binti Hassan,True,2026-07-20 08:13:00,2026-07-20 08:13:00
b5b2e008-e051-6aaa-2b1f-eecd95c127e6,student0122@synthetic.seagas.test,$2b$10$fB2n9NJfT34TppJMWmoux.sg580c/5wC2JQ4r.uBaFaEa8/6HiA0O,student,Ahmad Danial bin Ismail,True,2026-09-17 05:26:00,2026-09-17 05:26:00
28c2783d-c138-a98b-5c88-da6ee551da7a,student0123@synthetic.seagas.test,$2b$10$fB2n9NJfT34TppJMWmoux.sg580c/5wC2JQ4r.uBaFaEa8/6HiA0O,student,Khoo Wen Hao,True,2026-09-04 08:54:00,2026-09-04 08:54:00
8dd7b77d-f9fb-722d-a51c-7d2ab3bfbdab,student0124@synthetic.seagas.test,$2b$10$fB2n9NJfT34TppJMWmoux.sg580c/5wC2JQ4r.uBaFaEa8/6HiA0O,student,Lim Shu Ting,True,2026-09-18 23:56:00,2026-09-18 23:56:00
e7b795f9-cccf-4d37-0714-4da94e674f72,student0125@synthetic.seagas.test,$2b$10$fB2n9NJfT34TppJMWmoux.sg580c/5wC2JQ4r.uBaFaEa8/6HiA0O,student,Chan Mei Ling,True,2026-09-19 02:00:00,2026-09-19 02:00:00
7d8f2305-1517-703e-6087-75a56f654201,student0126@synthetic.seagas.test,$2b$10$fB2n9NJfT34TppJMWmoux.sg580c/5wC2JQ4r.uBaFaEa8/6HiA0O,student,Farah Nabila binti Zainal,True,2026-08-07 08:20:00,2026-08-07 08:20:00
ca8b6e4c-e6f7-b3d4-28af-3b731d82e2a8,student0127@synthetic.seagas.test,$2b$10$fB2n9NJfT34TppJMWmoux.sg580c/5wC2JQ4r.uBaFaEa8/6HiA0O,student,Goh Pei Shan,True,2026-08-07 03:18:00,2026-08-07 03:18:00
f7a58f8d-f689-c4c2-2ca2-6887bb2168c4,student0128@synthetic.seagas.test,$2b$10$fB2n9NJfT34TppJMWmoux.sg580c/5wC2JQ4r.uBaFaEa8/6HiA0O,student,Tan Zhi Hao,True,2026-08-08 13:54:00,2026-08-08 13:54:00
54ddbff4-0d81-339d-de95-2d1ddcbc5e3f,student0129@synthetic.seagas.test,$2b$10$fB2n9NJfT34TppJMWmoux.sg580c/5wC2JQ4r.uBaFaEa8/6HiA0O,student,Vrishti Dixit,True,2026-07-26 14:08:00,2026-07-26 14:08:00
00fbbb90-1772-2cf0-f38e-6bc3b7df852c,student0130@synthetic.seagas.test,$2b$10$fB2n9NJfT34TppJMWmoux.sg580c/5wC2JQ4r.uBaFaEa8/6HiA0O,student,Lee Pei Shan,True,2026-08-12 06:20:00,2026-08-12 06:20:00
3a4d1f57-4715-5ad3-8ca0-cd2ada9398e6,student0131@synthetic.seagas.test,$2b$10$fB2n9NJfT34TppJMWmoux.sg580c/5wC2JQ4r.uBaFaEa8/6HiA0O,student,Soh Jun Hao,True,2026-09-02 07:43:00,2026-09-02 07:43:00
c71b3b67-d907-a314-5d20-d8de24a11c7f,student0132@synthetic.seagas.test,$2b$10$fB2n9NJfT34TppJMWmoux.sg580c/5wC2JQ4r.uBaFaEa8/6HiA0O,student,Arif Imran bin Zainal,True,2026-09-10 13:59:00,2026-09-10 13:59:00
0d6f885a-0633-9f7f-8ec4-6aabaefb4b37,student0133@synthetic.seagas.test,$2b$10$fB2n9NJfT34TppJMWmoux.sg580c/5wC2JQ4r.uBaFaEa8/6HiA0O,student,Lim Chee Keong,True,2026-07-30 14:12:00,2026-07-30 14:12:00
6f72bca4-db64-3c30-d5dc-4812902ea8c3,student0134@synthetic.seagas.test,$2b$10$fB2n9NJfT34TppJMWmoux.sg580c/5wC2JQ4r.uBaFaEa8/6HiA0O,student,Nur Aisyah binti Abdullah,True,2026-08-16 12:01:00,2026-08-16 12:01:00
addaa3b6-0ab8-4fe2-97e4-e1739d63bda6,student0135@synthetic.seagas.test,$2b$10$fB2n9NJfT34TppJMWmoux.sg580c/5wC2JQ4r.uBaFaEa8/6HiA0O,student,Tan Xin Yi,True,2026-08-30 22:05:00,2026-08-30 22:05:00
4d620050-0b3b-5efa-6070-b244c5c01d05,student0136@synthetic.seagas.test,$2b$10$fB2n9NJfT34TppJMWmoux.sg580c/5wC2JQ4r.uBaFaEa8/6HiA0O,student,Aina Sofea binti Zainal,True,2026-07-15 12:27:00,2026-07-15 12:27:00
a0850656-a226-46f5-8d93-8a78634aa1a4,student0137@synthetic.seagas.test,$2b$10$fB2n9NJfT34TppJMWmoux.sg580c/5wC2JQ4r.uBaFaEa8/6HiA0O,student,Wong Li Ying,True,2026-07-19 11:19:00,2026-07-19 11:19:00
23c52c31-1e93-eed6-502a-12a5630ae016,student0138@synthetic.seagas.test,$2b$10$fB2n9NJfT34TppJMWmoux.sg580c/5wC2JQ4r.uBaFaEa8/6HiA0O,student,Ahmad Danial bin Abdullah,True,2026-07-15 03:43:00,2026-07-15 03:43:00
094a8492-d88d-11dd-321a-3244cf6579ec,student0139@synthetic.seagas.test,$2b$10$fB2n9NJfT34TppJMWmoux.sg580c/5wC2JQ4r.uBaFaEa8/6HiA0O,student,Muhammad Hafiz bin Ismail,True,2026-09-18 08:44:00,2026-09-18 08:44:00
5fa5c8d5-4cad-3598-603d-e16161f041d0,student0140@synthetic.seagas.test,$2b$10$fB2n9NJfT34TppJMWmoux.sg580c/5wC2JQ4r.uBaFaEa8/6HiA0O,student,Muhammad Hafiz bin Zainal,True,2026-09-14 13:46:00,2026-09-14 13:46:00
cd1d036e-0d08-da99-5e33-1ed848f0fcb2,student0141@synthetic.seagas.test,$2b$10$fB2n9NJfT34TppJMWmoux.sg580c/5wC2JQ4r.uBaFaEa8/6HiA0O,student,Chin Zhi Hao,True,2026-09-04 10:14:00,2026-09-04 10:14:00
5ed13afe-f006-296b-5572-fd4107d51b96,student0142@synthetic.seagas.test,$2b$10$fB2n9NJfT34TppJMWmoux.sg580c/5wC2JQ4r.uBaFaEa8/6HiA0O,student,Ethan Sathe,True,2026-09-01 22:31:00,2026-09-01 22:31:00
0c858251-10e9-00ff-5857-8862310565b6,student0143@synthetic.seagas.test,$2b$10$fB2n9NJfT34TppJMWmoux.sg580c/5wC2JQ4r.uBaFaEa8/6HiA0O,student,Chan Ming Jun,True,2026-08-30 07:28:00,2026-08-30 07:28:00
10e436c9-3d53-3dee-f41e-2e7c00da1e3f,student0144@synthetic.seagas.test,$2b$10$fB2n9NJfT34TppJMWmoux.sg580c/5wC2JQ4r.uBaFaEa8/6HiA0O,student,Anvi Anand,True,2026-07-23 12:52:00,2026-07-23 12:52:00
aa31e22b-4cda-3e1c-f065-7d730e0ec75e,student0145@synthetic.seagas.test,$2b$10$fB2n9NJfT34TppJMWmoux.sg580c/5wC2JQ4r.uBaFaEa8/6HiA0O,student,Koh Yi Ting,True,2026-08-05 20:36:00,2026-08-05 20:36:00
db2bfd4f-9dcb-65be-3fc0-796e44f4caeb,student0146@synthetic.seagas.test,$2b$10$fB2n9NJfT34TppJMWmoux.sg580c/5wC2JQ4r.uBaFaEa8/6HiA0O,student,Foo Ming Jun,True,2026-07-01 12:54:00,2026-07-01 12:54:00
91312064-101e-a7fb-0532-5a3e6759d978,student0147@synthetic.seagas.test,$2b$10$fB2n9NJfT34TppJMWmoux.sg580c/5wC2JQ4r.uBaFaEa8/6HiA0O,student,Dayamai Sastry,True,2026-08-02 17:20:00,2026-08-02 17:20:00
8971b1bb-992b-ba0e-ca85-7fe44014c0f8,student0148@synthetic.seagas.test,$2b$10$fB2n9NJfT34TppJMWmoux.sg580c/5wC2JQ4r.uBaFaEa8/6HiA0O,student,Chin Xin Yi,True,2026-09-08 14:42:00,2026-09-08 14:42:00
a64fcefb-e8ca-0bd2-6504-f7a97ab4d358,student0149@synthetic.seagas.test,$2b$10$fB2n9NJfT34TppJMWmoux.sg580c/5wC2JQ4r.uBaFaEa8/6HiA0O,student,Liew Jun Hao,True,2026-09-07 16:54:00,2026-09-07 16:54:00
0a148b9f-b6db-95fb-8d73-7aa20ab832ea,student0150@synthetic.seagas.test,$2b$10$fB2n9NJfT34TppJMWmoux.sg580c/5wC2JQ4r.uBaFaEa8/6HiA0O,student,Soh En Qi,True,2026-09-18 04:03:00,2026-09-18 04:03:00
0eb9daed-a39a-d4df-afd3-ec8b4a298783,student0151@synthetic.seagas.test,$2b$10$fB2n9NJfT34TppJMWmoux.sg580c/5wC2JQ4r.uBaFaEa8/6HiA0O,student,Ong Mei Ling,True,2026-08-15 15:37:00,2026-08-15 15:37:00
f0582911-0499-9aeb-d8b6-a5b0c7c22f1b,student0152@synthetic.seagas.test,$2b$10$fB2n9NJfT34TppJMWmoux.sg580c/5wC2JQ4r.uBaFaEa8/6HiA0O,student,Holly Gibbs,True,2026-09-05 15:56:00,2026-09-05 15:56:00
c5b56b89-0572-2bc5-4b5e-4a401a5a8977,student0153@synthetic.seagas.test,$2b$10$fB2n9NJfT34TppJMWmoux.sg580c/5wC2JQ4r.uBaFaEa8/6HiA0O,student,Aina Sofea binti Rahman,True,2026-07-25 12:41:00,2026-07-25 12:41:00
f830aa05-d2d4-dd05-55b8-23649ca4d06c,student0154@synthetic.seagas.test,$2b$10$fB2n9NJfT34TppJMWmoux.sg580c/5wC2JQ4r.uBaFaEa8/6HiA0O,student,Hritik Kaur,True,2026-08-19 03:00:00,2026-08-19 03:00:00
83eab8b5-d91b-8378-1d6f-affbe06bae1f,student0155@synthetic.seagas.test,$2b$10$fB2n9NJfT34TppJMWmoux.sg580c/5wC2JQ4r.uBaFaEa8/6HiA0O,student,Tan Hui Min,True,2026-07-31 04:32:00,2026-07-31 04:32:00
322c519f-7a44-167a-63f7-8edf72948c64,student0156@synthetic.seagas.test,$2b$10$fB2n9NJfT34TppJMWmoux.sg580c/5wC2JQ4r.uBaFaEa8/6HiA0O,student,Foo Shu Ting,True,2026-08-05 21:59:00,2026-08-05 21:59:00
c2f18bfc-8875-5363-2fc5-229853effcdf,student0157@synthetic.seagas.test,$2b$10$fB2n9NJfT34TppJMWmoux.sg580c/5wC2JQ4r.uBaFaEa8/6HiA0O,student,Yap Pei Shan,True,2026-07-23 04:38:00,2026-07-23 04:38:00
877a71fc-9d9f-beb3-6207-db6374e5e611,student0158@synthetic.seagas.test,$2b$10$fB2n9NJfT34TppJMWmoux.sg580c/5wC2JQ4r.uBaFaEa8/6HiA0O,student,Muhammad Aiman bin Osman,True,2026-07-18 01:18:00,2026-07-18 01:18:00
7d525a4e-432c-03e4-6a55-8ea53ea7d639,student0159@synthetic.seagas.test,$2b$10$fB2n9NJfT34TppJMWmoux.sg580c/5wC2JQ4r.uBaFaEa8/6HiA0O,student,Tan Jing Wen,True,2026-07-23 01:05:00,2026-07-23 01:05:00
0b62192a-e224-a224-09a3-e57e2c5b2eb0,student0160@synthetic.seagas.test,$2b$10$fB2n9NJfT34TppJMWmoux.sg580c/5wC2JQ4r.uBaFaEa8/6HiA0O,student,Balqis Humaira binti Kamarudin,True,2026-09-04 02:16:00,2026-09-04 02:16:00
2d17534a-4834-19b1-c8f5-d39ec3ad1a08,student0161@synthetic.seagas.test,$2b$10$fB2n9NJfT34TppJMWmoux.sg580c/5wC2JQ4r.uBaFaEa8/6HiA0O,student,Hannah Zulaikha binti Rahman,True,2026-08-13 09:17:00,2026-08-13 09:17:00
f1762fbd-c371-14e3-46b3-138a660d2992,student0162@synthetic.seagas.test,$2b$10$fB2n9NJfT34TppJMWmoux.sg580c/5wC2JQ4r.uBaFaEa8/6HiA0O,student,Yeoh Wei Jie,True,2026-09-05 12:19:00,2026-09-05 12:19:00
f78ffd83-b05a-b6bf-bca9-eeba35ffdd0c,student0163@synthetic.seagas.test,$2b$10$fB2n9NJfT34TppJMWmoux.sg580c/5wC2JQ4r.uBaFaEa8/6HiA0O,student,Khoo Kai Wen,True,2026-09-18 00:13:00,2026-09-18 00:13:00
d5c83c5d-4875-4ef8-a3c0-5d75b3b6feb4,student0164@synthetic.seagas.test,$2b$10$fB2n9NJfT34TppJMWmoux.sg580c/5wC2JQ4r.uBaFaEa8/6HiA0O,student,Goh En Qi,True,2026-08-24 09:52:00,2026-08-24 09:52:00
685a9a7c-b83f-34ca-79a0-d586369db2ef,student0165@synthetic.seagas.test,$2b$10$fB2n9NJfT34TppJMWmoux.sg580c/5wC2JQ4r.uBaFaEa8/6HiA0O,student,Sean Anderson,True,2026-07-06 17:41:00,2026-07-06 17:41:00
c917a68e-4623-0245-dd7c-b15aaeb25152,student0166@synthetic.seagas.test,$2b$10$fB2n9NJfT34TppJMWmoux.sg580c/5wC2JQ4r.uBaFaEa8/6HiA0O,student,Irfan Zikri bin Ahmad,True,2026-08-11 23:52:00,2026-08-11 23:52:00
96bc3f42-797e-6c89-1bbc-af4503d7f55b,student0167@synthetic.seagas.test,$2b$10$fB2n9NJfT34TppJMWmoux.sg580c/5wC2JQ4r.uBaFaEa8/6HiA0O,student,Nurul Izzah binti Hassan,True,2026-07-11 14:54:00,2026-07-11 14:54:00
1138b544-d8c7-8cbe-cd1b-30400f8f2932,student0168@synthetic.seagas.test,$2b$10$fB2n9NJfT34TppJMWmoux.sg580c/5wC2JQ4r.uBaFaEa8/6HiA0O,student,Lim Xin Yi,True,2026-08-13 06:41:00,2026-08-13 06:41:00
857ea116-29a8-f004-7314-6dae97a70f9d,student0169@synthetic.seagas.test,$2b$10$fB2n9NJfT34TppJMWmoux.sg580c/5wC2JQ4r.uBaFaEa8/6HiA0O,student,Ng Jing Wen,True,2026-09-02 10:01:00,2026-09-02 10:01:00
b43e9061-171d-a81d-b57e-526c1627999a,student0170@synthetic.seagas.test,$2b$10$fB2n9NJfT34TppJMWmoux.sg580c/5wC2JQ4r.uBaFaEa8/6HiA0O,student,Chong Wei Jie,True,2026-08-28 03:29:00,2026-08-28 03:29:00
16440645-f17a-0355-05b3-f11620629446,student0171@synthetic.seagas.test,$2b$10$fB2n9NJfT34TppJMWmoux.sg580c/5wC2JQ4r.uBaFaEa8/6HiA0O,student,Luqman Hakim bin Osman,True,2026-09-10 15:22:00,2026-09-10 15:22:00
ef180725-f10c-88c0-63b5-5bfb128e92ad,student0172@synthetic.seagas.test,$2b$10$fB2n9NJfT34TppJMWmoux.sg580c/5wC2JQ4r.uBaFaEa8/6HiA0O,student,Ahmad Danial bin Ahmad,True,2026-08-15 04:11:00,2026-08-15 04:11:00
c417fe56-78e3-3d35-f4e0-740f476e6a06,student0173@synthetic.seagas.test,$2b$10$fB2n9NJfT34TppJMWmoux.sg580c/5wC2JQ4r.uBaFaEa8/6HiA0O,student,Foo Li Ying,True,2026-07-20 01:11:00,2026-07-20 01:11:00
2d598b9d-b3e3-f68f-afce-09490dd1db5f,student0174@synthetic.seagas.test,$2b$10$fB2n9NJfT34TppJMWmoux.sg580c/5wC2JQ4r.uBaFaEa8/6HiA0O,student,Amirul Hakim bin Yusof,True,2026-08-05 08:50:00,2026-08-05 08:50:00
ae22c5bb-b1c3-6cb3-445d-c624803e82de,student0175@synthetic.seagas.test,$2b$10$fB2n9NJfT34TppJMWmoux.sg580c/5wC2JQ4r.uBaFaEa8/6HiA0O,student,Ong Kok Leong,True,2026-08-06 19:28:00,2026-08-06 19:28:00
5a8d9931-5ebb-3417-7523-8331243711ee,student0176@synthetic.seagas.test,$2b$10$fB2n9NJfT34TppJMWmoux.sg580c/5wC2JQ4r.uBaFaEa8/6HiA0O,student,Tee Wei Jie,True,2026-09-15 13:18:00,2026-09-15 13:18:00
fab8cd39-d6b3-e81a-ed37-0c84a011d446,student0177@synthetic.seagas.test,$2b$10$fB2n9NJfT34TppJMWmoux.sg580c/5wC2JQ4r.uBaFaEa8/6HiA0O,student,Goh Zi Xuan,True,2026-08-05 18:30:00,2026-08-05 18:30:00
f05ad4ec-33f9-6264-de5e-d279cd2c614b,student0178@synthetic.seagas.test,$2b$10$fB2n9NJfT34TppJMWmoux.sg580c/5wC2JQ4r.uBaFaEa8/6HiA0O,student,Low Pei Shan,True,2026-09-10 21:34:00,2026-09-10 21:34:00
fd4454db-f660-37cf-f737-b4aab85cc2c8,student0179@synthetic.seagas.test,$2b$10$fB2n9NJfT34TppJMWmoux.sg580c/5wC2JQ4r.uBaFaEa8/6HiA0O,student,Gerald Chavez,True,2026-08-17 07:45:00,2026-08-17 07:45:00
5f07fe07-f0a0-a77d-c959-dbb952b673d4,student0180@synthetic.seagas.test,$2b$10$fB2n9NJfT34TppJMWmoux.sg580c/5wC2JQ4r.uBaFaEa8/6HiA0O,student,Amirul Hakim bin Ahmad,True,2026-08-28 18:25:00,2026-08-28 18:25:00
52ec03ca-ae95-7e1c-667a-63706e12d255,student0181@synthetic.seagas.test,$2b$10$fB2n9NJfT34TppJMWmoux.sg580c/5wC2JQ4r.uBaFaEa8/6HiA0O,student,Goh Jia Hui,True,2026-07-07 06:28:00,2026-07-07 06:28:00
eb6db35f-2950-94bb-f3c8-e316244226d7,student0182@synthetic.seagas.test,$2b$10$fB2n9NJfT34TppJMWmoux.sg580c/5wC2JQ4r.uBaFaEa8/6HiA0O,student,Foo Wen Hao,True,2026-08-02 14:15:00,2026-08-02 14:15:00
9252a620-33a8-3451-f0d8-51ad12c33d13,student0183@synthetic.seagas.test,$2b$10$fB2n9NJfT34TppJMWmoux.sg580c/5wC2JQ4r.uBaFaEa8/6HiA0O,student,Kalpit Bhasin,True,2026-09-18 22:46:00,2026-09-18 22:46:00
6f438da3-a84f-3d75-69f8-76b9481d07d0,student0184@synthetic.seagas.test,$2b$10$fB2n9NJfT34TppJMWmoux.sg580c/5wC2JQ4r.uBaFaEa8/6HiA0O,student,Farah Nabila binti Hassan,True,2026-08-09 17:47:00,2026-08-09 17:47:00
8ac31e08-ef3e-9770-390a-e185128dfb82,student0185@synthetic.seagas.test,$2b$10$fB2n9NJfT34TppJMWmoux.sg580c/5wC2JQ4r.uBaFaEa8/6HiA0O,student,Chan Mei Ling,True,2026-08-22 14:22:00,2026-08-22 14:22:00
0ef92e30-5f90-94ca-e18e-763b0d57aef5,student0186@synthetic.seagas.test,$2b$10$fB2n9NJfT34TppJMWmoux.sg580c/5wC2JQ4r.uBaFaEa8/6HiA0O,student,Goh Jing Wen,True,2026-08-29 12:28:00,2026-08-29 12:28:00
27530c4a-9136-8ea8-5bd3-494be97c0337,student0187@synthetic.seagas.test,$2b$10$fB2n9NJfT34TppJMWmoux.sg580c/5wC2JQ4r.uBaFaEa8/6HiA0O,student,Yeoh Zi Xuan,True,2026-07-20 05:38:00,2026-07-20 05:38:00
9c9a9d7d-29c0-9a85-48c9-55720ba40fdb,student0188@synthetic.seagas.test,$2b$10$fB2n9NJfT34TppJMWmoux.sg580c/5wC2JQ4r.uBaFaEa8/6HiA0O,student,Paul Lewis,True,2026-08-07 01:34:00,2026-08-07 01:34:00
f3e205de-67f3-96b4-0510-9ebfb347fd7b,student0189@synthetic.seagas.test,$2b$10$fB2n9NJfT34TppJMWmoux.sg580c/5wC2JQ4r.uBaFaEa8/6HiA0O,student,Lim Zhi Hao,True,2026-09-19 21:38:00,2026-09-19 21:38:00
1344c2f6-469a-cda3-67d7-3e5748c31385,student0190@synthetic.seagas.test,$2b$10$fB2n9NJfT34TppJMWmoux.sg580c/5wC2JQ4r.uBaFaEa8/6HiA0O,student,Farah Nabila binti Ismail,True,2026-08-23 00:46:00,2026-08-23 00:46:00
e9faa206-7ad7-9ad5-c2dc-09c180ade83c,student0191@synthetic.seagas.test,$2b$10$fB2n9NJfT34TppJMWmoux.sg580c/5wC2JQ4r.uBaFaEa8/6HiA0O,student,Chin Jun Hao,True,2026-08-24 06:56:00,2026-08-24 06:56:00
bb4400f1-8baa-fca5-a47d-5fb6893bfecf,student0192@synthetic.seagas.test,$2b$10$fB2n9NJfT34TppJMWmoux.sg580c/5wC2JQ4r.uBaFaEa8/6HiA0O,student,Yap Jing Wen,True,2026-08-11 14:50:00,2026-08-11 14:50:00
cf1f5a98-97ad-6a67-299f-3047eefadcfa,student0193@synthetic.seagas.test,$2b$10$fB2n9NJfT34TppJMWmoux.sg580c/5wC2JQ4r.uBaFaEa8/6HiA0O,student,Bryan Jimenez,True,2026-07-29 16:09:00,2026-07-29 16:09:00
146ce130-89ec-de94-d594-2bb27ddf0270,student0194@synthetic.seagas.test,$2b$10$fB2n9NJfT34TppJMWmoux.sg580c/5wC2JQ4r.uBaFaEa8/6HiA0O,student,Nur Aisyah binti Osman,True,2026-09-13 06:30:00,2026-09-13 06:30:00
cc692137-3df3-59d6-5a6d-4596358017d6,student0195@synthetic.seagas.test,$2b$10$fB2n9NJfT34TppJMWmoux.sg580c/5wC2JQ4r.uBaFaEa8/6HiA0O,student,Nur Iman binti Ismail,True,2026-08-17 06:36:00,2026-08-17 06:36:00
54227d6d-c454-d1a5-d4d8-c52ed4c6c7db,student0196@synthetic.seagas.test,$2b$10$fB2n9NJfT34TppJMWmoux.sg580c/5wC2JQ4r.uBaFaEa8/6HiA0O,student,Chin Kai Wen,True,2026-08-28 18:04:00,2026-08-28 18:04:00
b6ef2c43-7b93-9d83-9f13-08200f3b35f9,student0197@synthetic.seagas.test,$2b$10$fB2n9NJfT34TppJMWmoux.sg580c/5wC2JQ4r.uBaFaEa8/6HiA0O,student,Faris Iskandar bin Kamarudin,True,2026-08-29 09:57:00,2026-08-29 09:57:00
05c95f58-9df5-4a21-6036-3d282e27c83f,student0198@synthetic.seagas.test,$2b$10$fB2n9NJfT34TppJMWmoux.sg580c/5wC2JQ4r.uBaFaEa8/6HiA0O,student,Ahmad Danial bin Hassan,True,2026-07-18 01:03:00,2026-07-18 01:03:00
0081a704-37c2-00e3-c2e8-a70035487cd7,student0199@synthetic.seagas.test,$2b$10$fB2n9NJfT34TppJMWmoux.sg580c/5wC2JQ4r.uBaFaEa8/6HiA0O,student,Teh Wen Hao,True,2026-08-22 00:28:00,2026-08-22 00:28:00
fee931f4-582d-45dc-38e6-a21bee38a9e9,student0200@synthetic.seagas.test,$2b$10$fB2n9NJfT34TppJMWmoux.sg580c/5wC2JQ4r.uBaFaEa8/6HiA0O,student,Foo Kai Wen,True,2026-09-10 13:45:00,2026-09-10 13:45:00
4d246ef6-fe50-e2da-7bbe-4efe90ccd1e5,student0201@synthetic.seagas.test,$2b$10$fB2n9NJfT34TppJMWmoux.sg580c/5wC2JQ4r.uBaFaEa8/6HiA0O,student,Goh Mei Ling,True,2026-08-09 10:49:00,2026-08-09 10:49:00
0bab99ee-6a39-90da-8e05-cadda6f8a5ac,student0202@synthetic.seagas.test,$2b$10$fB2n9NJfT34TppJMWmoux.sg580c/5wC2JQ4r.uBaFaEa8/6HiA0O,student,Muhammad Hafiz bin Yusof,True,2026-09-17 10:44:00,2026-09-17 10:44:00
7146a1c1-cd04-4f6c-6391-26040519ae36,student0203@synthetic.seagas.test,$2b$10$fB2n9NJfT34TppJMWmoux.sg580c/5wC2JQ4r.uBaFaEa8/6HiA0O,student,Ng Chee Keong,True,2026-09-12 21:26:00,2026-09-12 21:26:00
75eff2a9-06fe-3650-1a0c-00487108f569,student0204@synthetic.seagas.test,$2b$10$fB2n9NJfT34TppJMWmoux.sg580c/5wC2JQ4r.uBaFaEa8/6HiA0O,student,Low Pei Shan,True,2026-08-04 07:15:00,2026-08-04 07:15:00
d64f7187-44a9-12f7-49f8-a2921d306afa,student0205@synthetic.seagas.test,$2b$10$fB2n9NJfT34TppJMWmoux.sg580c/5wC2JQ4r.uBaFaEa8/6HiA0O,student,Low Jun Hao,True,2026-07-14 23:30:00,2026-07-14 23:30:00
7420431e-2bf0-f535-d2f5-c7bc54c4c8ba,student0206@synthetic.seagas.test,$2b$10$fB2n9NJfT34TppJMWmoux.sg580c/5wC2JQ4r.uBaFaEa8/6HiA0O,student,Ong Kok Leong,True,2026-09-01 18:02:00,2026-09-01 18:02:00
7b2ad1ba-1343-d7f9-32b5-e3d066c7f340,student0207@synthetic.seagas.test,$2b$10$fB2n9NJfT34TppJMWmoux.sg580c/5wC2JQ4r.uBaFaEa8/6HiA0O,student,Lee Wei Jie,True,2026-08-19 15:13:00,2026-08-19 15:13:00
d7607ffe-aa8b-73eb-3cde-05964cacdd3d,student0208@synthetic.seagas.test,$2b$10$fB2n9NJfT34TppJMWmoux.sg580c/5wC2JQ4r.uBaFaEa8/6HiA0O,student,Khoo Shu Ting,True,2026-07-18 17:54:00,2026-07-18 17:54:00
0d78343a-d6d2-1b30-d3f9-dab257ba9b4c,student0209@synthetic.seagas.test,$2b$10$fB2n9NJfT34TppJMWmoux.sg580c/5wC2JQ4r.uBaFaEa8/6HiA0O,student,Lee Ming Jun,True,2026-08-07 07:05:00,2026-08-07 07:05:00
1c7fbd64-ac5d-2bd1-3912-0821db7de40b,student0210@synthetic.seagas.test,$2b$10$fB2n9NJfT34TppJMWmoux.sg580c/5wC2JQ4r.uBaFaEa8/6HiA0O,student,Soh Kai Wen,True,2026-07-03 06:56:00,2026-07-03 06:56:00
47e75b71-0a9d-484c-915c-a65d8f359e6c,student0211@synthetic.seagas.test,$2b$10$fB2n9NJfT34TppJMWmoux.sg580c/5wC2JQ4r.uBaFaEa8/6HiA0O,student,Goh Zi Xuan,True,2026-07-02 09:06:00,2026-07-02 09:06:00
a5dd8a7f-432a-23a8-0f05-d46c7495d544,student0212@synthetic.seagas.test,$2b$10$fB2n9NJfT34TppJMWmoux.sg580c/5wC2JQ4r.uBaFaEa8/6HiA0O,student,Irfan Zikri bin Zainal,True,2026-07-04 22:53:00,2026-07-04 22:53:00
e7269390-c235-25c0-c16f-584add1b469d,student0213@synthetic.seagas.test,$2b$10$fB2n9NJfT34TppJMWmoux.sg580c/5wC2JQ4r.uBaFaEa8/6HiA0O,student,Arif Imran bin Rahman,True,2026-09-04 12:10:00,2026-09-04 12:10:00
0f0d6fae-b447-7f55-ed45-b4e7d0fd2034,student0214@synthetic.seagas.test,$2b$10$fB2n9NJfT34TppJMWmoux.sg580c/5wC2JQ4r.uBaFaEa8/6HiA0O,student,Faris Iskandar bin Hassan,True,2026-08-18 19:51:00,2026-08-18 19:51:00
76c82262-83c7-d3fb-8e54-912e665a6c4a,student0215@synthetic.seagas.test,$2b$10$fB2n9NJfT34TppJMWmoux.sg580c/5wC2JQ4r.uBaFaEa8/6HiA0O,student,Soh Wei Jie,True,2026-08-08 13:08:00,2026-08-08 13:08:00
2006b538-6692-e257-9ed5-3b35e7ded7f8,student0216@synthetic.seagas.test,$2b$10$fB2n9NJfT34TppJMWmoux.sg580c/5wC2JQ4r.uBaFaEa8/6HiA0O,student,Lindsey Hernandez,True,2026-09-08 10:09:00,2026-09-08 10:09:00
12c8acc2-d05e-9278-9ae2-7ece097b6a0a,student0217@synthetic.seagas.test,$2b$10$fB2n9NJfT34TppJMWmoux.sg580c/5wC2JQ4r.uBaFaEa8/6HiA0O,student,Low Jing Wen,True,2026-07-11 12:15:00,2026-07-11 12:15:00
17b854c9-9d79-6635-b304-c4db9977dcb1,student0218@synthetic.seagas.test,$2b$10$fB2n9NJfT34TppJMWmoux.sg580c/5wC2JQ4r.uBaFaEa8/6HiA0O,student,Farah Nabila binti Hassan,True,2026-07-11 12:08:00,2026-07-11 12:08:00
16757989-a41d-3b6e-e318-f2ba87e92ea5,student0219@synthetic.seagas.test,$2b$10$fB2n9NJfT34TppJMWmoux.sg580c/5wC2JQ4r.uBaFaEa8/6HiA0O,student,Syazwani Ain binti Ismail,True,2026-07-02 16:23:00,2026-07-02 16:23:00
636a76b6-5481-48d8-6dff-d94336fda98d,student0220@synthetic.seagas.test,$2b$10$fB2n9NJfT34TppJMWmoux.sg580c/5wC2JQ4r.uBaFaEa8/6HiA0O,student,Yap En Qi,True,2026-09-02 18:00:00,2026-09-02 18:00:00
48cae643-c9e1-d93f-64b2-6ea8d5141f05,student0221@synthetic.seagas.test,$2b$10$fB2n9NJfT34TppJMWmoux.sg580c/5wC2JQ4r.uBaFaEa8/6HiA0O,student,Soh Yi Ting,True,2026-07-18 01:49:00,2026-07-18 01:49:00
f0655f62-4ddf-1e98-ea58-faafb404d9a8,student0222@synthetic.seagas.test,$2b$10$fB2n9NJfT34TppJMWmoux.sg580c/5wC2JQ4r.uBaFaEa8/6HiA0O,student,Pratyush Gandhi,True,2026-07-21 20:38:00,2026-07-21 20:38:00
52994a47-6b2f-92d6-1955-35d301e58ea3,student0223@synthetic.seagas.test,$2b$10$fB2n9NJfT34TppJMWmoux.sg580c/5wC2JQ4r.uBaFaEa8/6HiA0O,student,Liew Zhi Hao,True,2026-08-05 20:16:00,2026-08-05 20:16:00
a6928bbf-25aa-e4ba-4530-13c6403fe009,student0224@synthetic.seagas.test,$2b$10$fB2n9NJfT34TppJMWmoux.sg580c/5wC2JQ4r.uBaFaEa8/6HiA0O,student,Alya Maisarah binti Kamarudin,True,2026-09-15 13:46:00,2026-09-15 13:46:00
8d5c45f9-e379-742a-abcd-21c30e3db0ba,student0225@synthetic.seagas.test,$2b$10$fB2n9NJfT34TppJMWmoux.sg580c/5wC2JQ4r.uBaFaEa8/6HiA0O,student,Yap Xin Yi,True,2026-07-11 06:24:00,2026-07-11 06:24:00
c414c913-19ff-ec0d-bd5f-47323c72bab1,student0226@synthetic.seagas.test,$2b$10$fB2n9NJfT34TppJMWmoux.sg580c/5wC2JQ4r.uBaFaEa8/6HiA0O,student,Neel Iyengar,True,2026-07-28 12:25:00,2026-07-28 12:25:00
b40b858f-e8f6-8c81-99f6-a8932900b3a7,student0227@synthetic.seagas.test,$2b$10$fB2n9NJfT34TppJMWmoux.sg580c/5wC2JQ4r.uBaFaEa8/6HiA0O,student,Liew Pei Shan,True,2026-09-10 16:06:00,2026-09-10 16:06:00
60a75fb5-bf0a-8f68-998b-64161f846af3,student0228@synthetic.seagas.test,$2b$10$fB2n9NJfT34TppJMWmoux.sg580c/5wC2JQ4r.uBaFaEa8/6HiA0O,student,Taylor Hernandez,True,2026-07-01 13:45:00,2026-07-01 13:45:00
ece45dd8-49de-4eeb-c78c-7f0f4565e77f,student0229@synthetic.seagas.test,$2b$10$fB2n9NJfT34TppJMWmoux.sg580c/5wC2JQ4r.uBaFaEa8/6HiA0O,student,Wong Jun Hao,True,2026-09-08 03:17:00,2026-09-08 03:17:00
0096b4d6-d67d-81a6-a6d5-ab1c8c4437c9,student0230@synthetic.seagas.test,$2b$10$fB2n9NJfT34TppJMWmoux.sg580c/5wC2JQ4r.uBaFaEa8/6HiA0O,student,Ahmad Danial bin Yusof,True,2026-08-03 15:07:00,2026-08-03 15:07:00
6a9f07d4-6aa3-64bd-ea86-ff039e9d5a73,student0231@synthetic.seagas.test,$2b$10$fB2n9NJfT34TppJMWmoux.sg580c/5wC2JQ4r.uBaFaEa8/6HiA0O,student,Amirul Hakim bin Ibrahim,True,2026-09-14 08:49:00,2026-09-14 08:49:00
8e518e43-04e3-abdc-b62a-0255e761cb19,student0232@synthetic.seagas.test,$2b$10$fB2n9NJfT34TppJMWmoux.sg580c/5wC2JQ4r.uBaFaEa8/6HiA0O,student,Ong Kai Wen,True,2026-07-17 13:10:00,2026-07-17 13:10:00
c58b72cd-1541-fa1a-a85e-a974a9b4e9c5,student0233@synthetic.seagas.test,$2b$10$fB2n9NJfT34TppJMWmoux.sg580c/5wC2JQ4r.uBaFaEa8/6HiA0O,student,Nur Aisyah binti Rahman,True,2026-09-07 04:10:00,2026-09-07 04:10:00
86950cd2-8545-ce6d-46a2-83019d13b149,student0234@synthetic.seagas.test,$2b$10$fB2n9NJfT34TppJMWmoux.sg580c/5wC2JQ4r.uBaFaEa8/6HiA0O,student,Chong Li Ying,True,2026-09-12 05:24:00,2026-09-12 05:24:00
507dbc11-c638-be20-f218-eb0eda5dcf8d,student0235@synthetic.seagas.test,$2b$10$fB2n9NJfT34TppJMWmoux.sg580c/5wC2JQ4r.uBaFaEa8/6HiA0O,student,Wazir Mitra,True,2026-07-19 14:37:00,2026-07-19 14:37:00
dc14124d-7fb7-b91d-d65d-7815c61c79b4,student0236@synthetic.seagas.test,$2b$10$fB2n9NJfT34TppJMWmoux.sg580c/5wC2JQ4r.uBaFaEa8/6HiA0O,student,Maanas Manne,True,2026-07-03 03:08:00,2026-07-03 03:08:00
a49acb02-3d46-aa7f-9392-81001b32bc3b,student0237@synthetic.seagas.test,$2b$10$fB2n9NJfT34TppJMWmoux.sg580c/5wC2JQ4r.uBaFaEa8/6HiA0O,student,Foo Ming Jun,True,2026-07-12 05:36:00,2026-07-12 05:36:00
9974c84e-5836-5e9e-6ff6-6a794278a00e,student0238@synthetic.seagas.test,$2b$10$fB2n9NJfT34TppJMWmoux.sg580c/5wC2JQ4r.uBaFaEa8/6HiA0O,student,Foo Mei Ling,True,2026-07-18 01:20:00,2026-07-18 01:20:00
51106091-450c-c687-b402-4e90b2df1a53,student0239@synthetic.seagas.test,$2b$10$fB2n9NJfT34TppJMWmoux.sg580c/5wC2JQ4r.uBaFaEa8/6HiA0O,student,Tee Wei Jie,True,2026-08-20 15:43:00,2026-08-20 15:43:00
87d5292c-e64e-2b2d-c97e-48285850a652,student0240@synthetic.seagas.test,$2b$10$fB2n9NJfT34TppJMWmoux.sg580c/5wC2JQ4r.uBaFaEa8/6HiA0O,student,Nur Aisyah binti Hassan,True,2026-09-07 02:23:00,2026-09-07 02:23:00
cb1984d0-7bd9-0579-f33b-c9d72abb1647,student0241@synthetic.seagas.test,$2b$10$fB2n9NJfT34TppJMWmoux.sg580c/5wC2JQ4r.uBaFaEa8/6HiA0O,student,Siti Nurhaliza binti Kamarudin,True,2026-08-07 13:47:00,2026-08-07 13:47:00
99a1a943-16d9-aa91-e4f9-6c657df37d45,student0242@synthetic.seagas.test,$2b$10$fB2n9NJfT34TppJMWmoux.sg580c/5wC2JQ4r.uBaFaEa8/6HiA0O,student,Khoo Zi Xuan,True,2026-08-02 22:07:00,2026-08-02 22:07:00
cf8eeaf3-c9f3-5c9d-8308-450e0654df2a,student0243@synthetic.seagas.test,$2b$10$fB2n9NJfT34TppJMWmoux.sg580c/5wC2JQ4r.uBaFaEa8/6HiA0O,student,Ahmad Danial bin Yusof,True,2026-09-12 19:20:00,2026-09-12 19:20:00
f97ae55a-529d-8531-6f0f-c08b26fcbc1d,student0244@synthetic.seagas.test,$2b$10$fB2n9NJfT34TppJMWmoux.sg580c/5wC2JQ4r.uBaFaEa8/6HiA0O,student,Yeoh Mei Ling,True,2026-09-10 21:36:00,2026-09-10 21:36:00
3d3d6472-5d0d-072e-7383-f5ed92ffeec1,student0245@synthetic.seagas.test,$2b$10$fB2n9NJfT34TppJMWmoux.sg580c/5wC2JQ4r.uBaFaEa8/6HiA0O,student,Alya Maisarah binti Zainal,True,2026-07-13 06:54:00,2026-07-13 06:54:00
a0fea964-aabd-847f-5869-7ca2ec0dd1ff,student0246@synthetic.seagas.test,$2b$10$fB2n9NJfT34TppJMWmoux.sg580c/5wC2JQ4r.uBaFaEa8/6HiA0O,student,Irfan Zikri bin Rahman,True,2026-08-13 04:05:00,2026-08-13 04:05:00
ad3c2179-3a41-a2bc-70d2-94b76b34b535,student0247@synthetic.seagas.test,$2b$10$fB2n9NJfT34TppJMWmoux.sg580c/5wC2JQ4r.uBaFaEa8/6HiA0O,student,Erica Miller,True,2026-07-28 18:34:00,2026-07-28 18:34:00
c773d861-a608-f248-3cdc-82710c1752fd,student0248@synthetic.seagas.test,$2b$10$fB2n9NJfT34TppJMWmoux.sg580c/5wC2JQ4r.uBaFaEa8/6HiA0O,student,Farah Nabila binti Ibrahim,True,2026-08-29 08:11:00,2026-08-29 08:11:00
78fd07ff-9b02-912b-6b99-cfc85d05b9f2,student0249@synthetic.seagas.test,$2b$10$fB2n9NJfT34TppJMWmoux.sg580c/5wC2JQ4r.uBaFaEa8/6HiA0O,student,Ng En Qi,True,2026-07-25 00:28:00,2026-07-25 00:28:00
2528cf08-af82-e87c-efc7-ba96be29e59b,student0250@synthetic.seagas.test,$2b$10$fB2n9NJfT34TppJMWmoux.sg580c/5wC2JQ4r.uBaFaEa8/6HiA0O,student,Wong Li Ying,True,2026-07-21 18:35:00,2026-07-21 18:35:00
e9289e9d-253f-7bb6-2774-e089a1d27505,student0251@synthetic.seagas.test,$2b$10$fB2n9NJfT34TppJMWmoux.sg580c/5wC2JQ4r.uBaFaEa8/6HiA0O,student,Tee Xin Yi,True,2026-07-10 05:29:00,2026-07-10 05:29:00
1742b052-f01f-7382-e4fa-62c2b398e4fc,student0252@synthetic.seagas.test,$2b$10$fB2n9NJfT34TppJMWmoux.sg580c/5wC2JQ4r.uBaFaEa8/6HiA0O,student,Lee Hui Min,True,2026-08-23 18:21:00,2026-08-23 18:21:00
44dc6f42-7323-eab3-0554-b14457f1480a,student0253@synthetic.seagas.test,$2b$10$fB2n9NJfT34TppJMWmoux.sg580c/5wC2JQ4r.uBaFaEa8/6HiA0O,student,Low Jun Hao,True,2026-09-11 06:37:00,2026-09-11 06:37:00
1fd6d1df-7219-90e8-cd31-8c5354c5237b,student0254@synthetic.seagas.test,$2b$10$fB2n9NJfT34TppJMWmoux.sg580c/5wC2JQ4r.uBaFaEa8/6HiA0O,student,Lim Chee Keong,True,2026-09-07 20:02:00,2026-09-07 20:02:00
789f8cfe-c11f-1ed9-512c-d0581376ca78,student0255@synthetic.seagas.test,$2b$10$fB2n9NJfT34TppJMWmoux.sg580c/5wC2JQ4r.uBaFaEa8/6HiA0O,student,Foo Kok Leong,True,2026-07-08 10:06:00,2026-07-08 10:06:00
6047db30-6377-ff85-882c-d5af1696dbfb,student0256@synthetic.seagas.test,$2b$10$fB2n9NJfT34TppJMWmoux.sg580c/5wC2JQ4r.uBaFaEa8/6HiA0O,student,Teh Mei Ling,True,2026-09-10 05:09:00,2026-09-10 05:09:00
83d7b908-1035-5c49-2c63-36ba1a02c693,student0257@synthetic.seagas.test,$2b$10$fB2n9NJfT34TppJMWmoux.sg580c/5wC2JQ4r.uBaFaEa8/6HiA0O,student,Lee Zi Xuan,True,2026-08-07 22:42:00,2026-08-07 22:42:00
161b0d82-b55a-c750-eeb1-ae97ccb49d2d,student0258@synthetic.seagas.test,$2b$10$fB2n9NJfT34TppJMWmoux.sg580c/5wC2JQ4r.uBaFaEa8/6HiA0O,student,Adam Haikal bin Zainal,True,2026-07-17 13:31:00,2026-07-17 13:31:00
75a870a1-4276-290d-1f3d-b3acc0e46ec7,student0259@synthetic.seagas.test,$2b$10$fB2n9NJfT34TppJMWmoux.sg580c/5wC2JQ4r.uBaFaEa8/6HiA0O,student,Beth Stewart,True,2026-07-30 19:30:00,2026-07-30 19:30:00
280fbf6e-edb5-1a50-fb96-2c66e327929d,student0260@synthetic.seagas.test,$2b$10$fB2n9NJfT34TppJMWmoux.sg580c/5wC2JQ4r.uBaFaEa8/6HiA0O,student,Ng En Qi,True,2026-09-19 01:49:00,2026-09-19 01:49:00
71c74f62-68a5-057c-5959-a5c3fb418306,student0261@synthetic.seagas.test,$2b$10$fB2n9NJfT34TppJMWmoux.sg580c/5wC2JQ4r.uBaFaEa8/6HiA0O,student,Liew Yong Sheng,True,2026-07-06 14:49:00,2026-07-06 14:49:00
44006cc6-950f-2960-d47f-5d5000af2bad,student0262@synthetic.seagas.test,$2b$10$fB2n9NJfT34TppJMWmoux.sg580c/5wC2JQ4r.uBaFaEa8/6HiA0O,student,Koh Chee Keong,True,2026-08-08 12:50:00,2026-08-08 12:50:00
ae0e317d-5056-3fa8-5006-9ffb876cae1c,student0263@synthetic.seagas.test,$2b$10$fB2n9NJfT34TppJMWmoux.sg580c/5wC2JQ4r.uBaFaEa8/6HiA0O,student,Low Kok Leong,True,2026-08-01 07:41:00,2026-08-01 07:41:00
439c725d-f6b9-0ae0-7395-d3fc518775b3,student0264@synthetic.seagas.test,$2b$10$fB2n9NJfT34TppJMWmoux.sg580c/5wC2JQ4r.uBaFaEa8/6HiA0O,student,Onveer Nazareth,True,2026-07-28 15:10:00,2026-07-28 15:10:00
668e180e-cbbc-840a-5419-0014a782e9d2,student0265@synthetic.seagas.test,$2b$10$fB2n9NJfT34TppJMWmoux.sg580c/5wC2JQ4r.uBaFaEa8/6HiA0O,student,Khoo En Qi,True,2026-07-11 22:41:00,2026-07-11 22:41:00
82923f7f-b534-efc5-8ce7-3502066be672,student0266@synthetic.seagas.test,$2b$10$fB2n9NJfT34TppJMWmoux.sg580c/5wC2JQ4r.uBaFaEa8/6HiA0O,student,Wong En Qi,True,2026-07-30 15:47:00,2026-07-30 15:47:00
d52daf3f-c393-256a-741b-8f3d8eaea75f,student0267@synthetic.seagas.test,$2b$10$fB2n9NJfT34TppJMWmoux.sg580c/5wC2JQ4r.uBaFaEa8/6HiA0O,student,Nur Aisyah binti Ibrahim,True,2026-08-05 16:39:00,2026-08-05 16:39:00
68286956-0850-bdf6-cb00-5473a922e7e9,student0268@synthetic.seagas.test,$2b$10$fB2n9NJfT34TppJMWmoux.sg580c/5wC2JQ4r.uBaFaEa8/6HiA0O,student,Nakul Sarraf,True,2026-08-06 15:53:00,2026-08-06 15:53:00
5cbf3d01-9140-130f-4f49-7e7ece398ee9,student0269@synthetic.seagas.test,$2b$10$fB2n9NJfT34TppJMWmoux.sg580c/5wC2JQ4r.uBaFaEa8/6HiA0O,student,Arif Imran bin Ibrahim,True,2026-08-09 19:15:00,2026-08-09 19:15:00
8e2e160a-b054-d5c8-3ce7-845de6ef2a35,student0270@synthetic.seagas.test,$2b$10$fB2n9NJfT34TppJMWmoux.sg580c/5wC2JQ4r.uBaFaEa8/6HiA0O,student,Ahmad Danial bin Abdullah,True,2026-08-13 00:12:00,2026-08-13 00:12:00
566a3ae3-1c3d-c6fd-79ff-5f765ca5af97,student0271@synthetic.seagas.test,$2b$10$fB2n9NJfT34TppJMWmoux.sg580c/5wC2JQ4r.uBaFaEa8/6HiA0O,student,Unnati Das,True,2026-07-30 02:41:00,2026-07-30 02:41:00
cb3f5768-d585-39af-3e0b-1d6ba32ac6b9,student0272@synthetic.seagas.test,$2b$10$fB2n9NJfT34TppJMWmoux.sg580c/5wC2JQ4r.uBaFaEa8/6HiA0O,student,Soh Zhi Hao,True,2026-09-01 01:16:00,2026-09-01 01:16:00
e5366044-26fd-f58f-26e1-f75645fc6aff,student0273@synthetic.seagas.test,$2b$10$fB2n9NJfT34TppJMWmoux.sg580c/5wC2JQ4r.uBaFaEa8/6HiA0O,student,Yap Pei Shan,True,2026-08-09 11:25:00,2026-08-09 11:25:00
6ae7b0b1-c11a-7ae5-c3ea-13fd48d6ee51,student0274@synthetic.seagas.test,$2b$10$fB2n9NJfT34TppJMWmoux.sg580c/5wC2JQ4r.uBaFaEa8/6HiA0O,student,Balqis Humaira binti Kamarudin,True,2026-09-07 02:05:00,2026-09-07 02:05:00
3572a97c-d7ca-5421-8cf1-98e3eb1c6feb,student0275@synthetic.seagas.test,$2b$10$fB2n9NJfT34TppJMWmoux.sg580c/5wC2JQ4r.uBaFaEa8/6HiA0O,student,Luqman Hakim bin Zainal,True,2026-07-18 19:34:00,2026-07-18 19:34:00
649431d1-d61d-cbb1-8b51-fdb5896496a9,student0276@synthetic.seagas.test,$2b$10$fB2n9NJfT34TppJMWmoux.sg580c/5wC2JQ4r.uBaFaEa8/6HiA0O,student,Bhavika Yadav,True,2026-08-01 00:46:00,2026-08-01 00:46:00
12207f72-4cea-e9e0-f6a6-164b678ea787,student0277@synthetic.seagas.test,$2b$10$fB2n9NJfT34TppJMWmoux.sg580c/5wC2JQ4r.uBaFaEa8/6HiA0O,student,Soh Shu Ting,True,2026-08-14 16:58:00,2026-08-14 16:58:00
3bf07cc4-ba15-a44a-360b-b108d18c1169,student0278@synthetic.seagas.test,$2b$10$fB2n9NJfT34TppJMWmoux.sg580c/5wC2JQ4r.uBaFaEa8/6HiA0O,student,Ati Dani,True,2026-07-08 19:37:00,2026-07-08 19:37:00
f55b0385-c8a5-41c6-1488-45caaab401a9,student0279@synthetic.seagas.test,$2b$10$fB2n9NJfT34TppJMWmoux.sg580c/5wC2JQ4r.uBaFaEa8/6HiA0O,student,Adam Haikal bin Ibrahim,True,2026-07-10 23:10:00,2026-07-10 23:10:00
7feb2b41-8fda-8d85-520a-9f1a06470faf,student0280@synthetic.seagas.test,$2b$10$fB2n9NJfT34TppJMWmoux.sg580c/5wC2JQ4r.uBaFaEa8/6HiA0O,student,Low En Qi,True,2026-07-09 06:51:00,2026-07-09 06:51:00
4a654986-eb6e-803d-c332-fba95a6781f9,student0281@synthetic.seagas.test,$2b$10$fB2n9NJfT34TppJMWmoux.sg580c/5wC2JQ4r.uBaFaEa8/6HiA0O,student,Wong Wei Jie,True,2026-07-10 06:03:00,2026-07-10 06:03:00
54d7b854-b556-5022-2994-ec2dd6221037,student0282@synthetic.seagas.test,$2b$10$fB2n9NJfT34TppJMWmoux.sg580c/5wC2JQ4r.uBaFaEa8/6HiA0O,student,Luqman Hakim bin Ahmad,True,2026-08-12 02:10:00,2026-08-12 02:10:00
d955dc9a-db36-86fe-c87c-3d8fe990c65e,student0283@synthetic.seagas.test,$2b$10$fB2n9NJfT34TppJMWmoux.sg580c/5wC2JQ4r.uBaFaEa8/6HiA0O,student,Yeoh Li Ying,True,2026-08-15 13:58:00,2026-08-15 13:58:00
cc2052af-fc79-0fff-aa7e-86f06aa8e69b,student0284@synthetic.seagas.test,$2b$10$fB2n9NJfT34TppJMWmoux.sg580c/5wC2JQ4r.uBaFaEa8/6HiA0O,student,Ong Wen Hao,True,2026-07-06 01:41:00,2026-07-06 01:41:00
efd2c655-011e-747b-abd3-8b993f92b5fe,student0285@synthetic.seagas.test,$2b$10$fB2n9NJfT34TppJMWmoux.sg580c/5wC2JQ4r.uBaFaEa8/6HiA0O,student,Adam Haikal bin Ahmad,True,2026-07-17 22:55:00,2026-07-17 22:55:00
2e8c7b3d-479c-45a9-bfa4-18d471c8e15b,student0286@synthetic.seagas.test,$2b$10$fB2n9NJfT34TppJMWmoux.sg580c/5wC2JQ4r.uBaFaEa8/6HiA0O,student,Yeoh Hui Min,True,2026-09-02 03:28:00,2026-09-02 03:28:00
65d72681-b79c-bc23-ba87-e001631f0d29,student0287@synthetic.seagas.test,$2b$10$fB2n9NJfT34TppJMWmoux.sg580c/5wC2JQ4r.uBaFaEa8/6HiA0O,student,Koh Pei Shan,True,2026-08-10 01:06:00,2026-08-10 01:06:00
e687cc1e-ad12-3e41-be58-ca2d1d7e8d27,student0288@synthetic.seagas.test,$2b$10$fB2n9NJfT34TppJMWmoux.sg580c/5wC2JQ4r.uBaFaEa8/6HiA0O,student,Syafiq Rahman bin Ismail,True,2026-08-28 19:16:00,2026-08-28 19:16:00
dea73968-845c-d76e-930e-ea1ad2984539,student0289@synthetic.seagas.test,$2b$10$fB2n9NJfT34TppJMWmoux.sg580c/5wC2JQ4r.uBaFaEa8/6HiA0O,student,Syazwani Ain binti Rahman,True,2026-07-09 18:37:00,2026-07-09 18:37:00
74244500-b204-63da-2e97-3a616f59d09b,student0290@synthetic.seagas.test,$2b$10$fB2n9NJfT34TppJMWmoux.sg580c/5wC2JQ4r.uBaFaEa8/6HiA0O,student,James Frye,True,2026-09-13 16:07:00,2026-09-13 16:07:00
606ffff0-66be-35d6-837b-40b254d1fcea,student0291@synthetic.seagas.test,$2b$10$fB2n9NJfT34TppJMWmoux.sg580c/5wC2JQ4r.uBaFaEa8/6HiA0O,student,Luqman Hakim bin Ahmad,True,2026-07-23 06:27:00,2026-07-23 06:27:00
20667c02-d32d-9358-ab50-4c94a2d2c137,student0292@synthetic.seagas.test,$2b$10$fB2n9NJfT34TppJMWmoux.sg580c/5wC2JQ4r.uBaFaEa8/6HiA0O,student,Umang Mishra,True,2026-08-27 09:46:00,2026-08-27 09:46:00
7558aace-6758-e53c-5379-ceb3329e3f4d,student0293@synthetic.seagas.test,$2b$10$fB2n9NJfT34TppJMWmoux.sg580c/5wC2JQ4r.uBaFaEa8/6HiA0O,student,Chan Li Ying,True,2026-08-28 11:25:00,2026-08-28 11:25:00
5cc4adcb-ba91-71ed-d291-9b853044ffc4,student0294@synthetic.seagas.test,$2b$10$fB2n9NJfT34TppJMWmoux.sg580c/5wC2JQ4r.uBaFaEa8/6HiA0O,student,Muhammad Hafiz bin Abdullah,True,2026-08-06 09:19:00,2026-08-06 09:19:00
b6267d96-ecff-4025-f94a-e80e4ce68b19,student0295@synthetic.seagas.test,$2b$10$fB2n9NJfT34TppJMWmoux.sg580c/5wC2JQ4r.uBaFaEa8/6HiA0O,student,Brijesh Mani,True,2026-07-11 09:23:00,2026-07-11 09:23:00
36fb3f7a-f6bf-380f-0620-078bc81effa3,student0296@synthetic.seagas.test,$2b$10$fB2n9NJfT34TppJMWmoux.sg580c/5wC2JQ4r.uBaFaEa8/6HiA0O,student,Teh Zhi Hao,True,2026-09-03 03:31:00,2026-09-03 03:31:00
e8e67bc0-59c3-28fb-f8aa-3be3610ba363,student0297@synthetic.seagas.test,$2b$10$fB2n9NJfT34TppJMWmoux.sg580c/5wC2JQ4r.uBaFaEa8/6HiA0O,student,Teh Pei Shan,True,2026-09-03 17:43:00,2026-09-03 17:43:00
298ce609-d2c4-94e1-3a5b-201d8d0169b3,student0298@synthetic.seagas.test,$2b$10$fB2n9NJfT34TppJMWmoux.sg580c/5wC2JQ4r.uBaFaEa8/6HiA0O,student,Chin Zi Xuan,True,2026-07-06 10:48:00,2026-07-06 10:48:00
dd849b2c-8651-d059-d5f6-7432109368ff,student0299@synthetic.seagas.test,$2b$10$fB2n9NJfT34TppJMWmoux.sg580c/5wC2JQ4r.uBaFaEa8/6HiA0O,student,Liew En Qi,True,2026-08-05 11:29:00,2026-08-05 11:29:00
65af064a-2df7-11ce-f997-8a8d6ffd9855,student0300@synthetic.seagas.test,$2b$10$fB2n9NJfT34TppJMWmoux.sg580c/5wC2JQ4r.uBaFaEa8/6HiA0O,student,Wong Pei Shan,True,2026-08-02 20:47:00,2026-08-02 20:47:00
38f2ffa7-caa3-0b01-8a14-c41eb25cc8c6,student0301@synthetic.seagas.test,$2b$10$fB2n9NJfT34TppJMWmoux.sg580c/5wC2JQ4r.uBaFaEa8/6HiA0O,student,Tan Hui Min,True,2026-07-27 13:57:00,2026-07-27 13:57:00
bd033fda-264d-4d0e-0db7-1d95080405dc,student0302@synthetic.seagas.test,$2b$10$fB2n9NJfT34TppJMWmoux.sg580c/5wC2JQ4r.uBaFaEa8/6HiA0O,student,Tee Mei Ling,True,2026-08-19 07:55:00,2026-08-19 07:55:00
97ea0bf7-172f-a76c-714a-792c730940c6,student0303@synthetic.seagas.test,$2b$10$fB2n9NJfT34TppJMWmoux.sg580c/5wC2JQ4r.uBaFaEa8/6HiA0O,student,Tee Xin Yi,True,2026-08-01 18:00:00,2026-08-01 18:00:00
b6f338fa-6a7d-eb29-8b37-0113d857fa2c,student0304@synthetic.seagas.test,$2b$10$fB2n9NJfT34TppJMWmoux.sg580c/5wC2JQ4r.uBaFaEa8/6HiA0O,student,Teh Li Ying,True,2026-08-10 19:46:00,2026-08-10 19:46:00
adf6ce2f-dff2-ff43-3ae2-be6dc7a869c8,student0305@synthetic.seagas.test,$2b$10$fB2n9NJfT34TppJMWmoux.sg580c/5wC2JQ4r.uBaFaEa8/6HiA0O,student,Lim Jun Hao,True,2026-08-11 21:11:00,2026-08-11 21:11:00
21b74887-d3e3-ded4-69f9-ff4e08e42a16,student0306@synthetic.seagas.test,$2b$10$fB2n9NJfT34TppJMWmoux.sg580c/5wC2JQ4r.uBaFaEa8/6HiA0O,student,Soh En Qi,True,2026-09-10 16:31:00,2026-09-10 16:31:00
20a22ec9-85a7-e996-98c5-88714ef605e0,student0307@synthetic.seagas.test,$2b$10$fB2n9NJfT34TppJMWmoux.sg580c/5wC2JQ4r.uBaFaEa8/6HiA0O,student,Krish Thaman,True,2026-09-16 06:32:00,2026-09-16 06:32:00
dd9101be-90db-83f6-f0b8-f7f49f69d845,student0308@synthetic.seagas.test,$2b$10$fB2n9NJfT34TppJMWmoux.sg580c/5wC2JQ4r.uBaFaEa8/6HiA0O,student,Ng Wei Jie,True,2026-07-07 08:14:00,2026-07-07 08:14:00
179cb4b9-074b-25ed-77a7-bc189d81f2e6,student0309@synthetic.seagas.test,$2b$10$fB2n9NJfT34TppJMWmoux.sg580c/5wC2JQ4r.uBaFaEa8/6HiA0O,student,Chong Chee Keong,True,2026-08-07 19:17:00,2026-08-07 19:17:00
00f491a5-0334-9f81-66f7-ac985a6ebd21,student0310@synthetic.seagas.test,$2b$10$fB2n9NJfT34TppJMWmoux.sg580c/5wC2JQ4r.uBaFaEa8/6HiA0O,student,Casey Chase,True,2026-07-18 14:31:00,2026-07-18 14:31:00
04dbae9f-b520-1288-c1d4-11d4794d8f22,student0311@synthetic.seagas.test,$2b$10$fB2n9NJfT34TppJMWmoux.sg580c/5wC2JQ4r.uBaFaEa8/6HiA0O,student,Nandini Chandran,True,2026-08-18 17:36:00,2026-08-18 17:36:00
57b667f2-16ed-9108-f4aa-1228921887aa,student0312@synthetic.seagas.test,$2b$10$fB2n9NJfT34TppJMWmoux.sg580c/5wC2JQ4r.uBaFaEa8/6HiA0O,student,Tan Pei Shan,True,2026-08-29 05:55:00,2026-08-29 05:55:00
40b3ac05-e839-4e03-717f-8b70da8a094c,student0313@synthetic.seagas.test,$2b$10$fB2n9NJfT34TppJMWmoux.sg580c/5wC2JQ4r.uBaFaEa8/6HiA0O,student,Muhammad Aiman bin Yusof,True,2026-08-01 00:06:00,2026-08-01 00:06:00
727adc6c-5249-5f4b-e3b2-c3ab3707ce65,student0314@synthetic.seagas.test,$2b$10$fB2n9NJfT34TppJMWmoux.sg580c/5wC2JQ4r.uBaFaEa8/6HiA0O,student,Arif Imran bin Hassan,True,2026-08-13 09:46:00,2026-08-13 09:46:00
d840fd58-014c-d941-6f8a-f06f5f2a8572,student0315@synthetic.seagas.test,$2b$10$fB2n9NJfT34TppJMWmoux.sg580c/5wC2JQ4r.uBaFaEa8/6HiA0O,student,Foo Jia Hui,True,2026-07-16 21:20:00,2026-07-16 21:20:00
540e6774-9ede-0b0e-d4a0-2c01da365bc1,student0316@synthetic.seagas.test,$2b$10$fB2n9NJfT34TppJMWmoux.sg580c/5wC2JQ4r.uBaFaEa8/6HiA0O,student,Koh Kai Wen,True,2026-08-13 09:30:00,2026-08-13 09:30:00
d12942f9-4874-7194-f121-434e1010a064,student0317@synthetic.seagas.test,$2b$10$fB2n9NJfT34TppJMWmoux.sg580c/5wC2JQ4r.uBaFaEa8/6HiA0O,student,Syafiq Rahman bin Ahmad,True,2026-07-08 20:34:00,2026-07-08 20:34:00
6ea9b33d-73eb-145c-c5de-66d66986dd76,student0318@synthetic.seagas.test,$2b$10$fB2n9NJfT34TppJMWmoux.sg580c/5wC2JQ4r.uBaFaEa8/6HiA0O,student,Wong Wei Jie,True,2026-09-08 16:56:00,2026-09-08 16:56:00
105a34a9-84f4-d276-cecd-5c10fef9d5ce,student0319@synthetic.seagas.test,$2b$10$fB2n9NJfT34TppJMWmoux.sg580c/5wC2JQ4r.uBaFaEa8/6HiA0O,student,Carlos Perry,True,2026-07-24 13:44:00,2026-07-24 13:44:00
30026c19-fd27-f49d-435b-42e4a03b80ea,student0320@synthetic.seagas.test,$2b$10$fB2n9NJfT34TppJMWmoux.sg580c/5wC2JQ4r.uBaFaEa8/6HiA0O,student,Balqis Humaira binti Ibrahim,True,2026-08-22 15:59:00,2026-08-22 15:59:00
16217342-66d6-3774-3384-e0ed38bef4c4,student0321@synthetic.seagas.test,$2b$10$fB2n9NJfT34TppJMWmoux.sg580c/5wC2JQ4r.uBaFaEa8/6HiA0O,student,Tan Zhi Hao,True,2026-07-19 17:33:00,2026-07-19 17:33:00
71c776cb-9ae9-cec8-60eb-59f9743a37e5,student0322@synthetic.seagas.test,$2b$10$fB2n9NJfT34TppJMWmoux.sg580c/5wC2JQ4r.uBaFaEa8/6HiA0O,student,Teh Kok Leong,True,2026-07-31 10:02:00,2026-07-31 10:02:00
966f3fcb-00d3-88e6-d6a3-d3936f9e0b19,student0323@synthetic.seagas.test,$2b$10$fB2n9NJfT34TppJMWmoux.sg580c/5wC2JQ4r.uBaFaEa8/6HiA0O,student,Luqman Hakim bin Ismail,True,2026-08-29 10:40:00,2026-08-29 10:40:00
7f23a32f-ba18-a17b-7d74-dbf11cedf027,student0324@synthetic.seagas.test,$2b$10$fB2n9NJfT34TppJMWmoux.sg580c/5wC2JQ4r.uBaFaEa8/6HiA0O,student,Pamela Good,True,2026-09-03 00:23:00,2026-09-03 00:23:00
458c6bdd-9e70-49ff-0cd7-897f286d84e5,student0325@synthetic.seagas.test,$2b$10$fB2n9NJfT34TppJMWmoux.sg580c/5wC2JQ4r.uBaFaEa8/6HiA0O,student,Khoo Yong Sheng,True,2026-08-28 06:58:00,2026-08-28 06:58:00
fd38752d-6a8d-c6eb-48a9-3c9352c60a7d,student0326@synthetic.seagas.test,$2b$10$fB2n9NJfT34TppJMWmoux.sg580c/5wC2JQ4r.uBaFaEa8/6HiA0O,student,Michael Stanley,True,2026-07-30 20:39:00,2026-07-30 20:39:00
949ad891-3087-106d-94c1-b7d493c66baf,student0327@synthetic.seagas.test,$2b$10$fB2n9NJfT34TppJMWmoux.sg580c/5wC2JQ4r.uBaFaEa8/6HiA0O,student,Wong Wei Jie,True,2026-07-16 14:32:00,2026-07-16 14:32:00
4f998d73-0796-583a-6286-85f7795dc229,student0328@synthetic.seagas.test,$2b$10$fB2n9NJfT34TppJMWmoux.sg580c/5wC2JQ4r.uBaFaEa8/6HiA0O,student,Syazwani Ain binti Kamarudin,True,2026-09-03 06:50:00,2026-09-03 06:50:00
30d34f42-9399-5122-82e3-daafed8b39a0,student0329@synthetic.seagas.test,$2b$10$fB2n9NJfT34TppJMWmoux.sg580c/5wC2JQ4r.uBaFaEa8/6HiA0O,student,Nathan Coleman,True,2026-09-19 14:40:00,2026-09-19 14:40:00
148690f7-8415-97ef-23d2-4b8f1cae72f7,student0330@synthetic.seagas.test,$2b$10$fB2n9NJfT34TppJMWmoux.sg580c/5wC2JQ4r.uBaFaEa8/6HiA0O,student,Wridesh Jhaveri,True,2026-09-19 07:19:00,2026-09-19 07:19:00
2216a46c-4daf-a6bd-923b-c8227488f853,student0331@synthetic.seagas.test,$2b$10$fB2n9NJfT34TppJMWmoux.sg580c/5wC2JQ4r.uBaFaEa8/6HiA0O,student,Patrick Morales,True,2026-07-20 08:22:00,2026-07-20 08:22:00
3f7b4b3f-0a40-b93a-ad65-e0feba5897ee,student0332@synthetic.seagas.test,$2b$10$fB2n9NJfT34TppJMWmoux.sg580c/5wC2JQ4r.uBaFaEa8/6HiA0O,student,Chin Hui Min,True,2026-09-04 20:18:00,2026-09-04 20:18:00
89bd6c7b-868f-e763-dfe1-05aa80da97fe,student0333@synthetic.seagas.test,$2b$10$fB2n9NJfT34TppJMWmoux.sg580c/5wC2JQ4r.uBaFaEa8/6HiA0O,student,Yahvi Mann,True,2026-07-18 12:36:00,2026-07-18 12:36:00
1f07bf99-8703-72fe-dae6-12b14852914b,student0334@synthetic.seagas.test,$2b$10$fB2n9NJfT34TppJMWmoux.sg580c/5wC2JQ4r.uBaFaEa8/6HiA0O,student,Lee Li Ying,True,2026-08-24 18:50:00,2026-08-24 18:50:00
eed5da65-bc9f-8e93-ab6f-0a98f2f2117b,student0335@synthetic.seagas.test,$2b$10$fB2n9NJfT34TppJMWmoux.sg580c/5wC2JQ4r.uBaFaEa8/6HiA0O,student,Liew Wei Jie,True,2026-08-13 09:57:00,2026-08-13 09:57:00
f3c352f7-65aa-e4ea-24b0-e0ba904c6eaa,student0336@synthetic.seagas.test,$2b$10$fB2n9NJfT34TppJMWmoux.sg580c/5wC2JQ4r.uBaFaEa8/6HiA0O,student,Lakshmi Vohra,True,2026-07-15 01:16:00,2026-07-15 01:16:00
f6a0b961-8520-a938-70c2-5fe8b727d594,student0337@synthetic.seagas.test,$2b$10$fB2n9NJfT34TppJMWmoux.sg580c/5wC2JQ4r.uBaFaEa8/6HiA0O,student,Adam Haikal bin Ismail,True,2026-07-06 09:24:00,2026-07-06 09:24:00
28efcc8e-c466-c4de-fa8c-66c1e4cb0f8d,student0338@synthetic.seagas.test,$2b$10$fB2n9NJfT34TppJMWmoux.sg580c/5wC2JQ4r.uBaFaEa8/6HiA0O,student,Krisha Gour,True,2026-08-18 05:42:00,2026-08-18 05:42:00
0bc5ab17-e9ce-5388-52ee-9077a98159ad,student0339@synthetic.seagas.test,$2b$10$fB2n9NJfT34TppJMWmoux.sg580c/5wC2JQ4r.uBaFaEa8/6HiA0O,student,Omaja Wagle,True,2026-07-19 12:37:00,2026-07-19 12:37:00
c1c107cd-23ba-51ef-96e8-bdd9e71bb588,student0340@synthetic.seagas.test,$2b$10$fB2n9NJfT34TppJMWmoux.sg580c/5wC2JQ4r.uBaFaEa8/6HiA0O,student,Nurul Izzah binti Zainal,True,2026-07-27 20:41:00,2026-07-27 20:41:00
4d11a9f0-cccc-3146-7d63-0ec0b537284f,student0341@synthetic.seagas.test,$2b$10$fB2n9NJfT34TppJMWmoux.sg580c/5wC2JQ4r.uBaFaEa8/6HiA0O,student,Low Li Ying,True,2026-08-25 23:38:00,2026-08-25 23:38:00
22656756-877a-f1f3-7ebf-645084f7e3f9,student0342@synthetic.seagas.test,$2b$10$fB2n9NJfT34TppJMWmoux.sg580c/5wC2JQ4r.uBaFaEa8/6HiA0O,student,Amanda Jones,True,2026-08-29 21:18:00,2026-08-29 21:18:00
6bc07026-7874-7404-a242-113f4e7804ea,student0343@synthetic.seagas.test,$2b$10$fB2n9NJfT34TppJMWmoux.sg580c/5wC2JQ4r.uBaFaEa8/6HiA0O,student,Yeoh Wen Hao,True,2026-07-18 23:43:00,2026-07-18 23:43:00
d6933c8c-86ec-ef9c-c1b8-3da798659831,student0344@synthetic.seagas.test,$2b$10$fB2n9NJfT34TppJMWmoux.sg580c/5wC2JQ4r.uBaFaEa8/6HiA0O,student,Ranveer Dalal,True,2026-07-08 13:49:00,2026-07-08 13:49:00
0b1c56c8-dd53-26f9-9a8a-506fdd680173,student0345@synthetic.seagas.test,$2b$10$fB2n9NJfT34TppJMWmoux.sg580c/5wC2JQ4r.uBaFaEa8/6HiA0O,student,Syafiq Rahman bin Yusof,True,2026-09-15 17:16:00,2026-09-15 17:16:00
023a793f-1699-3c9f-23c1-8741a32e74f3,student0346@synthetic.seagas.test,$2b$10$fB2n9NJfT34TppJMWmoux.sg580c/5wC2JQ4r.uBaFaEa8/6HiA0O,student,Madhav Babu,True,2026-08-11 12:09:00,2026-08-11 12:09:00
6a8b44f5-6e30-3e1e-fa67-72f8e0b79d4f,student0347@synthetic.seagas.test,$2b$10$fB2n9NJfT34TppJMWmoux.sg580c/5wC2JQ4r.uBaFaEa8/6HiA0O,student,Chong En Qi,True,2026-08-19 11:58:00,2026-08-19 11:58:00
273dfd6f-a08f-1019-0182-ea7107f4d1b3,student0348@synthetic.seagas.test,$2b$10$fB2n9NJfT34TppJMWmoux.sg580c/5wC2JQ4r.uBaFaEa8/6HiA0O,student,Lee Mei Ling,True,2026-08-01 22:28:00,2026-08-01 22:28:00
b61e3c08-2fd8-d346-59ad-7887c10eb5e7,student0349@synthetic.seagas.test,$2b$10$fB2n9NJfT34TppJMWmoux.sg580c/5wC2JQ4r.uBaFaEa8/6HiA0O,student,Lim Jun Hao,True,2026-07-12 16:31:00,2026-07-12 16:31:00
02c92c8c-2164-429b-3c7b-69d2e863f06e,student0350@synthetic.seagas.test,$2b$10$fB2n9NJfT34TppJMWmoux.sg580c/5wC2JQ4r.uBaFaEa8/6HiA0O,student,Ong Xin Yi,True,2026-07-04 23:34:00,2026-07-04 23:34:00
66a053a3-80c6-851b-9348-941f3e202d68,student0351@synthetic.seagas.test,$2b$10$fB2n9NJfT34TppJMWmoux.sg580c/5wC2JQ4r.uBaFaEa8/6HiA0O,student,Nur Iman binti Abdullah,True,2026-09-07 18:45:00,2026-09-07 18:45:00
e1d4bdef-873f-7749-9e4a-4adf9f2c617f,student0352@synthetic.seagas.test,$2b$10$fB2n9NJfT34TppJMWmoux.sg580c/5wC2JQ4r.uBaFaEa8/6HiA0O,student,Amirul Hakim bin Ahmad,True,2026-07-09 00:51:00,2026-07-09 00:51:00
9e5485b4-764b-c004-d9b8-33fd096445f3,student0353@synthetic.seagas.test,$2b$10$fB2n9NJfT34TppJMWmoux.sg580c/5wC2JQ4r.uBaFaEa8/6HiA0O,student,Balqis Humaira binti Kamarudin,True,2026-08-03 14:35:00,2026-08-03 14:35:00
c5dba032-787b-2cae-3e82-0f4da412a983,student0354@synthetic.seagas.test,$2b$10$fB2n9NJfT34TppJMWmoux.sg580c/5wC2JQ4r.uBaFaEa8/6HiA0O,student,Syafiq Rahman bin Ibrahim,True,2026-08-16 20:00:00,2026-08-16 20:00:00
bf72407f-6f33-ee6b-b917-9626217ecb9e,student0355@synthetic.seagas.test,$2b$10$fB2n9NJfT34TppJMWmoux.sg580c/5wC2JQ4r.uBaFaEa8/6HiA0O,student,Wong Wei Jie,True,2026-08-20 17:23:00,2026-08-20 17:23:00
6fdde26f-7a3e-399d-81cd-b300d0a1a4af,student0356@synthetic.seagas.test,$2b$10$fB2n9NJfT34TppJMWmoux.sg580c/5wC2JQ4r.uBaFaEa8/6HiA0O,student,Hredhaan Char,True,2026-08-23 18:45:00,2026-08-23 18:45:00
7bca7185-7620-0721-13a3-c73eaa8107f0,student0357@synthetic.seagas.test,$2b$10$fB2n9NJfT34TppJMWmoux.sg580c/5wC2JQ4r.uBaFaEa8/6HiA0O,student,Irfan Zikri bin Ahmad,True,2026-08-01 12:36:00,2026-08-01 12:36:00
bd518fef-6889-ca28-fd8a-fdc99b44b13e,student0358@synthetic.seagas.test,$2b$10$fB2n9NJfT34TppJMWmoux.sg580c/5wC2JQ4r.uBaFaEa8/6HiA0O,student,Nidra Sharaf,True,2026-07-08 20:51:00,2026-07-08 20:51:00
64aba2d7-628b-4844-6c84-a0fb642cb185,student0359@synthetic.seagas.test,$2b$10$fB2n9NJfT34TppJMWmoux.sg580c/5wC2JQ4r.uBaFaEa8/6HiA0O,student,Vamakshi Bhalla,True,2026-08-09 01:23:00,2026-08-09 01:23:00
98268773-5e14-bea1-b28b-66261724b6a7,student0360@synthetic.seagas.test,$2b$10$fB2n9NJfT34TppJMWmoux.sg580c/5wC2JQ4r.uBaFaEa8/6HiA0O,student,Ong Yi Ting,True,2026-07-28 04:15:00,2026-07-28 04:15:00
d98ec79f-0ee1-d330-1fe0-03e188a71b2a,student0361@synthetic.seagas.test,$2b$10$fB2n9NJfT34TppJMWmoux.sg580c/5wC2JQ4r.uBaFaEa8/6HiA0O,student,Khoo Jun Hao,True,2026-08-24 23:19:00,2026-08-24 23:19:00
a5cd6b4b-0446-21ae-4f4b-4685d4d9c926,student0362@synthetic.seagas.test,$2b$10$fB2n9NJfT34TppJMWmoux.sg580c/5wC2JQ4r.uBaFaEa8/6HiA0O,student,Daniel Thomas,True,2026-09-09 16:26:00,2026-09-09 16:26:00
48244d07-67a5-e874-ec65-d11e3078c642,student0363@synthetic.seagas.test,$2b$10$fB2n9NJfT34TppJMWmoux.sg580c/5wC2JQ4r.uBaFaEa8/6HiA0O,student,Leena Dey,True,2026-08-16 12:14:00,2026-08-16 12:14:00
565594cf-dfb0-aef2-e171-0e4ddd134751,student0364@synthetic.seagas.test,$2b$10$fB2n9NJfT34TppJMWmoux.sg580c/5wC2JQ4r.uBaFaEa8/6HiA0O,student,Harini Ranganathan,True,2026-07-18 22:44:00,2026-07-18 22:44:00
1a66957a-0ab8-abf0-632f-96e54b23b180,student0365@synthetic.seagas.test,$2b$10$fB2n9NJfT34TppJMWmoux.sg580c/5wC2JQ4r.uBaFaEa8/6HiA0O,student,James Bowers,True,2026-07-21 02:32:00,2026-07-21 02:32:00
638c6d8e-6a9a-0de2-061e-ad52f6e32b43,student0366@synthetic.seagas.test,$2b$10$fB2n9NJfT34TppJMWmoux.sg580c/5wC2JQ4r.uBaFaEa8/6HiA0O,student,Chin Chee Keong,True,2026-07-19 11:35:00,2026-07-19 11:35:00
70c3c87f-d841-1480-1c54-634123814cdc,student0367@synthetic.seagas.test,$2b$10$fB2n9NJfT34TppJMWmoux.sg580c/5wC2JQ4r.uBaFaEa8/6HiA0O,student,Chan Zhi Hao,True,2026-09-16 23:40:00,2026-09-16 23:40:00
f214b9e1-6085-811b-67a4-fdb660dc3d2b,student0368@synthetic.seagas.test,$2b$10$fB2n9NJfT34TppJMWmoux.sg580c/5wC2JQ4r.uBaFaEa8/6HiA0O,student,Lim Wen Hao,True,2026-08-30 17:59:00,2026-08-30 17:59:00
335898ac-a9cf-92d4-0804-86d4edf151e1,student0369@synthetic.seagas.test,$2b$10$fB2n9NJfT34TppJMWmoux.sg580c/5wC2JQ4r.uBaFaEa8/6HiA0O,student,Ong Pei Shan,True,2026-09-09 04:48:00,2026-09-09 04:48:00
9b75dc50-fde9-f342-c4cb-8ec671cce9ff,student0370@synthetic.seagas.test,$2b$10$fB2n9NJfT34TppJMWmoux.sg580c/5wC2JQ4r.uBaFaEa8/6HiA0O,student,Chan Jun Hao,True,2026-09-11 02:10:00,2026-09-11 02:10:00
cb1399d0-f43f-5088-6084-6cb659a654e1,student0371@synthetic.seagas.test,$2b$10$fB2n9NJfT34TppJMWmoux.sg580c/5wC2JQ4r.uBaFaEa8/6HiA0O,student,Ng Zhi Hao,True,2026-08-21 01:52:00,2026-08-21 01:52:00
ae9b0c2a-0b78-38e4-a743-5d59fb283cf7,student0372@synthetic.seagas.test,$2b$10$fB2n9NJfT34TppJMWmoux.sg580c/5wC2JQ4r.uBaFaEa8/6HiA0O,student,Ng Hui Min,True,2026-08-14 10:07:00,2026-08-14 10:07:00
504acfd6-3f1b-39b8-662f-dfe9dfcf3e2e,student0373@synthetic.seagas.test,$2b$10$fB2n9NJfT34TppJMWmoux.sg580c/5wC2JQ4r.uBaFaEa8/6HiA0O,student,Adam Haikal bin Ismail,True,2026-08-16 11:58:00,2026-08-16 11:58:00
0c5873d0-e4a7-baf9-b8c2-282eb1e388e1,student0374@synthetic.seagas.test,$2b$10$fB2n9NJfT34TppJMWmoux.sg580c/5wC2JQ4r.uBaFaEa8/6HiA0O,student,Luqman Hakim bin Ibrahim,True,2026-09-15 05:08:00,2026-09-15 05:08:00
33384921-8106-18ec-daf1-0b0d52aa5cbf,student0375@synthetic.seagas.test,$2b$10$fB2n9NJfT34TppJMWmoux.sg580c/5wC2JQ4r.uBaFaEa8/6HiA0O,student,David Wright,True,2026-09-05 16:29:00,2026-09-05 16:29:00
39d99ddf-976a-c3c2-3634-ce8453129793,student0376@synthetic.seagas.test,$2b$10$fB2n9NJfT34TppJMWmoux.sg580c/5wC2JQ4r.uBaFaEa8/6HiA0O,student,Low Ming Jun,True,2026-09-01 00:23:00,2026-09-01 00:23:00
c82d124a-ea4f-4430-8153-9408325b1116,student0377@synthetic.seagas.test,$2b$10$fB2n9NJfT34TppJMWmoux.sg580c/5wC2JQ4r.uBaFaEa8/6HiA0O,student,Khoo En Qi,True,2026-09-03 08:10:00,2026-09-03 08:10:00
649e0a91-64f2-aeec-ff17-444143a2a3ef,student0378@synthetic.seagas.test,$2b$10$fB2n9NJfT34TppJMWmoux.sg580c/5wC2JQ4r.uBaFaEa8/6HiA0O,student,Faris Iskandar bin Zainal,True,2026-07-20 12:04:00,2026-07-20 12:04:00
647f45ad-8b4b-cbc7-bfd2-111194abb358,student0379@synthetic.seagas.test,$2b$10$fB2n9NJfT34TppJMWmoux.sg580c/5wC2JQ4r.uBaFaEa8/6HiA0O,student,Low Wen Hao,True,2026-09-06 05:13:00,2026-09-06 05:13:00
a687d7c8-1c71-fe87-8afd-e48e56a296b3,student0380@synthetic.seagas.test,$2b$10$fB2n9NJfT34TppJMWmoux.sg580c/5wC2JQ4r.uBaFaEa8/6HiA0O,student,Yeoh Jing Wen,True,2026-08-24 01:36:00,2026-08-24 01:36:00
a3e4cdd2-7047-51a9-3cac-3dc047153ea7,student0381@synthetic.seagas.test,$2b$10$fB2n9NJfT34TppJMWmoux.sg580c/5wC2JQ4r.uBaFaEa8/6HiA0O,student,Liew Shu Ting,True,2026-08-26 21:36:00,2026-08-26 21:36:00
ea8dd895-6741-3f99-982b-555f1ebad31c,student0382@synthetic.seagas.test,$2b$10$fB2n9NJfT34TppJMWmoux.sg580c/5wC2JQ4r.uBaFaEa8/6HiA0O,student,Yap Ming Jun,True,2026-09-04 07:14:00,2026-09-04 07:14:00
635c4457-514c-6725-1b54-711e88e4050e,student0383@synthetic.seagas.test,$2b$10$fB2n9NJfT34TppJMWmoux.sg580c/5wC2JQ4r.uBaFaEa8/6HiA0O,student,Nurul Izzah binti Zainal,True,2026-09-05 20:23:00,2026-09-05 20:23:00
abce5304-85e3-20ae-0386-e8896104833d,student0384@synthetic.seagas.test,$2b$10$fB2n9NJfT34TppJMWmoux.sg580c/5wC2JQ4r.uBaFaEa8/6HiA0O,student,Adam Haikal bin Ibrahim,True,2026-08-25 12:02:00,2026-08-25 12:02:00
42d80add-5354-f30f-409c-2120618aab82,student0385@synthetic.seagas.test,$2b$10$fB2n9NJfT34TppJMWmoux.sg580c/5wC2JQ4r.uBaFaEa8/6HiA0O,student,Tee Chee Keong,True,2026-07-15 14:17:00,2026-07-15 14:17:00
e79ce3e5-82b3-a59d-0fcf-6e75a37c1f11,student0386@synthetic.seagas.test,$2b$10$fB2n9NJfT34TppJMWmoux.sg580c/5wC2JQ4r.uBaFaEa8/6HiA0O,student,Ikbal Kothari,True,2026-07-02 23:58:00,2026-07-02 23:58:00
3fe140e4-2853-31c8-02e6-9e89d15ba370,student0387@synthetic.seagas.test,$2b$10$fB2n9NJfT34TppJMWmoux.sg580c/5wC2JQ4r.uBaFaEa8/6HiA0O,student,Qushi Cherian,True,2026-09-15 16:34:00,2026-09-15 16:34:00
575eba77-0d53-16d1-e9d5-4ab506b2d29c,student0388@synthetic.seagas.test,$2b$10$fB2n9NJfT34TppJMWmoux.sg580c/5wC2JQ4r.uBaFaEa8/6HiA0O,student,Koh Jia Hui,True,2026-08-31 09:14:00,2026-08-31 09:14:00
ebd9539b-fd2e-0962-332c-6797ad5b8ba7,student0389@synthetic.seagas.test,$2b$10$fB2n9NJfT34TppJMWmoux.sg580c/5wC2JQ4r.uBaFaEa8/6HiA0O,student,Soh Jun Hao,True,2026-07-23 22:04:00,2026-07-23 22:04:00
65981eee-0de8-13df-190a-6307fe8702cd,student0390@synthetic.seagas.test,$2b$10$fB2n9NJfT34TppJMWmoux.sg580c/5wC2JQ4r.uBaFaEa8/6HiA0O,student,Chong Kok Leong,True,2026-07-22 15:35:00,2026-07-22 15:35:00
38be7cd2-8842-0c39-3695-66b773b20053,student0391@synthetic.seagas.test,$2b$10$fB2n9NJfT34TppJMWmoux.sg580c/5wC2JQ4r.uBaFaEa8/6HiA0O,student,Lee Shu Ting,True,2026-07-21 10:00:00,2026-07-21 10:00:00
0ba6bd79-af16-c754-d90b-5e44993f43b5,student0392@synthetic.seagas.test,$2b$10$fB2n9NJfT34TppJMWmoux.sg580c/5wC2JQ4r.uBaFaEa8/6HiA0O,student,Alya Maisarah binti Zainal,True,2026-08-18 10:49:00,2026-08-18 10:49:00
8861b517-fa21-903b-82b1-9a0806a35572,student0393@synthetic.seagas.test,$2b$10$fB2n9NJfT34TppJMWmoux.sg580c/5wC2JQ4r.uBaFaEa8/6HiA0O,student,Liew Mei Ling,True,2026-07-12 13:11:00,2026-07-12 13:11:00
bd3ba3c7-d92f-d620-b068-046d5be07989,student0394@synthetic.seagas.test,$2b$10$fB2n9NJfT34TppJMWmoux.sg580c/5wC2JQ4r.uBaFaEa8/6HiA0O,student,Syazwani Ain binti Hassan,True,2026-08-20 19:04:00,2026-08-20 19:04:00
aac96e71-19e2-d9a9-b93a-1e8f8d40c77f,student0395@synthetic.seagas.test,$2b$10$fB2n9NJfT34TppJMWmoux.sg580c/5wC2JQ4r.uBaFaEa8/6HiA0O,student,Syazwani Ain binti Hassan,True,2026-09-05 19:59:00,2026-09-05 19:59:00
af67e1a2-4171-34dc-30b8-5953d74d515f,student0396@synthetic.seagas.test,$2b$10$fB2n9NJfT34TppJMWmoux.sg580c/5wC2JQ4r.uBaFaEa8/6HiA0O,student,Nur Aisyah binti Hassan,True,2026-09-02 04:31:00,2026-09-02 04:31:00
bcdbaa37-595f-92f3-0884-5406df853f89,student0397@synthetic.seagas.test,$2b$10$fB2n9NJfT34TppJMWmoux.sg580c/5wC2JQ4r.uBaFaEa8/6HiA0O,student,Ahmad Danial bin Abdullah,True,2026-08-04 23:47:00,2026-08-04 23:47:00
dd2acf59-c2bf-e362-d9c9-cfe556fa50c9,student0398@synthetic.seagas.test,$2b$10$fB2n9NJfT34TppJMWmoux.sg580c/5wC2JQ4r.uBaFaEa8/6HiA0O,student,Khoo Yi Ting,True,2026-08-08 04:07:00,2026-08-08 04:07:00
fe8e3b73-d32b-8be3-eaac-fc807b37ae6a,student0399@synthetic.seagas.test,$2b$10$fB2n9NJfT34TppJMWmoux.sg580c/5wC2JQ4r.uBaFaEa8/6HiA0O,student,Balqis Humaira binti Ahmad,True,2026-07-18 21:27:00,2026-07-18 21:27:00
0fddd13b-87b8-b919-79f7-71c19cf0c854,student0400@synthetic.seagas.test,$2b$10$fB2n9NJfT34TppJMWmoux.sg580c/5wC2JQ4r.uBaFaEa8/6HiA0O,student,Chin Jia Hui,True,2026-07-04 02:52:00,2026-07-04 02:52:00
305ac176-d3bc-4c9b-4a42-c0a4ed5bcd7d,student0401@synthetic.seagas.test,$2b$10$fB2n9NJfT34TppJMWmoux.sg580c/5wC2JQ4r.uBaFaEa8/6HiA0O,student,Chong Jun Hao,True,2026-09-07 02:05:00,2026-09-07 02:05:00
b8227841-1d22-2845-e1db-bf3407c50cba,student0402@synthetic.seagas.test,$2b$10$fB2n9NJfT34TppJMWmoux.sg580c/5wC2JQ4r.uBaFaEa8/6HiA0O,student,Teh Zi Xuan,True,2026-07-30 01:17:00,2026-07-30 01:17:00
11eefcc8-ec37-a33a-3e0f-74a9bf1172da,student0403@synthetic.seagas.test,$2b$10$fB2n9NJfT34TppJMWmoux.sg580c/5wC2JQ4r.uBaFaEa8/6HiA0O,student,Soh Jia Hui,True,2026-07-21 01:26:00,2026-07-21 01:26:00
537b3a09-f51c-f3c0-d9ab-cec061a4818d,student0404@synthetic.seagas.test,$2b$10$fB2n9NJfT34TppJMWmoux.sg580c/5wC2JQ4r.uBaFaEa8/6HiA0O,student,Faris Iskandar bin Abdullah,True,2026-07-19 06:18:00,2026-07-19 06:18:00
3b88d285-c27d-3973-8da0-b9922d47c84a,student0405@synthetic.seagas.test,$2b$10$fB2n9NJfT34TppJMWmoux.sg580c/5wC2JQ4r.uBaFaEa8/6HiA0O,student,Tan Kok Leong,True,2026-07-20 12:46:00,2026-07-20 12:46:00
26d4122e-69d1-517c-b48d-5c1b6f830541,student0406@synthetic.seagas.test,$2b$10$fB2n9NJfT34TppJMWmoux.sg580c/5wC2JQ4r.uBaFaEa8/6HiA0O,student,Irfan Zikri bin Hassan,True,2026-08-19 10:51:00,2026-08-19 10:51:00
fa3f3c44-9c50-5aa9-e232-26ad77acabc8,student0407@synthetic.seagas.test,$2b$10$fB2n9NJfT34TppJMWmoux.sg580c/5wC2JQ4r.uBaFaEa8/6HiA0O,student,Yeoh Chee Keong,True,2026-07-08 17:58:00,2026-07-08 17:58:00
aca4825c-269e-58f6-ef88-44f3913deb25,student0408@synthetic.seagas.test,$2b$10$fB2n9NJfT34TppJMWmoux.sg580c/5wC2JQ4r.uBaFaEa8/6HiA0O,student,Muhammad Aiman bin Yusof,True,2026-08-22 15:46:00,2026-08-22 15:46:00
da803e84-6621-6b57-e612-b08ae25be828,student0409@synthetic.seagas.test,$2b$10$fB2n9NJfT34TppJMWmoux.sg580c/5wC2JQ4r.uBaFaEa8/6HiA0O,student,Chan Ming Jun,True,2026-09-14 10:36:00,2026-09-14 10:36:00
dd30827c-a637-3795-5a13-4bd309fd31ec,student0410@synthetic.seagas.test,$2b$10$fB2n9NJfT34TppJMWmoux.sg580c/5wC2JQ4r.uBaFaEa8/6HiA0O,student,Liew Wen Hao,True,2026-07-03 00:02:00,2026-07-03 00:02:00
db6de8a4-e836-08e6-910a-80c609484ebc,student0411@synthetic.seagas.test,$2b$10$fB2n9NJfT34TppJMWmoux.sg580c/5wC2JQ4r.uBaFaEa8/6HiA0O,student,Koh Yong Sheng,True,2026-09-14 20:01:00,2026-09-14 20:01:00
7eb8d108-f5a5-1dbe-9a64-767c224733b8,student0412@synthetic.seagas.test,$2b$10$fB2n9NJfT34TppJMWmoux.sg580c/5wC2JQ4r.uBaFaEa8/6HiA0O,student,Amirul Hakim bin Rahman,True,2026-09-15 08:58:00,2026-09-15 08:58:00
818401b3-5b01-c766-6c75-b42e206bf71e,student0413@synthetic.seagas.test,$2b$10$fB2n9NJfT34TppJMWmoux.sg580c/5wC2JQ4r.uBaFaEa8/6HiA0O,student,Sharon Crane,True,2026-07-07 15:08:00,2026-07-07 15:08:00
7b4ef0cb-2a7b-7f81-504b-d94693c93ed3,student0414@synthetic.seagas.test,$2b$10$fB2n9NJfT34TppJMWmoux.sg580c/5wC2JQ4r.uBaFaEa8/6HiA0O,student,Balqis Humaira binti Ismail,True,2026-08-17 06:56:00,2026-08-17 06:56:00
54d77fbe-8727-3c24-69fd-cb61a2dbcc0b,student0415@synthetic.seagas.test,$2b$10$fB2n9NJfT34TppJMWmoux.sg580c/5wC2JQ4r.uBaFaEa8/6HiA0O,student,Ng Jing Wen,True,2026-07-20 20:55:00,2026-07-20 20:55:00
75aaf67e-debc-795c-d8ec-dd556ef7926b,student0416@synthetic.seagas.test,$2b$10$fB2n9NJfT34TppJMWmoux.sg580c/5wC2JQ4r.uBaFaEa8/6HiA0O,student,Ng Shu Ting,True,2026-09-13 06:50:00,2026-09-13 06:50:00
c2b5b17e-9ad7-52be-1926-551e541fbfad,student0417@synthetic.seagas.test,$2b$10$fB2n9NJfT34TppJMWmoux.sg580c/5wC2JQ4r.uBaFaEa8/6HiA0O,student,Yeoh Kok Leong,True,2026-07-13 09:00:00,2026-07-13 09:00:00
67c848d9-7a2f-8c41-56c0-40a0db91d9df,student0418@synthetic.seagas.test,$2b$10$fB2n9NJfT34TppJMWmoux.sg580c/5wC2JQ4r.uBaFaEa8/6HiA0O,student,Ahmad Danial bin Hassan,True,2026-09-19 03:37:00,2026-09-19 03:37:00
ef5e26ad-8a24-d2fe-2f2f-02e981812fdf,student0419@synthetic.seagas.test,$2b$10$fB2n9NJfT34TppJMWmoux.sg580c/5wC2JQ4r.uBaFaEa8/6HiA0O,student,Chan Yi Ting,True,2026-07-30 07:29:00,2026-07-30 07:29:00
c516631b-c834-9dcb-42d5-8c9d4944ac0f,student0420@synthetic.seagas.test,$2b$10$fB2n9NJfT34TppJMWmoux.sg580c/5wC2JQ4r.uBaFaEa8/6HiA0O,student,Ng Mei Ling,True,2026-07-23 23:43:00,2026-07-23 23:43:00
98c4e0a1-d520-1065-1749-f8f7d8e5ac5d,student0421@synthetic.seagas.test,$2b$10$fB2n9NJfT34TppJMWmoux.sg580c/5wC2JQ4r.uBaFaEa8/6HiA0O,student,Yoshita Chandran,True,2026-08-05 22:14:00,2026-08-05 22:14:00
2b4f8899-36af-127a-23f4-2dd305711197,student0422@synthetic.seagas.test,$2b$10$fB2n9NJfT34TppJMWmoux.sg580c/5wC2JQ4r.uBaFaEa8/6HiA0O,student,Foo Li Ying,True,2026-09-10 05:36:00,2026-09-10 05:36:00
b809c5f9-6d31-036f-fae5-658f04ba16cc,student0423@synthetic.seagas.test,$2b$10$fB2n9NJfT34TppJMWmoux.sg580c/5wC2JQ4r.uBaFaEa8/6HiA0O,student,Yap Zhi Hao,True,2026-08-02 13:36:00,2026-08-02 13:36:00
caa9f13e-9013-89e5-d6d6-b3f9dc710b9e,student0424@synthetic.seagas.test,$2b$10$fB2n9NJfT34TppJMWmoux.sg580c/5wC2JQ4r.uBaFaEa8/6HiA0O,student,Liew Mei Ling,True,2026-09-16 10:27:00,2026-09-16 10:27:00
16352781-a094-96c9-b891-f2c6cf73151c,student0425@synthetic.seagas.test,$2b$10$fB2n9NJfT34TppJMWmoux.sg580c/5wC2JQ4r.uBaFaEa8/6HiA0O,student,Goh Jun Hao,True,2026-07-31 23:36:00,2026-07-31 23:36:00
2f40d8fe-b731-aa06-ce72-229a66f31683,student0426@synthetic.seagas.test,$2b$10$fB2n9NJfT34TppJMWmoux.sg580c/5wC2JQ4r.uBaFaEa8/6HiA0O,student,Tee Mei Ling,True,2026-08-04 08:38:00,2026-08-04 08:38:00
adde3e12-1084-3e0a-0784-0aba8d734c8b,student0427@synthetic.seagas.test,$2b$10$fB2n9NJfT34TppJMWmoux.sg580c/5wC2JQ4r.uBaFaEa8/6HiA0O,student,Lee Xin Yi,True,2026-07-10 14:08:00,2026-07-10 14:08:00
cfe00558-7ab9-39e2-fc70-adf91edbdc2c,student0428@synthetic.seagas.test,$2b$10$fB2n9NJfT34TppJMWmoux.sg580c/5wC2JQ4r.uBaFaEa8/6HiA0O,student,Hannah Zulaikha binti Ismail,True,2026-08-20 12:42:00,2026-08-20 12:42:00
44b0bd16-30c7-16d8-8e7c-f803626ef43f,student0429@synthetic.seagas.test,$2b$10$fB2n9NJfT34TppJMWmoux.sg580c/5wC2JQ4r.uBaFaEa8/6HiA0O,student,Ong Chee Keong,True,2026-09-07 03:39:00,2026-09-07 03:39:00
725de70c-5934-8bd8-6b49-f91ff0ef391c,student0430@synthetic.seagas.test,$2b$10$fB2n9NJfT34TppJMWmoux.sg580c/5wC2JQ4r.uBaFaEa8/6HiA0O,student,Lee Yong Sheng,True,2026-07-14 10:47:00,2026-07-14 10:47:00
506be163-3a77-9e3d-07ee-ff1fe1d41d95,student0431@synthetic.seagas.test,$2b$10$fB2n9NJfT34TppJMWmoux.sg580c/5wC2JQ4r.uBaFaEa8/6HiA0O,student,Muhammad Aiman bin Kamarudin,True,2026-08-18 03:15:00,2026-08-18 03:15:00
29b3c998-96d7-331f-ac92-7a81ca3409fc,student0432@synthetic.seagas.test,$2b$10$fB2n9NJfT34TppJMWmoux.sg580c/5wC2JQ4r.uBaFaEa8/6HiA0O,student,Jalsa Krishna,True,2026-08-11 09:53:00,2026-08-11 09:53:00
4171162d-3642-6178-23fb-50e3d38deb4e,student0433@synthetic.seagas.test,$2b$10$fB2n9NJfT34TppJMWmoux.sg580c/5wC2JQ4r.uBaFaEa8/6HiA0O,student,Farah Nabila binti Ibrahim,True,2026-07-09 13:21:00,2026-07-09 13:21:00
8f69536e-78e0-5b64-f4b1-c7240c3eaa28,student0434@synthetic.seagas.test,$2b$10$fB2n9NJfT34TppJMWmoux.sg580c/5wC2JQ4r.uBaFaEa8/6HiA0O,student,Tanay Sood,True,2026-07-26 04:51:00,2026-07-26 04:51:00
c451f5de-db71-ec89-96a8-cdb5a4b86b20,student0435@synthetic.seagas.test,$2b$10$fB2n9NJfT34TppJMWmoux.sg580c/5wC2JQ4r.uBaFaEa8/6HiA0O,student,Nur Aisyah binti Zainal,True,2026-08-07 20:39:00,2026-08-07 20:39:00
408bd3a6-bd4e-e51d-d636-f56061c9c1fc,student0436@synthetic.seagas.test,$2b$10$fB2n9NJfT34TppJMWmoux.sg580c/5wC2JQ4r.uBaFaEa8/6HiA0O,student,Lim Pei Shan,True,2026-07-08 23:40:00,2026-07-08 23:40:00
d18f9b31-da90-e6e4-789a-5a331aa61a03,student0437@synthetic.seagas.test,$2b$10$fB2n9NJfT34TppJMWmoux.sg580c/5wC2JQ4r.uBaFaEa8/6HiA0O,student,Ong Yong Sheng,True,2026-09-03 14:35:00,2026-09-03 14:35:00
6d7fcd5b-4f94-a5f1-d704-4f6b9b5c4685,student0438@synthetic.seagas.test,$2b$10$fB2n9NJfT34TppJMWmoux.sg580c/5wC2JQ4r.uBaFaEa8/6HiA0O,student,Muhammad Hafiz bin Yusof,True,2026-07-23 19:50:00,2026-07-23 19:50:00
3728beff-85a0-2c8d-a38f-3db715770238,student0439@synthetic.seagas.test,$2b$10$fB2n9NJfT34TppJMWmoux.sg580c/5wC2JQ4r.uBaFaEa8/6HiA0O,student,Amirul Hakim bin Yusof,True,2026-08-26 03:00:00,2026-08-26 03:00:00
54c12a89-cc5b-df58-841b-74fb66af6ed6,student0440@synthetic.seagas.test,$2b$10$fB2n9NJfT34TppJMWmoux.sg580c/5wC2JQ4r.uBaFaEa8/6HiA0O,student,Adam Haikal bin Ismail,True,2026-08-29 12:33:00,2026-08-29 12:33:00
a50d01b2-1a6b-6aaf-1944-d32d43158ea8,student0441@synthetic.seagas.test,$2b$10$fB2n9NJfT34TppJMWmoux.sg580c/5wC2JQ4r.uBaFaEa8/6HiA0O,student,Ng Wen Hao,True,2026-08-29 16:35:00,2026-08-29 16:35:00
fdfc829c-9414-65a6-f9bc-ed311158d4a4,student0442@synthetic.seagas.test,$2b$10$fB2n9NJfT34TppJMWmoux.sg580c/5wC2JQ4r.uBaFaEa8/6HiA0O,student,Nurul Izzah binti Zainal,True,2026-07-19 06:09:00,2026-07-19 06:09:00
5d9d1b71-7cfd-ef7e-8e1a-3a26e907799c,student0443@synthetic.seagas.test,$2b$10$fB2n9NJfT34TppJMWmoux.sg580c/5wC2JQ4r.uBaFaEa8/6HiA0O,student,Soh Zi Xuan,True,2026-08-05 04:58:00,2026-08-05 04:58:00
72cf1873-a69f-d885-e572-416e64a53f5e,student0444@synthetic.seagas.test,$2b$10$fB2n9NJfT34TppJMWmoux.sg580c/5wC2JQ4r.uBaFaEa8/6HiA0O,student,Soh Jia Hui,True,2026-09-18 21:16:00,2026-09-18 21:16:00
e8d5d6af-9a75-a68b-6d6a-093b0a55d075,student0445@synthetic.seagas.test,$2b$10$fB2n9NJfT34TppJMWmoux.sg580c/5wC2JQ4r.uBaFaEa8/6HiA0O,student,Ng Kok Leong,True,2026-08-21 07:07:00,2026-08-21 07:07:00
2d2b3dc4-33aa-8609-2c24-3e06b78063e1,student0446@synthetic.seagas.test,$2b$10$fB2n9NJfT34TppJMWmoux.sg580c/5wC2JQ4r.uBaFaEa8/6HiA0O,student,Chan Wen Hao,True,2026-08-14 19:53:00,2026-08-14 19:53:00
e23528ec-a22d-17b5-0d21-704663721cf1,student0447@synthetic.seagas.test,$2b$10$fB2n9NJfT34TppJMWmoux.sg580c/5wC2JQ4r.uBaFaEa8/6HiA0O,student,Juan Greene,True,2026-08-12 18:48:00,2026-08-12 18:48:00
a242e494-9ca8-764f-c3ec-99dd98628425,student0448@synthetic.seagas.test,$2b$10$fB2n9NJfT34TppJMWmoux.sg580c/5wC2JQ4r.uBaFaEa8/6HiA0O,student,Yeoh Pei Shan,True,2026-09-15 01:57:00,2026-09-15 01:57:00
d6ea6776-784a-40f5-6c4e-714455988a6b,student0449@synthetic.seagas.test,$2b$10$fB2n9NJfT34TppJMWmoux.sg580c/5wC2JQ4r.uBaFaEa8/6HiA0O,student,Ong Zhi Hao,True,2026-07-25 05:03:00,2026-07-25 05:03:00
146655e3-9fc7-88a8-c9aa-e32b5d7e782e,student0450@synthetic.seagas.test,$2b$10$fB2n9NJfT34TppJMWmoux.sg580c/5wC2JQ4r.uBaFaEa8/6HiA0O,student,Muhammad Aiman bin Osman,True,2026-08-04 20:36:00,2026-08-04 20:36:00
7bdf1628-4d5e-1a5a-66fc-e4b091843f42,student0451@synthetic.seagas.test,$2b$10$fB2n9NJfT34TppJMWmoux.sg580c/5wC2JQ4r.uBaFaEa8/6HiA0O,student,Faris Iskandar bin Yusof,True,2026-07-26 14:19:00,2026-07-26 14:19:00
43d07ee1-e35f-8476-0e7d-3ba24a0699bf,student0452@synthetic.seagas.test,$2b$10$fB2n9NJfT34TppJMWmoux.sg580c/5wC2JQ4r.uBaFaEa8/6HiA0O,student,Goh Mei Ling,True,2026-07-10 09:59:00,2026-07-10 09:59:00
9c74c944-9857-448c-cfb3-cf0f0696ea5d,student0453@synthetic.seagas.test,$2b$10$fB2n9NJfT34TppJMWmoux.sg580c/5wC2JQ4r.uBaFaEa8/6HiA0O,student,Balqis Humaira binti Ismail,True,2026-09-14 13:37:00,2026-09-14 13:37:00
a20fcc8f-391c-3290-cad9-7d499c13f552,student0454@synthetic.seagas.test,$2b$10$fB2n9NJfT34TppJMWmoux.sg580c/5wC2JQ4r.uBaFaEa8/6HiA0O,student,Yashawini Mangat,True,2026-07-29 15:31:00,2026-07-29 15:31:00
7e638fb0-d362-e7f0-3032-cca847719069,student0455@synthetic.seagas.test,$2b$10$fB2n9NJfT34TppJMWmoux.sg580c/5wC2JQ4r.uBaFaEa8/6HiA0O,student,Syafiq Rahman bin Yusof,True,2026-07-17 15:03:00,2026-07-17 15:03:00
6609b9a1-668a-631f-e2f9-d4701d201476,student0456@synthetic.seagas.test,$2b$10$fB2n9NJfT34TppJMWmoux.sg580c/5wC2JQ4r.uBaFaEa8/6HiA0O,student,Mahika Bhatti,True,2026-08-03 19:39:00,2026-08-03 19:39:00
28900a61-0355-d77f-041b-09fa928a81ff,student0457@synthetic.seagas.test,$2b$10$fB2n9NJfT34TppJMWmoux.sg580c/5wC2JQ4r.uBaFaEa8/6HiA0O,student,Alya Maisarah binti Rahman,True,2026-07-26 19:04:00,2026-07-26 19:04:00
e7fb3763-c0b5-13a7-7dcf-e169a68e0207,student0458@synthetic.seagas.test,$2b$10$fB2n9NJfT34TppJMWmoux.sg580c/5wC2JQ4r.uBaFaEa8/6HiA0O,student,Tee Wen Hao,True,2026-07-30 02:57:00,2026-07-30 02:57:00
d023bce2-cc31-d366-5b27-e6d7d185ef8c,student0459@synthetic.seagas.test,$2b$10$fB2n9NJfT34TppJMWmoux.sg580c/5wC2JQ4r.uBaFaEa8/6HiA0O,student,Khoo Chee Keong,True,2026-08-19 01:20:00,2026-08-19 01:20:00
870ce744-bdf7-288b-3c0b-442315f7347d,student0460@synthetic.seagas.test,$2b$10$fB2n9NJfT34TppJMWmoux.sg580c/5wC2JQ4r.uBaFaEa8/6HiA0O,student,Ong Zi Xuan,True,2026-09-12 08:34:00,2026-09-12 08:34:00
d95cf8dd-5bb0-b9b5-9af5-26c9ab247e73,student0461@synthetic.seagas.test,$2b$10$fB2n9NJfT34TppJMWmoux.sg580c/5wC2JQ4r.uBaFaEa8/6HiA0O,student,Lim Chee Keong,True,2026-07-14 08:59:00,2026-07-14 08:59:00
045684cb-8553-d40c-6b87-013bdec38c04,student0462@synthetic.seagas.test,$2b$10$fB2n9NJfT34TppJMWmoux.sg580c/5wC2JQ4r.uBaFaEa8/6HiA0O,student,Goh Mei Ling,True,2026-07-31 23:12:00,2026-07-31 23:12:00
6e9ab167-f719-6e78-5809-0bcfc565566a,student0463@synthetic.seagas.test,$2b$10$fB2n9NJfT34TppJMWmoux.sg580c/5wC2JQ4r.uBaFaEa8/6HiA0O,student,Hannah Zulaikha binti Kamarudin,True,2026-09-08 09:35:00,2026-09-08 09:35:00
d784ac38-52bc-a90d-2567-533a629b9fc9,student0464@synthetic.seagas.test,$2b$10$fB2n9NJfT34TppJMWmoux.sg580c/5wC2JQ4r.uBaFaEa8/6HiA0O,student,Wong Kok Leong,True,2026-09-09 00:12:00,2026-09-09 00:12:00
8b1c49cb-6f9d-3fe4-1195-81d3a41da450,student0465@synthetic.seagas.test,$2b$10$fB2n9NJfT34TppJMWmoux.sg580c/5wC2JQ4r.uBaFaEa8/6HiA0O,student,Michael Williams,True,2026-09-01 15:06:00,2026-09-01 15:06:00
f2e5205b-a87d-56c7-0c37-9bc0506df86a,student0466@synthetic.seagas.test,$2b$10$fB2n9NJfT34TppJMWmoux.sg580c/5wC2JQ4r.uBaFaEa8/6HiA0O,student,Ng Zi Xuan,True,2026-07-20 01:30:00,2026-07-20 01:30:00
a24e7647-a468-725d-3e0a-e56ffcd81879,student0467@synthetic.seagas.test,$2b$10$fB2n9NJfT34TppJMWmoux.sg580c/5wC2JQ4r.uBaFaEa8/6HiA0O,student,Siti Nurhaliza binti Yusof,True,2026-08-24 01:54:00,2026-08-24 01:54:00
55f76709-fb1e-8701-c49f-3610b8873754,student0468@synthetic.seagas.test,$2b$10$fB2n9NJfT34TppJMWmoux.sg580c/5wC2JQ4r.uBaFaEa8/6HiA0O,student,Low Yi Ting,True,2026-07-28 22:32:00,2026-07-28 22:32:00
6d615c08-db78-1942-9c57-f9d8f71473f0,student0469@synthetic.seagas.test,$2b$10$fB2n9NJfT34TppJMWmoux.sg580c/5wC2JQ4r.uBaFaEa8/6HiA0O,student,Johnathan Brown,True,2026-08-03 19:01:00,2026-08-03 19:01:00
92116260-dfc0-bf10-4740-143d9f420db4,student0470@synthetic.seagas.test,$2b$10$fB2n9NJfT34TppJMWmoux.sg580c/5wC2JQ4r.uBaFaEa8/6HiA0O,student,Nurul Izzah binti Osman,True,2026-08-01 17:24:00,2026-08-01 17:24:00
5697a811-6506-986f-aa44-1b64b4621383,student0471@synthetic.seagas.test,$2b$10$fB2n9NJfT34TppJMWmoux.sg580c/5wC2JQ4r.uBaFaEa8/6HiA0O,student,Luqman Hakim bin Ibrahim,True,2026-07-23 19:06:00,2026-07-23 19:06:00
dd87a6eb-42ae-1166-df23-4ac55bc7ff7e,student0472@synthetic.seagas.test,$2b$10$fB2n9NJfT34TppJMWmoux.sg580c/5wC2JQ4r.uBaFaEa8/6HiA0O,student,Nurul Izzah binti Yusof,True,2026-08-08 12:40:00,2026-08-08 12:40:00
774f88d0-df7f-f285-9a5e-95183a08a5ac,student0473@synthetic.seagas.test,$2b$10$fB2n9NJfT34TppJMWmoux.sg580c/5wC2JQ4r.uBaFaEa8/6HiA0O,student,Low Shu Ting,True,2026-08-24 05:06:00,2026-08-24 05:06:00
409f77b1-5b31-6f5c-123b-fc2ce921f23d,student0474@synthetic.seagas.test,$2b$10$fB2n9NJfT34TppJMWmoux.sg580c/5wC2JQ4r.uBaFaEa8/6HiA0O,student,Alka Dar,True,2026-09-13 22:42:00,2026-09-13 22:42:00
8f24b037-0d95-d9a7-cabf-65e43328139c,student0475@synthetic.seagas.test,$2b$10$fB2n9NJfT34TppJMWmoux.sg580c/5wC2JQ4r.uBaFaEa8/6HiA0O,student,Soh Jia Hui,True,2026-08-22 07:35:00,2026-08-22 07:35:00
c460fb27-5d7e-da01-acc5-26059f41ebfb,student0476@synthetic.seagas.test,$2b$10$fB2n9NJfT34TppJMWmoux.sg580c/5wC2JQ4r.uBaFaEa8/6HiA0O,student,Teh En Qi,True,2026-08-13 17:02:00,2026-08-13 17:02:00
2a0b22ab-e7f6-405c-1e3a-75532c9dd59a,student0477@synthetic.seagas.test,$2b$10$fB2n9NJfT34TppJMWmoux.sg580c/5wC2JQ4r.uBaFaEa8/6HiA0O,student,Ong Mei Ling,True,2026-08-08 21:26:00,2026-08-08 21:26:00
8128ed78-2efc-7c5a-d426-87aad1a3af66,student0478@synthetic.seagas.test,$2b$10$fB2n9NJfT34TppJMWmoux.sg580c/5wC2JQ4r.uBaFaEa8/6HiA0O,student,Wong Shu Ting,True,2026-08-12 09:00:00,2026-08-12 09:00:00
d549eee9-0939-f12a-91fd-788a457ca8bc,student0479@synthetic.seagas.test,$2b$10$fB2n9NJfT34TppJMWmoux.sg580c/5wC2JQ4r.uBaFaEa8/6HiA0O,student,Lim Yong Sheng,True,2026-08-09 13:04:00,2026-08-09 13:04:00
1ced72c8-00b2-2818-dee6-ac4c7f7dbc0a,student0480@synthetic.seagas.test,$2b$10$fB2n9NJfT34TppJMWmoux.sg580c/5wC2JQ4r.uBaFaEa8/6HiA0O,student,Siti Nurhaliza binti Ismail,True,2026-07-30 16:58:00,2026-07-30 16:58:00
a2ffddf1-b812-a199-48d3-915f6ec5ee8c,student0481@synthetic.seagas.test,$2b$10$fB2n9NJfT34TppJMWmoux.sg580c/5wC2JQ4r.uBaFaEa8/6HiA0O,student,Wong Kok Leong,True,2026-07-17 12:58:00,2026-07-17 12:58:00
00624de5-cbb7-882c-fd03-87a0c336b2a4,student0482@synthetic.seagas.test,$2b$10$fB2n9NJfT34TppJMWmoux.sg580c/5wC2JQ4r.uBaFaEa8/6HiA0O,student,Ahmad Danial bin Rahman,True,2026-08-07 01:12:00,2026-08-07 01:12:00
c4c6774f-194a-5e83-b658-707774288600,student0483@synthetic.seagas.test,$2b$10$fB2n9NJfT34TppJMWmoux.sg580c/5wC2JQ4r.uBaFaEa8/6HiA0O,student,Lim Kok Leong,True,2026-07-28 15:19:00,2026-07-28 15:19:00
594bcf66-8995-e6ad-c01a-48b169376c46,student0484@synthetic.seagas.test,$2b$10$fB2n9NJfT34TppJMWmoux.sg580c/5wC2JQ4r.uBaFaEa8/6HiA0O,student,Balqis Humaira binti Hassan,True,2026-09-09 18:13:00,2026-09-09 18:13:00
c191a347-2a87-3359-f08f-7f8b55d87b0f,student0485@synthetic.seagas.test,$2b$10$fB2n9NJfT34TppJMWmoux.sg580c/5wC2JQ4r.uBaFaEa8/6HiA0O,student,Lim Yong Sheng,True,2026-09-15 23:34:00,2026-09-15 23:34:00
e2de3b2a-7ea7-ae96-fac3-dc8f95cf23f1,student0486@synthetic.seagas.test,$2b$10$fB2n9NJfT34TppJMWmoux.sg580c/5wC2JQ4r.uBaFaEa8/6HiA0O,student,Balqis Humaira binti Kamarudin,True,2026-08-26 01:25:00,2026-08-26 01:25:00
876e4f34-19f1-833c-75bc-54439e7dea15,student0487@synthetic.seagas.test,$2b$10$fB2n9NJfT34TppJMWmoux.sg580c/5wC2JQ4r.uBaFaEa8/6HiA0O,student,Balqis Humaira binti Hassan,True,2026-08-30 16:22:00,2026-08-30 16:22:00
101b14a7-1bc9-c92b-2556-ada07231720f,student0488@synthetic.seagas.test,$2b$10$fB2n9NJfT34TppJMWmoux.sg580c/5wC2JQ4r.uBaFaEa8/6HiA0O,student,Ryan Vora,True,2026-07-20 20:09:00,2026-07-20 20:09:00
dc7a78de-7fe7-0e69-20ca-811a4a1eb843,student0489@synthetic.seagas.test,$2b$10$fB2n9NJfT34TppJMWmoux.sg580c/5wC2JQ4r.uBaFaEa8/6HiA0O,student,Farah Nabila binti Yusof,True,2026-09-19 18:23:00,2026-09-19 18:23:00
c699a7f1-93ac-ce79-09ff-566c567f2fa9,student0490@synthetic.seagas.test,$2b$10$fB2n9NJfT34TppJMWmoux.sg580c/5wC2JQ4r.uBaFaEa8/6HiA0O,student,Alya Maisarah binti Ahmad,True,2026-08-17 23:59:00,2026-08-17 23:59:00
96f0226b-f14e-b339-8e4c-5da3905d27a2,student0491@synthetic.seagas.test,$2b$10$fB2n9NJfT34TppJMWmoux.sg580c/5wC2JQ4r.uBaFaEa8/6HiA0O,student,Faris Iskandar bin Ahmad,True,2026-08-05 14:10:00,2026-08-05 14:10:00
1fd4322e-2d25-d10b-a1c9-57469028121e,student0492@synthetic.seagas.test,$2b$10$fB2n9NJfT34TppJMWmoux.sg580c/5wC2JQ4r.uBaFaEa8/6HiA0O,student,Luqman Hakim bin Zainal,True,2026-09-10 01:14:00,2026-09-10 01:14:00
983de328-2505-6cd6-2bf5-d1b2ddf1aea6,student0493@synthetic.seagas.test,$2b$10$fB2n9NJfT34TppJMWmoux.sg580c/5wC2JQ4r.uBaFaEa8/6HiA0O,student,Lee Mei Ling,True,2026-07-09 00:01:00,2026-07-09 00:01:00
db22e3dd-d74c-5866-8f1c-b614386b35a1,student0494@synthetic.seagas.test,$2b$10$fB2n9NJfT34TppJMWmoux.sg580c/5wC2JQ4r.uBaFaEa8/6HiA0O,student,Foo Yi Ting,True,2026-07-13 23:06:00,2026-07-13 23:06:00
40c12f43-b577-dd1b-4df8-153950b7b9b7,student0495@synthetic.seagas.test,$2b$10$fB2n9NJfT34TppJMWmoux.sg580c/5wC2JQ4r.uBaFaEa8/6HiA0O,student,Balqis Humaira binti Hassan,True,2026-09-18 04:02:00,2026-09-18 04:02:00
82da33fd-c15b-25f2-bcb0-0cfc55d84fa3,student0496@synthetic.seagas.test,$2b$10$fB2n9NJfT34TppJMWmoux.sg580c/5wC2JQ4r.uBaFaEa8/6HiA0O,student,Chin Mei Ling,True,2026-07-18 10:48:00,2026-07-18 10:48:00
ea75fc83-511d-4c32-e0d3-bb500cb91056,student0497@synthetic.seagas.test,$2b$10$fB2n9NJfT34TppJMWmoux.sg580c/5wC2JQ4r.uBaFaEa8/6HiA0O,student,Chan Jia Hui,True,2026-08-26 22:53:00,2026-08-26 22:53:00
222544b8-c457-0192-8abf-5472447f3b22,student0498@synthetic.seagas.test,$2b$10$fB2n9NJfT34TppJMWmoux.sg580c/5wC2JQ4r.uBaFaEa8/6HiA0O,student,Chin Hui Min,True,2026-07-04 01:44:00,2026-07-04 01:44:00
29e37c0f-235c-12e3-1376-610a423920d1,student0499@synthetic.seagas.test,$2b$10$fB2n9NJfT34TppJMWmoux.sg580c/5wC2JQ4r.uBaFaEa8/6HiA0O,student,Low Wei Jie,True,2026-09-12 18:35:00,2026-09-12 18:35:00
c617c05b-ce79-3f06-71bc-1735fb1e5879,student0500@synthetic.seagas.test,$2b$10$fB2n9NJfT34TppJMWmoux.sg580c/5wC2JQ4r.uBaFaEa8/6HiA0O,student,Teh En Qi,True,2026-08-31 11:34:00,2026-08-31 11:34:00
